timestamp,gpu_util_percent,memory_used_mib,power_w
2026/05/09 01:50:17.229,1,5005,32.48
2026/05/09 01:50:18.264,2,5005,31.83
2026/05/09 01:50:19.300,1,5005,31.67
2026/05/09 01:50:20.387,1,5006,35.52
2026/05/09 01:50:21.443,2,5008,33.81
2026/05/09 01:50:22.478,2,5008,29.94
2026/05/09 01:50:23.513,2,5008,28.65
2026/05/09 01:50:24.548,2,5008,28.26
2026/05/09 01:50:25.584,2,5008,28.36
2026/05/09 01:50:26.621,2,5008,28.42
2026/05/09 01:50:27.658,2,5008,29.23
2026/05/09 01:50:28.694,2,5008,28.78
2026/05/09 01:50:29.733,2,5008,28.08
2026/05/09 01:50:30.767,2,5008,27.90
2026/05/09 01:50:31.800,2,5008,27.83
2026/05/09 01:50:32.833,2,5008,27.71
2026/05/09 01:50:33.868,2,5008,27.34
2026/05/09 01:50:34.901,2,5008,27.56
2026/05/09 01:50:35.934,2,5008,27.32
2026/05/09 01:50:36.967,2,5008,27.23
2026/05/09 01:50:38.001,2,5008,27.32
2026/05/09 01:50:39.035,2,5008,27.24
2026/05/09 01:50:40.070,2,5008,27.11
2026/05/09 01:50:41.105,2,5008,26.94
2026/05/09 01:50:42.140,2,5008,26.77
2026/05/09 01:50:43.177,2,5008,27.27
2026/05/09 01:50:44.213,2,5008,26.78
2026/05/09 01:50:45.247,0,5895,54.81
2026/05/09 01:50:46.277,0,5895,63.36
2026/05/09 01:50:47.307,0,5895,63.19
2026/05/09 01:50:48.336,0,5895,63.22
2026/05/09 01:50:49.365,0,5895,63.31
2026/05/09 01:50:50.394,0,5895,63.20
2026/05/09 01:50:51.424,0,5895,63.22
2026/05/09 01:50:52.455,0,5895,62.94
2026/05/09 01:50:53.485,0,5895,62.94
2026/05/09 01:50:54.513,0,5895,63.01
2026/05/09 01:50:55.543,0,5895,62.90
2026/05/09 01:50:56.572,0,5961,63.33
2026/05/09 01:50:57.603,0,5961,63.52
2026/05/09 01:50:58.633,0,5961,63.32
2026/05/09 01:50:59.661,0,5961,62.89
2026/05/09 01:51:00.692,0,5961,63.13
2026/05/09 01:51:01.724,60,5993,124.70
2026/05/09 01:51:02.757,0,5993,210.62
2026/05/09 01:51:03.787,0,5993,89.58
2026/05/09 01:51:04.818,64,5993,142.26
2026/05/09 01:51:05.848,74,5993,452.42
2026/05/09 01:51:06.878,74,5993,524.82
2026/05/09 01:51:07.910,71,5993,523.19
2026/05/09 01:51:08.940,75,5993,522.50
2026/05/09 01:51:09.970,75,5993,530.30
2026/05/09 01:51:11.001,75,5993,532.70
2026/05/09 01:51:12.032,75,5993,533.28
2026/05/09 01:51:13.063,73,5993,527.90
2026/05/09 01:51:14.095,74,5993,529.19
2026/05/09 01:51:15.124,72,5993,296.68
2026/05/09 01:51:16.155,75,5993,370.83
2026/05/09 01:51:17.186,75,5993,536.40
2026/05/09 01:51:18.217,62,5993,487.19
2026/05/09 01:51:19.248,70,5993,468.79
2026/05/09 01:51:20.279,56,5993,466.96
2026/05/09 01:51:21.309,72,5993,490.05
2026/05/09 01:51:22.339,64,5993,508.42
2026/05/09 01:51:23.369,72,5993,511.27
2026/05/09 01:51:24.399,73,5993,507.60
2026/05/09 01:51:25.430,74,5993,409.47
2026/05/09 01:51:26.461,71,5993,208.10
2026/05/09 01:51:27.490,60,5993,480.21
2026/05/09 01:51:28.521,73,5993,471.88
2026/05/09 01:51:29.551,58,5993,466.54
2026/05/09 01:51:30.581,71,5993,469.99
2026/05/09 01:51:31.611,75,5993,495.33
2026/05/09 01:51:32.641,75,5993,536.01
2026/05/09 01:51:33.671,70,5993,529.89
2026/05/09 01:51:34.702,75,5993,505.14
2026/05/09 01:51:35.734,75,5993,537.58
2026/05/09 01:51:36.765,75,5993,252.99
2026/05/09 01:51:37.795,65,5993,368.60
2026/05/09 01:51:38.826,70,5993,491.86
2026/05/09 01:51:39.858,58,5993,471.06
2026/05/09 01:51:40.890,59,5993,470.05
2026/05/09 01:51:41.922,64,5993,460.96
2026/05/09 01:51:42.954,64,5993,450.65
2026/05/09 01:51:43.985,65,5993,481.17
2026/05/09 01:51:45.019,66,5993,474.80
2026/05/09 01:51:46.050,62,5993,450.60
2026/05/09 01:51:47.082,64,5993,450.96
2026/05/09 01:51:48.113,67,5993,449.59
2026/05/09 01:51:49.144,72,5993,222.38
2026/05/09 01:51:50.175,67,5993,435.58
2026/05/09 01:51:51.206,55,5993,483.78
2026/05/09 01:51:52.237,68,5993,494.63
2026/05/09 01:51:53.268,63,5993,471.70
2026/05/09 01:51:54.300,55,5993,448.88
2026/05/09 01:51:55.330,51,5993,449.86
2026/05/09 01:51:56.361,51,5993,448.70
2026/05/09 01:51:57.392,51,5993,447.01
2026/05/09 01:51:58.423,51,5993,434.64
2026/05/09 01:51:59.455,64,5993,440.84
2026/05/09 01:52:00.485,0,5993,326.43
2026/05/09 01:52:01.517,54,5993,184.03
2026/05/09 01:52:02.550,65,5993,214.40
2026/05/09 01:52:03.582,62,5993,266.95
2026/05/09 01:52:04.613,87,5993,167.62
2026/05/09 01:52:05.644,54,5993,434.83
2026/05/09 01:52:06.676,56,5993,428.94
2026/05/09 01:52:07.710,55,5993,431.19
2026/05/09 01:52:08.741,56,5993,435.36
2026/05/09 01:52:09.774,59,5993,435.49
2026/05/09 01:52:10.806,59,5993,425.04
2026/05/09 01:52:11.839,56,5993,427.95
2026/05/09 01:52:12.870,50,5993,433.20
2026/05/09 01:52:13.901,59,5993,429.41
2026/05/09 01:52:14.932,58,5993,433.84
2026/05/09 01:52:15.963,59,5993,430.43
2026/05/09 01:52:16.995,83,5993,266.61
2026/05/09 01:52:18.026,56,5993,341.27
2026/05/09 01:52:19.059,59,5993,461.82
2026/05/09 01:52:20.090,61,5993,474.64
2026/05/09 01:52:21.122,67,5993,476.64
2026/05/09 01:52:22.154,70,5993,476.76
2026/05/09 01:52:23.186,63,5993,472.39
2026/05/09 01:52:24.218,59,5993,476.43
2026/05/09 01:52:25.250,69,5993,476.78
2026/05/09 01:52:26.282,68,5993,476.59
2026/05/09 01:52:27.315,57,5993,470.84
2026/05/09 01:52:28.348,81,5993,322.82
2026/05/09 01:52:29.379,72,5993,296.19
2026/05/09 01:52:30.411,64,5993,470.61
2026/05/09 01:52:31.443,61,5993,469.96
2026/05/09 01:52:32.475,63,5993,467.23
2026/05/09 01:52:33.507,67,5993,469.79
2026/05/09 01:52:34.541,56,5993,464.88
2026/05/09 01:52:35.575,69,5993,469.14
2026/05/09 01:52:36.607,62,5993,470.72
2026/05/09 01:52:37.641,62,5993,467.44
2026/05/09 01:52:38.673,68,5993,470.19
2026/05/09 01:52:39.704,82,5993,396.40
2026/05/09 01:52:40.736,57,5993,241.03
2026/05/09 01:52:41.770,70,5993,467.29
2026/05/09 01:52:42.802,63,5993,470.13
2026/05/09 01:52:43.835,56,5993,468.20
2026/05/09 01:52:44.868,70,5993,472.91
2026/05/09 01:52:45.902,61,5993,471.36
2026/05/09 01:52:46.935,61,5993,467.25
2026/05/09 01:52:47.968,70,5993,468.80
2026/05/09 01:52:49.000,57,5993,471.38
2026/05/09 01:52:50.032,70,5993,475.99
2026/05/09 01:52:51.064,61,5993,470.30
2026/05/09 01:52:52.099,77,5993,323.15
2026/05/09 01:52:53.130,70,5993,317.36
2026/05/09 01:52:54.163,58,5993,470.48
2026/05/09 01:52:55.197,72,5993,474.81
2026/05/09 01:52:56.230,63,5993,471.11
2026/05/09 01:52:57.263,64,5993,469.49
2026/05/09 01:52:58.295,64,5993,471.79
2026/05/09 01:52:59.328,58,5993,466.04
2026/05/09 01:53:00.360,71,5993,469.80
2026/05/09 01:53:01.393,60,5993,471.88
2026/05/09 01:53:02.426,63,5993,469.61
2026/05/09 01:53:03.460,81,5993,386.71
2026/05/09 01:53:04.492,70,5993,251.11
2026/05/09 01:53:05.524,60,5993,471.84
2026/05/09 01:53:06.557,62,5993,466.92
2026/05/09 01:53:07.587,61,5993,471.14
2026/05/09 01:53:08.619,51,5993,306.36
2026/05/09 01:53:09.651,70,5993,512.45
2026/05/09 01:53:10.683,70,5993,486.87
2026/05/09 01:53:11.715,72,5993,525.48
2026/05/09 01:53:12.746,72,5993,524.97
2026/05/09 01:53:13.778,73,5993,527.62
2026/05/09 01:53:14.810,60,5993,435.73
2026/05/09 01:53:15.841,61,5993,270.00
2026/05/09 01:53:16.877,71,6025,249.34
2026/05/09 01:53:17.910,56,6025,217.49
2026/05/09 01:53:18.941,62,6025,461.04
2026/05/09 01:53:19.973,63,6025,480.03
2026/05/09 01:53:21.004,62,6025,476.74
2026/05/09 01:53:22.036,61,6025,479.17
2026/05/09 01:53:23.068,61,6025,476.63
2026/05/09 01:53:24.100,59,6025,478.76
2026/05/09 01:53:25.132,59,6025,475.84
2026/05/09 01:53:26.163,59,6025,480.59
2026/05/09 01:53:27.195,62,6025,479.96
2026/05/09 01:53:28.227,78,6025,439.63
2026/05/09 01:53:29.259,61,6025,204.32
2026/05/09 01:53:30.290,66,6025,478.74
2026/05/09 01:53:31.322,71,6025,478.97
2026/05/09 01:53:32.353,64,6025,475.96
2026/05/09 01:53:33.384,58,6025,475.53
2026/05/09 01:53:34.418,61,6025,475.88
2026/05/09 01:53:35.450,60,6025,467.73
2026/05/09 01:53:36.483,69,6025,472.18
2026/05/09 01:53:37.515,60,6025,468.88
2026/05/09 01:53:38.547,65,6025,473.71
2026/05/09 01:53:39.580,74,6025,510.11
2026/05/09 01:53:40.611,72,6025,290.46
2026/05/09 01:53:41.644,71,6025,327.63
2026/05/09 01:53:42.678,59,6025,469.43
2026/05/09 01:53:43.711,56,6025,471.57
2026/05/09 01:53:44.744,67,6025,471.07
2026/05/09 01:53:45.775,63,6025,473.81
2026/05/09 01:53:46.805,59,6025,469.86
2026/05/09 01:53:47.838,72,6025,474.80
2026/05/09 01:53:48.870,60,6025,469.50
2026/05/09 01:53:49.903,57,6025,467.71
2026/05/09 01:53:50.935,68,6025,467.87
2026/05/09 01:53:51.968,71,6025,365.51
2026/05/09 01:53:53.000,74,6025,255.63
2026/05/09 01:53:54.032,74,6025,525.54
2026/05/09 01:53:55.063,73,6025,527.96
2026/05/09 01:53:56.095,75,6025,533.03
2026/05/09 01:53:57.127,74,6025,527.32
2026/05/09 01:53:58.158,72,6025,530.65
2026/05/09 01:53:59.190,75,6025,532.43
2026/05/09 01:54:00.221,73,6025,529.61
2026/05/09 01:54:01.253,75,6025,531.64
2026/05/09 01:54:02.285,77,6025,372.63
2026/05/09 01:54:03.317,71,6025,314.00
2026/05/09 01:54:04.349,73,6025,478.26
2026/05/09 01:54:05.381,65,6025,476.98
2026/05/09 01:54:06.413,58,6025,476.40
2026/05/09 01:54:07.446,61,6025,476.65
2026/05/09 01:54:08.478,71,6025,475.83
2026/05/09 01:54:09.509,62,6025,476.06
2026/05/09 01:54:10.542,51,6025,448.44
2026/05/09 01:54:11.574,82,6025,325.77
2026/05/09 01:54:12.605,68,6025,510.27
2026/05/09 01:54:13.636,66,6025,465.03
2026/05/09 01:54:14.669,74,6025,351.92
2026/05/09 01:54:15.701,74,6025,264.31
2026/05/09 01:54:16.731,74,6025,524.48
2026/05/09 01:54:17.762,74,6025,531.80
2026/05/09 01:54:18.793,74,6025,532.78
2026/05/09 01:54:19.825,71,6025,531.81
2026/05/09 01:54:20.857,75,6025,532.59
2026/05/09 01:54:21.888,74,6025,528.19
2026/05/09 01:54:22.920,74,6025,534.24
2026/05/09 01:54:23.952,73,6025,533.28
2026/05/09 01:54:24.982,67,6025,413.23
2026/05/09 01:54:26.014,62,6025,269.23
2026/05/09 01:54:27.045,73,6025,244.62
2026/05/09 01:54:28.075,74,6025,194.94
2026/05/09 01:54:29.106,72,6025,480.01
2026/05/09 01:54:30.138,58,6025,470.51
2026/05/09 01:54:31.169,72,6025,475.93
2026/05/09 01:54:32.201,60,6025,472.43
2026/05/09 01:54:33.231,64,6025,468.97
2026/05/09 01:54:34.263,59,6025,470.49
2026/05/09 01:54:35.296,70,6025,475.03
2026/05/09 01:54:36.327,61,6025,473.09
2026/05/09 01:54:37.359,64,6025,471.16
2026/05/09 01:54:38.391,73,6025,471.85
2026/05/09 01:54:39.421,74,6025,221.90
2026/05/09 01:54:40.452,60,6025,382.17
2026/05/09 01:54:41.483,65,6025,436.60
2026/05/09 01:54:42.515,64,6025,437.27
2026/05/09 01:54:43.547,60,6025,434.85
2026/05/09 01:54:44.579,63,6025,435.82
2026/05/09 01:54:45.611,62,6025,435.09
2026/05/09 01:54:46.642,57,6025,432.10
2026/05/09 01:54:47.674,64,6025,440.99
2026/05/09 01:54:48.705,64,6025,435.20
2026/05/09 01:54:49.738,58,6025,435.61
2026/05/09 01:54:50.770,58,6025,439.21
2026/05/09 01:54:51.800,69,6025,307.98
2026/05/09 01:54:52.831,59,6025,267.68
2026/05/09 01:54:53.863,64,6025,435.59
2026/05/09 01:54:54.895,64,6025,437.79
2026/05/09 01:54:55.926,59,6025,431.61
2026/05/09 01:54:56.958,64,6025,435.60
2026/05/09 01:54:57.989,61,6025,432.58
2026/05/09 01:54:59.021,50,6025,430.79
2026/05/09 01:55:00.053,55,6019,434.94
2026/05/09 01:55:01.084,59,6019,431.57
2026/05/09 01:55:02.117,63,6019,432.61
2026/05/09 01:55:03.147,56,6019,430.35
2026/05/09 01:55:04.179,50,6019,431.05
2026/05/09 01:55:05.210,66,6019,171.92
2026/05/09 01:55:06.242,54,6019,475.39
2026/05/09 01:55:07.273,59,6019,463.89
2026/05/09 01:55:08.305,67,6019,460.01
2026/05/09 01:55:09.338,66,6019,470.49
2026/05/09 01:55:10.368,68,6019,462.21
2026/05/09 01:55:11.400,64,6019,467.90
2026/05/09 01:55:12.431,72,6019,466.22
2026/05/09 01:55:13.463,15,6019,313.60
2026/05/09 01:55:14.496,77,6019,483.14
2026/05/09 01:55:15.528,75,6019,521.45
2026/05/09 01:55:16.559,68,6019,443.58
2026/05/09 01:55:17.590,59,6019,197.73
2026/05/09 01:55:18.620,59,6019,448.57
2026/05/09 01:55:19.651,52,6019,447.14
2026/05/09 01:55:20.682,55,6019,435.04
2026/05/09 01:55:21.714,50,6019,434.66
2026/05/09 01:55:22.745,65,6019,451.32
2026/05/09 01:55:23.776,54,6019,459.30
2026/05/09 01:55:24.808,66,6019,463.00
2026/05/09 01:55:25.839,64,6019,457.08
2026/05/09 01:55:26.870,60,6019,459.67
2026/05/09 01:55:27.901,55,6019,462.79
2026/05/09 01:55:28.932,73,6019,353.55
2026/05/09 01:55:29.962,62,6019,254.56
2026/05/09 01:55:30.994,71,6019,472.31
2026/05/09 01:55:32.025,61,6019,459.95
2026/05/09 01:55:33.057,66,6019,459.72
2026/05/09 01:55:34.089,51,6019,456.81
2026/05/09 01:55:35.122,64,6019,454.92
2026/05/09 01:55:36.154,59,6019,457.09
2026/05/09 01:55:37.186,54,6019,453.55
2026/05/09 01:55:38.218,68,6019,456.84
2026/05/09 01:55:39.250,61,6019,454.25
2026/05/09 01:55:40.282,61,6019,458.21
2026/05/09 01:55:41.314,65,6019,326.48
2026/05/09 01:55:42.349,70,6019,267.17
2026/05/09 01:55:43.382,86,6019,219.97
2026/05/09 01:55:44.413,64,6019,326.27
2026/05/09 01:55:45.445,61,6019,438.04
2026/05/09 01:55:46.478,55,6019,439.49
2026/05/09 01:55:47.510,54,6019,434.75
2026/05/09 01:55:48.542,50,6019,435.47
2026/05/09 01:55:49.574,52,6019,434.24
2026/05/09 01:55:50.606,52,6019,434.25
2026/05/09 01:55:51.638,56,6019,430.38
2026/05/09 01:55:52.670,58,6019,435.23
2026/05/09 01:55:53.702,49,6019,433.00
2026/05/09 01:55:54.734,64,6019,432.23
2026/05/09 01:55:55.766,80,6019,362.00
2026/05/09 01:55:56.798,64,6019,258.42
2026/05/09 01:55:57.829,64,6019,434.26
2026/05/09 01:55:58.861,64,6019,434.04
2026/05/09 01:55:59.893,59,6019,430.35
2026/05/09 01:56:00.930,60,6019,432.24
2026/05/09 01:56:01.963,59,6019,433.29
2026/05/09 01:56:02.996,54,6019,431.96
2026/05/09 01:56:04.028,54,6019,430.25
2026/05/09 01:56:05.059,51,6019,434.31
2026/05/09 01:56:06.090,50,6019,430.17
2026/05/09 01:56:07.121,50,6019,434.08
2026/05/09 01:56:08.152,53,6019,433.41
2026/05/09 01:56:09.185,81,6019,321.81
2026/05/09 01:56:10.218,52,6019,410.70
2026/05/09 01:56:11.249,55,6019,431.66
2026/05/09 01:56:12.281,62,6019,430.23
2026/05/09 01:56:13.314,63,6019,433.86
2026/05/09 01:56:14.347,61,6019,469.70
2026/05/09 01:56:15.379,64,6019,468.34
2026/05/09 01:56:16.410,64,6019,470.23
2026/05/09 01:56:17.442,57,6019,443.54
2026/05/09 01:56:18.474,54,6019,440.08
2026/05/09 01:56:19.508,56,6019,449.35
2026/05/09 01:56:20.541,57,6019,434.59
2026/05/09 01:56:21.576,26,6019,282.79
2026/05/09 01:56:22.608,71,6019,155.37
2026/05/09 01:56:23.640,70,6019,466.79
2026/05/09 01:56:24.672,50,6019,440.48
2026/05/09 01:56:25.705,56,6019,433.56
2026/05/09 01:56:26.739,57,6019,433.43
2026/05/09 01:56:27.771,64,6019,430.13
2026/05/09 01:56:28.804,54,6019,429.82
2026/05/09 01:56:29.837,57,6019,429.52
2026/05/09 01:56:30.868,59,6019,422.50
2026/05/09 01:56:31.899,50,6019,431.69
2026/05/09 01:56:32.930,59,6019,428.08
2026/05/09 01:56:33.963,63,6019,429.52
2026/05/09 01:56:34.996,81,6019,248.60
2026/05/09 01:56:36.028,59,6019,365.38
2026/05/09 01:56:37.062,59,6019,423.47
2026/05/09 01:56:38.094,51,6019,430.81
2026/05/09 01:56:39.127,53,6019,430.21
2026/05/09 01:56:40.157,64,6019,429.79
2026/05/09 01:56:41.190,62,6019,434.79
2026/05/09 01:56:42.222,58,6019,430.09
2026/05/09 01:56:43.254,61,6019,429.73
2026/05/09 01:56:44.287,50,6019,428.65
2026/05/09 01:56:45.319,61,6019,425.66
2026/05/09 01:56:46.351,54,6019,427.78
2026/05/09 01:56:47.384,77,6019,371.22
2026/05/09 01:56:48.416,55,6019,223.74
2026/05/09 01:56:49.448,64,6019,467.19
2026/05/09 01:56:50.481,68,6019,467.70
2026/05/09 01:56:51.514,56,6019,469.69
2026/05/09 01:56:52.546,63,6019,467.93
2026/05/09 01:56:53.578,66,6019,469.85
2026/05/09 01:56:54.610,55,6019,463.81
2026/05/09 01:56:55.642,60,6019,465.07
2026/05/09 01:56:56.674,66,6019,464.14
2026/05/09 01:56:57.706,67,6019,469.82
2026/05/09 01:56:58.740,62,6019,462.85
2026/05/09 01:56:59.773,61,6019,294.20
2026/05/09 01:57:00.807,61,6019,261.77
2026/05/09 01:57:01.838,82,6019,196.97
2026/05/09 01:57:02.869,50,6019,337.69
2026/05/09 01:57:03.902,58,6019,432.66
2026/05/09 01:57:04.936,63,6019,425.45
2026/05/09 01:57:05.968,60,6019,433.49
2026/05/09 01:57:07.000,50,6019,430.21
2026/05/09 01:57:08.032,57,6019,427.44
2026/05/09 01:57:09.064,57,6019,424.57
2026/05/09 01:57:10.096,52,6019,430.00
2026/05/09 01:57:11.128,63,6019,424.56
2026/05/09 01:57:12.160,50,6019,430.03
2026/05/09 01:57:13.192,62,6019,428.23
2026/05/09 01:57:14.223,87,6019,376.09
2026/05/09 01:57:15.255,51,6019,199.63
2026/05/09 01:57:16.287,50,6019,429.28
2026/05/09 01:57:17.319,63,6019,428.08
2026/05/09 01:57:18.352,51,6019,425.22
2026/05/09 01:57:19.384,59,6019,429.07
2026/05/09 01:57:20.416,64,6019,428.61
2026/05/09 01:57:21.448,50,6019,430.10
2026/05/09 01:57:22.481,55,6019,434.15
2026/05/09 01:57:23.513,56,6019,420.34
2026/05/09 01:57:24.546,55,6019,430.45
2026/05/09 01:57:25.579,57,6019,420.70
2026/05/09 01:57:26.611,56,6019,433.42
2026/05/09 01:57:27.645,73,6019,397.78
2026/05/09 01:57:28.678,68,6019,165.68
2026/05/09 01:57:29.710,50,6019,408.34
2026/05/09 01:57:30.743,52,6019,429.85
2026/05/09 01:57:31.774,62,6019,431.81
2026/05/09 01:57:32.807,73,6019,309.69
2026/05/09 01:57:33.840,75,6019,520.67
2026/05/09 01:57:34.871,53,6019,485.38
2026/05/09 01:57:35.902,58,6019,462.43
2026/05/09 01:57:36.933,67,6019,457.27
2026/05/09 01:57:37.964,57,6019,456.61
2026/05/09 01:57:38.997,64,6019,464.10
2026/05/09 01:57:40.029,68,6019,467.88
2026/05/09 01:57:41.060,75,6019,184.40
2026/05/09 01:57:42.093,57,6019,447.17
2026/05/09 01:57:43.125,64,6019,468.97
2026/05/09 01:57:44.159,67,6019,469.96
2026/05/09 01:57:45.192,56,6019,465.45
2026/05/09 01:57:46.225,57,6019,463.92
2026/05/09 01:57:47.259,65,6019,467.52
2026/05/09 01:57:48.291,68,6019,471.32
2026/05/09 01:57:49.323,58,6019,466.77
2026/05/09 01:57:50.355,60,6019,466.99
2026/05/09 01:57:51.388,71,6019,467.05
2026/05/09 01:57:52.422,78,6019,258.62
2026/05/09 01:57:53.455,63,6019,395.85
2026/05/09 01:57:54.488,67,6019,474.23
2026/05/09 01:57:55.521,57,6019,465.15
2026/05/09 01:57:56.554,72,6019,470.22
2026/05/09 01:57:57.588,58,6019,468.67
2026/05/09 01:57:58.621,62,6019,468.80
2026/05/09 01:57:59.653,70,6019,472.43
2026/05/09 01:58:00.686,61,6019,470.66
2026/05/09 01:58:01.720,63,6019,471.41
2026/05/09 01:58:02.753,56,6019,465.24
2026/05/09 01:58:03.785,70,6019,310.83
2026/05/09 01:58:04.817,71,6019,305.46
2026/05/09 01:58:05.850,71,6019,517.45
2026/05/09 01:58:06.883,72,6019,521.61
2026/05/09 01:58:07.915,74,6019,522.74
2026/05/09 01:58:08.947,71,6019,516.96
2026/05/09 01:58:09.980,72,6019,520.26
2026/05/09 01:58:11.014,70,6019,516.23
2026/05/09 01:58:12.047,74,6019,516.40
2026/05/09 01:58:13.079,70,6019,513.32
2026/05/09 01:58:14.112,70,6019,518.03
2026/05/09 01:58:15.145,62,6019,319.93
2026/05/09 01:58:16.178,63,6019,269.19
2026/05/09 01:58:17.208,80,6019,198.77
2026/05/09 01:58:18.242,70,6019,477.71
2026/05/09 01:58:19.273,58,6019,472.08
2026/05/09 01:58:20.305,70,6019,477.08
2026/05/09 01:58:21.337,56,6019,467.95
2026/05/09 01:58:22.369,65,6019,470.08
2026/05/09 01:58:23.403,67,6019,470.92
2026/05/09 01:58:24.435,56,6019,471.52
2026/05/09 01:58:25.467,64,6019,470.35
2026/05/09 01:58:26.500,67,6019,472.86
2026/05/09 01:58:27.533,62,6019,469.75
2026/05/09 01:58:28.565,87,6019,356.39
2026/05/09 01:58:29.598,69,6019,291.24
2026/05/09 01:58:30.631,63,6019,470.08
2026/05/09 01:58:31.663,63,6019,475.86
2026/05/09 01:58:32.700,61,6019,467.95
2026/05/09 01:58:33.732,73,6019,476.31
2026/05/09 01:58:34.764,58,6019,472.28
2026/05/09 01:58:35.797,63,6019,468.61
2026/05/09 01:58:36.830,0,6019,332.99
2026/05/09 01:58:37.864,83,6019,481.31
2026/05/09 01:58:38.897,71,6019,526.06
2026/05/09 01:58:39.929,73,6019,476.53
2026/05/09 01:58:40.960,74,6019,167.46
2026/05/09 01:58:41.992,75,6019,521.64
2026/05/09 01:58:43.024,75,6019,524.23
2026/05/09 01:58:44.057,69,6019,517.99
2026/05/09 01:58:45.089,70,6019,518.06
2026/05/09 01:58:46.122,72,6019,520.99
2026/05/09 01:58:47.154,71,6019,517.86
2026/05/09 01:58:48.187,71,6019,523.03
2026/05/09 01:58:49.220,71,6019,522.12
2026/05/09 01:58:50.252,69,6019,515.75
2026/05/09 01:58:51.284,72,6019,197.22
2026/05/09 01:58:52.315,72,6019,445.29
2026/05/09 01:58:53.348,74,6019,521.85
2026/05/09 01:58:54.382,69,6019,518.40
2026/05/09 01:58:55.415,73,6019,520.64
2026/05/09 01:58:56.448,75,6019,522.99
2026/05/09 01:58:57.480,72,6019,523.31
2026/05/09 01:58:58.513,71,6019,518.34
2026/05/09 01:58:59.545,75,6019,523.44
2026/05/09 01:59:00.578,67,6019,474.53
2026/05/09 01:59:01.610,78,6019,420.69
2026/05/09 01:59:02.642,56,6019,220.48
2026/05/09 01:59:03.675,61,6019,466.14
2026/05/09 01:59:04.707,71,6019,470.40
2026/05/09 01:59:05.740,70,6019,470.66
2026/05/09 01:59:06.774,59,6019,472.64
2026/05/09 01:59:07.807,56,6019,467.02
2026/05/09 01:59:08.842,58,6019,464.04
2026/05/09 01:59:09.875,57,6019,466.62
2026/05/09 01:59:10.910,57,6019,463.43
2026/05/09 01:59:11.941,68,6019,472.46
2026/05/09 01:59:12.973,67,6019,472.43
2026/05/09 01:59:14.005,83,6019,240.37
2026/05/09 01:59:15.038,58,6019,430.50
2026/05/09 01:59:16.070,72,6019,473.27
2026/05/09 01:59:17.102,59,6019,471.47
2026/05/09 01:59:18.135,63,6019,471.55
2026/05/09 01:59:19.167,68,6019,471.46
2026/05/09 01:59:20.200,56,6019,472.66
2026/05/09 01:59:21.233,56,6019,472.77
2026/05/09 01:59:22.267,61,6019,467.59
2026/05/09 01:59:23.300,71,6019,468.99
2026/05/09 01:59:24.333,58,6019,472.94
2026/05/09 01:59:25.365,66,6019,348.75
2026/05/09 01:59:26.399,65,6019,276.75
2026/05/09 01:59:27.432,72,6019,215.89
2026/05/09 01:59:28.464,75,6019,312.70
2026/05/09 01:59:29.498,75,6019,522.17
2026/05/09 01:59:30.531,75,6019,523.95
2026/05/09 01:59:31.564,71,6019,519.65
2026/05/09 01:59:32.598,61,6019,506.15
2026/05/09 01:59:33.630,69,6019,475.01
2026/05/09 01:59:34.663,58,6019,472.07
2026/05/09 01:59:35.695,63,6019,470.22
2026/05/09 01:59:36.727,63,6019,470.07
2026/05/09 01:59:37.764,69,6019,473.90
2026/05/09 01:59:38.798,75,6019,238.58
2026/05/09 01:59:39.830,50,6019,216.79
2026/05/09 01:59:40.863,60,6019,493.06
2026/05/09 01:59:41.896,65,6019,460.10
2026/05/09 01:59:42.929,67,6019,457.75
2026/05/09 01:59:43.962,68,6019,455.70
2026/05/09 01:59:44.996,66,6019,451.29
2026/05/09 01:59:46.028,54,6019,457.52
2026/05/09 01:59:47.061,58,6019,451.33
2026/05/09 01:59:48.096,59,6019,447.06
2026/05/09 01:59:49.129,60,6019,447.58
2026/05/09 01:59:50.162,63,6019,449.08
2026/05/09 01:59:51.194,82,6019,413.99
2026/05/09 01:59:52.226,50,6019,316.60
2026/05/09 01:59:53.258,57,6019,428.26
2026/05/09 01:59:54.289,61,6019,428.46
2026/05/09 01:59:55.322,51,6019,431.71
2026/05/09 01:59:56.354,63,6019,427.51
2026/05/09 01:59:57.387,54,6019,426.30
2026/05/09 01:59:58.418,67,6019,448.27
2026/05/09 01:59:59.450,56,6019,465.75
2026/05/09 02:00:00.482,69,6019,471.65
2026/05/09 02:00:01.513,61,6019,470.80
2026/05/09 02:00:02.546,61,6019,470.33
2026/05/09 02:00:03.578,82,6019,406.94
2026/05/09 02:00:04.610,74,6019,238.15
2026/05/09 02:00:05.644,75,6019,522.61
2026/05/09 02:00:06.676,75,6019,522.83
2026/05/09 02:00:07.709,75,6019,522.98
2026/05/09 02:00:08.743,57,6019,472.17
2026/05/09 02:00:09.776,70,6019,473.54
2026/05/09 02:00:10.808,60,6019,472.31
2026/05/09 02:00:11.840,62,6019,469.10
2026/05/09 02:00:12.873,67,6019,475.55
2026/05/09 02:00:13.906,57,6019,467.14
2026/05/09 02:00:14.939,68,6019,337.47
2026/05/09 02:00:15.972,70,6019,302.58
2026/05/09 02:00:17.004,71,6019,521.07
2026/05/09 02:00:18.038,70,6019,522.10
2026/05/09 02:00:19.069,75,6019,521.15
2026/05/09 02:00:20.103,73,6019,522.45
2026/05/09 02:00:21.135,69,6019,519.14
2026/05/09 02:00:22.167,73,6019,521.75
2026/05/09 02:00:23.198,72,6019,519.84
2026/05/09 02:00:24.232,75,6019,523.53
2026/05/09 02:00:25.265,74,6019,381.26
2026/05/09 02:00:26.298,72,6019,267.20
2026/05/09 02:00:27.330,72,6019,525.43
2026/05/09 02:00:28.361,75,6019,523.77
2026/05/09 02:00:29.392,74,6019,523.61
2026/05/09 02:00:30.424,71,6019,521.12
2026/05/09 02:00:31.455,71,6019,517.77
2026/05/09 02:00:32.486,72,6019,525.62
2026/05/09 02:00:33.518,71,6019,527.40
2026/05/09 02:00:34.549,70,6019,490.02
2026/05/09 02:00:35.581,58,6019,473.92
2026/05/09 02:00:36.613,71,6019,344.73
2026/05/09 02:00:37.646,66,6019,275.80
2026/05/09 02:00:38.678,86,6019,230.96
2026/05/09 02:00:39.710,60,6019,328.35
2026/05/09 02:00:40.743,53,6019,460.52
2026/05/09 02:00:41.774,53,6019,464.46
2026/05/09 02:00:42.805,2,6019,307.79
2026/05/09 02:00:43.836,75,6019,470.18
2026/05/09 02:00:44.867,72,6019,501.24
2026/05/09 02:00:45.900,72,6019,525.98
2026/05/09 02:00:46.932,72,6019,525.32
2026/05/09 02:00:47.964,71,6019,526.97
2026/05/09 02:00:48.996,73,6019,530.04
2026/05/09 02:00:50.028,73,6019,318.31
2026/05/09 02:00:51.060,75,6019,325.20
2026/05/09 02:00:52.090,75,6019,537.03
2026/05/09 02:00:53.122,76,6019,537.52
2026/05/09 02:00:54.152,75,6019,537.53
2026/05/09 02:00:55.183,72,6019,531.14
2026/05/09 02:00:56.215,75,6019,538.49
2026/05/09 02:00:57.247,74,6019,530.74
2026/05/09 02:00:58.278,75,6019,538.72
2026/05/09 02:00:59.311,75,6019,532.36
2026/05/09 02:01:00.344,69,6019,265.36
2026/05/09 02:01:01.375,59,6019,352.14
2026/05/09 02:01:02.407,63,6019,480.75
2026/05/09 02:01:03.440,69,6019,482.41
2026/05/09 02:01:04.472,72,6019,477.45
2026/05/09 02:01:05.503,64,6019,476.55
2026/05/09 02:01:06.534,57,6019,474.07
2026/05/09 02:01:07.565,65,6019,481.36
2026/05/09 02:01:08.596,73,6019,481.23
2026/05/09 02:01:09.626,68,6019,478.76
2026/05/09 02:01:10.658,56,6019,473.85
2026/05/09 02:01:11.690,77,6019,445.98
2026/05/09 02:01:12.722,65,6019,199.77
2026/05/09 02:01:13.755,67,6019,475.08
2026/05/09 02:01:14.787,71,6019,475.67
2026/05/09 02:01:15.818,60,6019,473.85
2026/05/09 02:01:16.851,64,6019,475.64
2026/05/09 02:01:17.884,62,6019,473.49
2026/05/09 02:01:18.915,63,6019,476.92
2026/05/09 02:01:19.946,71,6019,479.74
2026/05/09 02:01:20.977,57,6019,469.43
2026/05/09 02:01:22.008,70,6019,477.41
2026/05/09 02:01:23.041,62,6019,471.61
2026/05/09 02:01:24.073,78,6019,206.79
2026/05/09 02:01:25.105,58,6019,453.40
2026/05/09 02:01:26.136,63,6019,476.20
2026/05/09 02:01:27.168,73,6019,478.83
2026/05/09 02:01:28.201,62,6019,472.14
2026/05/09 02:01:29.232,66,6019,480.02
2026/05/09 02:01:30.265,70,6019,478.45
2026/05/09 02:01:31.297,59,6019,472.73
2026/05/09 02:01:32.329,63,6019,475.70
2026/05/09 02:01:33.361,59,6019,467.08
2026/05/09 02:01:34.395,72,6019,471.02
2026/05/09 02:01:35.427,87,6019,223.89
2026/05/09 02:01:36.459,69,6019,396.49
2026/05/09 02:01:37.490,68,6019,478.01
2026/05/09 02:01:38.523,58,6019,472.70
2026/05/09 02:01:39.555,63,6019,476.92
2026/05/09 02:01:40.587,72,6019,476.67
2026/05/09 02:01:41.620,55,6019,470.24
2026/05/09 02:01:42.652,72,6019,475.02
2026/05/09 02:01:43.684,51,6019,458.22
2026/05/09 02:01:44.716,74,6019,303.40
2026/05/09 02:01:45.748,74,6019,522.15
2026/05/09 02:01:46.782,67,6019,418.49
2026/05/09 02:01:47.814,62,6019,267.09
2026/05/09 02:01:48.846,72,6019,257.73
2026/05/09 02:01:49.878,70,6019,197.46
2026/05/09 02:01:50.911,58,6019,439.86
2026/05/09 02:01:51.942,50,6019,438.54
2026/05/09 02:01:52.974,52,6019,434.42
2026/05/09 02:01:54.005,50,6019,435.02
2026/05/09 02:01:55.039,58,6019,450.11
2026/05/09 02:01:56.072,62,6019,473.98
2026/05/09 02:01:57.106,67,6019,474.02
2026/05/09 02:01:58.139,58,6019,472.60
2026/05/09 02:01:59.172,70,6019,472.39
2026/05/09 02:02:00.205,57,6019,471.30
2026/05/09 02:02:01.236,81,6019,333.07
2026/05/09 02:02:02.267,73,6019,313.35
2026/05/09 02:02:03.299,74,6019,532.58
2026/05/09 02:02:04.331,73,6019,528.08
2026/05/09 02:02:05.363,75,6019,535.17
2026/05/09 02:02:06.395,74,6019,528.82
2026/05/09 02:02:07.426,75,6019,533.58
2026/05/09 02:02:08.460,73,6019,524.47
2026/05/09 02:02:09.491,75,6019,530.49
2026/05/09 02:02:10.522,75,6019,531.72
2026/05/09 02:02:11.553,68,6019,453.82
2026/05/09 02:02:12.585,74,6019,204.24
2026/05/09 02:02:13.616,75,6019,528.35
2026/05/09 02:02:14.646,75,6019,537.97
2026/05/09 02:02:15.677,75,6019,537.90
2026/05/09 02:02:16.707,76,6019,538.79
2026/05/09 02:02:17.739,73,6019,534.12
2026/05/09 02:02:18.770,75,6019,533.13
2026/05/09 02:02:19.801,74,6019,535.29
2026/05/09 02:02:20.832,74,6019,532.55
2026/05/09 02:02:21.862,75,6019,378.20
2026/05/09 02:02:22.894,61,6019,267.93
2026/05/09 02:02:23.925,60,6019,479.56
2026/05/09 02:02:24.957,60,6019,479.73
2026/05/09 02:02:25.989,71,6019,477.59
2026/05/09 02:02:27.021,67,6019,478.16
2026/05/09 02:02:28.052,59,6019,476.46
2026/05/09 02:02:29.084,60,6019,476.84
2026/05/09 02:02:30.116,69,6019,480.53
2026/05/09 02:02:31.149,69,6019,475.92
2026/05/09 02:02:32.181,61,6019,475.24
2026/05/09 02:02:33.211,59,6019,475.04
2026/05/09 02:02:34.242,74,6019,237.40
2026/05/09 02:02:35.274,72,6019,528.27
2026/05/09 02:02:36.306,74,6019,532.08
2026/05/09 02:02:37.336,75,6019,531.73
2026/05/09 02:02:38.369,71,6019,525.99
2026/05/09 02:02:39.401,70,6019,525.67
2026/05/09 02:02:40.433,73,6019,524.52
2026/05/09 02:02:41.465,75,6019,525.83
2026/05/09 02:02:42.497,70,6019,520.18
2026/05/09 02:02:43.529,71,6019,523.78
2026/05/09 02:02:44.562,66,6019,253.54
2026/05/09 02:02:45.595,83,6019,262.98
2026/05/09 02:02:46.629,67,6019,523.88
2026/05/09 02:02:47.662,57,6019,466.70
2026/05/09 02:02:48.692,57,6019,466.73
2026/05/09 02:02:49.724,55,6019,443.43
2026/05/09 02:02:50.756,65,6019,440.18
2026/05/09 02:02:51.788,60,6019,438.21
2026/05/09 02:02:52.818,65,6019,436.28
2026/05/09 02:02:53.850,64,6019,435.28
2026/05/09 02:02:54.883,55,6019,433.34
2026/05/09 02:02:55.915,50,6019,436.30
2026/05/09 02:02:56.947,66,6019,337.88
2026/05/09 02:02:57.979,65,6019,275.72
2026/05/09 02:02:59.011,82,6019,219.30
2026/05/09 02:03:00.043,59,6019,320.11
2026/05/09 02:03:01.075,57,6019,430.50
2026/05/09 02:03:02.106,59,6019,434.76
2026/05/09 02:03:03.139,61,6019,431.59
2026/05/09 02:03:04.171,58,6019,434.70
2026/05/09 02:03:05.203,54,6019,442.25
2026/05/09 02:03:06.235,52,6019,429.24
2026/05/09 02:03:07.266,50,6019,433.42
2026/05/09 02:03:08.297,52,6019,431.20
2026/05/09 02:03:09.329,57,6019,434.58
2026/05/09 02:03:10.361,63,6019,433.03
2026/05/09 02:03:11.392,68,6019,382.29
2026/05/09 02:03:12.423,71,6019,183.53
2026/05/09 02:03:13.454,55,6019,464.93
2026/05/09 02:03:14.486,70,6019,456.56
2026/05/09 02:03:15.519,52,6019,457.13
2026/05/09 02:03:16.551,65,6019,457.48
2026/05/09 02:03:17.584,53,6019,456.21
2026/05/09 02:03:18.616,68,6019,457.43
2026/05/09 02:03:19.649,52,6019,456.23
2026/05/09 02:03:20.681,70,6019,457.83
2026/05/09 02:03:21.714,57,6019,461.50
2026/05/09 02:03:22.746,57,6019,455.86
2026/05/09 02:03:23.778,71,6019,306.41
2026/05/09 02:03:24.810,68,6019,284.52
2026/05/09 02:03:25.841,56,6019,455.97
2026/05/09 02:03:26.872,63,6019,456.91
2026/05/09 02:03:27.905,61,6019,452.12
2026/05/09 02:03:28.937,55,6019,453.90
2026/05/09 02:03:29.968,63,6019,453.16
2026/05/09 02:03:31.001,57,6019,445.84
2026/05/09 02:03:32.033,58,6019,436.32
2026/05/09 02:03:33.066,55,6019,434.88
2026/05/09 02:03:34.099,51,6019,430.57
2026/05/09 02:03:35.131,63,6019,434.22
2026/05/09 02:03:36.164,54,6019,429.37
2026/05/09 02:03:37.195,81,6019,200.48
2026/05/09 02:03:38.226,56,6019,385.74
2026/05/09 02:03:39.257,57,6019,429.54
2026/05/09 02:03:40.289,54,6019,432.69
2026/05/09 02:03:41.321,50,6019,430.60
2026/05/09 02:03:42.355,62,6019,430.20
2026/05/09 02:03:43.387,50,6019,422.69
2026/05/09 02:03:44.420,63,6019,429.93
2026/05/09 02:03:45.453,50,6019,419.64
2026/05/09 02:03:46.485,63,6019,429.97
2026/05/09 02:03:47.518,50,6019,420.25
2026/05/09 02:03:48.550,61,6019,430.31
2026/05/09 02:03:49.583,68,6019,327.97
2026/05/09 02:03:50.615,64,6019,244.25
2026/05/09 02:03:51.647,58,6019,440.96
2026/05/09 02:03:52.680,57,6019,433.65
2026/05/09 02:03:53.710,62,6019,438.80
2026/05/09 02:03:54.744,78,6019,344.13
2026/05/09 02:03:55.775,70,6019,503.55
2026/05/09 02:03:56.807,75,6019,529.80
2026/05/09 02:03:57.839,74,6019,533.36
2026/05/09 02:03:58.870,74,6019,532.26
2026/05/09 02:03:59.903,72,6019,533.71
2026/05/09 02:04:00.933,69,6019,414.08
2026/05/09 02:04:01.965,72,6019,226.34
2026/05/09 02:04:02.996,76,6019,533.25
2026/05/09 02:04:04.028,76,6019,543.32
2026/05/09 02:04:05.060,75,6019,542.34
2026/05/09 02:04:06.092,75,6019,537.10
2026/05/09 02:04:07.125,75,6019,537.43
2026/05/09 02:04:08.157,72,6019,537.17
2026/05/09 02:04:09.188,75,6019,529.84
2026/05/09 02:04:10.221,73,6019,531.85
2026/05/09 02:04:11.253,63,6019,382.03
2026/05/09 02:04:12.286,60,6019,264.86
2026/05/09 02:04:13.319,73,6019,232.17
2026/05/09 02:04:14.350,70,6019,219.23
2026/05/09 02:04:15.381,75,6019,537.32
2026/05/09 02:04:16.412,77,6019,539.09
2026/05/09 02:04:17.444,76,6019,540.49
2026/05/09 02:04:18.475,61,6019,493.00
2026/05/09 02:04:19.507,66,6019,483.16
2026/05/09 02:04:20.540,66,6019,480.44
2026/05/09 02:04:21.572,59,6019,465.84
2026/05/09 02:04:22.605,54,6019,435.94
2026/05/09 02:04:23.637,56,6019,431.94
2026/05/09 02:04:24.668,52,6019,435.60
2026/05/09 02:04:25.700,82,6019,236.78
2026/05/09 02:04:26.732,55,6019,396.66
2026/05/09 02:04:27.763,53,6019,435.20
2026/05/09 02:04:28.795,55,6019,431.48
2026/05/09 02:04:29.827,52,6019,431.78
2026/05/09 02:04:30.860,50,6019,431.94
2026/05/09 02:04:31.891,51,6019,433.56
2026/05/09 02:04:32.922,51,6019,435.89
2026/05/09 02:04:33.955,51,6019,431.28
2026/05/09 02:04:34.986,55,6019,435.38
2026/05/09 02:04:36.018,55,6019,435.29
2026/05/09 02:04:37.049,57,6019,435.29
2026/05/09 02:04:38.080,87,6019,309.85
2026/05/09 02:04:39.112,59,6019,308.88
2026/05/09 02:04:40.145,63,6019,430.15
2026/05/09 02:04:41.177,51,6019,424.74
2026/05/09 02:04:42.208,54,6019,430.68
2026/05/09 02:04:43.240,59,6019,430.27
2026/05/09 02:04:44.272,63,6019,429.36
2026/05/09 02:04:45.306,51,6019,426.32
2026/05/09 02:04:46.338,58,6019,431.14
2026/05/09 02:04:47.370,58,6019,428.15
2026/05/09 02:04:48.402,61,6019,426.33
2026/05/09 02:04:49.434,52,6019,430.92
2026/05/09 02:04:50.465,59,6019,422.44
2026/05/09 02:04:51.495,77,6019,182.96
2026/05/09 02:04:52.525,59,6019,447.14
2026/05/09 02:04:53.558,63,6019,430.50
2026/05/09 02:04:54.590,50,6019,428.04
2026/05/09 02:04:55.622,62,6019,426.73
2026/05/09 02:04:56.655,51,6019,423.20
2026/05/09 02:04:57.688,56,6019,429.87
2026/05/09 02:04:58.721,57,6019,420.50
2026/05/09 02:04:59.753,9,6019,380.67
2026/05/09 02:05:00.786,69,6019,369.95
2026/05/09 02:05:01.818,61,6019,515.82
2026/05/09 02:05:02.850,66,6019,460.39
2026/05/09 02:05:03.883,74,6019,283.85
2026/05/09 02:05:04.914,54,6019,332.86
2026/05/09 02:05:05.946,60,6019,459.06
2026/05/09 02:05:06.979,73,6019,459.99
2026/05/09 02:05:08.011,51,6019,456.73
2026/05/09 02:05:09.044,62,6019,452.25
2026/05/09 02:05:10.076,60,6019,454.28
2026/05/09 02:05:11.108,51,6019,453.31
2026/05/09 02:05:12.140,68,6019,454.09
2026/05/09 02:05:13.173,51,6019,457.02
2026/05/09 02:05:14.207,70,6019,459.09
2026/05/09 02:05:15.239,57,6019,457.80
2026/05/09 02:05:16.270,73,6019,179.18
2026/05/09 02:05:17.302,66,6019,409.91
2026/05/09 02:05:18.335,74,6019,483.85
2026/05/09 02:05:19.367,70,6019,479.36
2026/05/09 02:05:20.400,63,6019,477.13
2026/05/09 02:05:21.432,53,6019,471.30
2026/05/09 02:05:22.465,69,6019,474.57
2026/05/09 02:05:23.498,74,6019,483.47
2026/05/09 02:05:24.531,74,6019,483.23
2026/05/09 02:05:25.564,69,6019,473.91
2026/05/09 02:05:26.597,59,6019,460.05
2026/05/09 02:05:27.630,65,6019,400.94
2026/05/09 02:05:28.665,59,6019,275.22
2026/05/09 02:05:29.698,69,6019,261.31
2026/05/09 02:05:30.730,51,6019,208.00
2026/05/09 02:05:31.763,53,6019,433.16
2026/05/09 02:05:32.795,63,6019,425.80
2026/05/09 02:05:33.828,50,6019,430.61
2026/05/09 02:05:34.860,62,6019,427.39
2026/05/09 02:05:35.892,60,6019,426.03
2026/05/09 02:05:36.924,51,6019,430.55
2026/05/09 02:05:37.957,62,6019,430.62
2026/05/09 02:05:38.990,55,6019,424.15
2026/05/09 02:05:40.023,52,6019,434.78
2026/05/09 02:05:41.056,58,6019,426.81
2026/05/09 02:05:42.090,51,6019,429.17
2026/05/09 02:05:43.123,74,6019,285.80
2026/05/09 02:05:44.155,51,6019,320.81
2026/05/09 02:05:45.186,58,6019,447.75
2026/05/09 02:05:46.220,67,6019,455.39
2026/05/09 02:05:47.253,63,6019,454.57
2026/05/09 02:05:48.285,55,6019,455.01
2026/05/09 02:05:49.317,54,6019,450.31
2026/05/09 02:05:50.350,57,6019,446.28
2026/05/09 02:05:51.383,62,6019,448.01
2026/05/09 02:05:52.416,59,6019,445.84
2026/05/09 02:05:53.449,61,6019,451.13
2026/05/09 02:05:54.481,61,6019,449.95
2026/05/09 02:05:55.513,70,6019,251.39
2026/05/09 02:05:56.544,61,6019,329.63
2026/05/09 02:05:57.576,50,6019,431.61
2026/05/09 02:05:58.607,62,6019,429.54
2026/05/09 02:05:59.641,64,6019,428.00
2026/05/09 02:06:00.673,50,6019,430.23
2026/05/09 02:06:01.706,53,6019,434.63
2026/05/09 02:06:02.738,59,6019,426.56
2026/05/09 02:06:03.771,60,6019,423.74
2026/05/09 02:06:04.805,66,6019,296.54
2026/05/09 02:06:05.838,65,6019,510.39
2026/05/09 02:06:06.870,75,6019,507.29
2026/05/09 02:06:07.903,72,6019,402.18
2026/05/09 02:06:08.935,65,6019,249.16
2026/05/09 02:06:09.967,75,6019,533.12
2026/05/09 02:06:10.999,68,6019,514.94
2026/05/09 02:06:12.031,74,6019,516.53
2026/05/09 02:06:13.065,69,6019,511.62
2026/05/09 02:06:14.099,72,6019,520.78
2026/05/09 02:06:15.132,73,6019,519.21
2026/05/09 02:06:16.166,70,6019,515.20
2026/05/09 02:06:17.198,71,6019,522.80
2026/05/09 02:06:18.231,70,6019,517.48
2026/05/09 02:06:19.264,60,6019,198.10
2026/05/09 02:06:20.296,69,6019,512.83
2026/05/09 02:06:21.329,71,6019,517.57
2026/05/09 02:06:22.363,68,6019,509.67
2026/05/09 02:06:23.395,68,6019,512.53
2026/05/09 02:06:24.427,68,6019,511.23
2026/05/09 02:06:25.461,68,6019,510.37
2026/05/09 02:06:26.492,68,6019,512.11
2026/05/09 02:06:27.525,73,6019,516.08
2026/05/09 02:06:28.557,69,6019,515.42
2026/05/09 02:06:29.590,68,6019,367.74
2026/05/09 02:06:30.623,61,6019,264.86
2026/05/09 02:06:31.656,73,6019,514.83
2026/05/09 02:06:32.687,70,6019,515.47
2026/05/09 02:06:33.720,69,6019,513.44
2026/05/09 02:06:34.753,73,6019,517.04
2026/05/09 02:06:35.787,70,6019,513.81
2026/05/09 02:06:36.821,68,6019,513.78
2026/05/09 02:06:37.854,64,6019,510.38
2026/05/09 02:06:38.889,56,6019,471.35
2026/05/09 02:06:39.924,56,6019,467.66
2026/05/09 02:06:40.959,66,6019,298.91
2026/05/09 02:06:41.993,69,6019,272.66
2026/05/09 02:06:43.025,80,6019,188.25
2026/05/09 02:06:44.058,72,6019,410.71
2026/05/09 02:06:45.090,71,6019,527.88
2026/05/09 02:06:46.123,74,6019,529.01
2026/05/09 02:06:47.155,73,6019,525.38
2026/05/09 02:06:48.187,72,6019,523.83
2026/05/09 02:06:49.219,75,6019,527.20
2026/05/09 02:06:50.250,72,6019,524.99
2026/05/09 02:06:51.283,71,6019,525.45
2026/05/09 02:06:52.317,75,6019,526.24
2026/05/09 02:06:53.349,68,6019,229.99
2026/05/09 02:06:54.381,75,6019,376.45
2026/05/09 02:06:55.413,71,6019,520.93
2026/05/09 02:06:56.447,72,6019,518.45
2026/05/09 02:06:57.479,73,6019,524.80
2026/05/09 02:06:58.511,73,6019,523.07
2026/05/09 02:06:59.543,75,6019,513.03
2026/05/09 02:07:00.575,72,6019,524.15
2026/05/09 02:07:01.607,70,6019,523.49
2026/05/09 02:07:02.639,53,6019,505.70
2026/05/09 02:07:03.671,62,6019,456.19
2026/05/09 02:07:04.704,0,6019,189.12
2026/05/09 02:07:05.736,75,6019,284.52
2026/05/09 02:07:06.768,54,6019,456.13
2026/05/09 02:07:07.800,61,6019,460.13
2026/05/09 02:07:08.832,54,6019,456.28
2026/05/09 02:07:09.865,59,6019,452.00
2026/05/09 02:07:10.897,60,6019,464.30
2026/05/09 02:07:11.929,67,6019,459.82
2026/05/09 02:07:12.962,55,6019,459.26
2026/05/09 02:07:13.994,66,6019,462.51
2026/05/09 02:07:15.027,54,6019,453.69
2026/05/09 02:07:16.059,68,6019,460.34
2026/05/09 02:07:17.092,73,6019,191.66
2026/05/09 02:07:18.125,66,6019,398.27
2026/05/09 02:07:19.156,61,6019,461.76
2026/05/09 02:07:20.189,68,6019,469.20
2026/05/09 02:07:21.221,57,6019,457.92
2026/05/09 02:07:22.253,56,6019,459.48
2026/05/09 02:07:23.286,56,6019,464.82
2026/05/09 02:07:24.318,62,6019,464.96
2026/05/09 02:07:25.350,73,6019,461.70
2026/05/09 02:07:26.385,63,6019,463.38
2026/05/09 02:07:27.417,56,6019,460.85
2026/05/09 02:07:28.449,73,6019,370.78
2026/05/09 02:07:29.480,72,6019,222.59
2026/05/09 02:07:30.511,64,6019,467.48
2026/05/09 02:07:31.543,72,6019,465.36
2026/05/09 02:07:32.575,65,6019,460.11
2026/05/09 02:07:33.607,55,6019,459.79
2026/05/09 02:07:34.639,57,6019,460.42
2026/05/09 02:07:35.672,54,6019,464.77
2026/05/09 02:07:36.705,66,6019,464.46
2026/05/09 02:07:37.736,65,6019,459.79
2026/05/09 02:07:38.768,63,6019,465.37
2026/05/09 02:07:39.801,68,6019,462.03
2026/05/09 02:07:40.832,68,6019,244.79
2026/05/09 02:07:41.865,50,6019,315.24
2026/05/09 02:07:42.898,59,6019,428.33
2026/05/09 02:07:43.930,59,6019,426.17
2026/05/09 02:07:44.963,51,6019,431.19
2026/05/09 02:07:45.994,62,6019,425.29
2026/05/09 02:07:47.026,50,6019,431.29
2026/05/09 02:07:48.059,63,6019,431.41
2026/05/09 02:07:49.091,54,6019,429.63
2026/05/09 02:07:50.124,57,6019,435.30
2026/05/09 02:07:51.157,61,6019,423.65
2026/05/09 02:07:52.190,53,6019,431.87
2026/05/09 02:07:53.223,61,6019,423.31
2026/05/09 02:07:54.256,64,6019,276.33
2026/05/09 02:07:55.288,64,6019,262.72
2026/05/09 02:07:56.322,87,6019,184.96
2026/05/09 02:07:57.351,59,6019,395.82
2026/05/09 02:07:58.382,73,6019,475.72
2026/05/09 02:07:59.413,61,6019,471.85
2026/05/09 02:08:00.445,70,6019,471.83
2026/05/09 02:08:01.477,61,6019,470.82
2026/05/09 02:08:02.508,70,6019,476.17
2026/05/09 02:08:03.539,57,6019,468.63
2026/05/09 02:08:04.571,72,6019,474.88
2026/05/09 02:08:05.604,58,6019,473.69
2026/05/09 02:08:06.635,65,6019,471.68
2026/05/09 02:08:07.667,72,6019,428.54
2026/05/09 02:08:08.698,68,6019,165.24
2026/05/09 02:08:09.729,66,6019,460.83
2026/05/09 02:08:10.761,59,6019,464.27
2026/05/09 02:08:11.793,61,6019,467.48
2026/05/09 02:08:12.825,82,6019,353.46
2026/05/09 02:08:13.856,76,6019,536.14
2026/05/09 02:08:14.887,77,6019,540.15
2026/05/09 02:08:15.918,75,6019,542.97
2026/05/09 02:08:16.949,77,6019,540.47
2026/05/09 02:08:17.982,76,6019,545.15
2026/05/09 02:08:19.012,74,6019,400.88
2026/05/09 02:08:20.042,72,6019,272.62
2026/05/09 02:08:21.073,75,6019,512.99
2026/05/09 02:08:22.107,64,6019,491.56
2026/05/09 02:08:23.138,55,6019,460.31
2026/05/09 02:08:24.170,62,6019,461.70
2026/05/09 02:08:25.201,57,6019,442.05
2026/05/09 02:08:26.233,62,6019,436.64
2026/05/09 02:08:27.265,54,6019,437.44
2026/05/09 02:08:28.298,50,6019,433.58
2026/05/09 02:08:29.330,51,6019,433.46
2026/05/09 02:08:30.362,50,6019,437.23
2026/05/09 02:08:31.393,87,6019,298.82
2026/05/09 02:08:32.424,60,6019,311.83
2026/05/09 02:08:33.454,57,6019,432.43
2026/05/09 02:08:34.486,50,6019,436.19
2026/05/09 02:08:35.519,55,6019,436.78
2026/05/09 02:08:36.550,62,6019,429.33
2026/05/09 02:08:37.583,51,6019,433.02
2026/05/09 02:08:38.616,59,6019,435.65
2026/05/09 02:08:39.649,60,6019,424.86
2026/05/09 02:08:40.680,58,6019,433.55
2026/05/09 02:08:41.713,50,6019,432.63
2026/05/09 02:08:42.746,62,6019,430.66
2026/05/09 02:08:43.778,67,6019,412.42
2026/05/09 02:08:44.810,63,6019,200.94
2026/05/09 02:08:45.842,63,6019,425.78
2026/05/09 02:08:46.875,50,6019,430.55
2026/05/09 02:08:47.907,60,6019,433.86
2026/05/09 02:08:48.939,63,6019,432.09
2026/05/09 02:08:49.972,51,6019,432.35
2026/05/09 02:08:51.004,63,6019,432.61
2026/05/09 02:08:52.036,50,6019,429.82
2026/05/09 02:08:53.068,62,6019,430.18
2026/05/09 02:08:54.101,56,6019,424.59
2026/05/09 02:08:55.134,54,6019,432.64
2026/05/09 02:08:56.168,60,6019,426.26
2026/05/09 02:08:57.200,62,6019,421.23
2026/05/09 02:08:58.232,71,6019,192.55
2026/05/09 02:08:59.264,70,6019,459.84
2026/05/09 02:09:00.295,60,6019,460.43
2026/05/09 02:09:01.328,57,6019,458.99
2026/05/09 02:09:02.360,58,6019,466.53
2026/05/09 02:09:03.392,53,6019,460.00
2026/05/09 02:09:04.424,56,6019,465.75
2026/05/09 02:09:05.456,61,6019,467.79
2026/05/09 02:09:06.487,62,6019,464.28
2026/05/09 02:09:07.518,56,6019,459.75
2026/05/09 02:09:08.549,62,6019,458.90
2026/05/09 02:09:09.580,65,6019,338.62
2026/05/09 02:09:10.613,62,6019,265.61
2026/05/09 02:09:11.646,68,6019,223.15
2026/05/09 02:09:12.677,73,6019,245.95
2026/05/09 02:09:13.710,60,6019,459.78
2026/05/09 02:09:14.744,69,6019,460.14
2026/05/09 02:09:15.776,55,6019,450.36
2026/05/09 02:09:16.808,67,6019,456.86
2026/05/09 02:09:17.840,58,6019,458.28
2026/05/09 02:09:18.872,62,6019,455.44
2026/05/09 02:09:19.904,55,6019,458.44
2026/05/09 02:09:20.937,75,6019,349.48
2026/05/09 02:09:21.970,75,6019,511.61
2026/05/09 02:09:23.002,53,6019,465.81
2026/05/09 02:09:24.034,72,6019,309.81
2026/05/09 02:09:25.064,71,6019,279.41
2026/05/09 02:09:26.096,66,6019,465.14
2026/05/09 02:09:27.128,71,6019,465.53
2026/05/09 02:09:28.160,72,6019,467.49
2026/05/09 02:09:29.191,67,6019,463.44
2026/05/09 02:09:30.224,72,6019,469.66
2026/05/09 02:09:31.255,70,6019,464.50
2026/05/09 02:09:32.288,64,6019,465.21
2026/05/09 02:09:33.319,57,6019,461.42
2026/05/09 02:09:34.350,51,6019,435.31
2026/05/09 02:09:35.382,54,6019,432.58
2026/05/09 02:09:36.413,86,6019,218.71
2026/05/09 02:09:37.445,58,6019,387.29
2026/05/09 02:09:38.476,60,6019,438.39
2026/05/09 02:09:39.507,57,6019,440.90
2026/05/09 02:09:40.538,50,6019,436.59
2026/05/09 02:09:41.570,52,6019,436.05
2026/05/09 02:09:42.602,52,6019,436.73
2026/05/09 02:09:43.634,52,6019,436.76
2026/05/09 02:09:44.666,56,6019,436.17
2026/05/09 02:09:45.697,60,6019,437.65
2026/05/09 02:09:46.728,60,6019,432.81
2026/05/09 02:09:47.760,51,6019,436.24
2026/05/09 02:09:48.792,71,6019,316.93
2026/05/09 02:09:49.823,62,6019,252.78
2026/05/09 02:09:50.855,67,6019,458.81
2026/05/09 02:09:51.889,66,6019,456.20
2026/05/09 02:09:52.923,64,6019,452.83
2026/05/09 02:09:53.956,65,6019,449.18
2026/05/09 02:09:54.988,59,6019,457.88
2026/05/09 02:09:56.020,55,6019,451.00
2026/05/09 02:09:57.051,54,6019,451.70
2026/05/09 02:09:58.084,68,6019,446.23
2026/05/09 02:09:59.116,61,6019,444.40
2026/05/09 02:10:00.148,57,6019,448.43
2026/05/09 02:10:01.180,56,6019,446.23
2026/05/09 02:10:02.211,72,6019,187.06
2026/05/09 02:10:03.243,60,6019,427.83
2026/05/09 02:10:04.274,64,6019,464.84
2026/05/09 02:10:05.307,65,6019,460.99
2026/05/09 02:10:06.339,65,6019,475.49
2026/05/09 02:10:07.370,68,6019,480.90
2026/05/09 02:10:08.402,68,6019,480.39
2026/05/09 02:10:09.434,58,6019,472.69
2026/05/09 02:10:10.466,62,6019,453.84
2026/05/09 02:10:11.497,52,6019,448.27
2026/05/09 02:10:12.529,62,6019,443.61
2026/05/09 02:10:13.562,79,6019,342.60
2026/05/09 02:10:14.594,56,6019,258.23
2026/05/09 02:10:15.625,51,6019,431.20
2026/05/09 02:10:16.658,59,6019,447.86
2026/05/09 02:10:17.690,64,6019,443.04
2026/05/09 02:10:18.722,54,6019,445.96
2026/05/09 02:10:19.755,58,6019,445.93
2026/05/09 02:10:20.787,50,6019,446.25
2026/05/09 02:10:21.819,57,6019,450.28
2026/05/09 02:10:22.852,49,6019,437.55
2026/05/09 02:10:23.884,73,6019,336.97
2026/05/09 02:10:24.916,53,6019,459.15
2026/05/09 02:10:25.948,59,6019,445.05
2026/05/09 02:10:26.980,66,6019,277.59
2026/05/09 02:10:28.012,65,6019,275.91
2026/05/09 02:10:29.044,70,6019,180.00
2026/05/09 02:10:30.075,54,6019,392.10
2026/05/09 02:10:31.108,67,6019,464.66
2026/05/09 02:10:32.140,59,6019,459.31
2026/05/09 02:10:33.171,68,6019,456.95
2026/05/09 02:10:34.205,55,6019,452.92
2026/05/09 02:10:35.237,62,6019,455.43
2026/05/09 02:10:36.269,68,6019,460.21
2026/05/09 02:10:37.300,58,6019,454.43
2026/05/09 02:10:38.332,65,6019,461.21
2026/05/09 02:10:39.365,72,6019,487.23
2026/05/09 02:10:40.398,73,6019,397.37
2026/05/09 02:10:41.429,73,6019,250.26
2026/05/09 02:10:42.460,75,6019,528.82
2026/05/09 02:10:43.491,72,6019,524.94
2026/05/09 02:10:44.523,71,6019,528.64
2026/05/09 02:10:45.555,74,6019,526.64
2026/05/09 02:10:46.588,73,6019,528.34
2026/05/09 02:10:47.619,75,6019,529.15
2026/05/09 02:10:48.650,75,6019,528.68
2026/05/09 02:10:49.683,72,6019,527.10
2026/05/09 02:10:50.714,72,6019,528.55
2026/05/09 02:10:51.745,85,6019,200.45
2026/05/09 02:10:52.777,74,6019,526.12
2026/05/09 02:10:53.808,72,6019,531.95
2026/05/09 02:10:54.840,74,6019,530.41
2026/05/09 02:10:55.872,75,6019,531.41
2026/05/09 02:10:56.905,72,6019,528.68
2026/05/09 02:10:57.937,71,6019,528.77
2026/05/09 02:10:58.969,71,6019,531.30
2026/05/09 02:11:00.001,73,6019,530.52
2026/05/09 02:11:01.034,73,6019,499.18
2026/05/09 02:11:02.067,73,6019,169.72
2026/05/09 02:11:03.099,71,6019,485.41
2026/05/09 02:11:04.131,70,6019,524.30
2026/05/09 02:11:05.163,72,6019,522.22
2026/05/09 02:11:06.196,74,6019,526.69
2026/05/09 02:11:07.230,70,6019,517.20
2026/05/09 02:11:08.263,75,6019,517.27
2026/05/09 02:11:09.296,70,6019,521.38
2026/05/09 02:11:10.330,73,6019,519.60
2026/05/09 02:11:11.363,71,6019,515.26
2026/05/09 02:11:12.394,73,6019,182.98
2026/05/09 02:11:13.426,74,6019,454.92
2026/05/09 02:11:14.457,75,6019,532.30
2026/05/09 02:11:15.489,73,6019,533.45
2026/05/09 02:11:16.521,74,6019,535.14
2026/05/09 02:11:17.553,72,6019,534.16
2026/05/09 02:11:18.585,75,6019,535.16
2026/05/09 02:11:19.617,72,6019,535.82
2026/05/09 02:11:20.649,74,6019,533.48
2026/05/09 02:11:21.680,75,6019,528.56
2026/05/09 02:11:22.714,47,6019,324.79
2026/05/09 02:11:23.746,74,6019,185.04
2026/05/09 02:11:24.777,75,6019,496.03
2026/05/09 02:11:25.808,75,6019,525.19
2026/05/09 02:11:26.840,75,6019,524.75
2026/05/09 02:11:27.871,73,6019,523.25
2026/05/09 02:11:28.903,70,6019,523.77
2026/05/09 02:11:29.935,70,6019,526.69
2026/05/09 02:11:30.968,71,6019,523.62
2026/05/09 02:11:32.000,69,6019,522.66
2026/05/09 02:11:33.033,64,6019,498.01
2026/05/09 02:11:34.066,63,6019,267.84
2026/05/09 02:11:35.098,60,6019,265.07
2026/05/09 02:11:36.130,69,6019,181.06
2026/05/09 02:11:37.163,74,6019,389.65
2026/05/09 02:11:38.194,74,6019,536.80
2026/05/09 02:11:39.227,73,6019,539.23
2026/05/09 02:11:40.258,75,6019,539.83
2026/05/09 02:11:41.290,73,6019,533.23
2026/05/09 02:11:42.322,75,6019,535.55
2026/05/09 02:11:43.354,73,6019,540.46
2026/05/09 02:11:44.387,74,6019,534.22
2026/05/09 02:11:45.417,75,6019,521.34
2026/05/09 02:11:46.448,69,6019,190.68
2026/05/09 02:11:47.480,74,6019,465.65
2026/05/09 02:11:48.511,75,6019,530.88
2026/05/09 02:11:49.543,73,6019,535.34
2026/05/09 02:11:50.575,72,6019,531.79
2026/05/09 02:11:51.607,75,6019,535.96
2026/05/09 02:11:52.639,72,6019,530.22
2026/05/09 02:11:53.671,75,6019,536.74
2026/05/09 02:11:54.703,73,6019,530.81
2026/05/09 02:11:55.735,73,6019,534.42
2026/05/09 02:11:56.768,75,6019,184.84
2026/05/09 02:11:57.799,74,6019,533.07
2026/05/09 02:11:58.830,75,6019,540.00
2026/05/09 02:11:59.861,74,6019,537.13
2026/05/09 02:12:00.891,74,6019,533.40
2026/05/09 02:12:01.923,72,6019,538.07
2026/05/09 02:12:02.955,73,6019,534.92
2026/05/09 02:12:03.987,75,6019,532.07
2026/05/09 02:12:05.018,72,6019,535.34
2026/05/09 02:12:06.050,74,6019,532.26
2026/05/09 02:12:07.080,87,6019,253.10
2026/05/09 02:12:08.113,72,6019,471.06
2026/05/09 02:12:09.148,74,6019,532.02
2026/05/09 02:12:10.180,75,6019,538.68
2026/05/09 02:12:11.211,75,6019,540.31
2026/05/09 02:12:12.243,75,6019,540.26
2026/05/09 02:12:13.274,75,6019,540.48
2026/05/09 02:12:14.307,75,6019,538.11
2026/05/09 02:12:15.339,68,6027,505.97
2026/05/09 02:12:16.371,67,6027,481.52
2026/05/09 02:12:17.403,74,6027,204.77
2026/05/09 02:12:18.434,75,6027,460.48
2026/05/09 02:12:19.467,66,6027,528.46
2026/05/09 02:12:20.497,60,6027,468.93
2026/05/09 02:12:21.529,68,6027,332.55
2026/05/09 02:12:22.561,72,6027,525.49
2026/05/09 02:12:23.591,72,6027,514.49
2026/05/09 02:12:24.623,67,6027,514.98
2026/05/09 02:12:25.654,69,6027,506.31
2026/05/09 02:12:26.686,70,6027,505.03
2026/05/09 02:12:27.718,70,6027,502.25
2026/05/09 02:12:28.750,72,6027,266.24
2026/05/09 02:12:29.783,74,6027,519.15
2026/05/09 02:12:30.815,74,6027,528.73
2026/05/09 02:12:31.848,71,6027,525.96
2026/05/09 02:12:32.880,73,6027,526.82
2026/05/09 02:12:33.911,73,6027,526.62
2026/05/09 02:12:34.943,72,6027,523.57
2026/05/09 02:12:35.975,70,6027,523.29
2026/05/09 02:12:37.008,72,6027,525.62
2026/05/09 02:12:38.040,72,6027,524.60
2026/05/09 02:12:39.072,67,6027,353.89
2026/05/09 02:12:40.107,61,6027,265.85
2026/05/09 02:12:41.140,87,6027,223.91
2026/05/09 02:12:42.171,62,6027,312.08
2026/05/09 02:12:43.204,71,6027,464.40
2026/05/09 02:12:44.236,56,6027,456.60
2026/05/09 02:12:45.270,65,6027,456.97
2026/05/09 02:12:46.303,53,6027,455.65
2026/05/09 02:12:47.336,67,6027,458.28
2026/05/09 02:12:48.369,59,6027,452.53
2026/05/09 02:12:49.403,65,6027,452.65
2026/05/09 02:12:50.435,69,6027,457.49
2026/05/09 02:12:51.467,71,6027,451.56
2026/05/09 02:12:52.499,51,6027,454.42
2026/05/09 02:12:53.531,87,6027,241.51
2026/05/09 02:12:54.563,63,6027,393.19
2026/05/09 02:12:55.595,57,6027,432.38
2026/05/09 02:12:56.628,52,6027,435.60
2026/05/09 02:12:57.659,62,6027,429.23
2026/05/09 02:12:58.691,50,6027,432.07
2026/05/09 02:12:59.723,57,6027,435.46
2026/05/09 02:13:00.755,60,6027,427.98
2026/05/09 02:13:01.788,60,6027,435.68
2026/05/09 02:13:02.820,59,6027,428.66
2026/05/09 02:13:03.852,50,6027,430.71
2026/05/09 02:13:04.885,59,6027,425.59
2026/05/09 02:13:05.917,86,6027,336.36
2026/05/09 02:13:06.948,64,6027,248.53
2026/05/09 02:13:07.980,60,6027,432.66
2026/05/09 02:13:09.012,51,6027,431.53
2026/05/09 02:13:10.044,58,6027,435.31
2026/05/09 02:13:11.077,59,6027,428.08
2026/05/09 02:13:12.110,50,6027,433.33
2026/05/09 02:13:13.142,59,6027,427.12
2026/05/09 02:13:14.174,54,6027,425.75
2026/05/09 02:13:15.208,54,6027,430.51
2026/05/09 02:13:16.239,62,6027,425.43
2026/05/09 02:13:17.271,55,6027,427.73
2026/05/09 02:13:18.305,54,6027,431.60
2026/05/09 02:13:19.337,75,6027,237.17
2026/05/09 02:13:20.370,55,6027,377.42
2026/05/09 02:13:21.402,59,6027,426.79
2026/05/09 02:13:22.435,50,6027,431.71
2026/05/09 02:13:23.467,58,6027,426.21
2026/05/09 02:13:24.499,51,6027,427.36
2026/05/09 02:13:25.531,59,6027,427.32
2026/05/09 02:13:26.564,55,6027,425.17
2026/05/09 02:13:27.597,52,6027,430.92
2026/05/09 02:13:28.631,0,6027,334.73
2026/05/09 02:13:29.664,74,6027,404.43
2026/05/09 02:13:30.697,53,6027,493.93
2026/05/09 02:13:31.731,58,6027,450.95
2026/05/09 02:13:32.764,77,6027,252.96
2026/05/09 02:13:33.796,70,6027,457.48
2026/05/09 02:13:34.829,57,6027,455.65
2026/05/09 02:13:35.861,68,6027,458.46
2026/05/09 02:13:36.894,59,6027,458.44
2026/05/09 02:13:37.926,63,6027,454.22
2026/05/09 02:13:38.957,59,6027,461.08
2026/05/09 02:13:39.991,59,6027,454.11
2026/05/09 02:13:41.024,63,6027,462.37
2026/05/09 02:13:42.055,67,6027,451.16
2026/05/09 02:13:43.088,65,6027,442.51
2026/05/09 02:13:44.121,50,6027,445.45
2026/05/09 02:13:45.153,86,6027,179.48
2026/05/09 02:13:46.186,55,6027,399.97
2026/05/09 02:13:47.218,59,6027,430.36
2026/05/09 02:13:48.250,57,6027,428.04
2026/05/09 02:13:49.282,57,6027,429.42
2026/05/09 02:13:50.314,50,6027,435.33
2026/05/09 02:13:51.347,56,6027,430.34
2026/05/09 02:13:52.379,63,6027,428.77
2026/05/09 02:13:53.412,54,6027,429.49
2026/05/09 02:13:54.444,54,6027,431.35
2026/05/09 02:13:55.476,61,6027,449.95
2026/05/09 02:13:56.508,51,6027,450.27
2026/05/09 02:13:57.541,59,6027,356.69
2026/05/09 02:13:58.575,59,6027,267.86
2026/05/09 02:13:59.609,69,6027,233.63
2026/05/09 02:14:00.641,62,6027,222.83
2026/05/09 02:14:01.673,57,6027,430.18
2026/05/09 02:14:02.706,50,6027,434.14
2026/05/09 02:14:03.739,50,6027,434.58
2026/05/09 02:14:04.770,57,6027,432.43
2026/05/09 02:14:05.804,50,6027,431.07
2026/05/09 02:14:06.836,59,6027,431.22
2026/05/09 02:14:07.868,62,6027,429.63
2026/05/09 02:14:08.900,52,6027,431.15
2026/05/09 02:14:09.932,69,6027,451.09
2026/05/09 02:14:10.964,74,6027,467.57
2026/05/09 02:14:11.996,68,6027,444.66
2026/05/09 02:14:13.026,79,6027,189.39
2026/05/09 02:14:14.057,60,6027,434.45
2026/05/09 02:14:15.089,63,6027,431.60
2026/05/09 02:14:16.120,56,6027,430.45
2026/05/09 02:14:17.152,51,6027,431.30
2026/05/09 02:14:18.184,60,6027,433.75
2026/05/09 02:14:19.216,58,6027,424.32
2026/05/09 02:14:20.248,52,6027,431.25
2026/05/09 02:14:21.280,58,6027,456.69
2026/05/09 02:14:22.313,52,6027,452.71
2026/05/09 02:14:23.346,56,6027,449.02
2026/05/09 02:14:24.378,61,6027,447.26
2026/05/09 02:14:25.411,70,6027,229.72
2026/05/09 02:14:26.445,58,6027,367.11
2026/05/09 02:14:27.477,60,6027,451.24
2026/05/09 02:14:28.510,54,6027,448.24
2026/05/09 02:14:29.544,51,6027,445.48
2026/05/09 02:14:30.577,54,6027,448.15
2026/05/09 02:14:31.611,58,6027,450.36
2026/05/09 02:14:32.644,66,6027,451.22
2026/05/09 02:14:33.677,68,6027,454.65
2026/05/09 02:14:34.711,62,6027,314.99
2026/05/09 02:14:35.745,65,6027,518.29
2026/05/09 02:14:36.778,75,6027,528.79
2026/05/09 02:14:37.810,73,6027,179.19
2026/05/09 02:14:38.842,74,6027,433.49
2026/05/09 02:14:39.873,75,6027,537.75
2026/05/09 02:14:40.906,74,6027,533.39
2026/05/09 02:14:41.938,77,6027,534.08
2026/05/09 02:14:42.971,72,6027,531.23
2026/05/09 02:14:44.002,75,6027,532.01
2026/05/09 02:14:45.033,76,6027,530.94
2026/05/09 02:14:46.066,75,6027,537.56
2026/05/09 02:14:47.098,73,6027,530.99
2026/05/09 02:14:48.128,74,6027,313.40
2026/05/09 02:14:49.158,75,6027,319.92
2026/05/09 02:14:50.191,76,6027,543.08
2026/05/09 02:14:51.222,76,6027,540.65
2026/05/09 02:14:52.253,75,6027,541.03
2026/05/09 02:14:53.286,76,6027,541.20
2026/05/09 02:14:54.317,76,6027,541.44
2026/05/09 02:14:55.349,76,6027,541.67
2026/05/09 02:14:56.379,75,6027,541.99
2026/05/09 02:14:57.411,76,6027,542.23
2026/05/09 02:14:58.441,73,6027,207.32
2026/05/09 02:14:59.472,74,6027,439.05
2026/05/09 02:15:00.503,75,6027,539.21
2026/05/09 02:15:01.533,75,6027,532.29
2026/05/09 02:15:02.565,75,6027,539.78
2026/05/09 02:15:03.596,73,6027,537.10
2026/05/09 02:15:04.627,73,6027,534.16
2026/05/09 02:15:05.658,75,6027,540.26
2026/05/09 02:15:06.690,74,6027,532.81
2026/05/09 02:15:07.722,75,6027,539.36
2026/05/09 02:15:08.755,62,6027,399.20
2026/05/09 02:15:09.788,62,6027,267.06
2026/05/09 02:15:10.820,88,6027,195.63
2026/05/09 02:15:11.851,74,6027,413.51
2026/05/09 02:15:12.883,72,6027,528.72
2026/05/09 02:15:13.915,66,6027,523.48
2026/05/09 02:15:14.949,68,6027,482.44
2026/05/09 02:15:15.981,68,6027,486.96
2026/05/09 02:15:17.013,66,6027,479.52
2026/05/09 02:15:18.046,63,6027,477.30
2026/05/09 02:15:19.078,70,6027,478.92
2026/05/09 02:15:20.111,64,6027,478.61
2026/05/09 02:15:21.143,60,6027,475.04
2026/05/09 02:15:22.175,76,6027,319.57
2026/05/09 02:15:23.206,63,6027,312.99
2026/05/09 02:15:24.238,71,6027,522.25
2026/05/09 02:15:25.270,75,6027,524.98
2026/05/09 02:15:26.302,71,6027,527.16
2026/05/09 02:15:27.334,66,6027,510.75
2026/05/09 02:15:28.366,63,6027,474.14
2026/05/09 02:15:29.397,63,6027,498.95
2026/05/09 02:15:30.430,58,6027,466.69
2026/05/09 02:15:31.462,56,6027,464.01
2026/05/09 02:15:32.493,65,6027,467.41
2026/05/09 02:15:33.527,0,6027,219.05
2026/05/09 02:15:34.560,74,6027,290.84
2026/05/09 02:15:35.592,66,6027,505.66
2026/05/09 02:15:36.623,59,6027,476.57
2026/05/09 02:15:37.654,70,6027,473.52
2026/05/09 02:15:38.687,63,6027,464.45
2026/05/09 02:15:39.719,65,6027,466.99
2026/05/09 02:15:40.751,58,6027,460.69
2026/05/09 02:15:41.783,51,6027,446.53
2026/05/09 02:15:42.817,58,6027,428.82
2026/05/09 02:15:43.850,50,6027,430.85
2026/05/09 02:15:44.882,51,6027,432.80
2026/05/09 02:15:45.914,87,6027,229.02
2026/05/09 02:15:46.946,64,6027,406.15
2026/05/09 02:15:47.976,65,6027,438.38
2026/05/09 02:15:49.009,56,6027,429.53
2026/05/09 02:15:50.041,53,6027,432.68
2026/05/09 02:15:51.072,54,6027,436.36
2026/05/09 02:15:52.104,51,6027,436.58
2026/05/09 02:15:53.136,53,6027,432.45
2026/05/09 02:15:54.169,54,6027,436.99
2026/05/09 02:15:55.201,56,6027,436.10
2026/05/09 02:15:56.232,58,6027,438.91
2026/05/09 02:15:57.264,58,6027,433.70
2026/05/09 02:15:58.295,81,6027,308.63
2026/05/09 02:15:59.326,52,6027,324.04
2026/05/09 02:16:00.359,63,6027,428.97
2026/05/09 02:16:01.391,53,6027,431.78
2026/05/09 02:16:02.423,60,6027,433.38
2026/05/09 02:16:03.454,63,6027,431.32
2026/05/09 02:16:04.487,50,6027,431.48
2026/05/09 02:16:05.519,54,6027,435.51
2026/05/09 02:16:06.551,58,6027,428.52
2026/05/09 02:16:07.583,53,6027,431.11
2026/05/09 02:16:08.615,52,6027,435.57
2026/05/09 02:16:09.647,60,6027,425.55
2026/05/09 02:16:10.679,52,6027,432.89
2026/05/09 02:16:11.711,78,6027,284.60
2026/05/09 02:16:12.742,58,6027,298.32
2026/05/09 02:16:13.774,51,6027,430.85
2026/05/09 02:16:14.807,58,6027,433.54
2026/05/09 02:16:15.839,58,6027,427.03
2026/05/09 02:16:16.871,56,6027,434.13
2026/05/09 02:16:17.905,62,6027,428.15
2026/05/09 02:16:18.936,52,6027,431.50
2026/05/09 02:16:19.969,63,6027,428.76
2026/05/09 02:16:21.002,51,6027,431.49
2026/05/09 02:16:22.035,63,6027,428.65
2026/05/09 02:16:23.067,50,6027,431.23
2026/05/09 02:16:24.100,58,6027,434.71
2026/05/09 02:16:25.133,65,6027,284.97
2026/05/09 02:16:26.166,66,6027,272.23
2026/05/09 02:16:27.198,72,6027,185.64
2026/05/09 02:16:28.231,61,6027,348.33
2026/05/09 02:16:29.263,50,6027,429.99
2026/05/09 02:16:30.295,53,6027,434.32
2026/05/09 02:16:31.327,58,6027,424.78
2026/05/09 02:16:32.359,50,6027,430.61
2026/05/09 02:16:33.391,60,6027,427.79
2026/05/09 02:16:34.426,53,6027,429.99
2026/05/09 02:16:35.458,52,6027,430.58
2026/05/09 02:16:36.492,62,6027,425.65
2026/05/09 02:16:37.525,50,6027,431.05
2026/05/09 02:16:38.558,62,6027,424.27
2026/05/09 02:16:39.591,78,6027,380.33
2026/05/09 02:16:40.625,71,6027,239.82
2026/05/09 02:16:41.658,57,6027,467.38
2026/05/09 02:16:42.691,53,6027,452.19
2026/05/09 02:16:43.723,58,6027,434.98
2026/05/09 02:16:44.757,25,6027,289.40
2026/05/09 02:16:45.789,73,6027,508.69
2026/05/09 02:16:46.821,74,6027,513.37
2026/05/09 02:16:47.854,75,6027,523.21
2026/05/09 02:16:48.887,75,6027,523.80
2026/05/09 02:16:49.920,75,6027,524.31
2026/05/09 02:16:50.953,74,6027,471.80
2026/05/09 02:16:51.985,73,6027,179.38
2026/05/09 02:16:53.017,71,6027,458.30
2026/05/09 02:16:54.049,65,6027,477.08
2026/05/09 02:16:55.081,60,6027,473.88
2026/05/09 02:16:56.113,59,6027,478.64
2026/05/09 02:16:57.145,65,6027,480.40
2026/05/09 02:16:58.177,70,6027,477.92
2026/05/09 02:16:59.210,58,6027,468.54
2026/05/09 02:17:00.241,59,6027,475.06
2026/05/09 02:17:01.273,67,6027,480.45
2026/05/09 02:17:02.305,60,6027,474.37
2026/05/09 02:17:03.337,73,6027,202.62
2026/05/09 02:17:04.368,73,6027,460.56
2026/05/09 02:17:05.399,73,6027,532.36
2026/05/09 02:17:06.431,75,6027,530.14
2026/05/09 02:17:07.462,72,6027,528.35
2026/05/09 02:17:08.494,72,6027,527.17
2026/05/09 02:17:09.526,70,6027,526.31
2026/05/09 02:17:10.557,73,6027,532.02
2026/05/09 02:17:11.589,74,6027,530.24
2026/05/09 02:17:12.623,74,6027,531.07
2026/05/09 02:17:13.656,70,6027,360.70
2026/05/09 02:17:14.687,75,6027,289.75
2026/05/09 02:17:15.719,74,6027,526.83
2026/05/09 02:17:16.751,75,6027,522.60
2026/05/09 02:17:17.784,70,6027,522.19
2026/05/09 02:17:18.816,71,6027,520.38
2026/05/09 02:17:19.847,69,6027,519.96
2026/05/09 02:17:20.879,75,6027,522.44
2026/05/09 02:17:21.912,75,6027,524.96
2026/05/09 02:17:22.945,72,6027,525.10
2026/05/09 02:17:23.976,72,6027,385.83
2026/05/09 02:17:25.007,72,6027,278.94
2026/05/09 02:17:26.040,72,6027,526.14
2026/05/09 02:17:27.073,71,6027,526.90
2026/05/09 02:17:28.106,72,6027,527.14
2026/05/09 02:17:29.138,73,6027,527.19
2026/05/09 02:17:30.171,75,6027,526.09
2026/05/09 02:17:31.203,70,6027,522.28
2026/05/09 02:17:32.235,70,6027,525.44
2026/05/09 02:17:33.268,71,6027,523.34
2026/05/09 02:17:34.300,63,6027,425.00
2026/05/09 02:17:35.333,61,6027,265.71
2026/05/09 02:17:36.366,82,6027,257.94
2026/05/09 02:17:37.397,71,6027,185.22
2026/05/09 02:17:38.429,71,6027,502.95
2026/05/09 02:17:39.462,75,6027,522.80
2026/05/09 02:17:40.494,70,6027,516.71
2026/05/09 02:17:41.528,71,6027,522.04
2026/05/09 02:17:42.561,58,6027,514.61
2026/05/09 02:17:43.594,53,6027,452.93
2026/05/09 02:17:44.630,24,6027,445.02
2026/05/09 02:17:45.663,54,6027,356.27
2026/05/09 02:17:46.695,67,6027,525.62
2026/05/09 02:17:47.728,62,6027,485.86
2026/05/09 02:17:48.760,73,6027,264.09
2026/05/09 02:17:49.793,58,6027,472.04
2026/05/09 02:17:50.826,70,6027,474.89
2026/05/09 02:17:51.858,61,6027,472.52
2026/05/09 02:17:52.892,69,6027,476.13
2026/05/09 02:17:53.926,60,6027,473.67
2026/05/09 02:17:54.957,65,6027,471.64
2026/05/09 02:17:55.990,63,6027,473.18
2026/05/09 02:17:57.021,62,6027,448.58
2026/05/09 02:17:58.054,58,6027,431.66
2026/05/09 02:17:59.087,51,6027,435.27
2026/05/09 02:18:00.120,68,6027,414.05
2026/05/09 02:18:01.151,58,6027,203.46
2026/05/09 02:18:02.183,54,6027,431.50
2026/05/09 02:18:03.215,54,6027,435.86
2026/05/09 02:18:04.248,63,6027,432.27
2026/05/09 02:18:05.280,52,6027,427.88
2026/05/09 02:18:06.312,56,6027,432.59
2026/05/09 02:18:07.344,52,6027,432.69
2026/05/09 02:18:08.375,63,6027,429.46
2026/05/09 02:18:09.408,51,6027,430.67
2026/05/09 02:18:10.440,53,6027,433.30
2026/05/09 02:18:11.472,59,6027,425.29
2026/05/09 02:18:12.504,51,6027,432.46
2026/05/09 02:18:13.536,76,6027,288.80
2026/05/09 02:18:14.568,63,6027,314.09
2026/05/09 02:18:15.601,52,6027,426.62
2026/05/09 02:18:16.633,53,6027,435.68
2026/05/09 02:18:17.666,59,6027,427.29
2026/05/09 02:18:18.697,51,6027,431.45
2026/05/09 02:18:19.730,55,6027,430.00
2026/05/09 02:18:20.762,61,6027,426.51
2026/05/09 02:18:21.795,59,6027,429.80
2026/05/09 02:18:22.826,50,6027,432.42
2026/05/09 02:18:23.858,58,6027,426.82
2026/05/09 02:18:24.890,56,6027,426.65
2026/05/09 02:18:25.921,71,6027,411.32
2026/05/09 02:18:26.953,54,6027,197.45
2026/05/09 02:18:27.986,54,6027,434.40
2026/05/09 02:18:29.018,63,6027,428.42
2026/05/09 02:18:30.051,51,6027,431.25
2026/05/09 02:18:31.083,62,6027,429.78
2026/05/09 02:18:32.114,52,6027,424.60
2026/05/09 02:18:33.147,59,6027,430.00
2026/05/09 02:18:34.179,54,6027,426.89
2026/05/09 02:18:35.212,55,6027,435.28
2026/05/09 02:18:36.243,58,6027,426.60
2026/05/09 02:18:37.276,51,6027,431.18
2026/05/09 02:18:38.308,57,6027,431.15
2026/05/09 02:18:39.339,67,6027,301.43
2026/05/09 02:18:40.370,54,6027,309.87
2026/05/09 02:18:41.402,54,6027,430.65
2026/05/09 02:18:42.434,59,6027,424.90
2026/05/09 02:18:43.467,50,6027,430.50
2026/05/09 02:18:44.500,58,6027,425.30
2026/05/09 02:18:45.532,50,6027,428.45
2026/05/09 02:18:46.564,58,6027,428.92
2026/05/09 02:18:47.596,50,6027,428.39
2026/05/09 02:18:48.629,57,6027,428.12
2026/05/09 02:18:49.659,50,6027,428.11
2026/05/09 02:18:50.693,59,6027,430.15
2026/05/09 02:18:51.725,61,6027,431.33
2026/05/09 02:18:52.761,53,6027,344.81
2026/05/09 02:18:53.797,71,6027,262.41
2026/05/09 02:18:54.830,77,6027,235.85
2026/05/09 02:18:55.862,64,6027,259.89
2026/05/09 02:18:56.894,59,6027,472.88
2026/05/09 02:18:57.929,66,6027,478.76
2026/05/09 02:18:58.961,68,6027,476.00
2026/05/09 02:18:59.995,58,6027,472.22
2026/05/09 02:19:01.028,63,6027,478.79
2026/05/09 02:19:02.061,72,6027,477.23
2026/05/09 02:19:03.094,58,6027,469.91
2026/05/09 02:19:04.127,70,6027,468.35
2026/05/09 02:19:05.160,61,6027,471.86
2026/05/09 02:19:06.192,68,6027,472.24
2026/05/09 02:19:07.225,72,6027,276.23
2026/05/09 02:19:08.258,60,6027,344.83
2026/05/09 02:19:09.291,57,6027,466.81
2026/05/09 02:19:10.323,53,6027,430.24
2026/05/09 02:19:11.354,63,6027,427.66
2026/05/09 02:19:12.386,50,6029,430.91
2026/05/09 02:19:13.416,62,6029,432.01
2026/05/09 02:19:14.449,56,6028,424.18
2026/05/09 02:19:15.480,52,6028,430.98
2026/05/09 02:19:16.511,63,6028,427.59
2026/05/09 02:19:17.542,50,6027,431.03
2026/05/09 02:19:18.573,60,6027,433.44
2026/05/09 02:19:19.604,77,6027,367.09
2026/05/09 02:19:20.634,51,6029,235.57
2026/05/09 02:19:21.666,64,6028,425.44
2026/05/09 02:19:22.698,51,6028,430.88
2026/05/09 02:19:23.730,57,6028,430.79
2026/05/09 02:19:24.762,58,6028,434.73
2026/05/09 02:19:25.794,58,6027,434.61
2026/05/09 02:19:26.826,62,6027,431.19
2026/05/09 02:19:27.857,50,6027,431.00
2026/05/09 02:19:28.890,60,6027,429.39
2026/05/09 02:19:29.922,58,6027,425.06
2026/05/09 02:19:30.955,50,6027,431.23
2026/05/09 02:19:31.987,59,6027,430.89
2026/05/09 02:19:33.020,67,6027,252.35
2026/05/09 02:19:34.052,51,6027,346.55
2026/05/09 02:19:35.086,62,6027,424.37
2026/05/09 02:19:36.118,51,6027,430.56
2026/05/09 02:19:37.151,63,6027,429.23
2026/05/09 02:19:38.184,50,6027,424.92
2026/05/09 02:19:39.217,63,6027,430.84
2026/05/09 02:19:40.249,52,6027,428.98
2026/05/09 02:19:41.282,58,6027,433.42
2026/05/09 02:19:42.316,57,6027,420.93
2026/05/09 02:19:43.348,52,6027,434.46
2026/05/09 02:19:44.381,58,6027,423.06
2026/05/09 02:19:45.414,82,6027,388.56
2026/05/09 02:19:46.446,63,6027,199.09
2026/05/09 02:19:47.479,56,6027,455.04
2026/05/09 02:19:48.512,56,6027,449.02
2026/05/09 02:19:49.544,60,6027,426.14
2026/05/09 02:19:50.576,56,6027,430.53
2026/05/09 02:19:51.609,59,6027,421.76
2026/05/09 02:19:52.640,57,6027,432.63
2026/05/09 02:19:53.672,60,6027,427.48
2026/05/09 02:19:54.704,55,6027,431.08
2026/05/09 02:19:55.736,60,6027,426.04
2026/05/09 02:19:56.768,55,6027,430.99
2026/05/09 02:19:57.801,58,6027,428.30
2026/05/09 02:19:58.834,87,6027,275.89
2026/05/09 02:19:59.866,58,6027,352.85
2026/05/09 02:20:00.898,64,6027,442.16
2026/05/09 02:20:01.930,63,6027,438.34
2026/05/09 02:20:02.962,52,6027,426.88
2026/05/09 02:20:03.996,24,6027,391.68
2026/05/09 02:20:05.033,64,6027,356.57
2026/05/09 02:20:06.066,73,6027,532.86
2026/05/09 02:20:07.099,71,6027,529.19
2026/05/09 02:20:08.132,74,6027,530.21
2026/05/09 02:20:09.163,73,6027,530.02
2026/05/09 02:20:10.195,75,6027,533.81
2026/05/09 02:20:11.229,62,6027,266.52
2026/05/09 02:20:12.263,63,6027,263.86
2026/05/09 02:20:13.294,72,6027,189.42
2026/05/09 02:20:14.327,74,6027,525.52
2026/05/09 02:20:15.359,70,6027,527.54
2026/05/09 02:20:16.392,74,6027,523.56
2026/05/09 02:20:17.425,71,6027,523.39
2026/05/09 02:20:18.457,72,6027,520.45
2026/05/09 02:20:19.489,70,6027,522.01
2026/05/09 02:20:20.522,68,6027,491.71
2026/05/09 02:20:21.555,55,6027,453.43
2026/05/09 02:20:22.587,60,6027,453.01
2026/05/09 02:20:23.619,72,6027,404.89
2026/05/09 02:20:24.651,63,6027,176.47
2026/05/09 02:20:25.683,73,6027,473.60
2026/05/09 02:20:26.715,63,6027,483.52
2026/05/09 02:20:27.747,60,6027,491.43
2026/05/09 02:20:28.779,69,6027,488.01
2026/05/09 02:20:29.810,71,6027,493.00
2026/05/09 02:20:30.842,65,6027,490.69
2026/05/09 02:20:31.874,56,6027,490.34
2026/05/09 02:20:32.906,74,6027,495.10
2026/05/09 02:20:33.938,67,6027,491.39
2026/05/09 02:20:34.971,73,6027,381.02
2026/05/09 02:20:36.001,58,6027,225.05
2026/05/09 02:20:37.033,62,6027,467.88
2026/05/09 02:20:38.065,64,6027,466.58
2026/05/09 02:20:39.097,60,6027,432.37
2026/05/09 02:20:40.129,58,6027,431.74
2026/05/09 02:20:41.161,57,6027,435.53
2026/05/09 02:20:42.193,53,6027,435.29
2026/05/09 02:20:43.227,51,6027,432.08
2026/05/09 02:20:44.259,50,6027,435.54
2026/05/09 02:20:45.291,51,6027,431.86
2026/05/09 02:20:46.324,56,6027,430.26
2026/05/09 02:20:47.356,60,6027,424.30
2026/05/09 02:20:48.387,72,6027,182.29
2026/05/09 02:20:49.418,61,6027,432.22
2026/05/09 02:20:50.451,62,6027,430.73
2026/05/09 02:20:51.484,51,6027,431.39
2026/05/09 02:20:52.516,61,6027,424.58
2026/05/09 02:20:53.549,54,6027,431.06
2026/05/09 02:20:54.581,63,6027,424.41
2026/05/09 02:20:55.613,50,6027,431.52
2026/05/09 02:20:56.645,60,6027,433.33
2026/05/09 02:20:57.677,59,6027,423.18
2026/05/09 02:20:58.709,51,6027,431.14
2026/05/09 02:20:59.740,54,6027,420.80
2026/05/09 02:21:00.774,58,6027,429.71
2026/05/09 02:21:01.805,64,6027,247.86
2026/05/09 02:21:02.836,58,6027,429.92
2026/05/09 02:21:03.870,50,6027,433.72
2026/05/09 02:21:04.902,58,6027,423.70
2026/05/09 02:21:05.935,50,6027,432.15
2026/05/09 02:21:06.967,58,6027,424.59
2026/05/09 02:21:08.000,50,6027,430.14
2026/05/09 02:21:09.034,58,6027,426.77
2026/05/09 02:21:10.067,55,6027,429.67
2026/05/09 02:21:11.101,25,6027,405.08
2026/05/09 02:21:12.135,52,6027,339.60
2026/05/09 02:21:13.168,65,6027,497.92
2026/05/09 02:21:14.200,68,6027,380.55
2026/05/09 02:21:15.231,65,6027,204.72
2026/05/09 02:21:16.263,64,6027,457.79
2026/05/09 02:21:17.295,60,6027,459.56
2026/05/09 02:21:18.327,69,6027,453.91
2026/05/09 02:21:19.359,63,6027,455.29
2026/05/09 02:21:20.391,62,6027,458.14
2026/05/09 02:21:21.424,57,6027,461.27
2026/05/09 02:21:22.456,66,6027,455.61
2026/05/09 02:21:23.488,68,6027,456.34
2026/05/09 02:21:24.521,52,6027,457.80
2026/05/09 02:21:25.553,66,6027,463.06
2026/05/09 02:21:26.585,62,6027,362.98
2026/05/09 02:21:27.619,60,6027,259.29
2026/05/09 02:21:28.651,68,6027,234.50
2026/05/09 02:21:29.682,68,6027,201.86
2026/05/09 02:21:30.714,67,6027,477.64
2026/05/09 02:21:31.744,75,6027,510.34
2026/05/09 02:21:32.776,75,6027,537.90
2026/05/09 02:21:33.809,73,6027,529.13
2026/05/09 02:21:34.842,73,6027,527.41
2026/05/09 02:21:35.874,75,6027,529.78
2026/05/09 02:21:36.907,71,6027,526.10
2026/05/09 02:21:37.940,73,6027,524.45
2026/05/09 02:21:38.973,73,6027,458.59
2026/05/09 02:21:40.004,72,6027,177.24
2026/05/09 02:21:41.036,73,6027,523.07
2026/05/09 02:21:42.069,71,6027,513.67
2026/05/09 02:21:43.101,73,6027,519.82
2026/05/09 02:21:44.134,69,6027,513.64
2026/05/09 02:21:45.166,74,6027,517.68
2026/05/09 02:21:46.197,68,6027,513.73
2026/05/09 02:21:47.229,70,6027,516.20
2026/05/09 02:21:48.261,75,6027,518.59
2026/05/09 02:21:49.294,70,6027,514.66
2026/05/09 02:21:50.326,73,6027,175.39
2026/05/09 02:21:51.358,70,6027,437.62
2026/05/09 02:21:52.390,73,6027,520.38
2026/05/09 02:21:53.422,70,6027,514.19
2026/05/09 02:21:54.455,75,6027,521.37
2026/05/09 02:21:55.487,69,6027,517.24
2026/05/09 02:21:56.520,75,6027,522.27
2026/05/09 02:21:57.553,69,6027,512.35
2026/05/09 02:21:58.585,70,6027,495.42
2026/05/09 02:21:59.617,58,6027,470.73
2026/05/09 02:22:00.650,67,6027,468.51
2026/05/09 02:22:01.682,76,6027,188.96
2026/05/09 02:22:02.713,72,6027,460.18
2026/05/09 02:22:03.745,69,6027,476.78
2026/05/09 02:22:04.777,62,6027,476.92
2026/05/09 02:22:05.810,58,6027,476.08
2026/05/09 02:22:06.842,65,6027,480.27
2026/05/09 02:22:07.875,71,6027,479.56
2026/05/09 02:22:08.907,61,6027,474.30
2026/05/09 02:22:09.938,59,6027,479.09
2026/05/09 02:22:10.971,57,6027,469.00
2026/05/09 02:22:12.002,50,6027,433.62
2026/05/09 02:22:13.036,73,6027,232.62
2026/05/09 02:22:14.069,82,6027,252.90
2026/05/09 02:22:15.101,75,6027,506.19
2026/05/09 02:22:16.133,70,6027,512.98
2026/05/09 02:22:17.166,62,6027,481.03
2026/05/09 02:22:18.198,60,6027,471.14
2026/05/09 02:22:19.232,70,6027,475.61
2026/05/09 02:22:20.264,57,6027,472.79
2026/05/09 02:22:21.296,72,6027,475.89
2026/05/09 02:22:22.329,64,6027,473.34
2026/05/09 02:22:23.361,62,6027,473.50
2026/05/09 02:22:24.394,87,6027,362.09
2026/05/09 02:22:25.428,51,6027,268.73
2026/05/09 02:22:26.460,60,6027,467.60
2026/05/09 02:22:27.492,68,6027,465.80
2026/05/09 02:22:28.525,66,6027,471.78
2026/05/09 02:22:29.557,72,6027,482.27
2026/05/09 02:22:30.590,75,6027,524.66
2026/05/09 02:22:31.623,71,6027,518.90
2026/05/09 02:22:32.654,70,6027,523.37
2026/05/09 02:22:33.688,72,6027,520.12
2026/05/09 02:22:34.721,73,6027,526.88
2026/05/09 02:22:35.754,63,6027,428.85
2026/05/09 02:22:36.788,62,6027,262.91
2026/05/09 02:22:37.822,72,6027,207.30
2026/05/09 02:22:38.854,75,6027,333.81
2026/05/09 02:22:39.886,63,6027,476.94
2026/05/09 02:22:40.919,55,6027,456.71
2026/05/09 02:22:41.951,56,6027,451.76
2026/05/09 02:22:42.982,59,6027,465.68
2026/05/09 02:22:44.013,67,6027,459.85
2026/05/09 02:22:45.045,56,6027,458.86
2026/05/09 02:22:46.076,68,6027,461.89
2026/05/09 02:22:47.110,55,6027,454.79
2026/05/09 02:22:48.142,63,6027,452.17
2026/05/09 02:22:49.175,69,6027,453.95
2026/05/09 02:22:50.208,79,6027,330.10
2026/05/09 02:22:51.240,65,6027,306.67
2026/05/09 02:22:52.273,64,6027,471.13
2026/05/09 02:22:53.306,62,6027,468.32
2026/05/09 02:22:54.340,66,6027,469.37
2026/05/09 02:22:55.373,66,6027,473.59
2026/05/09 02:22:56.406,56,6027,471.31
2026/05/09 02:22:57.439,70,6027,473.73
2026/05/09 02:22:58.473,60,6027,471.93
2026/05/09 02:22:59.505,59,6027,468.90
2026/05/09 02:23:00.537,69,6019,472.04
2026/05/09 02:23:01.570,82,6019,401.00
2026/05/09 02:23:02.603,61,6019,250.44
2026/05/09 02:23:03.636,72,6019,476.65
2026/05/09 02:23:04.669,57,6019,470.53
2026/05/09 02:23:05.701,69,6019,474.25
2026/05/09 02:23:06.735,56,6019,468.32
2026/05/09 02:23:07.768,69,6019,473.86
2026/05/09 02:23:08.801,58,6019,468.66
2026/05/09 02:23:09.835,71,6019,474.68
2026/05/09 02:23:10.868,69,6019,516.70
2026/05/09 02:23:11.899,68,6019,514.89
2026/05/09 02:23:12.932,87,6019,388.72
2026/05/09 02:23:13.964,62,6019,280.68
2026/05/09 02:23:14.996,58,6019,472.41
2026/05/09 02:23:16.029,70,6019,474.44
2026/05/09 02:23:17.061,57,6019,472.63
2026/05/09 02:23:18.095,79,6019,318.52
2026/05/09 02:23:19.126,69,6019,517.71
2026/05/09 02:23:20.158,75,6019,523.13
2026/05/09 02:23:21.191,70,6019,518.53
2026/05/09 02:23:22.224,71,6019,523.81
2026/05/09 02:23:23.256,72,6019,522.24
2026/05/09 02:23:24.289,73,6019,516.65
2026/05/09 02:23:25.321,75,6019,297.62
2026/05/09 02:23:26.353,74,6019,535.71
2026/05/09 02:23:27.385,73,6019,533.15
2026/05/09 02:23:28.417,76,6019,535.66
2026/05/09 02:23:29.450,74,6019,535.43
2026/05/09 02:23:30.482,75,6019,537.70
2026/05/09 02:23:31.514,73,6019,532.23
2026/05/09 02:23:32.547,73,6019,535.57
2026/05/09 02:23:33.578,73,6019,527.88
2026/05/09 02:23:34.610,75,6019,472.47
2026/05/09 02:23:35.641,58,6019,205.03
2026/05/09 02:23:36.673,59,6019,480.95
2026/05/09 02:23:37.706,64,6019,481.58
2026/05/09 02:23:38.739,60,6019,469.03
2026/05/09 02:23:39.773,68,6019,473.82
2026/05/09 02:23:40.806,74,6019,498.61
2026/05/09 02:23:41.837,75,6019,527.59
2026/05/09 02:23:42.870,72,6019,527.88
2026/05/09 02:23:43.902,74,6019,530.59
2026/05/09 02:23:44.934,72,6019,531.12
2026/05/09 02:23:45.967,61,6019,351.56
2026/05/09 02:23:46.999,67,6019,268.19
2026/05/09 02:23:48.032,74,6019,221.02
2026/05/09 02:23:49.063,71,6019,295.21
2026/05/09 02:23:50.095,64,6019,476.61
2026/05/09 02:23:51.128,58,6019,475.77
2026/05/09 02:23:52.160,60,6019,475.98
2026/05/09 02:23:53.192,70,6019,479.28
2026/05/09 02:23:54.223,67,6019,478.24
2026/05/09 02:23:55.255,58,6019,473.63
2026/05/09 02:23:56.288,70,6019,470.68
2026/05/09 02:23:57.320,51,6019,432.85
2026/05/09 02:23:58.353,58,6019,435.68
2026/05/09 02:23:59.385,63,6019,436.70
2026/05/09 02:24:00.417,79,6019,201.17
2026/05/09 02:24:01.450,52,6019,388.97
2026/05/09 02:24:02.483,62,6019,424.42
2026/05/09 02:24:03.517,50,6019,431.28
2026/05/09 02:24:04.549,63,6019,424.59
2026/05/09 02:24:05.581,50,6019,429.94
2026/05/09 02:24:06.615,63,6019,425.01
2026/05/09 02:24:07.648,50,6019,431.11
2026/05/09 02:24:08.681,62,6019,427.12
2026/05/09 02:24:09.713,53,6019,425.02
2026/05/09 02:24:10.745,61,6019,431.17
2026/05/09 02:24:11.777,59,6019,429.20
2026/05/09 02:24:12.810,50,6019,430.30
2026/05/09 02:24:13.842,65,6019,254.57
2026/05/09 02:24:14.874,50,6019,442.86
2026/05/09 02:24:15.905,51,6019,432.60
2026/05/09 02:24:16.937,52,6019,434.36
2026/05/09 02:24:17.969,54,6019,434.09
2026/05/09 02:24:19.001,63,6019,433.93
2026/05/09 02:24:20.034,60,6019,425.29
2026/05/09 02:24:21.065,51,6019,430.76
2026/05/09 02:24:22.099,50,6019,434.69
2026/05/09 02:24:23.131,77,6019,339.23
2026/05/09 02:24:24.163,64,6019,516.47
2026/05/09 02:24:25.194,70,6019,471.66
2026/05/09 02:24:26.224,73,6019,323.39
2026/05/09 02:24:27.257,75,6019,324.17
2026/05/09 02:24:28.289,76,6019,537.02
2026/05/09 02:24:29.320,74,6019,535.63
2026/05/09 02:24:30.352,74,6019,538.47
2026/05/09 02:24:31.384,76,6019,537.91
2026/05/09 02:24:32.414,75,6019,539.39
2026/05/09 02:24:33.445,75,6019,539.55
2026/05/09 02:24:34.477,74,6019,536.94
2026/05/09 02:24:35.508,75,6019,539.34
2026/05/09 02:24:36.540,77,6019,205.68
2026/05/09 02:24:37.571,74,6019,429.26
2026/05/09 02:24:38.603,75,6019,536.35
2026/05/09 02:24:39.634,74,6019,537.78
2026/05/09 02:24:40.666,75,6019,537.39
2026/05/09 02:24:41.697,75,6019,540.27
2026/05/09 02:24:42.729,75,6019,539.78
2026/05/09 02:24:43.760,74,6019,539.18
2026/05/09 02:24:44.793,74,6019,538.20
2026/05/09 02:24:45.825,74,6019,472.96
2026/05/09 02:24:46.855,74,6019,202.72
2026/05/09 02:24:47.886,74,6019,537.51
2026/05/09 02:24:48.918,74,6019,535.47
2026/05/09 02:24:49.949,73,6019,529.83
2026/05/09 02:24:50.981,73,6019,528.54
2026/05/09 02:24:52.012,75,6019,533.30
2026/05/09 02:24:53.044,75,6019,527.42
2026/05/09 02:24:54.075,75,6019,526.82
2026/05/09 02:24:55.107,58,6019,500.55
2026/05/09 02:24:56.139,64,6019,481.24
2026/05/09 02:24:57.172,65,6019,348.13
2026/05/09 02:24:58.205,63,6019,265.35
2026/05/09 02:24:59.237,72,6019,234.65
2026/05/09 02:25:00.269,61,6019,255.18
2026/05/09 02:25:01.302,59,6019,473.60
2026/05/09 02:25:02.335,56,6019,472.43
2026/05/09 02:25:03.368,64,6019,469.68
2026/05/09 02:25:04.401,74,6019,517.68
2026/05/09 02:25:05.433,73,6019,523.06
2026/05/09 02:25:06.465,70,6019,518.43
2026/05/09 02:25:07.497,69,6019,522.52
2026/05/09 02:25:08.530,74,6019,523.12
2026/05/09 02:25:09.563,58,6019,499.39
2026/05/09 02:25:10.595,69,6019,253.64
2026/05/09 02:25:11.626,71,6019,417.84
2026/05/09 02:25:12.659,71,6019,522.89
2026/05/09 02:25:13.692,69,6019,520.95
2026/05/09 02:25:14.723,75,6019,523.36
2026/05/09 02:25:15.755,73,6019,520.92
2026/05/09 02:25:16.787,72,6019,523.76
2026/05/09 02:25:17.819,60,6019,477.64
2026/05/09 02:25:18.850,64,6019,480.20
2026/05/09 02:25:19.884,59,6019,468.57
2026/05/09 02:25:20.917,87,6019,376.21
2026/05/09 02:25:21.950,73,6019,148.52
2026/05/09 02:25:22.983,69,6019,476.75
2026/05/09 02:25:24.015,55,6019,477.39
2026/05/09 02:25:25.046,70,6019,459.92
2026/05/09 02:25:26.079,62,6019,459.72
2026/05/09 02:25:27.111,72,6019,495.94
2026/05/09 02:25:28.142,75,6019,526.46
2026/05/09 02:25:29.175,73,6019,520.95
2026/05/09 02:25:30.207,70,6019,517.88
2026/05/09 02:25:31.239,71,6019,523.18
2026/05/09 02:25:32.271,75,6019,523.08
2026/05/09 02:25:33.302,73,6019,183.59
2026/05/09 02:25:34.335,75,6019,538.89
2026/05/09 02:25:35.367,77,6019,541.85
2026/05/09 02:25:36.398,75,6019,540.90
2026/05/09 02:25:37.431,76,6019,544.05
2026/05/09 02:25:38.463,73,6019,539.78
2026/05/09 02:25:39.495,75,6019,535.90
2026/05/09 02:25:40.527,75,6019,535.20
2026/05/09 02:25:41.558,76,6019,539.52
2026/05/09 02:25:42.591,69,6019,474.43
2026/05/09 02:25:43.622,73,6019,191.73
2026/05/09 02:25:44.654,75,6019,518.50
2026/05/09 02:25:45.686,75,6019,540.79
2026/05/09 02:25:46.717,75,6019,540.70
2026/05/09 02:25:47.749,74,6019,541.05
2026/05/09 02:25:48.780,74,6019,539.34
2026/05/09 02:25:49.812,75,6019,542.07
2026/05/09 02:25:50.842,75,6019,539.75
2026/05/09 02:25:51.874,74,6019,537.27
2026/05/09 02:25:52.905,72,6019,376.20
2026/05/09 02:25:53.936,62,6019,255.74
2026/05/09 02:25:54.969,72,6019,529.96
2026/05/09 02:25:56.001,75,6019,532.88
2026/05/09 02:25:57.033,75,6019,529.18
2026/05/09 02:25:58.064,72,6019,527.96
2026/05/09 02:25:59.094,75,6019,530.69
2026/05/09 02:26:00.126,74,6019,534.01
2026/05/09 02:26:01.157,73,6019,531.19
2026/05/09 02:26:02.189,75,6019,527.77
2026/05/09 02:26:03.220,61,6019,513.25
2026/05/09 02:26:04.253,67,6019,312.18
2026/05/09 02:26:05.287,66,6019,277.44
2026/05/09 02:26:06.318,71,6019,238.63
2026/05/09 02:26:07.349,72,6019,524.20
2026/05/09 02:26:08.381,72,6019,526.17
2026/05/09 02:26:09.413,74,6019,531.28
2026/05/09 02:26:10.444,72,6019,526.76
2026/05/09 02:26:11.476,72,6019,531.16
2026/05/09 02:26:12.508,74,6019,529.54
2026/05/09 02:26:13.540,75,6019,536.74
2026/05/09 02:26:14.571,72,6019,528.22
2026/05/09 02:26:15.603,75,6019,529.02
2026/05/09 02:26:16.634,74,6019,233.49
2026/05/09 02:26:17.666,71,6019,421.97
2026/05/09 02:26:18.698,70,6019,506.78
2026/05/09 02:26:19.731,70,6019,503.10
2026/05/09 02:26:20.765,50,6019,355.87
2026/05/09 02:26:21.797,78,6019,499.30
2026/05/09 02:26:22.829,74,6019,526.21
2026/05/09 02:26:23.861,73,6019,530.35
2026/05/09 02:26:24.893,71,6019,525.49
2026/05/09 02:26:25.924,72,6019,523.40
2026/05/09 02:26:26.956,68,6019,438.61
2026/05/09 02:26:27.987,73,6019,200.45
2026/05/09 02:26:29.020,73,6019,527.85
2026/05/09 02:26:30.052,71,6019,522.67
2026/05/09 02:26:31.083,71,6019,524.38
2026/05/09 02:26:32.115,75,6019,524.92
2026/05/09 02:26:33.147,74,6019,521.97
2026/05/09 02:26:34.180,73,6019,522.69
2026/05/09 02:26:35.213,70,6019,519.66
2026/05/09 02:26:36.245,72,6019,525.35
2026/05/09 02:26:37.277,74,6019,523.56
2026/05/09 02:26:38.309,74,6019,283.46
2026/05/09 02:26:39.342,71,6019,497.10
2026/05/09 02:26:40.375,71,6019,517.40
2026/05/09 02:26:41.408,71,6019,526.74
2026/05/09 02:26:42.439,73,6019,525.79
2026/05/09 02:26:43.470,62,6019,488.23
2026/05/09 02:26:44.502,65,6019,478.50
2026/05/09 02:26:45.536,62,6019,469.74
2026/05/09 02:26:46.567,65,6019,473.88
2026/05/09 02:26:47.598,72,6019,481.62
2026/05/09 02:26:48.631,58,6019,470.98
2026/05/09 02:26:49.663,80,6019,217.69
2026/05/09 02:26:50.695,59,6019,432.08
2026/05/09 02:26:51.727,69,6019,472.72
2026/05/09 02:26:52.760,57,6019,468.09
2026/05/09 02:26:53.792,69,6019,473.02
2026/05/09 02:26:54.825,70,6019,473.78
2026/05/09 02:26:55.857,60,6019,472.22
2026/05/09 02:26:56.890,62,6019,469.05
2026/05/09 02:26:57.922,69,6019,470.40
2026/05/09 02:26:58.954,56,6019,467.92
2026/05/09 02:26:59.986,66,6019,470.00
2026/05/09 02:27:01.018,87,6019,277.55
2026/05/09 02:27:02.051,68,6019,359.85
2026/05/09 02:27:03.083,60,6019,472.84
2026/05/09 02:27:04.115,67,6019,471.18
2026/05/09 02:27:05.148,62,6019,471.46
2026/05/09 02:27:06.180,63,6019,469.33
2026/05/09 02:27:07.213,66,6019,471.55
2026/05/09 02:27:08.247,58,6019,471.17
2026/05/09 02:27:09.279,70,6019,476.41
2026/05/09 02:27:10.312,56,6019,469.09
2026/05/09 02:27:11.345,58,6019,466.95
2026/05/09 02:27:12.377,70,6019,381.53
2026/05/09 02:27:13.409,63,6019,272.90
2026/05/09 02:27:14.442,87,6019,237.06
2026/05/09 02:27:15.473,70,6019,263.41
2026/05/09 02:27:16.505,71,6019,474.54
2026/05/09 02:27:17.538,58,6019,471.12
2026/05/09 02:27:18.570,67,6019,476.60
2026/05/09 02:27:19.602,65,6019,469.95
2026/05/09 02:27:20.635,61,6019,470.62
2026/05/09 02:27:21.668,64,6019,469.07
2026/05/09 02:27:22.700,66,6019,470.48
2026/05/09 02:27:23.735,0,6019,404.86
2026/05/09 02:27:24.768,76,6019,406.05
2026/05/09 02:27:25.801,63,6019,512.40
2026/05/09 02:27:26.834,72,6019,214.71
2026/05/09 02:27:27.866,70,6019,404.10
2026/05/09 02:27:28.900,58,6019,469.96
2026/05/09 02:27:29.931,68,6019,471.13
2026/05/09 02:27:30.963,71,6019,469.45
2026/05/09 02:27:31.995,58,6019,465.41
2026/05/09 02:27:33.026,53,6019,462.79
2026/05/09 02:27:34.058,57,6019,464.75
2026/05/09 02:27:35.090,72,6019,469.03
2026/05/09 02:27:36.121,65,6019,471.14
2026/05/09 02:27:37.154,62,6019,459.93
2026/05/09 02:27:38.186,71,6019,465.27
2026/05/09 02:27:39.218,73,6019,169.97
2026/05/09 02:27:40.250,58,6019,430.24
2026/05/09 02:27:41.282,54,6019,463.18
2026/05/09 02:27:42.316,72,6019,497.28
2026/05/09 02:27:43.349,73,6019,528.50
2026/05/09 02:27:44.382,74,6019,530.19
2026/05/09 02:27:45.414,74,6019,526.51
2026/05/09 02:27:46.445,72,6019,524.72
2026/05/09 02:27:47.477,74,6019,532.80
2026/05/09 02:27:48.509,75,6019,528.55
2026/05/09 02:27:49.540,73,6019,279.84
2026/05/09 02:27:50.571,62,6019,357.35
2026/05/09 02:27:51.603,75,6019,507.69
2026/05/09 02:27:52.636,74,6019,522.55
2026/05/09 02:27:53.668,71,6019,516.38
2026/05/09 02:27:54.702,72,6019,520.72
2026/05/09 02:27:55.734,75,6019,524.21
2026/05/09 02:27:56.767,74,6019,522.81
2026/05/09 02:27:57.800,72,6019,523.09
2026/05/09 02:27:58.833,72,6019,518.58
2026/05/09 02:27:59.866,68,6019,339.17
2026/05/09 02:28:00.898,69,6019,324.32
2026/05/09 02:28:01.930,58,6019,471.89
2026/05/09 02:28:02.963,70,6019,476.23
2026/05/09 02:28:03.996,57,6019,469.52
2026/05/09 02:28:05.030,70,6019,474.08
2026/05/09 02:28:06.064,59,6019,472.95
2026/05/09 02:28:07.097,66,6019,473.42
2026/05/09 02:28:08.130,64,6019,475.00
2026/05/09 02:28:09.162,60,6019,468.12
2026/05/09 02:28:10.195,71,6019,475.36
2026/05/09 02:28:11.227,58,6019,472.54
2026/05/09 02:28:12.259,81,6019,235.84
2026/05/09 02:28:13.293,57,6019,396.65
2026/05/09 02:28:14.325,68,6019,478.04
2026/05/09 02:28:15.358,57,6019,472.65
2026/05/09 02:28:16.391,70,6019,473.43
2026/05/09 02:28:17.424,58,6019,472.53
2026/05/09 02:28:18.456,69,6019,472.88
2026/05/09 02:28:19.490,58,6019,472.32
2026/05/09 02:28:20.523,71,6019,473.73
2026/05/09 02:28:21.557,58,6019,472.23
2026/05/09 02:28:22.591,68,6019,472.46
2026/05/09 02:28:23.627,70,6019,332.24
2026/05/09 02:28:24.661,59,6019,204.35
2026/05/09 02:28:25.694,77,6019,259.63
2026/05/09 02:28:26.726,71,6019,191.76
2026/05/09 02:28:27.758,65,6019,454.56
2026/05/09 02:28:28.791,65,6019,439.58
2026/05/09 02:28:29.823,60,6019,433.28
2026/05/09 02:28:30.857,50,6019,432.13
2026/05/09 02:28:31.890,50,6019,435.28
2026/05/09 02:28:32.922,56,6019,431.73
2026/05/09 02:28:33.955,63,6019,431.64
2026/05/09 02:28:34.987,60,6019,433.80
2026/05/09 02:28:36.018,57,6019,429.84
2026/05/09 02:28:37.050,52,6019,431.23
2026/05/09 02:28:38.082,54,6019,435.27
2026/05/09 02:28:39.113,70,6019,241.54
2026/05/09 02:28:40.145,50,6019,348.18
2026/05/09 02:28:41.179,53,6019,434.42
2026/05/09 02:28:42.213,63,6019,430.88
2026/05/09 02:28:43.246,58,6019,427.05
2026/05/09 02:28:44.279,57,6019,457.61
2026/05/09 02:28:45.310,71,6019,474.80
2026/05/09 02:28:46.342,67,6019,474.90
2026/05/09 02:28:47.376,57,6019,471.29
2026/05/09 02:28:48.409,71,6019,474.14
2026/05/09 02:28:49.442,58,6019,471.62
2026/05/09 02:28:50.475,74,6019,431.76
2026/05/09 02:28:51.507,72,6019,215.02
2026/05/09 02:28:52.541,57,6019,470.31
2026/05/09 02:28:53.574,63,6019,467.85
2026/05/09 02:28:54.607,67,6019,473.94
2026/05/09 02:28:55.640,72,6019,484.49
2026/05/09 02:28:56.672,73,6019,525.17
2026/05/09 02:28:57.705,75,6019,524.29
2026/05/09 02:28:58.738,75,6019,524.86
2026/05/09 02:28:59.771,74,6019,524.57
2026/05/09 02:29:00.806,71,6019,517.58
2026/05/09 02:29:01.839,71,6019,256.64
2026/05/09 02:29:02.872,74,6019,377.65
2026/05/09 02:29:03.904,75,6019,526.42
2026/05/09 02:29:04.936,75,6019,522.40
2026/05/09 02:29:05.968,70,6019,520.93
2026/05/09 02:29:07.001,71,6019,522.33
2026/05/09 02:29:08.033,69,6019,521.04
2026/05/09 02:29:09.065,72,6019,525.22
2026/05/09 02:29:10.096,75,6019,524.37
2026/05/09 02:29:11.128,70,6019,517.93
2026/05/09 02:29:12.159,73,6019,455.09
2026/05/09 02:29:13.191,63,6019,190.65
2026/05/09 02:29:14.223,70,6019,466.86
2026/05/09 02:29:15.257,61,6019,472.68
2026/05/09 02:29:16.291,58,6019,467.52
2026/05/09 02:29:17.323,71,6019,470.68
2026/05/09 02:29:18.357,70,6019,475.93
2026/05/09 02:29:19.391,57,6019,473.23
2026/05/09 02:29:20.424,63,6019,470.17
2026/05/09 02:29:21.457,68,6019,475.75
2026/05/09 02:29:22.488,57,6019,473.08
2026/05/09 02:29:23.521,61,6019,468.82
2026/05/09 02:29:24.554,87,6019,241.12
2026/05/09 02:29:25.586,60,6019,409.60
2026/05/09 02:29:26.619,65,6019,478.54
2026/05/09 02:29:27.652,62,6019,469.99
2026/05/09 02:29:28.684,66,6019,473.25
2026/05/09 02:29:29.716,67,6019,321.57
2026/05/09 02:29:30.748,75,6019,513.23
2026/05/09 02:29:31.779,73,6019,512.25
2026/05/09 02:29:32.812,72,6019,525.43
2026/05/09 02:29:33.845,70,6019,518.53
2026/05/09 02:29:34.878,73,6019,525.01
2026/05/09 02:29:35.915,60,6019,303.45
2026/05/09 02:29:36.949,63,6019,264.56
2026/05/09 02:29:37.983,78,6019,206.75
2026/05/09 02:29:39.014,75,6019,343.59
2026/05/09 02:29:40.046,75,6019,525.03
2026/05/09 02:29:41.078,72,6019,524.34
2026/05/09 02:29:42.112,73,6019,524.71
2026/05/09 02:29:43.144,74,6019,522.24
2026/05/09 02:29:44.177,75,6019,527.24
2026/05/09 02:29:45.209,73,6019,522.75
2026/05/09 02:29:46.240,75,6019,527.54
2026/05/09 02:29:47.273,75,6019,529.47
2026/05/09 02:29:48.304,73,6019,472.56
2026/05/09 02:29:49.336,75,6019,375.45
2026/05/09 02:29:50.369,74,6019,528.73
2026/05/09 02:29:51.401,75,6019,537.16
2026/05/09 02:29:52.433,65,6019,527.43
2026/05/09 02:29:53.465,69,6019,479.59
2026/05/09 02:29:54.497,65,6019,478.08
2026/05/09 02:29:55.529,58,6019,476.78
2026/05/09 02:29:56.561,67,6019,479.92
2026/05/09 02:29:57.594,67,6019,478.36
2026/05/09 02:29:58.627,57,6019,473.56
2026/05/09 02:29:59.659,71,6019,328.87
2026/05/09 02:30:00.692,74,6019,298.84
2026/05/09 02:30:01.724,72,6019,521.42
2026/05/09 02:30:02.758,70,6019,521.15
2026/05/09 02:30:03.791,71,6019,520.39
2026/05/09 02:30:04.824,70,6019,519.10
2026/05/09 02:30:05.858,70,6019,521.02
2026/05/09 02:30:06.891,70,6019,519.22
2026/05/09 02:30:07.924,71,6019,519.51
2026/05/09 02:30:08.958,72,6019,521.32
2026/05/09 02:30:09.991,75,6019,390.72
2026/05/09 02:30:11.022,75,6019,271.47
2026/05/09 02:30:12.053,76,6019,536.76
2026/05/09 02:30:13.085,76,6019,537.53
2026/05/09 02:30:14.117,75,6019,539.95
2026/05/09 02:30:15.148,73,6019,535.21
2026/05/09 02:30:16.180,74,6019,533.72
2026/05/09 02:30:17.213,75,6019,537.35
2026/05/09 02:30:18.244,76,6019,532.82
2026/05/09 02:30:19.277,75,6019,538.09
2026/05/09 02:30:20.309,76,6019,495.07
2026/05/09 02:30:21.341,73,6019,331.03
2026/05/09 02:30:22.373,70,6019,520.62
2026/05/09 02:30:23.406,71,6019,523.89
2026/05/09 02:30:24.437,72,6019,526.96
2026/05/09 02:30:25.469,74,6019,526.76
2026/05/09 02:30:26.501,71,6019,520.52
2026/05/09 02:30:27.537,56,6019,462.87
2026/05/09 02:30:28.569,65,6019,461.71
2026/05/09 02:30:29.602,65,6019,338.36
2026/05/09 02:30:30.634,70,6019,511.96
2026/05/09 02:30:31.666,72,6019,425.73
2026/05/09 02:30:32.698,75,6019,222.50
2026/05/09 02:30:33.731,75,6019,533.83
2026/05/09 02:30:34.763,74,6019,533.35
2026/05/09 02:30:35.795,75,6019,539.63
2026/05/09 02:30:36.827,74,6019,534.54
2026/05/09 02:30:37.859,75,6019,536.31
2026/05/09 02:30:38.891,73,6019,535.16
2026/05/09 02:30:39.923,74,6019,533.85
2026/05/09 02:30:40.955,72,6019,534.95
2026/05/09 02:30:41.987,65,6019,405.42
2026/05/09 02:30:43.020,61,6019,264.68
2026/05/09 02:30:44.052,72,6019,243.61
2026/05/09 02:30:45.083,70,6019,189.64
2026/05/09 02:30:46.116,73,6019,508.80
2026/05/09 02:30:47.148,70,6019,481.93
2026/05/09 02:30:48.179,68,6019,484.95
2026/05/09 02:30:49.211,67,6019,480.07
2026/05/09 02:30:50.242,67,6019,480.25
2026/05/09 02:30:51.275,67,6019,480.17
2026/05/09 02:30:52.307,68,6019,484.27
2026/05/09 02:30:53.339,69,6019,481.15
2026/05/09 02:30:54.371,72,6019,483.67
2026/05/09 02:30:55.403,82,6019,412.65
2026/05/09 02:30:56.434,70,6019,225.94
2026/05/09 02:30:57.466,67,6019,476.66
2026/05/09 02:30:58.497,63,6019,477.92
2026/05/09 02:30:59.528,59,6019,473.29
2026/05/09 02:31:00.559,59,6019,479.54
2026/05/09 02:31:01.591,64,6019,479.71
2026/05/09 02:31:02.623,71,6019,480.95
2026/05/09 02:31:03.655,76,6019,515.91
2026/05/09 02:31:04.689,76,6019,541.27
2026/05/09 02:31:05.719,73,6019,537.24
2026/05/09 02:31:06.750,72,6019,470.26
2026/05/09 02:31:07.782,63,6019,210.26
2026/05/09 02:31:08.814,59,6019,476.05
2026/05/09 02:31:09.846,70,6019,475.01
2026/05/09 02:31:10.879,64,6019,471.63
2026/05/09 02:31:11.912,59,6019,467.08
2026/05/09 02:31:12.945,70,6019,471.70
2026/05/09 02:31:13.976,57,6019,473.02
2026/05/09 02:31:15.008,68,6019,472.94
2026/05/09 02:31:16.040,62,6019,473.44
2026/05/09 02:31:17.074,61,6019,471.41
2026/05/09 02:31:18.107,71,6019,473.81
2026/05/09 02:31:19.140,87,6019,183.57
2026/05/09 02:31:20.173,65,6019,399.87
2026/05/09 02:31:21.205,69,6019,469.79
2026/05/09 02:31:22.236,57,6019,467.48
2026/05/09 02:31:23.269,65,6019,470.96
2026/05/09 02:31:24.300,67,6019,471.60
2026/05/09 02:31:25.334,71,6019,510.17
2026/05/09 02:31:26.366,72,6019,520.09
2026/05/09 02:31:27.399,72,6019,512.78
2026/05/09 02:31:28.432,73,6019,524.34
2026/05/09 02:31:29.464,69,6019,424.90
2026/05/09 02:31:30.500,77,6019,145.04
2026/05/09 02:31:31.532,67,6019,431.20
2026/05/09 02:31:32.563,62,6019,486.29
2026/05/09 02:31:33.595,63,6019,465.51
2026/05/09 02:31:34.627,74,6019,467.80
2026/05/09 02:31:35.659,71,6019,467.83
2026/05/09 02:31:36.692,63,6019,464.05
2026/05/09 02:31:37.723,63,6019,466.27
2026/05/09 02:31:38.756,66,6019,464.69
2026/05/09 02:31:39.788,62,6019,469.55
2026/05/09 02:31:40.821,71,6019,464.81
2026/05/09 02:31:41.853,72,6019,298.88
2026/05/09 02:31:42.885,65,6019,302.32
2026/05/09 02:31:43.917,67,6019,464.06
2026/05/09 02:31:44.949,62,6019,472.05
2026/05/09 02:31:45.981,57,6019,468.35
2026/05/09 02:31:47.013,61,6019,468.30
2026/05/09 02:31:48.044,65,6019,467.23
2026/05/09 02:31:49.075,64,6019,466.96
2026/05/09 02:31:50.106,62,6019,472.25
2026/05/09 02:31:51.137,61,6019,468.18
2026/05/09 02:31:52.169,68,6019,469.81
2026/05/09 02:31:53.201,61,6019,461.11
2026/05/09 02:31:54.236,61,6019,335.62
2026/05/09 02:31:55.268,68,6019,269.96
2026/05/09 02:31:56.301,82,6019,227.44
2026/05/09 02:31:57.335,59,6019,301.23
2026/05/09 02:31:58.366,54,6019,436.72
2026/05/09 02:31:59.397,64,6019,431.53
2026/05/09 02:32:00.429,65,6019,434.00
2026/05/09 02:32:01.460,61,6019,438.67
2026/05/09 02:32:02.491,65,6019,434.85
2026/05/09 02:32:03.523,65,6019,431.78
2026/05/09 02:32:04.556,55,6019,428.14
2026/05/09 02:32:05.587,52,6019,430.77
2026/05/09 02:32:06.621,50,6019,434.67
2026/05/09 02:32:07.654,63,6019,430.42
2026/05/09 02:32:08.686,73,6019,402.55
2026/05/09 02:32:09.717,68,6019,181.77
2026/05/09 02:32:10.748,61,6019,474.68
2026/05/09 02:32:11.780,62,6019,460.24
2026/05/09 02:32:12.812,71,6019,462.52
2026/05/09 02:32:13.844,64,6019,463.55
2026/05/09 02:32:14.877,65,6019,458.38
2026/05/09 02:32:15.908,61,6019,458.06
2026/05/09 02:32:16.940,60,6019,457.69
2026/05/09 02:32:17.972,66,6019,458.77
2026/05/09 02:32:19.004,56,6019,458.38
2026/05/09 02:32:20.037,64,6019,458.33
2026/05/09 02:32:21.068,70,6019,291.18
2026/05/09 02:32:22.100,51,6019,310.20
2026/05/09 02:32:23.133,50,6019,430.76
2026/05/09 02:32:24.166,58,6019,427.25
2026/05/09 02:32:25.198,60,6019,429.16
2026/05/09 02:32:26.230,50,6019,430.67
2026/05/09 02:32:27.263,62,6019,426.58
2026/05/09 02:32:28.296,50,6019,430.65
2026/05/09 02:32:29.329,62,6019,429.83
2026/05/09 02:32:30.362,58,6019,425.58
2026/05/09 02:32:31.394,55,6019,428.95
2026/05/09 02:32:32.427,54,6019,430.63
2026/05/09 02:32:33.459,63,6019,424.93
2026/05/09 02:32:34.492,80,6019,172.00
2026/05/09 02:32:35.526,64,6019,456.60
2026/05/09 02:32:36.558,50,6019,430.09
2026/05/09 02:32:37.590,62,6019,426.43
2026/05/09 02:32:38.624,25,6019,395.14
2026/05/09 02:32:39.657,59,6019,352.65
2026/05/09 02:32:40.690,72,6019,524.86
2026/05/09 02:32:41.721,71,6019,525.88
2026/05/09 02:32:42.754,73,6019,523.37
2026/05/09 02:32:43.786,72,6019,522.07
2026/05/09 02:32:44.818,72,6019,522.32
2026/05/09 02:32:45.850,74,6019,221.00
2026/05/09 02:32:46.882,74,6019,408.75
2026/05/09 02:32:47.913,73,6019,534.53
2026/05/09 02:32:48.944,65,6019,482.51
2026/05/09 02:32:49.975,64,6019,473.86
2026/05/09 02:32:51.006,62,6019,472.09
2026/05/09 02:32:52.037,60,6019,475.92
2026/05/09 02:32:53.068,63,6019,469.09
2026/05/09 02:32:54.099,66,6019,477.09
2026/05/09 02:32:55.129,71,6019,479.87
2026/05/09 02:32:56.161,66,6019,487.67
2026/05/09 02:32:57.192,69,6019,337.80
2026/05/09 02:32:58.224,69,6019,288.27
2026/05/09 02:32:59.256,65,6019,497.18
2026/05/09 02:33:00.288,74,6019,501.27
2026/05/09 02:33:01.319,66,6019,498.45
2026/05/09 02:33:02.350,58,6019,494.79
2026/05/09 02:33:03.381,64,6019,489.71
2026/05/09 02:33:04.414,63,6019,480.45
2026/05/09 02:33:05.445,60,6019,482.66
2026/05/09 02:33:06.476,60,6019,480.54
2026/05/09 02:33:07.508,60,6019,481.27
2026/05/09 02:33:08.540,69,6019,340.98
2026/05/09 02:33:09.571,62,6019,274.22
2026/05/09 02:33:10.605,73,6019,211.50
2026/05/09 02:33:11.636,56,6019,308.39
2026/05/09 02:33:12.668,70,6019,457.89
2026/05/09 02:33:13.700,59,6019,458.06
2026/05/09 02:33:14.733,54,6019,450.34
2026/05/09 02:33:15.765,62,6019,454.10
2026/05/09 02:33:16.797,58,6019,458.65
2026/05/09 02:33:17.830,68,6019,458.29
2026/05/09 02:33:18.862,57,6019,452.13
2026/05/09 02:33:19.895,67,6019,457.10
2026/05/09 02:33:20.927,61,6019,452.12
2026/05/09 02:33:21.960,56,6019,454.95
2026/05/09 02:33:22.994,85,6019,217.76
2026/05/09 02:33:24.027,50,6019,377.37
2026/05/09 02:33:25.060,63,6019,425.96
2026/05/09 02:33:26.094,54,6019,426.01
2026/05/09 02:33:27.126,60,6019,429.52
2026/05/09 02:33:28.159,56,6019,427.65
2026/05/09 02:33:29.194,56,6019,435.17
2026/05/09 02:33:30.226,61,6019,427.86
2026/05/09 02:33:31.259,52,6019,433.36
2026/05/09 02:33:32.291,62,6019,428.02
2026/05/09 02:33:33.323,50,6019,431.68
2026/05/09 02:33:34.356,56,6019,432.82
2026/05/09 02:33:35.388,74,6019,374.34
2026/05/09 02:33:36.420,64,6019,207.04
2026/05/09 02:33:37.452,69,6019,465.48
2026/05/09 02:33:38.484,54,6019,454.68
2026/05/09 02:33:39.516,67,6019,462.88
2026/05/09 02:33:40.548,57,6019,457.79
2026/05/09 02:33:41.581,63,6019,461.42
2026/05/09 02:33:42.614,70,6019,463.24
2026/05/09 02:33:43.647,53,6019,456.64
2026/05/09 02:33:44.679,66,6019,463.78
2026/05/09 02:33:45.711,56,6019,339.60
2026/05/09 02:33:46.742,64,6019,525.23
2026/05/09 02:33:47.774,58,6019,477.31
2026/05/09 02:33:48.806,73,6019,201.10
2026/05/09 02:33:49.839,61,6019,398.05
2026/05/09 02:33:50.870,55,6019,435.57
2026/05/09 02:33:51.902,65,6019,436.89
2026/05/09 02:33:52.934,65,6019,439.51
2026/05/09 02:33:53.965,58,6019,442.48
2026/05/09 02:33:54.997,58,6019,437.23
2026/05/09 02:33:56.028,53,6019,435.16
2026/05/09 02:33:57.061,59,6019,438.82
2026/05/09 02:33:58.093,58,6019,438.93
2026/05/09 02:33:59.125,71,6019,458.50
2026/05/09 02:34:00.158,69,6019,474.41
2026/05/09 02:34:01.189,70,6019,205.15
2026/05/09 02:34:02.220,75,6019,420.53
2026/05/09 02:34:03.251,75,6019,528.67
2026/05/09 02:34:04.283,72,6019,527.09
2026/05/09 02:34:05.314,71,6019,524.74
2026/05/09 02:34:06.347,71,6019,522.43
2026/05/09 02:34:07.378,74,6019,525.88
2026/05/09 02:34:08.410,73,6019,518.55
2026/05/09 02:34:09.442,69,6019,518.90
2026/05/09 02:34:10.476,75,6019,519.96
2026/05/09 02:34:11.507,76,6019,212.92
2026/05/09 02:34:12.539,69,6019,385.83
2026/05/09 02:34:13.572,62,6019,470.42
2026/05/09 02:34:14.605,60,6019,472.42
2026/05/09 02:34:15.637,71,6019,466.55
2026/05/09 02:34:16.670,59,6019,470.05
2026/05/09 02:34:17.703,64,6019,472.78
2026/05/09 02:34:18.736,68,6019,468.08
2026/05/09 02:34:19.769,58,6019,471.58
2026/05/09 02:34:20.804,67,6019,470.88
2026/05/09 02:34:21.837,64,6019,471.24
2026/05/09 02:34:22.871,69,6019,364.27
2026/05/09 02:34:23.904,69,6019,271.67
2026/05/09 02:34:24.938,87,6019,235.63
2026/05/09 02:34:25.970,63,6019,318.49
2026/05/09 02:34:27.004,69,6019,473.03
2026/05/09 02:34:28.037,70,6019,476.80
2026/05/09 02:34:29.070,62,6019,478.77
2026/05/09 02:34:30.104,59,6019,479.83
2026/05/09 02:34:31.137,66,6019,472.66
2026/05/09 02:34:32.169,72,6019,472.04
2026/05/09 02:34:33.203,61,6019,476.26
2026/05/09 02:34:34.237,58,6019,476.66
2026/05/09 02:34:35.269,68,6019,474.25
2026/05/09 02:34:36.302,71,6019,474.23
2026/05/09 02:34:37.334,69,6019,197.56
2026/05/09 02:34:38.366,61,6019,470.98
2026/05/09 02:34:39.400,65,6019,472.08
2026/05/09 02:34:40.433,59,6019,473.27
2026/05/09 02:34:41.466,65,6019,472.24
2026/05/09 02:34:42.499,66,6019,467.67
2026/05/09 02:34:43.532,59,6019,472.43
2026/05/09 02:34:44.564,70,6019,467.08
2026/05/09 02:34:45.597,58,6019,446.66
2026/05/09 02:34:46.629,55,6019,439.24
2026/05/09 02:34:47.663,56,6019,448.35
2026/05/09 02:34:48.695,86,6019,322.12
2026/05/09 02:34:49.727,76,6019,142.21
2026/05/09 02:34:50.759,79,6019,482.94
2026/05/09 02:34:51.790,75,6019,516.64
2026/05/09 02:34:52.822,82,6019,564.51
2026/05/09 02:34:53.853,74,6019,537.77
2026/05/09 02:34:54.884,72,6019,529.59
2026/05/09 02:34:55.915,75,6019,534.00
2026/05/09 02:34:56.947,75,6019,531.72
2026/05/09 02:34:57.980,74,6019,534.70
2026/05/09 02:34:59.012,68,6019,437.89
2026/05/09 02:35:00.044,74,6019,212.62
2026/05/09 02:35:01.076,75,6019,532.92
2026/05/09 02:35:02.107,74,6019,530.14
2026/05/09 02:35:03.140,65,6019,524.06
2026/05/09 02:35:04.172,59,6019,480.23
2026/05/09 02:35:05.204,62,6019,478.91
2026/05/09 02:35:06.236,72,6019,474.56
2026/05/09 02:35:07.268,62,6019,481.20
2026/05/09 02:35:08.301,59,6019,479.09
2026/05/09 02:35:09.332,69,6019,476.65
2026/05/09 02:35:10.363,81,6019,328.58
2026/05/09 02:35:11.394,75,6019,313.24
2026/05/09 02:35:12.426,73,6019,518.79
2026/05/09 02:35:13.459,70,6019,517.72
2026/05/09 02:35:14.493,74,6019,520.72
2026/05/09 02:35:15.525,72,6019,526.23
2026/05/09 02:35:16.558,75,6019,527.39
2026/05/09 02:35:17.589,75,6019,528.93
2026/05/09 02:35:18.621,75,6019,527.00
2026/05/09 02:35:19.654,75,6019,525.01
2026/05/09 02:35:20.686,73,6019,518.00
2026/05/09 02:35:21.718,83,6019,201.33
2026/05/09 02:35:22.750,67,6019,429.42
2026/05/09 02:35:23.783,58,6019,473.08
2026/05/09 02:35:24.815,58,6019,472.64
2026/05/09 02:35:25.848,69,6019,472.95
2026/05/09 02:35:26.881,66,6019,473.44
2026/05/09 02:35:27.914,71,6019,467.59
2026/05/09 02:35:28.947,62,6019,468.02
2026/05/09 02:35:29.980,56,6019,473.43
2026/05/09 02:35:31.013,66,6019,473.34
2026/05/09 02:35:32.046,68,6019,470.12
2026/05/09 02:35:33.078,61,6019,329.21
2026/05/09 02:35:34.112,66,6019,272.70
2026/05/09 02:35:35.145,69,6019,217.23
2026/05/09 02:35:36.178,70,6019,265.22
2026/05/09 02:35:37.211,74,6019,528.45
2026/05/09 02:35:38.244,75,6019,529.74
2026/05/09 02:35:39.279,74,6019,532.34
2026/05/09 02:35:40.311,75,6019,534.64
2026/05/09 02:35:41.344,74,6019,528.98
2026/05/09 02:35:42.375,74,6019,531.07
2026/05/09 02:35:43.407,73,6019,523.63
2026/05/09 02:35:44.439,73,6019,531.59
2026/05/09 02:35:45.470,73,6019,344.01
2026/05/09 02:35:46.502,75,6019,301.86
2026/05/09 02:35:47.534,74,6019,536.03
2026/05/09 02:35:48.566,73,6019,530.28
2026/05/09 02:35:49.598,75,6019,537.75
2026/05/09 02:35:50.630,79,6019,369.62
2026/05/09 02:35:51.661,75,6019,531.63
2026/05/09 02:35:52.693,66,6019,473.15
2026/05/09 02:35:53.724,66,6019,466.74
2026/05/09 02:35:54.756,73,6019,471.65
2026/05/09 02:35:55.787,71,6019,467.21
2026/05/09 02:35:56.819,61,6019,461.66
2026/05/09 02:35:57.851,69,6019,168.44
2026/05/09 02:35:58.883,55,6019,466.37
2026/05/09 02:35:59.915,59,6019,464.11
2026/05/09 02:36:00.947,56,6019,467.88
2026/05/09 02:36:01.980,56,6019,466.41
2026/05/09 02:36:03.012,66,6019,466.05
2026/05/09 02:36:04.047,63,6019,462.46
2026/05/09 02:36:05.079,53,6019,462.59
2026/05/09 02:36:06.111,55,6019,466.52
2026/05/09 02:36:07.144,57,6019,465.30
2026/05/09 02:36:08.176,71,6019,461.65
2026/05/09 02:36:09.208,72,6019,328.98
2026/05/09 02:36:10.240,59,6019,253.55
2026/05/09 02:36:11.272,67,6019,459.22
2026/05/09 02:36:12.304,66,6019,456.14
2026/05/09 02:36:13.336,59,6019,457.82
2026/05/09 02:36:14.369,54,6019,453.18
2026/05/09 02:36:15.401,63,6019,454.56
2026/05/09 02:36:16.433,69,6019,453.22
2026/05/09 02:36:17.465,64,6019,456.71
2026/05/09 02:36:18.496,57,6019,456.75
2026/05/09 02:36:19.527,54,6019,451.22
2026/05/09 02:36:20.559,61,6019,451.46
2026/05/09 02:36:21.591,73,6019,284.47
2026/05/09 02:36:22.622,62,6019,309.12
2026/05/09 02:36:23.654,63,6019,432.37
2026/05/09 02:36:24.687,59,6019,432.29
2026/05/09 02:36:25.720,51,6019,434.12
2026/05/09 02:36:26.751,50,6019,431.51
2026/05/09 02:36:27.784,64,6019,431.63
2026/05/09 02:36:28.816,60,6019,432.10
2026/05/09 02:36:29.848,51,6019,433.21
2026/05/09 02:36:30.881,50,6019,431.83
2026/05/09 02:36:31.913,59,6019,430.90
2026/05/09 02:36:32.946,63,6019,433.50
2026/05/09 02:36:33.979,64,6019,417.61
2026/05/09 02:36:35.009,77,6019,184.03
2026/05/09 02:36:36.041,60,6019,433.25
2026/05/09 02:36:37.074,52,6019,432.09
2026/05/09 02:36:38.105,54,6019,430.83
2026/05/09 02:36:39.137,63,6019,428.51
2026/05/09 02:36:40.168,54,6019,431.05
2026/05/09 02:36:41.200,51,6019,431.11
2026/05/09 02:36:42.232,58,6019,424.89
2026/05/09 02:36:43.265,50,6019,431.31
2026/05/09 02:36:44.298,57,6019,426.84
2026/05/09 02:36:45.330,52,6019,425.80
2026/05/09 02:36:46.363,58,6019,429.69
2026/05/09 02:36:47.395,67,6019,349.97
2026/05/09 02:36:48.427,69,6019,285.99
2026/05/09 02:36:49.461,79,6019,227.00
2026/05/09 02:36:50.493,63,6019,290.52
2026/05/09 02:36:51.525,53,6019,427.84
2026/05/09 02:36:52.557,51,6019,430.13
2026/05/09 02:36:53.588,59,6019,429.37
2026/05/09 02:36:54.621,62,6019,427.95
2026/05/09 02:36:55.655,21,6019,410.84
2026/05/09 02:36:56.688,61,6019,350.64
2026/05/09 02:36:57.720,70,6019,507.59
2026/05/09 02:36:58.753,67,6019,459.21
2026/05/09 02:36:59.784,67,6019,455.08
2026/05/09 02:37:00.816,59,6019,451.50
2026/05/09 02:37:01.849,57,6019,452.69
2026/05/09 02:37:02.881,70,6019,196.04
2026/05/09 02:37:03.913,59,6019,456.23
2026/05/09 02:37:04.945,54,6019,461.60
2026/05/09 02:37:05.977,72,6019,505.75
2026/05/09 02:37:07.009,73,6019,527.77
2026/05/09 02:37:08.041,75,6019,528.93
2026/05/09 02:37:09.072,71,6019,526.50
2026/05/09 02:37:10.106,72,6019,527.55
2026/05/09 02:37:11.139,73,6019,524.95
2026/05/09 02:37:12.173,73,6019,530.17
2026/05/09 02:37:13.205,69,6019,366.79
2026/05/09 02:37:14.237,71,6019,271.20
2026/05/09 02:37:15.268,74,6019,525.34
2026/05/09 02:37:16.301,75,6019,533.37
2026/05/09 02:37:17.331,76,6019,534.19
2026/05/09 02:37:18.362,74,6019,539.02
2026/05/09 02:37:19.393,76,6019,541.53
2026/05/09 02:37:20.424,74,6019,540.68
2026/05/09 02:37:21.456,76,6019,540.56
2026/05/09 02:37:22.487,76,6019,539.35
2026/05/09 02:37:23.518,75,6019,300.33
2026/05/09 02:37:24.548,62,6019,340.82
2026/05/09 02:37:25.580,67,6019,482.58
2026/05/09 02:37:26.612,73,6019,476.58
2026/05/09 02:37:27.643,65,6019,477.71
2026/05/09 02:37:28.675,58,6019,477.06
2026/05/09 02:37:29.707,65,6019,479.45
2026/05/09 02:37:30.739,72,6019,480.03
2026/05/09 02:37:31.770,63,6019,476.37
2026/05/09 02:37:32.802,58,6019,478.05
2026/05/09 02:37:33.833,75,6019,507.18
2026/05/09 02:37:34.863,68,6019,441.85
2026/05/09 02:37:35.894,75,6019,400.66
2026/05/09 02:37:36.926,75,6019,540.08
2026/05/09 02:37:37.957,75,6019,540.74
2026/05/09 02:37:38.988,74,6019,540.97
2026/05/09 02:37:40.020,75,6019,540.76
2026/05/09 02:37:41.052,76,6019,541.07
2026/05/09 02:37:42.084,75,6019,541.34
2026/05/09 02:37:43.116,75,6019,541.78
2026/05/09 02:37:44.147,75,6019,538.14
2026/05/09 02:37:45.178,74,6019,336.91
2026/05/09 02:37:46.208,76,6019,321.25
2026/05/09 02:37:47.239,74,6019,531.09
2026/05/09 02:37:48.271,75,6019,540.71
2026/05/09 02:37:49.302,75,6019,537.88
2026/05/09 02:37:50.333,76,6019,538.59
2026/05/09 02:37:51.364,61,6019,521.22
2026/05/09 02:37:52.396,59,6019,467.92
2026/05/09 02:37:53.427,59,6019,469.83
2026/05/09 02:37:54.461,0,6019,383.95
2026/05/09 02:37:55.494,76,6019,461.47
2026/05/09 02:37:56.526,60,6019,331.95
2026/05/09 02:37:57.558,61,6019,263.20
2026/05/09 02:37:58.591,82,6019,209.78
2026/05/09 02:37:59.623,73,6019,375.86
2026/05/09 02:38:00.655,75,6019,529.30
2026/05/09 02:38:01.687,74,6019,526.45
2026/05/09 02:38:02.719,74,6019,525.70
2026/05/09 02:38:03.751,72,6019,527.31
2026/05/09 02:38:04.784,73,6019,527.35
2026/05/09 02:38:05.815,75,6019,523.21
2026/05/09 02:38:06.848,72,6019,522.61
2026/05/09 02:38:07.880,69,6019,519.00
2026/05/09 02:38:08.912,70,6019,261.40
2026/05/09 02:38:09.946,69,6019,375.29
2026/05/09 02:38:10.980,71,6019,524.28
2026/05/09 02:38:12.013,74,6019,523.24
2026/05/09 02:38:13.045,71,6019,519.41
2026/05/09 02:38:14.078,72,6019,520.50
2026/05/09 02:38:15.111,71,6019,521.85
2026/05/09 02:38:16.144,70,6019,518.94
2026/05/09 02:38:17.177,75,6019,523.77
2026/05/09 02:38:18.210,71,6019,517.16
2026/05/09 02:38:19.243,71,6019,488.41
2026/05/09 02:38:20.275,69,6019,167.60
2026/05/09 02:38:21.308,57,6019,426.33
2026/05/09 02:38:22.340,63,6019,458.25
2026/05/09 02:38:23.373,58,6019,453.86
2026/05/09 02:38:24.406,62,6019,451.07
2026/05/09 02:38:25.440,61,6019,450.46
2026/05/09 02:38:26.473,61,6019,450.88
2026/05/09 02:38:27.507,62,6019,449.79
2026/05/09 02:38:28.540,57,6019,446.99
2026/05/09 02:38:29.573,53,6019,452.13
2026/05/09 02:38:30.606,58,6019,452.68
2026/05/09 02:38:31.638,73,6019,404.62
2026/05/09 02:38:32.670,71,6019,177.32
2026/05/09 02:38:33.703,55,6019,450.18
2026/05/09 02:38:34.734,55,6019,452.00
2026/05/09 02:38:35.767,61,6019,454.01
2026/05/09 02:38:36.800,52,6019,434.23
2026/05/09 02:38:37.832,57,6019,432.65
2026/05/09 02:38:38.864,59,6019,429.95
2026/05/09 02:38:39.896,59,6019,424.66
2026/05/09 02:38:40.928,55,6019,432.03
2026/05/09 02:38:41.960,62,6019,426.40
2026/05/09 02:38:42.991,50,6019,431.50
2026/05/09 02:38:44.024,63,6019,430.04
2026/05/09 02:38:45.057,84,6019,245.19
2026/05/09 02:38:46.088,53,6019,326.25
2026/05/09 02:38:47.120,55,6019,434.18
2026/05/09 02:38:48.153,62,6019,428.19
2026/05/09 02:38:49.187,50,6019,432.54
2026/05/09 02:38:50.220,63,6019,427.09
2026/05/09 02:38:51.253,53,6019,427.70
2026/05/09 02:38:52.285,63,6019,428.66
2026/05/09 02:38:53.318,52,6019,425.42
2026/05/09 02:38:54.350,62,6019,428.01
2026/05/09 02:38:55.383,57,6019,421.72
2026/05/09 02:38:56.416,55,6019,431.66
2026/05/09 02:38:57.449,74,6019,399.69
2026/05/09 02:38:58.481,69,6019,180.60
2026/05/09 02:38:59.514,63,6019,456.47
2026/05/09 02:39:00.545,56,6019,431.60
2026/05/09 02:39:01.578,56,6019,431.67
2026/05/09 02:39:02.612,0,6019,363.95
2026/05/09 02:39:03.646,81,6019,375.77
2026/05/09 02:39:04.678,70,6019,511.62
2026/05/09 02:39:05.710,65,6019,463.08
2026/05/09 02:39:06.742,55,6019,458.25
2026/05/09 02:39:07.774,61,6019,453.42
2026/05/09 02:39:08.807,70,6019,453.86
2026/05/09 02:39:09.840,63,6019,455.93
2026/05/09 02:39:10.873,62,6019,260.58
2026/05/09 02:39:11.908,63,6019,257.56
2026/05/09 02:39:12.940,69,6019,196.06
2026/05/09 02:39:13.972,65,6019,331.39
2026/05/09 02:39:15.004,74,6019,474.51
2026/05/09 02:39:16.036,76,6019,541.76
2026/05/09 02:39:17.067,75,6019,540.85
2026/05/09 02:39:18.100,75,6019,536.66
2026/05/09 02:39:19.132,75,6019,538.18
2026/05/09 02:39:20.163,74,6019,537.30
2026/05/09 02:39:21.194,73,6019,529.88
2026/05/09 02:39:22.225,75,6019,538.46
2026/05/09 02:39:23.257,69,6019,437.91
2026/05/09 02:39:24.288,75,6019,223.61
2026/05/09 02:39:25.319,73,6019,526.90
2026/05/09 02:39:26.350,74,6019,533.61
2026/05/09 02:39:27.382,75,6019,531.37
2026/05/09 02:39:28.415,73,6019,532.29
2026/05/09 02:39:29.446,74,6019,533.41
2026/05/09 02:39:30.477,75,6019,535.16
2026/05/09 02:39:31.509,74,6019,530.79
2026/05/09 02:39:32.541,74,6019,532.14
2026/05/09 02:39:33.573,73,6019,375.85
2026/05/09 02:39:34.604,75,6019,264.58
2026/05/09 02:39:35.635,73,6019,528.86
2026/05/09 02:39:36.667,74,6019,538.02
2026/05/09 02:39:37.698,76,6019,533.29
2026/05/09 02:39:38.730,75,6019,533.86
2026/05/09 02:39:39.762,76,6019,538.43
2026/05/09 02:39:40.794,74,6019,537.36
2026/05/09 02:39:41.826,74,6019,533.69
2026/05/09 02:39:42.858,73,6019,529.48
2026/05/09 02:39:43.889,69,6019,318.51
2026/05/09 02:39:44.920,71,6019,324.37
2026/05/09 02:39:45.952,64,6019,477.99
2026/05/09 02:39:46.984,58,6019,474.46
2026/05/09 02:39:48.016,71,6019,478.47
2026/05/09 02:39:49.048,61,6019,473.37
2026/05/09 02:39:50.080,62,6019,475.76
2026/05/09 02:39:51.112,72,6019,477.77
2026/05/09 02:39:52.144,59,6019,473.53
2026/05/09 02:39:53.175,65,6019,480.95
2026/05/09 02:39:54.207,61,6019,470.23
2026/05/09 02:39:55.240,68,6019,468.88
2026/05/09 02:39:56.271,87,6019,220.06
2026/05/09 02:39:57.304,68,6019,420.98
2026/05/09 02:39:58.336,71,6019,479.87
2026/05/09 02:39:59.368,69,6019,480.76
2026/05/09 02:40:00.400,61,6019,478.92
2026/05/09 02:40:01.432,55,6019,450.82
2026/05/09 02:40:02.464,68,6019,440.03
2026/05/09 02:40:03.496,60,6019,434.62
2026/05/09 02:40:04.529,59,6019,434.06
2026/05/09 02:40:05.563,82,6019,334.19
2026/05/09 02:40:06.594,63,6019,517.98
2026/05/09 02:40:07.626,70,6019,437.27
2026/05/09 02:40:08.657,70,6019,183.45
2026/05/09 02:40:09.689,69,6019,467.17
2026/05/09 02:40:10.720,59,6019,473.58
2026/05/09 02:40:11.751,59,6019,475.45
2026/05/09 02:40:12.785,60,6019,480.38
2026/05/09 02:40:13.815,60,6019,481.48
2026/05/09 02:40:14.847,60,6019,481.05
2026/05/09 02:40:15.878,60,6019,474.53
2026/05/09 02:40:16.909,58,6019,443.11
2026/05/09 02:40:17.941,52,6019,440.60
2026/05/09 02:40:18.971,51,6019,437.79
2026/05/09 02:40:20.002,67,6019,322.12
2026/05/09 02:40:21.034,58,6019,262.25
2026/05/09 02:40:22.067,87,6019,214.86
2026/05/09 02:40:23.099,65,6019,292.88
2026/05/09 02:40:24.131,59,6019,434.42
2026/05/09 02:40:25.164,65,6019,439.86
2026/05/09 02:40:26.195,61,6019,442.34
2026/05/09 02:40:27.227,56,6019,439.82
2026/05/09 02:40:28.260,55,6019,436.73
2026/05/09 02:40:29.292,51,6019,437.74
2026/05/09 02:40:30.325,50,6019,435.54
2026/05/09 02:40:31.357,50,6019,435.50
2026/05/09 02:40:32.389,61,6019,439.71
2026/05/09 02:40:33.421,57,6019,439.78
2026/05/09 02:40:34.452,80,6019,379.81
2026/05/09 02:40:35.483,54,6019,230.88
2026/05/09 02:40:36.514,58,6019,435.47
2026/05/09 02:40:37.547,50,6019,434.01
2026/05/09 02:40:38.581,54,6019,432.39
2026/05/09 02:40:39.613,58,6019,432.24
2026/05/09 02:40:40.646,63,6019,431.81
2026/05/09 02:40:41.678,55,6019,430.14
2026/05/09 02:40:42.710,50,6019,431.07
2026/05/09 02:40:43.742,53,6019,434.94
2026/05/09 02:40:44.775,56,6019,435.31
2026/05/09 02:40:45.806,62,6019,435.38
2026/05/09 02:40:46.839,63,6019,438.89
2026/05/09 02:40:47.870,88,6019,347.45
2026/05/09 02:40:48.902,50,6019,379.40
2026/05/09 02:40:49.935,56,6019,434.43
2026/05/09 02:40:50.967,62,6019,431.85
2026/05/09 02:40:51.999,59,6019,431.96
2026/05/09 02:40:53.031,56,6019,430.90
2026/05/09 02:40:54.063,50,6019,431.13
2026/05/09 02:40:55.095,53,6019,434.84
2026/05/09 02:40:56.126,58,6019,435.91
2026/05/09 02:40:57.157,60,6019,433.17
2026/05/09 02:40:58.189,62,6019,429.92
2026/05/09 02:40:59.222,51,6019,430.81
2026/05/09 02:41:00.254,58,6019,430.30
2026/05/09 02:41:01.285,87,6019,185.17
2026/05/09 02:41:02.316,57,6019,400.39
2026/05/09 02:41:03.349,50,6019,434.15
2026/05/09 02:41:04.381,62,6019,433.82
2026/05/09 02:41:05.413,50,6019,431.44
2026/05/09 02:41:06.445,56,6019,432.14
2026/05/09 02:41:07.477,59,6019,428.35
2026/05/09 02:41:08.509,58,6019,427.92
2026/05/09 02:41:09.541,50,6019,431.17
2026/05/09 02:41:10.573,62,6019,429.07
2026/05/09 02:41:11.605,58,6019,430.43
2026/05/09 02:41:12.638,54,6019,431.00
2026/05/09 02:41:13.671,36,6019,294.26
2026/05/09 02:41:14.702,73,6019,146.61
2026/05/09 02:41:15.734,70,6019,473.77
2026/05/09 02:41:16.767,75,6019,521.13
2026/05/09 02:41:17.801,74,6019,522.37
2026/05/09 02:41:18.834,72,6019,519.64
2026/05/09 02:41:19.867,70,6019,518.47
2026/05/09 02:41:20.901,70,6019,518.66
2026/05/09 02:41:21.932,70,6019,517.95
2026/05/09 02:41:22.965,73,6019,521.21
2026/05/09 02:41:23.997,70,6019,515.57
2026/05/09 02:41:25.029,68,6019,196.43
2026/05/09 02:41:26.061,74,6019,483.10
2026/05/09 02:41:27.093,72,6019,526.12
2026/05/09 02:41:28.125,73,6019,524.29
2026/05/09 02:41:29.156,73,6019,525.85
2026/05/09 02:41:30.188,73,6019,527.49
2026/05/09 02:41:31.221,71,6019,524.42
2026/05/09 02:41:32.253,72,6019,523.21
2026/05/09 02:41:33.286,75,6019,525.12
2026/05/09 02:41:34.317,71,6019,520.56
2026/05/09 02:41:35.350,62,6019,398.77
2026/05/09 02:41:36.383,67,6019,272.30
2026/05/09 02:41:37.418,86,6019,188.70
2026/05/09 02:41:38.449,71,6019,393.75
2026/05/09 02:41:39.482,74,6019,527.26
2026/05/09 02:41:40.515,72,6019,521.94
2026/05/09 02:41:41.548,71,6019,520.71
2026/05/09 02:41:42.581,70,6019,521.87
2026/05/09 02:41:43.614,71,6019,521.49
2026/05/09 02:41:44.648,70,6019,524.25
2026/05/09 02:41:45.681,75,6019,524.40
2026/05/09 02:41:46.714,74,6019,522.89
2026/05/09 02:41:47.747,69,6019,428.88
2026/05/09 02:41:48.778,60,6019,213.51
2026/05/09 02:41:49.810,59,6019,479.48
2026/05/09 02:41:50.844,71,6019,475.39
2026/05/09 02:41:51.877,57,6019,472.08
2026/05/09 02:41:52.911,63,6019,470.26
2026/05/09 02:41:53.944,60,6019,477.32
2026/05/09 02:41:54.976,71,6019,477.47
2026/05/09 02:41:56.008,58,6019,470.76
2026/05/09 02:41:57.041,72,6019,476.22
2026/05/09 02:41:58.073,59,6019,471.67
2026/05/09 02:41:59.107,69,6019,467.34
2026/05/09 02:42:00.139,74,6019,168.96
2026/05/09 02:42:01.171,71,6019,491.75
2026/05/09 02:42:02.204,72,6019,522.62
2026/05/09 02:42:03.236,74,6019,531.15
2026/05/09 02:42:04.267,72,6019,527.79
2026/05/09 02:42:05.301,75,6019,530.90
2026/05/09 02:42:06.333,75,6019,533.48
2026/05/09 02:42:07.364,74,6019,534.41
2026/05/09 02:42:08.395,75,6019,535.43
2026/05/09 02:42:09.426,73,6019,484.59
2026/05/09 02:42:10.458,69,6019,184.75
2026/05/09 02:42:11.489,66,6019,460.98
2026/05/09 02:42:12.522,71,6019,462.89
2026/05/09 02:42:13.555,60,6019,470.76
2026/05/09 02:42:14.588,60,6019,470.24
2026/05/09 02:42:15.621,78,6019,329.57
2026/05/09 02:42:16.654,66,6019,517.00
2026/05/09 02:42:17.688,69,6019,469.45
2026/05/09 02:42:18.721,60,6019,456.73
2026/05/09 02:42:19.752,55,6019,451.89
2026/05/09 02:42:20.782,63,6019,454.87
2026/05/09 02:42:21.814,55,6019,459.22
2026/05/09 02:42:22.846,87,6019,228.21
2026/05/09 02:42:23.878,55,6019,351.39
2026/05/09 02:42:24.910,56,6019,431.96
2026/05/09 02:42:25.943,50,6019,432.16
2026/05/09 02:42:26.975,53,6019,435.86
2026/05/09 02:42:28.010,58,6019,441.97
2026/05/09 02:42:29.044,54,6019,430.86
2026/05/09 02:42:30.076,50,6019,435.60
2026/05/09 02:42:31.109,57,6019,435.89
2026/05/09 02:42:32.141,63,6019,435.81
2026/05/09 02:42:33.173,59,6019,427.11
2026/05/09 02:42:34.206,50,6019,431.83
2026/05/09 02:42:35.238,71,6019,342.93
2026/05/09 02:42:36.270,57,6019,251.63
2026/05/09 02:42:37.303,50,6019,430.88
2026/05/09 02:42:38.336,60,6019,432.19
2026/05/09 02:42:39.368,58,6019,424.81
2026/05/09 02:42:40.401,63,6019,427.96
2026/05/09 02:42:41.433,51,6019,430.88
2026/05/09 02:42:42.466,63,6019,428.55
2026/05/09 02:42:43.500,52,6019,427.51
2026/05/09 02:42:44.531,51,6019,431.00
2026/05/09 02:42:45.564,58,6019,429.80
2026/05/09 02:42:46.597,61,6019,430.29
2026/05/09 02:42:47.629,50,6019,431.20
2026/05/09 02:42:48.664,66,6019,297.77
2026/05/09 02:42:49.698,67,6019,269.30
2026/05/09 02:42:50.731,87,6019,212.01
2026/05/09 02:42:51.764,63,6019,362.67
2026/05/09 02:42:52.796,53,6019,425.11
2026/05/09 02:42:53.829,57,6019,434.17
2026/05/09 02:42:54.862,61,6019,425.05
2026/05/09 02:42:55.895,57,6019,423.70
2026/05/09 02:42:56.928,51,6019,430.41
2026/05/09 02:42:57.959,63,6019,424.87
2026/05/09 02:42:58.992,50,6019,429.90
2026/05/09 02:43:00.026,62,6019,425.41
2026/05/09 02:43:01.060,52,6019,426.54
2026/05/09 02:43:02.092,62,6019,425.89
2026/05/09 02:43:03.126,71,6019,379.78
2026/05/09 02:43:04.157,67,6019,183.67
2026/05/09 02:43:05.189,58,6019,419.15
2026/05/09 02:43:06.222,50,6019,430.48
2026/05/09 02:43:07.254,58,6019,426.51
2026/05/09 02:43:08.285,53,6019,428.08
2026/05/09 02:43:09.317,52,6019,434.39
2026/05/09 02:43:10.347,61,6019,425.95
2026/05/09 02:43:11.379,54,6019,429.17
2026/05/09 02:43:12.411,61,6019,429.13
2026/05/09 02:43:13.444,57,6019,422.90
2026/05/09 02:43:14.476,54,6019,430.52
2026/05/09 02:43:15.508,59,6019,423.97
2026/05/09 02:43:16.541,70,6019,303.90
2026/05/09 02:43:17.573,65,6019,297.05
2026/05/09 02:43:18.605,67,6019,455.60
2026/05/09 02:43:19.636,54,6019,457.22
2026/05/09 02:43:20.668,64,6019,458.76
2026/05/09 02:43:21.700,56,6019,454.39
2026/05/09 02:43:22.732,67,6019,462.14
2026/05/09 02:43:23.764,59,6019,458.86
2026/05/09 02:43:24.795,67,6019,457.41
2026/05/09 02:43:25.826,55,6019,450.27
2026/05/09 02:43:26.859,0,6019,368.28
2026/05/09 02:43:27.892,72,6019,522.06
2026/05/09 02:43:28.924,71,6019,283.31
2026/05/09 02:43:29.956,73,6019,340.46
2026/05/09 02:43:30.988,65,6019,460.37
2026/05/09 02:43:32.020,71,6019,468.86
2026/05/09 02:43:33.051,58,6019,470.59
2026/05/09 02:43:34.084,59,6019,479.23
2026/05/09 02:43:35.116,61,6019,468.86
2026/05/09 02:43:36.148,64,6019,471.83
2026/05/09 02:43:37.178,67,6019,471.40
2026/05/09 02:43:38.209,59,6019,472.22
2026/05/09 02:43:39.240,61,6019,479.31
2026/05/09 02:43:40.271,69,6019,473.22
2026/05/09 02:43:41.302,73,6019,220.80
2026/05/09 02:43:42.334,66,6019,405.26
2026/05/09 02:43:43.366,64,6019,464.62
2026/05/09 02:43:44.398,69,6019,459.42
2026/05/09 02:43:45.430,53,6019,457.92
2026/05/09 02:43:46.462,70,6019,459.28
2026/05/09 02:43:47.493,54,6019,456.73
2026/05/09 02:43:48.526,65,6019,456.18
2026/05/09 02:43:49.558,56,6019,458.81
2026/05/09 02:43:50.590,69,6019,458.54
2026/05/09 02:43:51.623,53,6019,459.18
2026/05/09 02:43:52.655,69,6019,392.95
2026/05/09 02:43:53.687,54,6019,199.08
2026/05/09 02:43:54.719,63,6019,464.11
2026/05/09 02:43:55.750,67,6019,456.30
2026/05/09 02:43:56.784,52,6019,452.03
2026/05/09 02:43:57.816,66,6019,455.84
2026/05/09 02:43:58.848,60,6019,459.85
2026/05/09 02:43:59.880,59,6027,455.82
2026/05/09 02:44:00.912,52,6027,457.90
2026/05/09 02:44:01.944,65,6027,455.77
2026/05/09 02:44:02.976,67,6027,457.45
2026/05/09 02:44:04.009,51,6027,457.98
2026/05/09 02:44:05.042,59,6027,355.19
2026/05/09 02:44:06.075,62,6027,257.66
2026/05/09 02:44:07.108,69,6027,235.01
2026/05/09 02:44:08.140,68,6027,195.74
2026/05/09 02:44:09.172,62,6027,469.71
2026/05/09 02:44:10.204,63,6027,460.23
2026/05/09 02:44:11.236,63,6027,453.23
2026/05/09 02:44:12.267,51,6027,444.60
2026/05/09 02:44:13.298,50,6027,434.80
2026/05/09 02:44:14.329,50,6027,435.03
2026/05/09 02:44:15.360,50,6027,433.83
2026/05/09 02:44:16.391,50,6027,434.00
2026/05/09 02:44:17.422,62,6027,434.07
2026/05/09 02:44:18.454,58,6027,432.85
2026/05/09 02:44:19.486,65,6027,421.45
2026/05/09 02:44:20.517,67,6027,205.09
2026/05/09 02:44:21.549,63,6027,437.77
2026/05/09 02:44:22.582,58,6027,429.39
2026/05/09 02:44:23.614,50,6027,434.16
2026/05/09 02:44:24.647,59,6027,427.57
2026/05/09 02:44:25.679,52,6027,426.19
2026/05/09 02:44:26.710,52,6027,430.70
2026/05/09 02:44:27.742,63,6027,426.45
2026/05/09 02:44:28.775,50,6027,430.74
2026/05/09 02:44:29.807,67,6027,433.86
2026/05/09 02:44:30.839,56,6027,444.14
2026/05/09 02:44:31.871,56,6027,433.80
2026/05/09 02:44:32.908,80,6027,253.11
2026/05/09 02:44:33.939,61,6027,238.17
2026/05/09 02:44:34.973,66,6027,476.18
2026/05/09 02:44:36.006,72,6027,515.54
2026/05/09 02:44:37.039,70,6027,524.99
2026/05/09 02:44:38.071,72,6027,521.91
2026/05/09 02:44:39.104,71,6027,523.82
2026/05/09 02:44:40.136,72,6027,523.62
2026/05/09 02:44:41.168,72,6027,525.28
2026/05/09 02:44:42.201,74,6027,523.55
2026/05/09 02:44:43.233,75,6027,526.34
2026/05/09 02:44:44.265,69,6027,268.79
2026/05/09 02:44:45.295,75,6027,407.10
2026/05/09 02:44:46.328,75,6027,543.57
2026/05/09 02:44:47.360,75,6027,536.09
2026/05/09 02:44:48.392,75,6027,538.92
2026/05/09 02:44:49.423,75,6027,539.37
2026/05/09 02:44:50.455,75,6027,539.95
2026/05/09 02:44:51.487,75,6027,539.92
2026/05/09 02:44:52.518,76,6027,537.84
2026/05/09 02:44:53.548,73,6027,515.92
2026/05/09 02:44:54.579,68,6027,168.27
2026/05/09 02:44:55.611,75,6027,472.57
2026/05/09 02:44:56.642,76,6027,535.53
2026/05/09 02:44:57.674,73,6027,540.17
2026/05/09 02:44:58.707,75,6027,538.28
2026/05/09 02:44:59.738,74,6027,536.84
2026/05/09 02:45:00.769,75,6027,543.69
2026/05/09 02:45:01.802,76,6027,542.42
2026/05/09 02:45:02.834,75,6027,540.58
2026/05/09 02:45:03.867,75,6027,540.97
2026/05/09 02:45:04.898,73,6027,227.68
2026/05/09 02:45:05.930,73,6027,529.70
2026/05/09 02:45:06.962,74,6027,530.15
2026/05/09 02:45:07.994,75,6027,530.47
2026/05/09 02:45:09.026,72,6027,526.30
2026/05/09 02:45:10.058,71,6027,531.74
2026/05/09 02:45:11.090,75,6027,531.73
2026/05/09 02:45:12.122,75,6027,529.64
2026/05/09 02:45:13.155,73,6027,529.31
2026/05/09 02:45:14.188,72,6027,532.65
2026/05/09 02:45:15.221,62,6027,294.97
2026/05/09 02:45:16.254,66,6027,269.40
2026/05/09 02:45:17.286,81,6027,205.46
2026/05/09 02:45:18.319,71,6027,373.76
2026/05/09 02:45:19.351,72,6027,527.34
2026/05/09 02:45:20.385,73,6027,525.37
2026/05/09 02:45:21.418,63,6027,470.51
2026/05/09 02:45:22.451,57,6027,467.04
2026/05/09 02:45:23.483,57,6027,454.36
2026/05/09 02:45:24.515,54,6027,436.22
2026/05/09 02:45:25.547,58,6027,423.38
2026/05/09 02:45:26.578,55,6027,432.36
2026/05/09 02:45:27.610,55,6027,421.91
2026/05/09 02:45:28.642,82,6027,379.31
2026/05/09 02:45:29.673,56,6027,188.49
2026/05/09 02:45:30.707,53,6027,430.84
2026/05/09 02:45:31.740,59,6027,423.07
2026/05/09 02:45:32.772,50,6027,431.41
2026/05/09 02:45:33.805,62,6027,425.52
2026/05/09 02:45:34.839,0,6027,314.36
2026/05/09 02:45:35.871,81,6027,487.19
2026/05/09 02:45:36.903,75,6027,517.77
2026/05/09 02:45:37.937,73,6027,525.81
2026/05/09 02:45:38.969,73,6027,524.57
2026/05/09 02:45:40.003,69,6027,524.89
2026/05/09 02:45:41.035,77,6027,306.09
2026/05/09 02:45:42.068,58,6027,369.83
2026/05/09 02:45:43.101,65,6027,475.88
2026/05/09 02:45:44.133,68,6027,472.39
2026/05/09 02:45:45.167,60,6027,472.28
2026/05/09 02:45:46.200,71,6027,474.28
2026/05/09 02:45:47.233,58,6027,472.37
2026/05/09 02:45:48.267,66,6027,479.47
2026/05/09 02:45:49.299,60,6027,468.26
2026/05/09 02:45:50.332,64,6027,473.98
2026/05/09 02:45:51.365,65,6027,470.60
2026/05/09 02:45:52.398,66,6027,315.25
2026/05/09 02:45:53.431,70,6027,317.10
2026/05/09 02:45:54.464,57,6027,471.24
2026/05/09 02:45:55.497,66,6027,470.55
2026/05/09 02:45:56.530,61,6027,472.06
2026/05/09 02:45:57.563,65,6027,470.47
2026/05/09 02:45:58.596,62,6027,475.04
2026/05/09 02:45:59.629,58,6027,470.08
2026/05/09 02:46:00.662,70,6027,473.24
2026/05/09 02:46:01.697,58,6027,471.95
2026/05/09 02:46:02.730,63,6027,470.21
2026/05/09 02:46:03.763,66,6027,471.24
2026/05/09 02:46:04.796,87,6027,249.73
2026/05/09 02:46:05.829,66,6027,430.94
2026/05/09 02:46:06.863,65,6027,475.37
2026/05/09 02:46:07.896,60,6027,471.88
2026/05/09 02:46:08.930,61,6027,469.02
2026/05/09 02:46:09.963,65,6027,473.35
2026/05/09 02:46:10.995,61,6027,468.04
2026/05/09 02:46:12.029,65,6027,477.61
2026/05/09 02:46:13.063,61,6027,468.43
2026/05/09 02:46:14.095,65,6027,473.58
2026/05/09 02:46:15.128,61,6027,472.73
2026/05/09 02:46:16.161,72,6027,265.09
2026/05/09 02:46:17.193,62,6027,352.64
2026/05/09 02:46:18.225,63,6027,438.43
2026/05/09 02:46:19.257,58,6027,429.69
2026/05/09 02:46:20.291,58,6027,430.44
2026/05/09 02:46:21.323,60,6027,423.54
2026/05/09 02:46:22.354,56,6027,430.92
2026/05/09 02:46:23.388,63,6027,424.80
2026/05/09 02:46:24.420,51,6027,425.87
2026/05/09 02:46:25.453,57,6027,430.16
2026/05/09 02:46:26.486,55,6027,426.00
2026/05/09 02:46:27.518,52,6027,430.86
2026/05/09 02:46:28.551,61,6027,402.93
2026/05/09 02:46:29.585,68,6027,271.22
2026/05/09 02:46:30.617,62,6027,265.36
2026/05/09 02:46:31.649,69,6027,162.83
2026/05/09 02:46:32.681,69,6027,419.48
2026/05/09 02:46:33.712,56,6027,456.06
2026/05/09 02:46:34.745,63,6027,452.14
2026/05/09 02:46:35.776,53,6027,456.17
2026/05/09 02:46:36.811,53,6027,463.13
2026/05/09 02:46:37.843,65,6027,454.02
2026/05/09 02:46:38.875,57,6027,456.86
2026/05/09 02:46:39.906,63,6027,453.56
2026/05/09 02:46:40.939,0,6027,381.68
2026/05/09 02:46:41.972,70,6027,391.36
2026/05/09 02:46:43.005,61,6027,467.00
2026/05/09 02:46:44.037,69,6027,176.75
2026/05/09 02:46:45.069,60,6027,415.05
2026/05/09 02:46:46.101,57,6027,461.07
2026/05/09 02:46:47.132,63,6027,460.85
2026/05/09 02:46:48.166,63,6027,455.94
2026/05/09 02:46:49.197,58,6027,456.78
2026/05/09 02:46:50.229,68,6027,458.30
2026/05/09 02:46:51.261,54,6027,457.23
2026/05/09 02:46:52.293,59,6027,463.30
2026/05/09 02:46:53.325,66,6027,455.63
2026/05/09 02:46:54.357,57,6027,457.41
2026/05/09 02:46:55.388,70,6027,458.43
2026/05/09 02:46:56.419,54,6027,240.35
2026/05/09 02:46:57.451,53,6027,434.61
2026/05/09 02:46:58.483,58,6027,435.57
2026/05/09 02:46:59.515,56,6027,430.43
2026/05/09 02:47:00.547,55,6027,434.38
2026/05/09 02:47:01.579,58,6027,435.11
2026/05/09 02:47:02.612,58,6027,431.36
2026/05/09 02:47:03.643,57,6027,433.64
2026/05/09 02:47:04.675,61,6027,433.11
2026/05/09 02:47:05.707,64,6027,436.51
2026/05/09 02:47:06.739,60,6027,434.06
2026/05/09 02:47:07.771,64,6027,436.34
2026/05/09 02:47:08.803,78,6027,304.57
2026/05/09 02:47:09.835,58,6027,299.52
2026/05/09 02:47:10.867,60,6027,465.44
2026/05/09 02:47:11.897,63,6027,461.85
2026/05/09 02:47:12.928,56,6027,464.37
2026/05/09 02:47:13.959,57,6027,464.68
2026/05/09 02:47:14.990,55,6027,464.49
2026/05/09 02:47:16.021,55,6027,464.17
2026/05/09 02:47:17.053,57,6027,464.91
2026/05/09 02:47:18.085,59,6027,462.12
2026/05/09 02:47:19.117,70,6027,467.70
2026/05/09 02:47:20.149,72,6027,422.26
2026/05/09 02:47:21.181,72,6027,184.36
2026/05/09 02:47:22.213,50,6027,443.10
2026/05/09 02:47:23.245,50,6027,433.69
2026/05/09 02:47:24.277,50,6027,434.61
2026/05/09 02:47:25.309,50,6027,432.04
2026/05/09 02:47:26.341,50,6027,431.44
2026/05/09 02:47:27.372,50,6027,434.24
2026/05/09 02:47:28.405,59,6027,432.48
2026/05/09 02:47:29.436,60,6027,433.19
2026/05/09 02:47:30.469,61,6027,436.08
2026/05/09 02:47:31.501,53,6027,431.09
2026/05/09 02:47:32.533,50,6027,434.90
2026/05/09 02:47:33.566,72,6027,236.36
2026/05/09 02:47:34.597,59,6027,357.38
2026/05/09 02:47:35.628,68,6027,463.07
2026/05/09 02:47:36.659,65,6027,462.10
2026/05/09 02:47:37.691,51,6027,459.36
2026/05/09 02:47:38.722,58,6027,463.67
2026/05/09 02:47:39.754,70,6027,459.57
2026/05/09 02:47:40.786,60,6027,456.30
2026/05/09 02:47:41.817,54,6027,450.40
2026/05/09 02:47:42.851,57,6027,462.99
2026/05/09 02:47:43.884,68,6027,466.05
2026/05/09 02:47:44.918,61,6027,449.63
2026/05/09 02:47:45.952,61,6027,258.85
2026/05/09 02:47:46.984,79,6027,262.54
2026/05/09 02:47:48.017,70,6027,198.05
2026/05/09 02:47:49.050,15,6027,355.92
2026/05/09 02:47:50.084,75,6027,483.37
2026/05/09 02:47:51.115,75,6027,523.59
2026/05/09 02:47:52.148,71,6027,525.38
2026/05/09 02:47:53.180,73,6027,525.18
2026/05/09 02:47:54.212,74,6027,527.51
2026/05/09 02:47:55.245,72,6027,526.50
2026/05/09 02:47:56.277,71,6027,526.49
2026/05/09 02:47:57.310,75,6027,530.03
2026/05/09 02:47:58.341,71,6027,418.09
2026/05/09 02:47:59.373,74,6027,221.79
2026/05/09 02:48:00.405,72,6027,525.07
2026/05/09 02:48:01.439,61,6027,517.38
2026/05/09 02:48:02.471,63,6027,473.46
2026/05/09 02:48:03.504,62,6027,438.16
2026/05/09 02:48:04.536,50,6027,431.48
2026/05/09 02:48:05.569,60,6027,430.71
2026/05/09 02:48:06.601,63,6027,429.59
2026/05/09 02:48:07.633,50,6027,431.27
2026/05/09 02:48:08.666,53,6027,433.51
2026/05/09 02:48:09.698,57,6027,431.78
2026/05/09 02:48:10.729,81,6027,293.28
2026/05/09 02:48:11.760,50,6027,297.39
2026/05/09 02:48:12.791,62,6027,428.78
2026/05/09 02:48:13.824,50,6027,428.33
2026/05/09 02:48:14.856,56,6027,445.35
2026/05/09 02:48:15.888,54,6027,461.50
2026/05/09 02:48:16.920,62,6027,458.55
2026/05/09 02:48:17.953,57,6027,450.87
2026/05/09 02:48:18.984,61,6027,453.54
2026/05/09 02:48:20.016,65,6027,450.26
2026/05/09 02:48:21.049,68,6027,452.13
2026/05/09 02:48:22.082,65,6027,457.05
2026/05/09 02:48:23.113,74,6027,262.63
2026/05/09 02:48:24.144,64,6027,310.26
2026/05/09 02:48:25.176,56,6027,459.91
2026/05/09 02:48:26.209,69,6027,458.23
2026/05/09 02:48:27.242,59,6027,457.14
2026/05/09 02:48:28.275,65,6027,459.02
2026/05/09 02:48:29.308,54,6027,459.08
2026/05/09 02:48:30.340,65,6027,459.36
2026/05/09 02:48:31.372,65,6027,461.98
2026/05/09 02:48:32.404,56,6027,458.95
2026/05/09 02:48:33.436,54,6027,460.04
2026/05/09 02:48:34.467,71,6027,459.38
2026/05/09 02:48:35.499,88,6027,172.14
2026/05/09 02:48:36.531,53,6027,399.99
2026/05/09 02:48:37.564,55,6027,431.87
2026/05/09 02:48:38.596,58,6027,423.33
2026/05/09 02:48:39.628,62,6027,451.95
2026/05/09 02:48:40.660,59,6027,456.28
2026/05/09 02:48:41.691,52,6027,453.02
2026/05/09 02:48:42.724,63,6027,451.63
2026/05/09 02:48:43.756,70,6027,457.61
2026/05/09 02:48:44.788,63,6027,458.40
2026/05/09 02:48:45.820,52,6027,456.15
2026/05/09 02:48:46.852,62,6027,454.20
2026/05/09 02:48:47.884,60,6027,368.09
2026/05/09 02:48:48.918,62,6027,257.60
2026/05/09 02:48:49.952,72,6027,194.24
2026/05/09 02:48:50.984,57,6027,304.88
2026/05/09 02:48:52.017,62,6027,452.40
2026/05/09 02:48:53.051,58,6027,454.40
2026/05/09 02:48:54.084,52,6027,449.75
2026/05/09 02:48:55.116,53,6027,448.55
2026/05/09 02:48:56.148,26,6027,320.68
2026/05/09 02:48:57.180,77,6027,509.83
2026/05/09 02:48:58.211,70,6027,509.52
2026/05/09 02:48:59.242,73,6027,525.09
2026/05/09 02:49:00.274,72,6027,525.45
2026/05/09 02:49:01.308,73,6027,524.74
2026/05/09 02:49:02.340,74,6027,245.39
2026/05/09 02:49:03.373,68,6027,413.80
2026/05/09 02:49:04.406,72,6027,518.32
2026/05/09 02:49:05.439,72,6027,520.29
2026/05/09 02:49:06.472,58,6027,479.82
2026/05/09 02:49:07.505,70,6027,478.55
2026/05/09 02:49:08.537,69,6027,479.21
2026/05/09 02:49:09.570,59,6027,474.28
2026/05/09 02:49:10.602,63,6027,478.89
2026/05/09 02:49:11.634,71,6027,478.27
2026/05/09 02:49:12.667,61,6027,473.17
2026/05/09 02:49:13.699,81,6027,173.40
2026/05/09 02:49:14.732,58,6027,465.61
2026/05/09 02:49:15.765,72,6027,475.60
2026/05/09 02:49:16.798,58,6027,472.70
2026/05/09 02:49:17.831,72,6027,474.27
2026/05/09 02:49:18.868,57,6027,471.04
2026/05/09 02:49:19.900,69,6027,473.97
2026/05/09 02:49:20.932,69,6027,476.67
2026/05/09 02:49:21.964,58,6027,472.64
2026/05/09 02:49:22.998,71,6027,472.20
2026/05/09 02:49:24.031,58,6027,472.31
2026/05/09 02:49:25.064,75,6027,255.25
2026/05/09 02:49:26.097,58,6027,385.99
2026/05/09 02:49:27.131,72,6027,475.78
2026/05/09 02:49:28.164,58,6027,471.07
2026/05/09 02:49:29.196,68,6027,477.04
2026/05/09 02:49:30.229,63,6027,445.61
2026/05/09 02:49:31.261,50,6027,429.44
2026/05/09 02:49:32.294,53,6027,436.29
2026/05/09 02:49:33.327,58,6027,428.19
2026/05/09 02:49:34.359,50,6027,430.51
2026/05/09 02:49:35.391,58,6027,431.62
2026/05/09 02:49:36.424,63,6027,431.11
2026/05/09 02:49:37.456,71,6027,245.82
2026/05/09 02:49:38.489,50,6027,358.43
2026/05/09 02:49:39.522,62,6027,428.58
2026/05/09 02:49:40.555,50,6027,426.44
2026/05/09 02:49:41.589,62,6027,425.54
2026/05/09 02:49:42.621,50,6027,431.22
2026/05/09 02:49:43.653,61,6027,432.47
2026/05/09 02:49:44.684,58,6027,431.29
2026/05/09 02:49:45.717,57,6027,432.00
2026/05/09 02:49:46.751,56,6027,432.26
2026/05/09 02:49:47.784,54,6027,425.41
2026/05/09 02:49:48.816,56,6027,434.07
2026/05/09 02:49:49.848,63,6027,432.51
2026/05/09 02:49:50.881,70,6027,305.26
2026/05/09 02:49:51.913,77,6027,254.36
2026/05/09 02:49:52.945,49,6027,204.75
2026/05/09 02:49:53.977,59,6027,432.91
2026/05/09 02:49:55.009,56,6027,426.00
2026/05/09 02:49:56.042,52,6027,435.06
2026/05/09 02:49:57.074,58,6027,427.18
2026/05/09 02:49:58.108,51,6027,428.64
2026/05/09 02:49:59.140,56,6027,428.88
2026/05/09 02:50:00.173,59,6027,426.58
2026/05/09 02:50:01.207,50,6027,433.90
2026/05/09 02:50:02.240,62,6027,425.21
2026/05/09 02:50:03.272,50,6027,431.66
2026/05/09 02:50:04.305,1,6027,292.45
2026/05/09 02:50:05.337,75,6027,457.65
2026/05/09 02:50:06.372,68,6027,203.07
2026/05/09 02:50:07.405,57,6027,382.59
2026/05/09 02:50:08.437,62,6027,455.61
2026/05/09 02:50:09.470,56,6027,457.30
2026/05/09 02:50:10.503,54,6027,450.26
2026/05/09 02:50:11.535,64,6027,450.77
2026/05/09 02:50:12.568,68,6027,456.68
2026/05/09 02:50:13.601,61,6027,457.79
2026/05/09 02:50:14.634,60,6027,450.04
2026/05/09 02:50:15.668,66,6027,447.66
2026/05/09 02:50:16.701,65,6027,455.01
2026/05/09 02:50:17.734,67,6027,433.66
2026/05/09 02:50:18.766,69,6027,165.03
2026/05/09 02:50:19.797,54,6027,400.89
2026/05/09 02:50:20.830,51,6027,436.53
2026/05/09 02:50:21.862,58,6027,434.74
2026/05/09 02:50:22.894,59,6027,438.98
2026/05/09 02:50:23.927,50,6027,435.40
2026/05/09 02:50:24.960,52,6027,431.72
2026/05/09 02:50:25.993,59,6027,430.35
2026/05/09 02:50:27.024,62,6027,429.33
2026/05/09 02:50:28.055,57,6027,431.66
2026/05/09 02:50:29.090,50,6027,435.00
2026/05/09 02:50:30.122,55,6027,433.45
2026/05/09 02:50:31.154,87,6027,285.64
2026/05/09 02:50:32.186,57,6027,297.24
2026/05/09 02:50:33.219,50,6027,434.41
2026/05/09 02:50:34.251,53,6027,430.41
2026/05/09 02:50:35.284,63,6027,430.04
2026/05/09 02:50:36.317,60,6027,428.22
2026/05/09 02:50:37.349,50,6027,431.25
2026/05/09 02:50:38.381,51,6027,435.04
2026/05/09 02:50:39.413,56,6027,432.27
2026/05/09 02:50:40.445,51,6027,431.48
2026/05/09 02:50:41.477,60,6027,429.76
2026/05/09 02:50:42.509,60,6027,428.29
2026/05/09 02:50:43.541,62,6027,410.39
2026/05/09 02:50:44.573,68,6027,193.34
2026/05/09 02:50:45.606,59,6027,436.17
2026/05/09 02:50:46.637,59,6027,427.73
2026/05/09 02:50:47.670,57,6027,433.09
2026/05/09 02:50:48.702,61,6027,427.83
2026/05/09 02:50:49.734,52,6027,432.45
2026/05/09 02:50:50.768,62,6027,424.65
2026/05/09 02:50:51.800,53,6027,431.20
2026/05/09 02:50:52.831,59,6027,424.47
2026/05/09 02:50:53.865,54,6027,431.27
2026/05/09 02:50:54.897,63,6027,430.19
2026/05/09 02:50:55.930,63,6027,426.30
2026/05/09 02:50:56.963,81,6027,295.26
2026/05/09 02:50:57.993,63,6027,327.77
2026/05/09 02:50:59.025,68,6027,469.35
2026/05/09 02:51:00.056,66,6025,471.39
2026/05/09 02:51:01.089,59,6025,465.47
2026/05/09 02:51:02.121,63,6025,464.20
2026/05/09 02:51:03.154,73,6025,465.96
2026/05/09 02:51:04.187,66,6025,471.27
2026/05/09 02:51:05.218,56,6025,466.58
2026/05/09 02:51:06.250,65,6025,480.47
2026/05/09 02:51:07.281,73,6025,524.42
2026/05/09 02:51:08.313,66,6025,499.38
2026/05/09 02:51:09.347,64,6025,264.50
2026/05/09 02:51:10.378,63,6025,262.39
2026/05/09 02:51:11.409,70,6025,193.32
2026/05/09 02:51:12.440,75,6025,521.67
2026/05/09 02:51:13.471,69,6025,504.32
2026/05/09 02:51:14.502,68,6025,501.71
2026/05/09 02:51:15.533,76,6025,361.12
2026/05/09 02:51:16.565,72,6025,510.47
2026/05/09 02:51:17.597,63,6025,467.97
2026/05/09 02:51:18.629,69,6025,465.59
2026/05/09 02:51:19.660,71,6025,462.93
2026/05/09 02:51:20.692,65,6025,463.95
2026/05/09 02:51:21.725,68,6025,472.88
2026/05/09 02:51:22.757,71,6025,374.12
2026/05/09 02:51:23.789,65,6025,228.77
2026/05/09 02:51:24.820,62,6025,462.87
2026/05/09 02:51:25.852,55,6025,458.30
2026/05/09 02:51:26.883,52,6025,464.92
2026/05/09 02:51:27.916,58,6025,450.11
2026/05/09 02:51:28.949,70,6025,453.80
2026/05/09 02:51:29.980,65,6025,457.83
2026/05/09 02:51:31.012,63,6025,452.01
2026/05/09 02:51:32.045,57,6025,456.18
2026/05/09 02:51:33.077,51,6025,452.93
2026/05/09 02:51:34.109,52,6025,450.81
2026/05/09 02:51:35.140,73,6025,308.72
2026/05/09 02:51:36.171,60,6025,285.75
2026/05/09 02:51:37.202,54,6025,462.60
2026/05/09 02:51:38.233,65,6025,463.78
2026/05/09 02:51:39.265,69,6025,458.50
2026/05/09 02:51:40.297,57,6025,457.46
2026/05/09 02:51:41.329,54,6025,459.89
2026/05/09 02:51:42.361,69,6025,458.84
2026/05/09 02:51:43.393,55,6025,458.78
2026/05/09 02:51:44.425,55,6025,458.99
2026/05/09 02:51:45.457,63,6025,460.28
2026/05/09 02:51:46.490,61,6025,456.88
2026/05/09 02:51:47.520,75,6025,221.42
2026/05/09 02:51:48.551,74,6025,417.20
2026/05/09 02:51:49.583,70,6025,483.77
2026/05/09 02:51:50.615,59,6025,467.91
2026/05/09 02:51:51.647,69,6025,475.33
2026/05/09 02:51:52.679,57,6025,472.45
2026/05/09 02:51:53.711,70,6025,478.49
2026/05/09 02:51:54.742,58,6025,472.47
2026/05/09 02:51:55.774,58,6025,480.28
2026/05/09 02:51:56.805,65,6025,478.51
2026/05/09 02:51:57.836,72,6025,480.12
2026/05/09 02:51:58.868,74,6025,413.23
2026/05/09 02:51:59.898,69,6025,186.85
2026/05/09 02:52:00.930,59,6025,473.34
2026/05/09 02:52:01.961,64,6025,479.36
2026/05/09 02:52:02.992,71,6025,478.68
2026/05/09 02:52:04.024,57,6025,472.64
2026/05/09 02:52:05.056,68,6025,479.69
2026/05/09 02:52:06.088,66,6025,478.07
2026/05/09 02:52:07.120,56,6025,475.92
2026/05/09 02:52:08.152,64,6025,462.05
2026/05/09 02:52:09.183,63,6025,438.37
2026/05/09 02:52:10.213,59,6025,434.01
2026/05/09 02:52:11.244,85,6025,277.60
2026/05/09 02:52:12.275,61,6025,319.96
2026/05/09 02:52:13.307,65,6025,442.88
2026/05/09 02:52:14.339,64,6025,440.55
2026/05/09 02:52:15.371,60,6025,433.44
2026/05/09 02:52:16.401,63,6025,436.61
2026/05/09 02:52:17.436,69,6025,318.92
2026/05/09 02:52:18.468,65,6025,528.38
2026/05/09 02:52:19.499,61,6025,474.73
2026/05/09 02:52:20.531,68,6025,468.92
2026/05/09 02:52:21.563,69,6025,466.19
2026/05/09 02:52:22.595,65,6025,465.64
2026/05/09 02:52:23.628,60,6025,348.88
2026/05/09 02:52:24.662,61,6025,257.44
2026/05/09 02:52:25.694,85,6025,228.08
2026/05/09 02:52:26.726,57,6025,263.26
2026/05/09 02:52:27.758,58,6025,430.67
2026/05/09 02:52:28.791,59,6025,431.69
2026/05/09 02:52:29.824,50,6025,433.64
2026/05/09 02:52:30.856,56,6025,431.70
2026/05/09 02:52:31.890,63,6025,428.73
2026/05/09 02:52:32.922,72,6025,454.65
2026/05/09 02:52:33.954,58,6025,473.96
2026/05/09 02:52:34.987,72,6025,474.70
2026/05/09 02:52:36.019,58,6025,471.41
2026/05/09 02:52:37.050,71,6025,474.99
2026/05/09 02:52:38.082,81,6025,335.33
2026/05/09 02:52:39.115,75,6025,339.97
2026/05/09 02:52:40.147,74,6025,533.47
2026/05/09 02:52:41.179,77,6025,533.07
2026/05/09 02:52:42.212,73,6025,537.65
2026/05/09 02:52:43.243,74,6025,535.85
2026/05/09 02:52:44.274,74,6025,533.57
2026/05/09 02:52:45.304,74,6025,537.96
2026/05/09 02:52:46.335,75,6025,537.96
2026/05/09 02:52:47.368,72,6025,532.22
2026/05/09 02:52:48.400,70,6025,437.52
2026/05/09 02:52:49.432,73,6025,405.15
2026/05/09 02:52:50.464,72,6025,534.36
2026/05/09 02:52:51.494,74,6025,531.19
2026/05/09 02:52:52.526,74,6025,532.69
2026/05/09 02:52:53.558,72,6025,530.34
2026/05/09 02:52:54.591,73,6025,528.18
2026/05/09 02:52:55.623,72,6025,527.15
2026/05/09 02:52:56.656,72,6025,528.04
2026/05/09 02:52:57.688,72,6025,529.21
2026/05/09 02:52:58.720,72,6025,412.98
2026/05/09 02:52:59.752,71,6025,239.88
2026/05/09 02:53:00.784,75,6025,526.52
2026/05/09 02:53:01.816,71,6025,527.54
2026/05/09 02:53:02.847,73,6025,529.22
2026/05/09 02:53:03.879,71,6025,530.96
2026/05/09 02:53:04.911,72,6025,527.74
2026/05/09 02:53:05.943,75,6025,530.70
2026/05/09 02:53:06.975,75,6025,535.22
2026/05/09 02:53:08.008,73,6025,529.14
2026/05/09 02:53:09.038,72,6025,393.34
2026/05/09 02:53:10.069,71,6025,257.26
2026/05/09 02:53:11.101,75,6025,531.74
2026/05/09 02:53:12.133,72,6025,529.67
2026/05/09 02:53:13.166,61,6025,498.25
2026/05/09 02:53:14.197,69,6025,498.31
2026/05/09 02:53:15.229,64,6025,496.74
2026/05/09 02:53:16.261,68,6025,502.10
2026/05/09 02:53:17.292,63,6025,493.63
2026/05/09 02:53:18.322,72,6025,482.39
2026/05/09 02:53:19.355,23,6025,352.00
2026/05/09 02:53:20.387,77,6025,511.37
2026/05/09 02:53:21.419,72,6025,218.49
2026/05/09 02:53:22.452,70,6025,475.32
2026/05/09 02:53:23.484,57,6025,458.07
2026/05/09 02:53:24.516,54,6025,461.23
2026/05/09 02:53:25.548,53,6025,463.16
2026/05/09 02:53:26.580,69,6025,462.37
2026/05/09 02:53:27.612,69,6025,462.72
2026/05/09 02:53:28.644,58,6025,459.86
2026/05/09 02:53:29.676,59,6025,459.48
2026/05/09 02:53:30.709,63,6025,458.35
2026/05/09 02:53:31.740,69,6025,456.24
2026/05/09 02:53:32.771,61,6025,380.81
2026/05/09 02:53:33.803,66,6025,260.28
2026/05/09 02:53:34.836,83,6025,255.58
2026/05/09 02:53:35.868,72,6025,186.17
2026/05/09 02:53:36.901,68,6025,512.71
2026/05/09 02:53:37.933,71,6025,518.91
2026/05/09 02:53:38.966,75,6025,524.07
2026/05/09 02:53:39.999,70,6025,517.38
2026/05/09 02:53:41.032,70,6025,516.86
2026/05/09 02:53:42.066,74,6025,520.87
2026/05/09 02:53:43.098,72,6025,516.19
2026/05/09 02:53:44.130,64,6025,482.27
2026/05/09 02:53:45.162,59,6025,457.08
2026/05/09 02:53:46.193,68,6025,260.06
2026/05/09 02:53:47.226,61,6025,343.79
2026/05/09 02:53:48.258,62,6025,453.02
2026/05/09 02:53:49.291,62,6025,452.13
2026/05/09 02:53:50.323,55,6025,456.75
2026/05/09 02:53:51.356,60,6025,452.96
2026/05/09 02:53:52.388,68,6025,458.30
2026/05/09 02:53:53.420,62,6025,458.27
2026/05/09 02:53:54.452,57,6025,450.51
2026/05/09 02:53:55.483,70,6025,461.17
2026/05/09 02:53:56.515,57,6025,458.54
2026/05/09 02:53:57.549,56,6025,450.65
2026/05/09 02:53:58.580,73,6025,190.36
2026/05/09 02:53:59.612,67,6025,382.21
2026/05/09 02:54:00.643,71,6025,460.79
2026/05/09 02:54:01.675,64,6025,462.65
2026/05/09 02:54:02.708,64,6025,464.29
2026/05/09 02:54:03.740,53,6025,460.51
2026/05/09 02:54:04.773,68,6025,459.89
2026/05/09 02:54:05.805,63,6025,455.92
2026/05/09 02:54:06.836,56,6025,460.26
2026/05/09 02:54:07.868,60,6025,460.42
2026/05/09 02:54:08.900,61,6025,452.67
2026/05/09 02:54:09.933,70,6025,383.54
2026/05/09 02:54:10.966,53,6025,212.11
2026/05/09 02:54:11.998,70,6025,457.12
2026/05/09 02:54:13.031,59,6025,453.54
2026/05/09 02:54:14.064,56,6025,449.39
2026/05/09 02:54:15.096,65,6025,454.30
2026/05/09 02:54:16.128,66,6025,457.49
2026/05/09 02:54:17.160,53,6025,456.32
2026/05/09 02:54:18.193,61,6025,453.02
2026/05/09 02:54:19.228,64,6025,455.31
2026/05/09 02:54:20.260,56,6025,457.37
2026/05/09 02:54:21.293,58,6025,452.34
2026/05/09 02:54:22.326,58,6025,320.96
2026/05/09 02:54:23.359,73,6025,299.88
2026/05/09 02:54:24.391,69,6025,327.98
2026/05/09 02:54:25.423,72,6025,465.81
2026/05/09 02:54:26.455,59,6025,455.25
2026/05/09 02:54:27.488,69,6025,459.36
2026/05/09 02:54:28.520,52,6025,457.42
2026/05/09 02:54:29.553,62,6025,454.43
2026/05/09 02:54:30.587,72,6025,494.91
2026/05/09 02:54:31.619,70,6025,524.17
2026/05/09 02:54:32.653,71,6025,523.12
2026/05/09 02:54:33.686,73,6025,526.14
2026/05/09 02:54:34.719,72,6025,283.38
2026/05/09 02:54:35.750,72,6025,329.45
2026/05/09 02:54:36.782,62,6025,473.07
2026/05/09 02:54:37.815,70,6025,470.25
2026/05/09 02:54:38.849,59,6025,466.87
2026/05/09 02:54:39.881,65,6025,471.11
2026/05/09 02:54:40.914,61,6025,474.34
2026/05/09 02:54:41.947,63,6025,471.04
2026/05/09 02:54:42.980,56,6025,465.31
2026/05/09 02:54:44.013,67,6025,471.65
2026/05/09 02:54:45.046,63,6025,471.95
2026/05/09 02:54:46.079,58,6025,398.81
2026/05/09 02:54:47.112,68,6025,269.49
2026/05/09 02:54:48.145,72,6025,249.63
2026/05/09 02:54:49.177,67,6025,175.11
2026/05/09 02:54:50.210,75,6025,517.96
2026/05/09 02:54:51.242,71,6025,519.22
2026/05/09 02:54:52.275,73,6025,523.02
2026/05/09 02:54:53.309,71,6025,524.12
2026/05/09 02:54:54.342,72,6025,521.21
2026/05/09 02:54:55.375,72,6025,522.70
2026/05/09 02:54:56.407,74,6025,524.62
2026/05/09 02:54:57.442,72,6025,523.87
2026/05/09 02:54:58.475,72,6025,493.75
2026/05/09 02:54:59.509,69,6025,192.21
2026/05/09 02:55:00.542,58,6025,469.76
2026/05/09 02:55:01.573,72,6025,477.05
2026/05/09 02:55:02.605,58,6025,472.83
2026/05/09 02:55:03.638,68,6025,478.57
2026/05/09 02:55:04.672,61,6025,470.70
2026/05/09 02:55:05.705,66,6025,474.74
2026/05/09 02:55:06.738,58,6025,473.18
2026/05/09 02:55:07.771,70,6025,477.58
2026/05/09 02:55:08.804,57,6025,473.20
2026/05/09 02:55:09.837,50,6025,467.03
2026/05/09 02:55:10.870,73,6025,367.32
2026/05/09 02:55:11.903,60,6025,268.59
2026/05/09 02:55:12.937,71,6025,475.23
2026/05/09 02:55:13.970,58,6025,472.99
2026/05/09 02:55:15.003,72,6025,476.71
2026/05/09 02:55:16.036,58,6025,470.62
2026/05/09 02:55:17.070,72,6025,474.34
2026/05/09 02:55:18.103,57,6025,470.46
2026/05/09 02:55:19.136,65,6025,471.10
2026/05/09 02:55:20.169,70,6025,472.58
2026/05/09 02:55:21.203,61,6025,473.30
2026/05/09 02:55:22.235,81,6025,433.76
2026/05/09 02:55:23.267,66,6025,220.26
2026/05/09 02:55:24.300,69,6025,473.10
2026/05/09 02:55:25.333,57,6025,472.86
2026/05/09 02:55:26.366,72,6025,475.66
2026/05/09 02:55:27.402,25,6025,457.47
2026/05/09 02:55:28.435,78,6025,498.70
2026/05/09 02:55:29.468,71,6025,510.89
2026/05/09 02:55:30.500,75,6025,523.13
2026/05/09 02:55:31.534,72,6025,522.30
2026/05/09 02:55:32.568,72,6025,518.85
2026/05/09 02:55:33.601,72,6025,439.12
2026/05/09 02:55:34.632,57,6025,200.42
2026/05/09 02:55:35.663,63,6025,479.48
2026/05/09 02:55:36.695,68,6025,481.32
2026/05/09 02:55:37.727,72,6025,483.78
2026/05/09 02:55:38.759,68,6025,477.17
2026/05/09 02:55:39.791,62,6025,476.48
2026/05/09 02:55:40.823,58,6025,474.91
2026/05/09 02:55:41.855,68,6025,480.76
2026/05/09 02:55:42.887,67,6025,480.19
2026/05/09 02:55:43.919,59,6025,473.99
2026/05/09 02:55:44.951,71,6025,459.36
2026/05/09 02:55:45.983,67,6025,197.09
2026/05/09 02:55:47.016,64,6025,462.63
2026/05/09 02:55:48.049,56,6025,466.37
2026/05/09 02:55:49.082,65,6025,470.87
2026/05/09 02:55:50.117,67,6025,471.80
2026/05/09 02:55:51.150,57,6025,467.85
2026/05/09 02:55:52.182,61,6025,469.62
2026/05/09 02:55:53.214,71,6025,469.07
2026/05/09 02:55:54.247,63,6025,471.16
2026/05/09 02:55:55.279,70,6025,465.65
2026/05/09 02:55:56.311,64,6025,436.44
2026/05/09 02:55:57.343,62,6025,423.50
2026/05/09 02:55:58.376,67,6025,259.54
2026/05/09 02:55:59.409,67,6025,265.22
2026/05/09 02:56:00.442,66,6019,267.37
2026/05/09 02:56:01.473,70,6019,440.84
2026/05/09 02:56:02.507,57,6019,444.12
2026/05/09 02:56:03.540,50,6019,438.73
2026/05/09 02:56:04.574,53,6019,436.25
2026/05/09 02:56:05.607,63,6019,436.70
2026/05/09 02:56:06.639,61,6019,442.70
2026/05/09 02:56:07.674,51,6019,441.76
2026/05/09 02:56:08.705,71,6019,459.58
2026/05/09 02:56:09.736,67,6019,467.93
2026/05/09 02:56:10.769,62,6019,463.76
2026/05/09 02:56:11.802,71,6019,469.72
2026/05/09 02:56:12.835,72,6019,170.23
2026/05/09 02:56:13.868,69,6019,421.94
2026/05/09 02:56:14.901,61,6019,467.37
2026/05/09 02:56:15.933,64,6019,467.30
2026/05/09 02:56:16.967,69,6019,465.87
2026/05/09 02:56:18.000,62,6019,465.93
2026/05/09 02:56:19.033,66,6019,472.21
2026/05/09 02:56:20.065,68,6019,466.70
2026/05/09 02:56:21.098,70,6019,478.43
2026/05/09 02:56:22.131,59,6019,470.14
2026/05/09 02:56:23.163,61,6019,470.08
2026/05/09 02:56:24.195,72,6019,309.01
2026/05/09 02:56:25.225,60,6019,286.18
2026/05/09 02:56:26.256,60,6019,471.15
2026/05/09 02:56:27.289,59,6019,466.71
2026/05/09 02:56:28.320,67,6019,478.03
2026/05/09 02:56:29.352,75,6019,476.10
2026/05/09 02:56:30.383,57,6019,473.17
2026/05/09 02:56:31.414,56,6019,466.10
2026/05/09 02:56:32.447,55,6019,459.67
2026/05/09 02:56:33.479,42,6019,450.11
2026/05/09 02:56:34.510,63,6019,355.65
2026/05/09 02:56:35.541,74,6019,513.05
2026/05/09 02:56:36.572,75,6019,217.58
2026/05/09 02:56:37.602,55,6019,393.91
2026/05/09 02:56:38.633,59,6019,464.70
2026/05/09 02:56:39.663,57,6019,464.49
2026/05/09 02:56:40.695,70,6019,462.89
2026/05/09 02:56:41.727,62,6019,458.36
2026/05/09 02:56:42.758,68,6019,468.85
2026/05/09 02:56:43.790,58,6019,459.23
2026/05/09 02:56:44.821,69,6019,458.82
2026/05/09 02:56:45.853,58,6019,454.69
2026/05/09 02:56:46.886,75,6019,464.41
2026/05/09 02:56:47.918,70,6019,514.84
2026/05/09 02:56:48.950,75,6019,300.26
2026/05/09 02:56:49.982,73,6019,525.62
2026/05/09 02:56:51.013,72,6019,532.91
2026/05/09 02:56:52.045,73,6019,531.25
2026/05/09 02:56:53.077,70,6019,478.08
2026/05/09 02:56:54.109,70,6019,477.60
2026/05/09 02:56:55.141,62,6019,476.48
2026/05/09 02:56:56.174,62,6019,478.36
2026/05/09 02:56:57.207,71,6019,477.53
2026/05/09 02:56:58.239,64,6019,476.66
2026/05/09 02:56:59.271,78,6019,399.55
2026/05/09 02:57:00.302,68,6019,240.99
2026/05/09 02:57:01.335,56,6019,471.75
2026/05/09 02:57:02.371,62,6019,469.48
2026/05/09 02:57:03.404,70,6019,473.95
2026/05/09 02:57:04.436,58,6019,469.34
2026/05/09 02:57:05.469,56,6019,468.97
2026/05/09 02:57:06.502,68,6019,472.14
2026/05/09 02:57:07.534,59,6019,473.30
2026/05/09 02:57:08.567,71,6019,475.35
2026/05/09 02:57:09.601,56,6019,470.47
2026/05/09 02:57:10.634,62,6019,468.91
2026/05/09 02:57:11.667,59,6019,259.55
2026/05/09 02:57:12.698,0,6019,136.30
2026/05/09 02:57:13.729,0,6019,101.89
2026/05/09 02:57:14.760,0,6019,73.61
