stride_idx,level,beta_pre,beta_post,delta_beta,beta_max,ess_at_dbeta_chosen,n_smc,theta_dim,chees_L_chosen,chees_score_best,chees_L_candidates,chees_scores,eps_step_size,n_mcmc_moves,total_accepts,accept_frac,log_density_pre_mean,log_density_post_mean,delta_log_density,esjd_total,esjd_per_eps_L,wall_seconds_level
2,1,0.0,2.955817023684928,2.955817023684928,59.11634047369856,923.481613172529,1024,12,32,55.665845554099626,16;32;64;128;256;512,28.589369005356875;55.665845554099626;7.9321940446827055;10.314899159152892;3.4521753839036444;3.6041162564336053,0.2,24,24534,0.998291015625,1.075448125992807,1.1218082881823648,0.04636016218955774,142.02764061905836,22.191818846727866,12.15479302406311
2,2,2.955817023684928,5.911634047369856,2.955817023684928,59.11634047369856,960.9474951197618,1024,12,32,34.67735290638741,16;32;64;128;256;512,33.36061993178731;34.67735290638741;5.190588266405382;7.198648171551521;3.349629646638942;1.9251424578253162,0.2,24,24525,0.9979248046875,1.1218082881823648,1.1448982440922464,0.02308995590988161,136.16167044315154,21.275261006742426,13.008771181106567
2,3,5.911634047369856,8.867451071054784,2.9558170236849284,59.11634047369856,972.6002409741471,1024,12,16,31.900901846600544,16;32;64;128;256;512,31.900901846600544;28.728237988788088;5.920427669391897;5.301135295372754;2.7592475747616807;1.4629554784902958,0.2,24,24502,0.9969889322916666,1.1448982440922464,1.1638492645442966,0.018951020452050216,140.70628612064013,43.97071441270004,6.977987051010132
2,4,8.867451071054784,11.823268094739712,2.9558170236849275,59.11634047369856,986.7805957584659,1024,12,32,47.03346817026081,16;32;64;128;256;512,31.734683292867704;47.03346817026081;6.626060222965131;9.225110261685945;2.9288331649653863;2.7027232053009485,0.2,24,24492,0.99658203125,1.1638492645442966,1.1771365998533838,0.013287335309087211,132.28839095820305,20.670061087219224,12.355270147323608
2,5,11.823268094739712,14.77908511842464,2.9558170236849275,59.11634047369856,995.6582096529188,1024,12,32,34.53291116794343,16;32;64;128;256;512,29.467325248058;34.53291116794343;5.269105942428186;6.769933771546262;2.9241869922211277;1.7609110308565563,0.2,24,24478,0.9960123697916666,1.1771365998533838,1.1880337687352949,0.010897168881911057,132.31424786346957,20.67410122866712,13.10454797744751
2,6,14.77908511842464,17.73490214210957,2.9558170236849293,59.11634047369856,1001.1468101548364,1024,12,32,34.02353132892879,16;32;64;128;256;512,27.78786455489288;34.02353132892879;5.888429836608809;8.261367006394249;2.9978809375232234;2.060782080301178,0.2,24,24470,0.9956868489583334,1.1880337687352949,1.1956911977035816,0.007657428968286695,130.2175272490987,20.346488632671672,11.732370138168335
2,7,17.73490214210957,20.690719165794498,2.9558170236849293,59.11634047369856,1007.3304418038384,1024,12,32,33.743455899203084,16;32;64;128;256;512,30.995321632165002;33.743455899203084;4.534846317014403;6.200288927175777;3.2753072050660395;1.6121803296023691,0.2,24,24449,0.9948323567708334,1.1956911977035816,1.204131543664971,0.00844034596138954,129.8603703742053,20.290682870969576,11.676079988479614
2,8,20.690719165794498,23.646536189479427,2.9558170236849293,59.11634047369856,1010.8148770213006,1024,12,32,40.60811759211818,16;32;64;128;256;512,30.800699560806052;40.60811759211818;5.688006269480588;6.7522711366276695;2.6853390437150946;2.1036084908880714,0.2,24,24422,0.9937337239583334,1.204131543664971,1.2069975763733964,0.0028660327084253368,124.88913211622751,19.513926893160548,12.91349482536316
2,9,23.646536189479427,26.602353213164356,2.9558170236849293,59.11634047369856,1012.1229183785479,1024,12,32,44.84460519612455,16;32;64;128;256;512,36.67085045927453;44.84460519612455;4.240177832076814;9.407706355493866;2.8830367306138025;2.2073795117099473,0.2,24,24423,0.9937744140625,1.2069975763733964,1.212194685038412,0.0051971086650155485,127.22605850526061,19.87907164144697,13.119574069976807
2,10,26.602353213164356,29.558170236849286,2.9558170236849293,59.11634047369856,1014.828618682264,1024,12,32,32.28845441557675,16;32;64;128;256;512,27.670986621358022;32.28845441557675;5.446370908702587;7.61186438840672;2.8069242821619635;2.0261528443000363,0.2,24,24392,0.9925130208333334,1.212194685038412,1.2176812878101373,0.005486602771725302,123.41943135045182,19.284286148508095,12.915823936462402
2,11,29.558170236849286,32.513987260534215,2.9558170236849293,59.11634047369856,1016.082455543214,1024,12,32,39.617701926174384,16;32;64;128;256;512,26.683046495130966;39.617701926174384;4.357553288624481;7.364406297340637;3.3417460008432256;2.094708310276011,0.2,24,24397,0.9927164713541666,1.2176812878101373,1.2188217667485333,0.0011404789383959724,122.47393350109732,19.136552109546454,11.748080968856812
2,12,32.513987260534215,35.469804284219144,2.9558170236849293,59.11634047369856,1016.5012051614159,1024,12,16,34.118675717725445,16;32;64;128;256;512,34.118675717725445;32.29317555889019;5.756613097146062;6.491643317553115;2.896090095816557;2.2422093501848384,0.2,24,24426,0.993896484375,1.2188217667485333,1.2207278251817115,0.0019060584331782593,126.5094915146665,39.534216098333275,7.606141090393066
2,13,35.469804284219144,38.42562130790407,2.9558170236849293,59.11634047369856,1017.7761750094191,1024,12,32,37.10299978593068,16;32;64;128;256;512,27.458818813001628;37.10299978593068;4.726076715068329;5.749947905713296;2.8551949330458;1.6823545650162366,0.2,24,24382,0.9921061197916666,1.2207278251817115,1.2244439990899991,0.003716173908287601,119.98251770833538,18.747268391927403,12.687057971954346
2,14,38.42562130790407,41.381438331589,2.9558170236849293,59.11634047369856,1018.6898690372091,1024,12,16,29.721512001882118,16;32;64;128;256;512,29.721512001882118;27.193447614892765;5.174384730323554;5.182387464350225;2.0701783207712734;1.1051591177760498,0.2,24,24424,0.9938151041666666,1.2244439990899991,1.2249153376287722,0.00047133853877312504,124.66896904021199,38.959052825066244,6.2286248207092285
2,15,41.381438331589,44.33725535527393,2.9558170236849293,59.11634047369856,1018.800513275289,1024,12,32,31.227962131293722,16;32;64;128;256;512,30.34399785056383;31.227962131293722;5.406091649524633;6.141505666049853;3.198409385846738;1.5971321332185457,0.2,24,24306,0.989013671875,1.2249153376287722,1.2269706409529135,0.0020553033241412777,124.20929470806608,19.407702298135323,11.791877031326294
2,16,44.33725535527393,47.29307237895886,2.9558170236849293,59.11634047369856,1019.3601889792568,1024,12,32,35.71623043826021,16;32;64;128;256;512,30.303711631308417;35.71623043826021;6.21106206009971;6.120817103403578;2.865484785192264;1.8263422079224327,0.2,24,24353,0.9909261067708334,1.2269706409529135,1.2281825743625632,0.001211933409649646,122.96819034710182,19.21377974173466,12.891037940979004
2,17,47.29307237895886,50.24888940264379,2.9558170236849293,59.11634047369856,1020.1568948270464,1024,12,16,33.68105025346026,16;32;64;128;256;512,33.68105025346026;30.764281902884587;4.59180434560936;6.625868710306598;3.084636424948947;1.4801784334305819,0.2,24,24368,0.9915364583333334,1.2281825743625632,1.23052352073546,0.002340946372896724,127.20451556582984,39.75141111432182,6.515131950378418
2,18,50.24888940264379,53.20470642632872,2.9558170236849293,59.11634047369856,1020.7869583517733,1024,12,16,28.227610367678288,16;32;64;128;256;512,28.227610367678288;28.007450928104472;4.4550160609976635;5.270537860609575;1.8881212295260041;1.7288690369666397,0.2,24,24352,0.9908854166666666,1.23052352073546,1.231944820926401,0.0014213001909411105,122.00565762043288,38.12676800638528,6.9021100997924805
2,19,53.20470642632872,56.16052345001365,2.9558170236849293,59.11634047369856,1021.1359148298355,1024,12,32,30.681518395194946,16;32;64;128;256;512,27.698481667540882;30.681518395194946;3.9859685939207035;4.747160784158475;2.438958715501084;1.561613466426435,0.2,24,24274,0.9877115885416666,1.231944820926401,1.2323961401129964,0.00045131918659535586,117.73459587889778,18.396030606077776,12.807026147842407
2,20,56.16052345001365,59.11634047369856,2.955817023684908,59.11634047369856,1021.1893934430753,1024,12,16,47.46078469477793,16;32;64;128;256;512,47.46078469477793;45.82892938195416;5.286891829330737;8.974197981689715;3.6719575076921864;2.302989424728655,0.2,24,24361,0.9912516276041666,1.2323961401129964,1.2336617192213453,0.001265579108348902,124.7923728644924,38.997616520153876,6.871732950210571
4,1,0.0,4.727132596282505,4.727132596282505,94.5426519256501,931.8318605053848,1024,12,16,37.09745967913969,16;32;64;128;256;512,37.09745967913969;34.741303989326354;6.318251260512057;7.3153845428509205;2.6229731304692474;2.096799435702538,0.2,24,24521,0.9977620442708334,1.2023005146975265,1.226601000908886,0.024300486211359384,146.98642359498555,45.93325737343298,6.414646148681641
4,2,4.727132596282505,9.45426519256501,4.727132596282505,94.5426519256501,957.099251476837,1024,12,32,39.69760445750772,16;32;64;128;256;512,30.54397214344816;39.69760445750772;5.37335845869354;8.111546386548541;2.6049823543123356;2.275926698782734,0.2,24,24516,0.99755859375,1.226601000908886,1.2442224519718366,0.017621451062950655,139.36449932979897,21.77570302028109,12.757483005523682
4,3,9.45426519256501,14.181397788847516,4.727132596282505,94.5426519256501,977.0095472609835,1024,12,32,54.240830997914124,16;32;64;128;256;512,33.4981126108181;54.240830997914124;6.145733177320006;10.708668503680203;3.9365859186424177;3.097517873615936,0.2,24,24493,0.9966227213541666,1.2442224519718366,1.2571374077110704,0.012914955739233847,135.70598019352525,21.20405940523832,11.617898941040039
4,4,14.181397788847516,18.90853038513002,4.727132596282505,94.5426519256501,991.8625243452376,1024,12,32,56.39162942406043,16;32;64;128;256;512,49.34133213387332;56.39162942406043;6.261480767400454;12.284769420092637;4.170633504245824;3.483223587368254,0.2,24,24475,0.9958902994791666,1.2571374077110704,1.2634014908812787,0.006264083170208323,134.93819999160144,21.084093748687724,11.956969022750854
4,5,18.90853038513002,23.635662981412526,4.727132596282505,94.5426519256501,998.3086014050444,1024,12,16,27.627951481909626,16;32;64;128;256;512,27.627951481909626;27.458473906515803;5.077400827044951;4.853068762874795;2.3180635561061504;1.4812460607948537,0.2,24,24455,0.9950764973958334,1.2634014908812787,1.2700310761074434,0.006629585226164636,136.6945769635806,42.71705530111893,6.856827020645142
4,6,23.635662981412526,28.36279557769503,4.727132596282505,94.5426519256501,1003.1221144469359,1024,12,32,37.957187028437914,16;32;64;128;256;512,33.67308697094379;37.957187028437914;5.879853117342426;7.203863700576834;3.4111631661568658;2.169146570531141,0.2,24,24412,0.9933268229166666,1.2700310761074434,1.2773896338435407,0.007358557736097282,126.87205160784207,19.82375806372532,12.223150968551636
4,7,28.36279557769503,33.08992817397754,4.727132596282509,94.5426519256501,1010.8496842205849,1024,12,32,33.422395563870175,16;32;64;128;256;512,26.818219791813135;33.422395563870175;5.109881112844246;7.25165362474317;3.060625941994225;1.182532528646338,0.2,24,24408,0.9931640625,1.2773896338435407,1.2771383181079727,-0.0002513157355679141,129.33224620112205,20.208163468925317,12.628334045410156
4,8,33.08992817397754,37.81706077026004,4.727132596282502,94.5426519256501,1009.4655677409046,1024,12,16,36.52288125601295,16;32;64;128;256;512,36.52288125601295;35.95363106549307;5.717645405463994;7.444173330763197;3.1745866435979444;1.6269899170103432,0.2,24,24448,0.9947916666666666,1.2771383181079727,1.2815508885873896,0.0044125704794169,134.103309164209,41.907284113815315,6.0688440799713135
4,9,37.81706077026004,42.544193366542544,4.727132596282502,94.5426519256501,1014.5172903191141,1024,12,32,35.915933396506226,16;32;64;128;256;512,27.1548549778567;35.915933396506226;6.290106952716994;7.7628126646377416;3.0156005702039272;2.0502522448617153,0.2,24,24386,0.9922688802083334,1.2815508885873896,1.2840365068491337,0.0024856182617440936,127.64277409165572,19.944183451821207,11.861299991607666
4,10,42.544193366542544,47.271325962825046,4.727132596282502,94.5426519256501,1015.4121759333779,1024,12,16,39.69926672957152,16;32;64;128;256;512,39.69926672957152;38.07463264854012;5.423748905251656;8.162663001650953;3.8875072542789524;1.9956102378531306,0.2,24,24407,0.9931233723958334,1.2840365068491337,1.2859749677195396,0.0019384608704058337,129.9233386016593,40.60104331301853,6.084936141967773
4,11,47.271325962825046,51.99845855910755,4.727132596282502,94.5426519256501,1017.0293127200644,1024,12,16,33.56273421953032,16;32;64;128;256;512,33.56273421953032;33.117696048929176;5.936925841230927;7.4607298808505185;2.7231441252004;2.0692600437569646,0.2,24,24403,0.9929606119791666,1.2859749677195396,1.288045322768994,0.0020703550494545198,130.3567743074157,40.7364919710674,6.918959856033325
4,12,51.99845855910755,56.72559115539005,4.727132596282502,94.5426519256501,1018.4382309345831,1024,12,32,42.42723801902089,16;32;64;128;256;512,36.50242966504149;42.42723801902089;4.514845704672144;8.614236937181833;3.399428542300629;2.468305331413807,0.2,24,24273,0.9876708984375,1.288045322768994,1.2898853775586758,0.0018400547896817443,125.20635451695934,19.563492893274894,11.817132949829102
4,13,56.72559115539005,61.45272375167255,4.727132596282502,94.5426519256501,1019.4218545987188,1024,12,32,35.468672503785555,16;32;64;128;256;512,25.009504366782156;35.468672503785555;5.043130945625623;4.9741904070780985;3.2589133158494836;1.6696143627328899,0.2,24,24278,0.9878743489583334,1.2898853775586758,1.2904376946157754,0.0005523170570995717,122.04496875332497,19.069526367707024,11.857424974441528
4,14,61.45272375167255,66.17985634795505,4.727132596282502,94.5426519256501,1019.991625201818,1024,12,32,29.80831720567383,16;32;64;128;256;512,28.80421822122523;29.80831720567383;4.4102788817323395;7.190702995577929;2.3702312194429185;1.6735211088242785,0.2,24,24235,0.9861246744791666,1.2904376946157754,1.29097000348429,0.0005323088685145194,121.883434433504,19.044286630234996,11.624514102935791
4,15,66.17985634795505,70.90698894423755,4.727132596282502,94.5426519256501,1019.8880579625484,1024,12,32,39.271618796670154,16;32;64;128;256;512,28.866886136758207;39.271618796670154;4.459717269509529;7.2823773225498885;2.438619175072064;1.9589188417000942,0.2,24,24266,0.9873860677083334,1.29097000348429,1.2924110532835584,0.0014410497992685123,124.31927201059229,19.424886251655042,12.61637806892395
4,16,70.90698894423755,75.63412154052006,4.727132596282502,94.5426519256501,1020.5961284991566,1024,12,32,36.30668968889657,16;32;64;128;256;512,31.467985975452734;36.30668968889657;4.989804249673318;4.576656459418524;2.390774827837957;1.8506530770802494,0.2,24,24214,0.9852701822916666,1.2924110532835584,1.2924411841113397,3.0130827781249536e-5,123.99654881571297,19.37446075245515,13.116708993911743
4,17,75.63412154052006,80.36125413680256,4.727132596282502,94.5426519256501,1020.9663888735612,1024,12,32,34.49551992445826,16;32;64;128;256;512,27.91285344637463;34.49551992445826;4.553889385783139;3.7553281649715307;2.389448394357528;1.7443444537363844,0.2,24,24190,0.9842936197916666,1.2924411841113397,1.293092306894323,0.0006511227829832933,121.70394292410516,19.01624108189143,11.760366916656494
4,18,80.36125413680256,85.08838673308506,4.727132596282502,94.5426519256501,1020.8133420898764,1024,12,32,29.319148333685366,16;32;64;128;256;512,26.82156124449546;29.319148333685366;4.602577478702122;7.37102395574175;2.9660518824460267;1.8096454403444413,0.2,24,24205,0.9849039713541666,1.293092306894323,1.2936488013619964,0.000556494467673474,123.32046704936583,19.26882297646341,11.425173997879028
4,19,85.08838673308506,89.81551932936756,4.727132596282502,94.5426519256501,1021.4556257896616,1024,12,32,33.71529403439702,16;32;64;128;256;512,22.882909648617897;33.71529403439702;5.638625506482297;6.845391338117109;3.451479502260383;1.6158729526790738,0.2,24,24191,0.9843343098958334,1.2936488013619964,1.29457814121497,0.0009293398529734986,121.1059648743936,18.922807011624,11.448804140090942
4,20,89.81551932936756,94.5426519256501,4.727132596282544,94.5426519256501,1021.6581687147333,1024,12,16,26.50117559408557,16;32;64;128;256;512,26.50117559408557;23.323811819712354;4.236925688483181;4.723175200777705;1.9219111635957256;1.1276230352696166,0.2,24,24295,0.9885660807291666,1.29457814121497,1.2950815196927579,0.0005033784777879191,125.8635017521523,39.33234429754759,6.397643089294434
6,1,0.0,7.464420531311768,7.464420531311768,149.28841062623536,925.3116077676561,1024,12,32,50.21212771850328,16;32;64;128;256;512,39.29599663101809;50.21212771850328;9.137247630741928;11.325074658352525;3.6889542563119235;3.0848091875739474,0.2,24,24514,0.9974772135416666,1.129587046042161,1.1451987406917397,0.015611694649578567,144.15184803149347,22.523726254920852,12.611341953277588
6,2,7.464420531311768,14.928841062623537,7.464420531311768,149.28841062623536,955.5425848813773,1024,12,16,31.79777271935847,16;32;64;128;256;512,31.79777271935847;31.494054085120993;4.696186282601302;8.081693534801632;3.2858355144379283;1.9382190723461568,0.2,24,24502,0.9969889322916666,1.1451987406917397,1.1580496841725108,0.012850943480771093,144.7364214933573,45.23013171667416,6.808051109313965
6,3,14.928841062623537,22.393261593935307,7.46442053131177,149.28841062623536,982.0054218427281,1024,12,32,28.043267505220086,16;32;64;128;256;512,27.55517019259934;28.043267505220086;5.911474118561883;6.977288133378512;3.165722381674876;2.2406683698372856,0.2,24,24474,0.995849609375,1.1580496841725108,1.1632624496414792,0.005212765468968428,138.15172370603656,21.58620682906821,12.937701940536499
6,4,22.393261593935307,29.857682125247074,7.464420531311767,149.28841062623536,992.983329880573,1024,12,32,33.07395506165953,16;32;64;128;256;512,31.150869874776834;33.07395506165953;6.148109229138455;6.822525778900636;2.8953733538723885;2.0266132294368364,0.2,24,24438,0.994384765625,1.1632624496414792,1.1688278883966632,0.0055654387551840045,133.80763723788309,20.90744331841923,12.938586950302124
6,5,29.857682125247074,37.32210265655884,7.464420531311767,149.28841062623536,1000.0913690328966,1024,12,32,38.47191345372449,16;32;64;128;256;512,29.649961688812326;38.47191345372449;6.448506690105989;7.159073093221296;3.3080095109184375;1.6952008961012024,0.2,24,24401,0.9928792317708334,1.1688278883966632,1.1730913967835477,0.004263508386884496,133.7150755553427,20.892980555522296,11.664363861083984
6,6,37.32210265655884,44.78652318787061,7.464420531311767,149.28841062623536,1006.8818776747174,1024,12,32,31.609598603559093,16;32;64;128;256;512,25.88813251845505;31.609598603559093;5.86161334118856;7.60342679676294;3.093698689802494;1.6617735923033417,0.2,24,24377,0.9919026692708334,1.1730913967835477,1.1763372688292293,0.003245872045681608,129.52685789248235,20.238571545700367,11.255742073059082
6,7,44.78652318787061,52.250943719182374,7.464420531311767,149.28841062623536,1011.8153080233676,1024,12,32,37.657367112110784,16;32;64;128;256;512,32.28483703794345;37.657367112110784;5.017071347734948;8.066671805762963;2.731494451342689;2.285521415196686,0.2,24,24354,0.990966796875,1.1763372688292293,1.1781940295140885,0.0018567606848591822,130.28563360648766,20.357130251013697,11.570760011672974
6,8,52.250943719182374,59.71536425049414,7.464420531311767,149.28841062623536,1014.7738030107676,1024,12,32,52.05798009887542,16;32;64;128;256;512,46.59848880329212;52.05798009887542;3.842894794781547;8.58892447554695;2.975255650852123;2.7058501930248493,0.2,24,24296,0.9886067708333334,1.1781940295140885,1.178695636314842,0.0005016068007535068,128.88060831322298,20.13759504894109,11.532383918762207
6,9,59.71536425049414,67.1797847818059,7.464420531311767,149.28841062623536,1015.07179773194,1024,12,32,43.721313102820226,16;32;64;128;256;512,36.01303102177748;43.721313102820226;4.676880110206492;6.871158740446478;2.5054484890934763;2.4074329050083834,0.2,24,24298,0.9886881510416666,1.178695636314842,1.1801596361010525,0.0014639997862104792,128.51169613001403,20.07995252031469,12.802988052368164
6,10,67.1797847818059,74.64420531311768,7.464420531311774,149.28841062623536,1016.4374719212489,1024,12,32,37.67976487895102,16;32;64;128;256;512,35.88065320502062;37.67976487895102;4.102012829541704;7.815735594384626;3.911099914153623;1.8147143575951392,0.2,24,24249,0.9866943359375,1.1801596361010525,1.1816127724509897,0.0014531363499372674,126.3597078015013,19.74370434398458,12.984512090682983
6,11,74.64420531311768,82.10862584442945,7.464420531311774,149.28841062623536,1018.3708594559497,1024,12,16,29.18060722200398,16;32;64;128;256;512,29.18060722200398;25.713998412579805;3.7441486481056185;6.050239597512593;3.175652333684587;1.561608884650631,0.2,24,24337,0.9902750651041666,1.1816127724509897,1.1818423829013227,0.00022961045033298433,132.80844289559266,41.502638404872705,6.886359930038452
6,12,82.10862584442945,89.57304637574123,7.464420531311774,149.28841062623536,1018.3504857541147,1024,12,32,45.20265674998571,16;32;64;128;256;512,43.977835905875274;45.20265674998571;8.088322073011897;7.413327334746336;3.2210636890823356;2.536137884491373,0.2,24,24183,0.9840087890625,1.1818423829013227,1.1828926942030193,0.0010503113016966381,125.56419232706556,19.619405051103993,12.216133832931519
6,13,89.57304637574123,97.037466907053,7.464420531311774,149.28841062623536,1019.0185519760656,1024,12,32,40.83750720630468,16;32;64;128;256;512,27.323714002102093;40.83750720630468;7.013948950355678;8.268868577544547;3.1891817024471036;2.0511843942705403,0.2,24,24192,0.984375,1.1828926942030193,1.183388701815602,0.0004960076125826163,125.38378053039548,19.591215707874294,12.461143970489502
6,14,97.037466907053,104.50188743836478,7.464420531311774,149.28841062623536,1019.7401656012751,1024,12,32,30.84711843097928,16;32;64;128;256;512,23.055178158635094;30.84711843097928;4.136892367222409;5.55860591233118;2.358546730241252;1.4492828880619282,0.2,24,24158,0.9829915364583334,1.183388701815602,1.1839959715789519,0.0006072697633499047,121.70246280610085,19.01600981345326,11.624697923660278
6,15,104.50188743836478,111.96630796967655,7.464420531311774,149.28841062623536,1020.4896370254578,1024,12,32,43.49817215695435,16;32;64;128;256;512,36.90599306552503;43.49817215695435;4.518902750822008;8.304716406481516;3.184329866497365;2.1220461759884044,0.2,24,24132,0.98193359375,1.1839959715789519,1.1849377469679894,0.0009417753890375025,122.57874087716907,19.152928262057667,11.552635908126831
6,16,111.96630796967655,119.43072850098832,7.464420531311774,149.28841062623536,1021.0576737535738,1024,12,16,42.86489016530816,16;32;64;128;256;512,42.86489016530816;32.7703893695643;5.397415163392627;6.2684554251051;2.803688495131144;1.8111597292690136,0.2,24,24236,0.9861653645833334,1.1849377469679894,1.1851896745451995,0.0002519275772101537,124.36055087408232,38.86267214815072,6.501918077468872
6,17,119.43072850098832,126.8951490323001,7.464420531311774,149.28841062623536,1021.4519902451038,1024,12,32,32.63858623558753,16;32;64;128;256;512,27.467760429448518;32.63858623558753;5.174974089656468;7.553235612947234;3.0594755413278163;1.9912514764546767,0.2,24,24103,0.9807535807291666,1.1851896745451995,1.1855228107037874,0.0003331361585878767,124.57922781348873,19.465504345857614,12.498418092727661
6,18,126.8951490323001,134.35956956361187,7.464420531311774,149.28841062623536,1021.3171303327002,1024,12,32,29.702257642878394,16;32;64;128;256;512,23.314777569817203;29.702257642878394;5.4838626897582055;5.1710420303082865;2.595657301130903;1.2309779426650658,0.2,24,24070,0.9794108072916666,1.1855228107037874,1.1859542099828104,0.0004313992790230259,121.42129110222173,18.972076734722144,11.560539960861206
6,19,134.35956956361187,141.82399009492363,7.4644205313117595,149.28841062623536,1022.0993375675645,1024,12,16,30.460769182905345,16;32;64;128;256;512,30.460769182905345;27.37579046586914;6.061571323809742;5.6600461763772225;2.8083475487152763;1.6974387983061763,0.2,24,24221,0.9855550130208334,1.1859542099828104,1.1860261510087184,7.194102590801776e-5,126.52787347921746,39.53996046225546,6.83305287361145
6,20,141.82399009492363,149.28841062623536,7.464420531311731,149.28841062623536,1022.0457425324811,1024,12,32,30.320415430796512,16;32;64;128;256;512,28.08907118131746;30.320415430796512;4.614668510556068;6.623317493647251;2.555801019259989;1.8461370864278797,0.2,24,23999,0.9765218098958334,1.1860261510087184,1.1865549152034873,0.0005287641947688826,120.98655503341266,18.904149223970727,12.818517208099365
8,1,0.0,7.261708969922211,7.261708969922211,145.2341793984442,948.8436792064531,1024,12,32,36.77010250823846,16;32;64;128;256;512,26.087146057027326;36.77010250823846;6.18111653160564;7.465374214019285;2.8041709147198692;2.3421411253533932,0.2,24,24530,0.9981282552083334,1.1821737199102245,1.194522145819974,0.012348425909749494,140.32840844609476,21.926313819702305,11.67436695098877
8,2,7.261708969922211,14.523417939844421,7.261708969922211,145.2341793984442,973.3206287624395,1024,12,32,38.89554740337109,16;32;64;128;256;512,32.29913092670392;38.89554740337109;5.823874062383446;8.098985556614467;2.983870150272123;2.6833899953641227,0.2,24,24493,0.9966227213541666,1.194522145819974,1.2056617466150783,0.011139600795104343,140.2157865247922,21.90871664449878,12.982717990875244
8,3,14.523417939844421,21.785126909766632,7.261708969922211,145.2341793984442,992.0880622901491,1024,12,32,54.10004886083687,16;32;64;128;256;512,38.646514575811146;54.10004886083687;8.226952922133721;10.401428232619045;3.0894931992083583;3.0169470671532306,0.2,24,24475,0.9958902994791666,1.2056617466150783,1.2103294987909976,0.004667752175919304,135.64108253350824,21.19391914586066,12.964688062667847
8,4,21.785126909766632,29.046835879688842,7.261708969922211,145.2341793984442,1001.8271145574048,1024,12,16,32.449213592232574,16;32;64;128;256;512,32.449213592232574;24.508839727325036;5.3195237215411;6.545612300301762;2.4363230632333015;1.8972946438861562,0.2,24,24461,0.9953206380208334,1.2103294987909976,1.2148956602977705,0.0045661615067729144,139.80255546591422,43.688298583098195,6.896554946899414
8,5,29.046835879688842,36.30854484961105,7.261708969922211,145.2341793984442,1008.86645611401,1024,12,32,46.88774354909434,16;32;64;128;256;512,39.221667477381;46.88774354909434;5.524756998587798;9.596612621242858;3.0379970105517855;2.4655056654960417,0.2,24,24394,0.9925944010416666,1.2148956602977705,1.21735059956427,0.002454939266499423,135.8050046938124,21.21953198340819,12.130886793136597
8,6,36.30854484961105,43.570253819533264,7.261708969922211,145.2341793984442,1011.6831692851466,1024,12,16,42.89409810748158,16;32;64;128;256;512,42.89409810748158;26.181713929656823;7.304486919154918;9.171764950119718;3.3074602034494887;2.580906592799893,0.2,24,24421,0.9936930338541666,1.21735059956427,1.2186544679734652,0.0013038684091952746,135.54698133697667,42.358431667805206,7.140552043914795
8,7,43.570253819533264,50.831962789455474,7.261708969922211,145.2341793984442,1014.1192526226648,1024,12,32,36.05854884506939,16;32;64;128;256;512,32.286557930778;36.05854884506939;5.824970312921011;7.980124812910267;2.8652469804711793;1.554228222355984,0.2,24,24333,0.9901123046875,1.2186544679734652,1.2202772883997568,0.0016228204262915824,132.2457941656508,20.663405338382937,12.999689102172852
8,8,50.831962789455474,58.093671759377685,7.261708969922211,145.2341793984442,1016.2817828503551,1024,12,32,41.85454136727644,16;32;64;128;256;512,28.84186950464409;41.85454136727644;5.305686429143532;7.3559261532755205;3.2385908851011225;2.1465367540151994,0.2,24,24294,0.988525390625,1.2202772883997568,1.2219920097400063,0.0017147213402495254,133.30576722963454,20.829026129630396,13.043329954147339
8,9,58.093671759377685,65.3553807292999,7.261708969922211,145.2341793984442,1018.1334217845023,1024,12,32,37.15977770068925,16;32;64;128;256;512,23.237580355769722;37.15977770068925;6.462694103888828;6.901685312393719;2.836002478274818;2.166711387238832,0.2,24,24258,0.987060546875,1.2219920097400063,1.2223891334501786,0.0003971237101723091,132.8579814194537,20.759059596789637,13.019330024719238
8,10,65.3553807292999,72.6170896992221,7.261708969922211,145.2341793984442,1018.2787691667569,1024,12,32,30.80433576160049,16;32;64;128;256;512,29.34578032214426;30.80433576160049;4.608001906187058;6.045722576889384;1.9053486637773647;1.535362462170471,0.2,24,24239,0.9862874348958334,1.2223891334501786,1.2230509937139686,0.000661860263790004,129.18946542618855,20.185853972841958,11.919473886489868
8,11,72.6170896992221,79.87879866914432,7.261708969922211,145.2341793984442,1019.1880945772024,1024,12,32,48.05227873119865,16;32;64;128;256;512,41.15745933697756;48.05227873119865;6.444289022841064;9.4825131312261;3.9013569586555645;2.223804468611967,0.2,24,24215,0.9853108723958334,1.2230509937139686,1.223288311646229,0.00023731793226033915,130.36321011379957,20.36925158028118,12.717759847640991
8,12,79.87879866914432,87.14050763906653,7.261708969922211,145.2341793984442,1019.357515037864,1024,12,32,35.53011852596603,16;32;64;128;256;512,22.36866411681568;35.53011852596603;4.913704385640091;5.149042178984578;2.586458059516899;1.7653967400240307,0.2,24,24165,0.9832763671875,1.223288311646229,1.223705078668445,0.00041676702221593587,133.16259501337606,20.80665547084001,12.996887922286987
8,13,87.14050763906653,94.40221660898874,7.261708969922211,145.2341793984442,1019.7075820730817,1024,12,32,35.152954505143505,16;32;64;128;256;512,33.32757785855269;35.152954505143505;5.087217130113668;6.1566843064125525;3.060917847361866;1.3985701192905897,0.2,24,24137,0.9821370442708334,1.223705078668445,1.2246326982294704,0.0009276195610254945,131.1656253172333,20.4946289558177,13.067027807235718
8,14,94.40221660898874,101.66392557891095,7.261708969922211,145.2341793984442,1020.5677204002551,1024,12,16,49.16147733135201,16;32;64;128;256;512,49.16147733135201;48.093401021173854;4.802886937313223;8.376511044580958;3.343798296969063;1.3160668205014314,0.2,24,24256,0.9869791666666666,1.2246326982294704,1.225442495092011,0.0008097968625406793,133.35119338680704,41.6722479333772,6.062875032424927
8,15,101.66392557891095,108.92563454883316,7.261708969922211,145.2341793984442,1021.5926640036116,1024,12,32,38.76652523867222,16;32;64;128;256;512,27.243422143029274;38.76652523867222;6.586312546566055;7.05098587877838;2.4617995871680356;1.9998726141462564,0.2,24,24102,0.980712890625,1.225442495092011,1.225505551144579,6.305605256784474e-5,130.12394856593292,20.331866963427018,11.318464994430542
8,16,108.92563454883316,116.18734351875537,7.261708969922211,145.2341793984442,1021.4653535923528,1024,12,16,35.78744228106391,16;32;64;128;256;512,35.78744228106391;32.99918527352835;6.309470812784584;8.177559520876013;3.9017183808845957;1.8460844143015303,0.2,24,24188,0.9842122395833334,1.225505551144579,1.2263119361009558,0.0008063849563768599,129.88608667402679,40.58940208563337,6.30270791053772
8,17,116.18734351875537,123.44905248867758,7.261708969922211,145.2341793984442,1022.1423551449393,1024,12,32,31.346158408873393,16;32;64;128;256;512,27.03147357535628;31.346158408873393;4.480718259221451;4.452313206121908;2.436400704167366;1.4646652766385977,0.2,24,24071,0.9794514973958334,1.2263119361009558,1.226582481378955,0.00027054527799919015,128.90337996739868,20.141153119906043,13.150683879852295
8,18,123.44905248867758,130.7107614585998,7.261708969922211,145.2341793984442,1022.2313638831977,1024,12,32,38.89718842034493,16;32;64;128;256;512,32.82897750340741;38.89718842034493;5.133469176813093;5.624241357448538;3.2684664997881177;1.6925570553289333,0.2,24,24045,0.9783935546875,1.226582481378955,1.2267890020293635,0.00020652065040849266,126.02423637846985,19.691286934135913,13.077505111694336
8,19,130.7107614585998,137.972470428522,7.261708969922211,145.2341793984442,1022.3765553015645,1024,12,32,39.62317888551583,16;32;64;128;256;512,35.86721778379318;39.62317888551583;5.173113490453123;5.319527210680632;3.2193471518515073;1.786425869331554,0.2,24,23993,0.9762776692708334,1.2267890020293635,1.2269817525479993,0.00019275051863587578,125.06160151133626,19.54087523614629,13.11869502067566
8,20,137.972470428522,145.2341793984442,7.261708969922211,145.2341793984442,1022.5453826707252,1024,12,32,38.38158285252336,16;32;64;128;256;512,31.19849107172546;38.38158285252336;6.148508470183298;5.958051715657249;2.6335146543682235;0.914009120068095,0.2,24,23934,0.973876953125,1.2269817525479993,1.2272894809457284,0.000307728397729079,127.92763050160555,19.988692265875866,12.989798069000244
10,1,0.0,11.45132852786035,11.45132852786035,229.02657055720698,955.0895618304801,1024,12,32,41.22956989238762,16;32;64;128;256;512,36.788572699849716;41.22956989238762;7.3291075732154685;9.954809024476619;3.853117308973174;2.720553816349133,0.2,24,24513,0.9974365234375,1.2403564939436365,1.247489169396431,0.007132675452794501,143.40157336146981,22.406495837729658,12.51173710823059
10,2,11.45132852786035,22.9026570557207,11.45132852786035,229.02657055720698,978.4614035521896,1024,12,16,47.89969962562181,16;32;64;128;256;512,47.89969962562181;43.273345964328314;7.3737772712233145;9.51646760492846;2.9874889596760905;2.4082016414939336,0.2,24,24481,0.9961344401041666,1.247489169396431,1.2527273393852738,0.005238169988842856,143.47868184733034,44.83708807729073,6.861050128936768
10,3,22.9026570557207,34.35398558358105,11.451328527860351,229.02657055720698,994.1674495976475,1024,12,32,37.91582614287041,16;32;64;128;256;512,32.197599477825534;37.91582614287041;6.123807137545648;7.688381872983705;3.074695544175335;2.5052639389651143,0.2,24,24406,0.9930826822916666,1.2527273393852738,1.256360638667502,0.0036332992822281085,139.45846693511868,21.790385458612292,12.949923992156982
10,4,34.35398558358105,45.8053141114414,11.451328527860348,229.02657055720698,1004.6400720760158,1024,12,32,41.15264529344732,16;32;64;128;256;512,24.20232425223843;41.15264529344732;5.663595164568767;6.241697575703518;2.7538807315005513;2.1240954236971312,0.2,24,24321,0.9896240234375,1.256360638667502,1.2588620688657102,0.0025014301982082543,140.83462005416635,22.00540938346349,13.029503107070923
10,5,45.8053141114414,57.256642639301745,11.451328527860348,229.02657055720698,1010.140583775416,1024,12,32,54.383639395953765,16;32;64;128;256;512,34.29101689898832;54.383639395953765;6.4747326500521805;7.79777058840106;2.9721861201850706;2.707598787245519,0.2,24,24286,0.9881998697916666,1.2588620688657102,1.259968903551453,0.0011068346857427969,138.15607474196167,21.58688667843151,11.96285104751587
10,6,57.256642639301745,68.7079711671621,11.451328527860355,229.02657055720698,1011.1941161266931,1024,12,32,50.517341615813834,16;32;64;128;256;512,35.29635447701887;50.517341615813834;7.128959792491834;8.485981723697199;3.319727431330118;2.959436323145666,0.2,24,24220,0.9855143229166666,1.259968903551453,1.2606170765493516,0.000648172997898655,136.23514358388442,21.28674118498194,12.926841974258423
10,7,68.7079711671621,80.15929969502245,11.451328527860355,229.02657055720698,1013.7419824272177,1024,12,32,37.427509414216765,16;32;64;128;256;512,31.18786723876153;37.427509414216765;5.3128591242990835;8.228606171577034;2.7424046894768277;2.142002505426064,0.2,24,24164,0.9832356770833334,1.2606170765493516,1.2618409691394845,0.0012238925901328912,133.4437620307327,20.85058781730198,13.10128402709961
10,8,80.15929969502245,91.61062822288281,11.451328527860355,229.02657055720698,1015.2569423998428,1024,12,32,38.00040837326848,16;32;64;128;256;512,31.444715733843125;38.00040837326848;6.222220276848567;9.856355039256718;2.1063865147290355;2.0545206478978075,0.2,24,24136,0.9820963541666666,1.2618409691394845,1.2624447408516062,0.0006037717121216701,135.70549375749977,21.20398339960934,12.325677871704102
10,9,91.61062822288281,103.06195675074316,11.451328527860355,229.02657055720698,1016.3225608284541,1024,12,32,38.14608512126724,16;32;64;128;256;512,34.51296886784757;38.14608512126724;6.454006696370614;9.231908172733037;2.559558519952501;2.5936509689376246,0.2,24,24025,0.9775797526041666,1.2624447408516062,1.2633287467579066,0.0008840059063004446,135.731324541811,21.20801945965797,11.934265851974487
10,10,103.06195675074316,114.51328527860352,11.451328527860355,229.02657055720698,1017.7229717490779,1024,12,32,30.13920662835638,16;32;64;128;256;512,25.737363557079227;30.13920662835638;6.037884527357138;6.387245041902212;2.4429888875116257;1.727375137439118,0.2,24,23997,0.9764404296875,1.2633287467579066,1.263956984676497,0.0006282379185904574,134.71176408282443,21.048713137941316,13.117251873016357
10,11,114.51328527860352,125.96461380646387,11.451328527860355,229.02657055720698,1018.2868236361007,1024,12,32,46.23406590935453,16;32;64;128;256;512,43.85070784116111;46.23406590935453;4.5519868586402215;10.530899635673991;3.126188762465134;2.4877928800196605,0.2,24,23921,0.9733479817708334,1.263956984676497,1.2642149404318843,0.00025795575538722915,129.8666997522623,20.29167183629098,12.11231803894043
10,12,125.96461380646387,137.41594233432423,11.451328527860355,229.02657055720698,1018.5751254179079,1024,12,32,26.050592196424795,16;32;64;128;256;512,21.778352675689085;26.050592196424795;4.203065028762816;5.271226629823536;2.0779802275327217;1.4977358377638528,0.2,24,23884,0.9718424479166666,1.2642149404318843,1.2650090134839047,0.0007940730520203942,130.55792872439366,20.399676363186508,11.362910032272339
10,13,137.41594233432423,148.86727086218457,11.45132852786034,229.02657055720698,1019.7625393630765,1024,12,32,40.412852174380696,16;32;64;128;256;512,33.027866248108154;40.412852174380696;3.7952537331046776;7.7867791386478435;1.6554999664276617;1.5433282789788856,0.2,24,23818,0.9691569010416666,1.2650090134839047,1.2649197879686653,-8.922551523937727e-5,131.51434358971318,20.549116185892682,11.778543949127197
10,14,148.86727086218457,160.3185993900449,11.45132852786034,229.02657055720698,1019.1935606782154,1024,12,32,33.52375374493674,16;32;64;128;256;512,33.06899104261552;33.52375374493674;6.003779121955435;6.383286936035719;1.71828550559658;1.5417727607304392,0.2,24,23747,0.9662679036458334,1.2649197879686653,1.266228493032031,0.0013087050633657782,130.66419683052436,20.41628075476943,11.605439901351929
10,15,160.3185993900449,171.76992791790525,11.45132852786034,229.02657055720698,1020.5653247862049,1024,12,32,33.56770392049681,16;32;64;128;256;512,26.69937273064849;33.56770392049681;4.644552423089971;6.366506006521827;2.9563258646523805;1.4131912282063521,0.2,24,23693,0.9640706380208334,1.266228493032031,1.2661576399059413,-7.085312608978711e-5,131.4900626442656,20.5453222881665,11.351241827011108
10,16,171.76992791790525,183.2212564457656,11.45132852786034,229.02657055720698,1020.9912998501085,1024,12,32,36.629447305261316,16;32;64;128;256;512,28.605812516867275;36.629447305261316;4.978971750788969;7.020460247127518;2.7600259657388526;2.328438327508131,0.2,24,23661,0.9627685546875,1.2661576399059413,1.2666086933895713,0.00045105348362994846,129.2612716179233,20.197073690300517,11.115175008773804
10,17,183.2212564457656,194.67258497362593,11.45132852786034,229.02657055720698,1021.0161101818213,1024,12,32,34.26981217045555,16;32;64;128;256;512,28.862962936470126;34.26981217045555;5.363345155690032;5.867614181727446;1.8671457395514401;1.5313727467477327,0.2,24,23577,0.9593505859375,1.2666086933895713,1.2663477582082123,-0.00026093518135894556,128.67191204194805,20.10498625655438,11.419717073440552
10,18,194.67258497362593,206.12391350148627,11.45132852786034,229.02657055720698,1020.6145319958852,1024,12,32,45.20558602775911,16;32;64;128;256;512,37.27362926996619;45.20558602775911;6.401374686494649;9.074538284683776;3.74939987294519;1.7451197125943096,0.2,24,23526,0.957275390625,1.2663477582082123,1.2669937940527234,0.0006460358445110614,127.95619805253673,19.993155945708864,11.486041069030762
10,19,206.12391350148627,217.5752420293466,11.45132852786034,229.02657055720698,1021.3253004762698,1024,12,32,36.997261963246736,16;32;64;128;256;512,32.9944354630506;36.997261963246736;4.540626322509895;6.54644608006783;2.5531159696041925;1.7079014979966607,0.2,24,23453,0.9543050130208334,1.2669937940527234,1.26725182182372,0.00025802777099670493,126.99874850361186,19.843554453689354,12.514166116714478
10,20,217.5752420293466,229.02657055720698,11.451328527860369,229.02657055720698,1021.4533717266601,1024,12,32,32.95214234346823,16;32;64;128;256;512,24.55706145022415;32.95214234346823;5.9728086987228535;6.0688953051251815;2.00029290309402;1.5608204149417892,0.2,24,23408,0.9524739583333334,1.26725182182372,1.2675165622117675,0.00026474038804735756,128.7939225985606,20.124050406025095,12.60319995880127
12,1,0.0,6.59322013766236,6.59322013766236,131.8644027532472,894.3974970792018,1024,12,32,37.19369672743858,16;32;64;128;256;512,24.857358964010913;37.19369672743858;5.956761232374565;8.547892946793384;3.131328240650082;2.3015039253878524,0.2,24,24518,0.9976399739583334,1.1180096937741837,1.1479660257518844,0.029956331977700756,145.67156581508436,22.761182158606932,12.60141396522522
12,2,6.59322013766236,13.18644027532472,6.59322013766236,131.8644027532472,942.1053637125415,1024,12,32,38.59033281458755,16;32;64;128;256;512,24.947945491421144;38.59033281458755;5.014860630020288;7.237833037738369;2.717532574784759;1.872996234700018,0.2,24,24484,0.9962565104166666,1.1479660257518844,1.162962757369769,0.014996731617884507,139.8985938364461,21.859155286944702,12.395700931549072
12,3,13.18644027532472,19.77966041298708,6.59322013766236,131.8644027532472,965.025610254322,1024,12,32,38.648647231977485,16;32;64;128;256;512,24.41153055986858;38.648647231977485;6.748022291849846;6.347436218122736;3.8603252647047674;1.9058699129515257,0.2,24,24455,0.9950764973958334,1.162962757369769,1.1744627967996166,0.011500039429847675,135.55600611973802,21.180625956209063,12.706201076507568
12,4,19.77966041298708,26.37288055064944,6.59322013766236,131.8644027532472,986.9369069176605,1024,12,32,45.6897281591122,16;32;64;128;256;512,26.8443059012298;45.6897281591122;6.294451175226167;8.589364855896063;3.0734986059200544;2.0991646911411417,0.2,24,24441,0.9945068359375,1.1744627967996166,1.1799602518954089,0.0054974550957922474,132.18207324475813,20.653448944493455,12.55846905708313
12,5,26.37288055064944,32.9661006883118,6.593220137662357,131.8644027532472,995.7023463287518,1024,12,16,40.97997194687908,16;32;64;128;256;512,40.97997194687908;37.08345613006084;5.436613912481351;10.691641030675298;4.0472842129697835;2.7742037845218617,0.2,24,24448,0.9947916666666666,1.1799602518954089,1.1863241428522997,0.0063638909568908275,134.92734037983286,42.164793868697764,6.872241973876953
12,6,32.9661006883118,39.559320825974154,6.593220137662357,131.8644027532472,1004.5425635904213,1024,12,16,36.85267334442434,16;32;64;128;256;512,36.85267334442434;35.906373288482996;3.6138682090421104;7.881772832588989;2.943708343063265;2.0049359299255434,0.2,24,24437,0.9943440755208334,1.1863241428522997,1.1879664720386245,0.0016423291863247869,132.64578079842545,41.45180649950795,7.148510932922363
12,7,39.559320825974154,46.15254096363651,6.593220137662357,131.8644027532472,1006.2802787601024,1024,12,32,37.045749901678164,16;32;64;128;256;512,33.06919913309974;37.045749901678164;6.452235676001741;6.339105203358635;2.696839236409433;2.069516285697271,0.2,24,24362,0.9912923177083334,1.1879664720386245,1.1911847642381872,0.003218292199562711,127.58703087369085,19.935473574014193,11.460355043411255
12,8,46.15254096363651,52.74576110129887,6.593220137662357,131.8644027532472,1010.6696369482013,1024,12,32,47.475783223285454,16;32;64;128;256;512,31.52664884602646;47.475783223285454;4.746369698723781;9.763902569936526;2.915493615807722;2.124882407965879,0.2,24,24319,0.9895426432291666,1.1911847642381872,1.1940503934874869,0.0028656292492996727,125.18176813214464,19.5596512706476,12.216236114501953
12,9,52.74576110129887,59.338981238961225,6.593220137662357,131.8644027532472,1013.5462173701733,1024,12,32,38.892595698768794,16;32;64;128;256;512,33.56924444147479;38.892595698768794;4.82258130724858;6.551161675259689;3.1657671716768707;2.03596037741384,0.2,24,24331,0.9900309244791666,1.1940503934874869,1.1960615759212487,0.00201118243376186,121.22414390058734,18.94127248446677,12.317605018615723
12,10,59.338981238961225,65.93220137662358,6.593220137662357,131.8644027532472,1015.7841693271502,1024,12,32,46.174675348217036,16;32;64;128;256;512,41.10881511029018;46.174675348217036;5.787947241528057;8.522526645781756;4.4836545528787575;2.202181131784479,0.2,24,24254,0.9868977864583334,1.1960615759212487,1.1959293848535708,-0.00013219106767792255,124.5627178123579,19.46292465818092,12.294012069702148
12,11,65.93220137662358,72.52542151428594,6.593220137662357,131.8644027532472,1015.5937915143465,1024,12,32,32.537181642523144,16;32;64;128;256;512,31.108899782059247;32.537181642523144;5.567122761939973;5.917214138358379;2.1984306067474595;1.6369089681786315,0.2,24,24274,0.9877115885416666,1.1959293848535708,1.198779016716344,0.0028496318627730943,125.52402035106105,19.613128179853287,11.378852128982544
12,12,72.52542151428594,79.1186416519483,6.593220137662357,131.8644027532472,1018.0906733902782,1024,12,32,31.346857687706464,16;32;64;128;256;512,28.170289828667254;31.346857687706464;4.137919750350164;6.347371413271122;2.9623284740112314;1.9725565177772482,0.2,24,24224,0.9856770833333334,1.198779016716344,1.1990678114780167,0.0002887947616727615,123.45235468472016,19.289430419487523,12.624490022659302
12,13,79.1186416519483,85.71186178961065,6.593220137662357,131.8644027532472,1018.3808943323758,1024,12,32,36.39853713238973,16;32;64;128;256;512,27.74571609188652;36.39853713238973;4.810089061520119;4.87037322087072;2.482336607375507;1.0573941652175451,0.2,24,24220,0.9855143229166666,1.1990678114780167,1.2003173755488206,0.001249564070803899,123.81449018548508,19.346014091482044,11.638482093811035
12,14,85.71186178961065,92.30508192727301,6.593220137662357,131.8644027532472,1019.6527631907683,1024,12,16,35.56549315552181,16;32;64;128;256;512,35.56549315552181;32.78802109043608;4.927958194785151;5.232428395193969;2.6582262236551726;1.41866615093877,0.2,24,24308,0.9890950520833334,1.2003173755488206,1.2008939336783442,0.0005765581295236188,126.90200894595394,39.656877795610605,5.949535131454468
12,15,92.30508192727301,98.89830206493536,6.593220137662357,131.8644027532472,1019.9044912504406,1024,12,32,40.04551134175547,16;32;64;128;256;512,31.667566541972388;40.04551134175547;6.7785490608092065;7.380596163225046;2.383432615352509;1.950170493350777,0.2,24,24150,0.982666015625,1.2008939336783442,1.2012674943989623,0.00037356072061811574,119.7337897941816,18.708404655340875,11.481175184249878
12,16,98.89830206493536,105.49152220259772,6.593220137662357,131.8644027532472,1020.2216744935018,1024,12,16,38.28505295462185,16;32;64;128;256;512,38.28505295462185;29.14647526268438;6.483356248678783;4.887579447794284;2.594036742077322;1.1216269886015966,0.2,24,24294,0.988525390625,1.2012674943989623,1.201725499611257,0.0004580052122946654,123.76108269271728,38.675338341474145,6.346163034439087
12,17,105.49152220259772,112.08474234026008,6.593220137662357,131.8644027532472,1020.5731541472481,1024,12,32,38.76923551513796,16;32;64;128;256;512,34.414502692908066;38.76923551513796;3.606228819356501;4.633942217126939;3.4575053190832907;2.01860380569515,0.2,24,24141,0.9822998046875,1.201725499611257,1.2030646815751425,0.001339181963885494,121.89960713591618,19.046813614986903,12.290747880935669
12,18,112.08474234026008,118.67796247792243,6.593220137662357,131.8644027532472,1021.2024214949078,1024,12,32,41.34951445411535,16;32;64;128;256;512,32.35746215378868;41.34951445411535;4.438543175713323;6.4078526939307;3.51704099725517;2.0824960464380413,0.2,24,24119,0.9814046223958334,1.2030646815751425,1.203013421650212,-5.125992493049125e-5,118.02858183937289,18.44196591240201,11.045533895492554
12,19,118.67796247792243,125.27118261558479,6.593220137662357,131.8644027532472,1021.0278116065629,1024,12,32,31.79659258585086,16;32;64;128;256;512,22.543275055343255;31.79659258585086;4.452939209481667;4.409025412647005;2.8097218873807632;1.1582340708521266,0.2,24,24079,0.9797770182291666,1.203013421650212,1.2032311512402885,0.0002177295900764875,119.60701155264198,18.688595555100306,11.685194969177246
12,20,125.27118261558479,131.8644027532472,6.593220137662399,131.8644027532472,1021.5025121907473,1024,12,32,45.97270752819801,16;32;64;128;256;512,44.40594162146914;45.97270752819801;6.628784056793521;8.870919913783963;3.803511580561812;2.206408003367841,0.2,24,24110,0.9810384114583334,1.2032311512402885,1.2038097965846646,0.0005786453443761275,120.88800715128937,18.888751117388964,11.709085941314697
14,1,0.0,9.059734692452265,9.059734692452265,181.1946938490453,910.9441675257303,1024,12,32,43.76188945048703,16;32;64;128;256;512,33.52904005002596;43.76188945048703;7.21015676930096;8.932017286950733;3.297136315366056;2.9364469927860446,0.2,24,24519,0.9976806640625,1.0382114377819107,1.0557974814239515,0.01758604364204075,141.0251171666781,22.03517455729345,13.152266025543213
14,2,9.059734692452265,18.11946938490453,9.059734692452265,181.1946938490453,956.1923783597939,1024,12,32,35.64514935253305,16;32;64;128;256;512,33.5759557410161;35.64514935253305;5.603489479126418;5.826640909243033;2.7893593850684972;2.0093040011525862,0.2,24,24479,0.9960530598958334,1.0557974814239515,1.0637603572533862,0.007962875829434779,139.8102974514187,21.845358976784173,12.954616069793701
14,3,18.11946938490453,27.179204077356793,9.059734692452263,181.1946938490453,976.1716646025645,1024,12,32,42.51083657502087,16;32;64;128;256;512,31.228029318625932;42.51083657502087;4.196155577650121;8.147817694523201;2.7695561147734526;2.1204641232785115,0.2,24,24450,0.994873046875,1.0637603572533862,1.0692688530164105,0.005508495763024257,137.23533619039404,21.44302127974907,11.593282222747803
14,4,27.179204077356793,36.23893876980906,9.059734692452267,181.1946938490453,990.076645685573,1024,12,32,33.30523979042521,16;32;64;128;256;512,26.382761959826986;33.30523979042521;4.970041731208994;7.530212354615942;2.6386106038493415;1.8670638764301575,0.2,24,24397,0.9927164713541666,1.0692688530164105,1.0742007449503035,0.0049318919338929845,134.22893297552758,20.973270777426183,11.447591066360474
14,5,36.23893876980906,45.29867346226133,9.059734692452267,181.1946938490453,1000.2978015154143,1024,12,32,31.83539841543392,16;32;64;128;256;512,28.693991985160352;31.83539841543392;3.9901748520251625;7.879606927596191;2.7519454175775273;2.0928913365617796,0.2,24,24378,0.991943359375,1.0742007449503035,1.0769645761847642,0.0027638312344606675,128.43327917706904,20.067699871417037,11.576897144317627
14,6,45.29867346226133,54.358408154713594,9.059734692452267,181.1946938490453,1007.0597458201581,1024,12,32,35.347549483710665,16;32;64;128;256;512,33.55269347662849;35.347549483710665;6.876380584066767;5.27937707993711;3.0468835852702703;1.685584299120714,0.2,24,24348,0.99072265625,1.0769645761847642,1.0800757626361701,0.003111186451405956,128.6238886176005,20.097482596500075,12.075600147247314
14,7,54.358408154713594,63.41814284716586,9.059734692452267,181.1946938490453,1012.9040763571611,1024,12,32,33.46418567184539,16;32;64;128;256;512,29.700373220883048;33.46418567184539;3.8481054570714073;6.792646340598864;2.874323642226737;1.8202975618182156,0.2,24,24324,0.98974609375,1.0800757626361701,1.080705651284461,0.0006298886482909438,128.31617106671524,20.049401729174257,12.278959035873413
14,8,63.41814284716586,72.47787753961812,9.05973469245226,181.1946938490453,1013.5302056677867,1024,12,16,34.06558368221576,16;32;64;128;256;512,34.06558368221576;31.04204866018586;4.741627996944088;6.518456162238011;2.192632997854274;1.612318795586789,0.2,24,24379,0.9919840494791666,1.080705651284461,1.0821878279762132,0.0014821766917521018,132.82288153620618,41.50715048006443,6.924867868423462
14,9,72.47787753961812,81.53761223207039,9.059734692452267,181.1946938490453,1016.4821531448631,1024,12,32,26.34521124011945,16;32;64;128;256;512,26.142822920891437;26.34521124011945;5.777616465302874;5.7454374471387135;2.5183196632882834;1.1594182285194214,0.2,24,24230,0.9859212239583334,1.0821878279762132,1.0831060977366178,0.0009182697604046552,128.29809930057823,20.046578015715347,12.67674708366394
14,10,81.53761223207039,90.59734692452265,9.059734692452267,181.1946938490453,1016.4303524810783,1024,12,32,30.449731383685908,16;32;64;128;256;512,26.597016651333856;30.449731383685908;3.979138800041589;6.6661523212011575;2.6382328267336583;1.905555701819391,0.2,24,24217,0.9853922526041666,1.0831060977366178,1.0840952891485358,0.000989191411918,125.69738911107021,19.64021704860472,12.393427848815918
14,11,90.59734692452265,99.65708161697492,9.059734692452267,181.1946938490453,1018.4102251626266,1024,12,32,42.38467057432295,16;32;64;128;256;512,34.46138341956702;42.38467057432295;6.3887165721958095;7.4581662105495505;2.8797340362213077;2.2323594842002135,0.2,24,24190,0.9842936197916666,1.0840952891485358,1.0848107028350569,0.0007154136865210603,126.72486932827267,19.800760832542604,11.862839937210083
14,12,99.65708161697492,108.71681630942719,9.059734692452267,181.1946938490453,1019.0944542831717,1024,12,16,37.874687940325316,16;32;64;128;256;512,37.874687940325316;34.90447627642993;5.721986791117362;6.59163632341318;2.474111490726554;1.565000883972232,0.2,24,24281,0.9879964192708334,1.0848107028350569,1.0851680053087875,0.0003573024737306696,130.57251701536657,40.80391156730205,6.545473098754883
14,13,108.71681630942719,117.77655100187945,9.059734692452267,181.1946938490453,1019.8839986450789,1024,12,32,30.84722432767445,16;32;64;128;256;512,26.25433803885161;30.84722432767445;6.239099823419445;6.123396913585655;2.7263408336021513;1.5476933517311042,0.2,24,24137,0.9821370442708334,1.0851680053087875,1.085904819314237,0.0007368140054495598,127.05467251353394,19.852292580239677,13.07893991470337
14,14,117.77655100187945,126.83628569433172,9.059734692452267,181.1946938490453,1020.8806838952554,1024,12,32,38.880545485501194,16;32;64;128;256;512,31.81436866183872;38.880545485501194;5.0412536323133255;7.126782785140394;3.124242732267353;2.131006170535252,0.2,24,24092,0.9803059895833334,1.085904819314237,1.085991582216593,8.676290235598572e-5,125.45275026463132,19.601992228848644,12.395222902297974
14,15,126.83628569433172,135.896020386784,9.059734692452267,181.1946938490453,1020.5253444204131,1024,12,32,30.246376242734023,16;32;64;128;256;512,28.361756231046783;30.246376242734023;5.599410059903658;6.024129030756723;2.2579578820299098;1.3591743191311223,0.2,24,24022,0.9774576822916666,1.085991582216593,1.086826942812877,0.0008353605962838628,125.67990416399198,19.637485025623747,12.634248971939087
14,16,135.896020386784,144.95575507923624,9.059734692452253,181.1946938490453,1021.3684433362582,1024,12,16,42.240954388162656,16;32;64;128;256;512,42.240954388162656;38.34001214604687;5.118425532464511;7.247920905653756;2.844440068647394;2.143863208109424,0.2,24,24220,0.9855143229166666,1.086826942812877,1.0869931818242549,0.00016623901137791108,124.98519729961005,39.057874156128136,6.398931980133057
14,17,144.95575507923624,154.0154897716885,9.059734692452253,181.1946938490453,1021.6791918469949,1024,12,32,34.44400236760449,16;32;64;128;256;512,33.71124973027855;34.44400236760449;4.3874040105084955;6.170881540904191;2.3947425188456055;0.9648864124225132,0.2,24,24087,0.9801025390625,1.0869931818242549,1.0869705552545383,-2.262656971652177e-5,124.83230673784539,19.50504792778834,12.751811981201172
14,18,154.0154897716885,163.07522446414075,9.059734692452253,181.1946938490453,1021.4828523372179,1024,12,32,25.95958864196528,16;32;64;128;256;512,25.068157537409398;25.95958864196528;5.710703012569037;4.844738955905865;2.4421652642695375;1.1632521849715094,0.2,24,23971,0.9753824869791666,1.0869705552545383,1.087368458241599,0.00039790298706066096,124.13761741192427,19.396502720613167,13.385152816772461
14,19,163.07522446414075,172.134959156593,9.059734692452253,181.1946938490453,1022.1162872820958,1024,12,32,34.842745780164805,16;32;64;128;256;512,30.410946326612333;34.842745780164805;5.2765139209803635;5.161345577026155;2.61335388882744;2.0051958045144262,0.2,24,23945,0.9743245442708334,1.087368458241599,1.0877329990576072,0.00036454081600822974,120.07069508823247,18.761046107536323,11.504998922348022
14,20,172.134959156593,181.1946938490453,9.05973469245231,181.1946938490453,1022.3469133972314,1024,12,32,30.81588658740831,16;32;64;128;256;512,26.49011079341901;30.81588658740831;5.700357974536355;5.320703823324529;3.7648139700949623;1.5354601704402475,0.2,24,23948,0.9744466145833334,1.0877329990576072,1.0878139882006508,8.098914304355276e-5,124.24282211600656,19.412940955626024,11.776987075805664
16,1,0.0,9.886755545804824,9.886755545804824,197.7351109160965,926.1664488488881,1024,12,32,48.78382926596361,16;32;64;128;256;512,28.08363074324153;48.78382926596361;6.846842783960034;9.797190696124138;3.5140206242172303;2.859538585919229,0.2,24,24517,0.9975992838541666,1.1252795072800836,1.1381798255133617,0.012900318233278085,143.28737445051473,22.388652257892925,11.469114065170288
16,2,9.886755545804824,19.77351109160965,9.886755545804824,197.7351109160965,966.6735193903655,1024,12,32,37.36867242298977,16;32;64;128;256;512,29.538523879069054;37.36867242298977;4.963599540832613;6.698118488828988;3.0412569724583682;2.0669320735504058,0.2,24,24471,0.9957275390625,1.1381798255133617,1.1449059647306967,0.006726139217335003,138.3034445059709,21.609913204057953,12.409564971923828
16,3,19.77351109160965,29.660266637414473,9.886755545804824,197.7351109160965,985.049373163275,1024,12,32,43.89269600878425,16;32;64;128;256;512,37.11675009154343;43.89269600878425;4.782406863982376;9.102906964644436;2.8848155946362546;2.716150664995312,0.2,24,24431,0.9940999348958334,1.1449059647306967,1.149450571871057,0.004544607140360313,138.32288827217445,21.612951292527256,13.011412143707275
16,4,29.660266637414473,39.5470221832193,9.886755545804824,197.7351109160965,995.410269097027,1024,12,32,41.22393687889995,16;32;64;128;256;512,29.364429761203947;41.22393687889995;5.430199350424059;7.68714887096571;3.44105719587966;2.0370791291252623,0.2,24,24366,0.991455078125,1.149450571871057,1.1534016836608316,0.003951111789774586,137.60311812495766,21.500487207024634,12.992589950561523
16,5,39.5470221832193,49.43377772902412,9.886755545804824,197.7351109160965,1003.9807170444399,1024,12,32,38.9321338652916,16;32;64;128;256;512,31.67877736508335;38.9321338652916;6.267403178650149;7.570048351852274;2.644457899820284;2.177871625224018,0.2,24,24331,0.9900309244791666,1.1534016836608316,1.1563084844774494,0.0029068008166177606,136.13040343877748,21.27037553730898,13.008799076080322
16,6,49.43377772902412,59.320533274828946,9.886755545804824,197.7351109160965,1011.356093352189,1024,12,32,37.84934569157757,16;32;64;128;256;512,25.703505469385192;37.84934569157757;6.476721710355049;8.474137193371124;2.9208495669431076;2.485679069248109,0.2,24,24298,0.9886881510416666,1.1563084844774494,1.1569458395088077,0.000637355031358311,133.2212586822898,20.81582166910778,12.14949083328247
16,7,59.320533274828946,69.20728882063378,9.886755545804832,197.7351109160965,1012.3638797460245,1024,12,32,36.98411054200662,16;32;64;128;256;512,30.782417712817466;36.98411054200662;6.76596523162841;6.615048177882206;3.0593337302821833;2.003773863615569,0.2,24,24253,0.9868570963541666,1.1569458395088077,1.1588083078086129,0.0018624682998051867,132.69840512503464,20.73412580078666,12.482769012451172
16,8,69.20728882063378,79.0940443664386,9.886755545804817,197.7351109160965,1015.8132395939261,1024,12,16,38.79083335457915,16;32;64;128;256;512,38.79083335457915;28.99874642410933;5.140418897409901;6.317390043182793;2.3926177002634907;1.3543425852274582,0.2,24,24307,0.9890543619791666,1.1588083078086129,1.1592092024934573,0.0004008946848443884,133.12700899117507,41.602190309742205,6.53895902633667
16,9,79.0940443664386,88.98079991224341,9.886755545804817,197.7351109160965,1016.4581738319386,1024,12,16,31.660080805946528,16;32;64;128;256;512,31.660080805946528;30.26535997902183;5.597520974232714;5.637773082695074;2.5184340974184916;2.0318499387598945,0.2,24,24295,0.9885660807291666,1.1592092024934573,1.1606447205340373,0.0014355180405800638,131.57490767681526,41.117158649004764,6.645466089248657
16,10,88.98079991224341,98.86755545804823,9.886755545804817,197.7351109160965,1018.2417799172379,1024,12,32,36.058914285375906,16;32;64;128;256;512,26.06674675347707;36.058914285375906;5.391442834438554;6.209590450082903;2.108580002562076;2.0630124602368913,0.2,24,24122,0.9815266927083334,1.1606447205340373,1.1606615517243881,1.683119035078562e-5,129.71449359780306,20.267889624656725,11.495029926300049
16,11,98.86755545804823,108.75431100385305,9.886755545804817,197.7351109160965,1018.5084432869195,1024,12,32,33.52975196945517,16;32;64;128;256;512,31.886783815350313;33.52975196945517;3.2432344747770445;6.985219465725441;2.2840996805551086;1.754669282853193,0.2,24,24100,0.9806315104166666,1.1606615517243881,1.1614683236657584,0.0008067719413702434,128.91287245407813,20.142636320949705,12.625982999801636
16,12,108.75431100385305,118.64106654965786,9.886755545804817,197.7351109160965,1019.6364689226433,1024,12,32,44.45155975838244,16;32;64;128;256;512,31.93984660964824;44.45155975838244;5.755453555627975;9.341257609053226;3.156475898067692;2.581483841841904,0.2,24,24030,0.977783203125,1.1614683236657584,1.1620738617179995,0.0006055380522411724,131.5154119180759,20.549283112199358,13.092142105102539
16,13,118.64106654965786,128.52782209546268,9.886755545804817,197.7351109160965,1020.5691222871682,1024,12,32,26.51486778908047,16;32;64;128;256;512,25.27295374983561;26.51486778908047;5.083684991334604;4.63287852460517;2.060734962566831;1.4576008129744922,0.2,24,24047,0.9784749348958334,1.1620738617179995,1.1622922646020015,0.00021840288400198915,130.56049449873967,20.400077265428074,12.335342168807983
16,14,128.52782209546268,138.4145776412675,9.886755545804817,197.7351109160965,1020.8681006082047,1024,12,16,33.74749017546077,16;32;64;128;256;512,33.74749017546077;27.952852615348654;5.876740923975691;3.5277122854272562;1.9546478252875588;1.9180130987267685,0.2,24,24149,0.9826253255208334,1.1622922646020015,1.1626661441946453,0.0003738795926437888,128.00518783677697,40.0016211989928,6.427674055099487
16,15,138.4145776412675,148.30133318707232,9.886755545804817,197.7351109160965,1021.3711715574831,1024,12,32,39.35900215132754,16;32;64;128;256;512,26.551938841025095;39.35900215132754;4.44316861994705;9.446465753135096;3.530358377230057;1.9687677788093807,0.2,24,23880,0.9716796875,1.1626661441946453,1.1626491824940786,-1.696170056675328e-5,130.75451635538445,20.43039318052882,12.418665885925293
16,16,148.30133318707232,158.18808873287713,9.886755545804817,197.7351109160965,1021.2847784190946,1024,12,32,30.920714495513398,16;32;64;128;256;512,28.434881524685043;30.920714495513398;6.22839408558684;6.8749010868732015;1.70949329514012;1.6458697865436203,0.2,24,23889,0.9720458984375,1.1626491824940786,1.1629899759786895,0.00034079348461091286,126.11390325361677,19.70529738337762,12.680361986160278
16,17,158.18808873287713,168.07484427868195,9.886755545804817,197.7351109160965,1021.4570293392544,1024,12,32,36.77956715781351,16;32;64;128;256;512,34.45738457728732;36.77956715781351;5.60025850572256;7.436685603036592;3.248322220116189;2.0855247652861175,0.2,24,23859,0.9708251953125,1.1629899759786895,1.163541237905065,0.0005512619263754459,130.37620294767174,20.371281710573708,12.24398398399353
16,18,168.07484427868195,177.96159982448677,9.886755545804817,197.7351109160965,1022.0128059659179,1024,12,32,39.413528007980105,16;32;64;128;256;512,37.83612844328567;39.413528007980105;4.719096544204318;8.786207151351407;3.6461525988117853;2.6546997571502984,0.2,24,23754,0.966552734375,1.163541237905065,1.163783269826581,0.0002420319215161726,127.23049609169387,19.879765014327166,12.011770009994507
16,19,177.96159982448677,187.84835537029159,9.886755545804817,197.7351109160965,1021.9521133335109,1024,12,32,30.596572299740714,16;32;64;128;256;512,23.564864251052377;30.596572299740714;5.800762331015757;7.140939344191409;2.0556270273743205;1.6352249410444422,0.2,24,23745,0.9661865234375,1.163783269826581,1.1637712358533463,-1.2033973234792938e-5,129.53750896707083,20.240235776104818,12.98897385597229
16,20,187.84835537029159,197.7351109160965,9.886755545804903,197.7351109160965,1022.0386088978612,1024,12,32,43.666032457021025,16;32;64;128;256;512,22.495741449356313;43.666032457021025;4.715388566578242;8.624656289899399;1.9778471608982975;2.4621466210395924,0.2,24,23707,0.9646402994791666,1.1637712358533463,1.1640283730143892,0.0002571371610429196,127.363308056259,19.900516883790466,12.388921022415161
18,1,0.0,4.491305988412526,4.491305988412526,89.8261197682505,917.2566836544628,1024,12,32,41.6557915635285,16;32;64;128;256;512,40.35255727232469;41.6557915635285;5.788913352863232;10.129992779643477;3.304363806336952;2.5903001811073887,0.2,24,24527,0.9980061848958334,1.1569227696331836,1.189961173057327,0.033038403424143326,141.93224455946242,22.176913212416,12.392847061157227
18,2,4.491305988412526,8.982611976825051,4.491305988412526,89.8261197682505,958.3532257298328,1024,12,32,37.17545918099012,16;32;64;128;256;512,25.495493790994452;37.17545918099012;6.907839894226374;9.02137378523805;3.1461550043094766;2.428842520864759,0.2,24,24507,0.9971923828125,1.189961173057327,1.2093810625774495,0.019419889520122524,139.28718549302792,21.76362273328561,11.585992813110352
18,3,8.982611976825051,13.473917965237577,4.491305988412526,89.8261197682505,982.5282790591865,1024,12,32,47.31927874534252,16;32;64;128;256;512,34.23501111866416;47.31927874534252;6.587971648683389;8.73806495625107;3.5130200882881506;2.3608390210913006,0.2,24,24502,0.9969889322916666,1.2093810625774495,1.217888051854061,0.00850698927661142,135.4745697714917,21.16790152679558,12.218929052352905
18,4,13.473917965237577,17.965223953650103,4.491305988412526,89.8261197682505,992.3852046335214,1024,12,32,43.11499214167128,16;32;64;128;256;512,33.8284980233623;43.11499214167128;7.224361818505629;9.020158229907272;2.9980455710788267;2.6133281591155098,0.2,24,24465,0.9954833984375,1.217888051854061,1.2261450885507656,0.008257036696704745,132.94455399305278,20.772586561414496,12.63034987449646
18,5,17.965223953650103,22.45652994206263,4.4913059884125275,89.8261197682505,1000.0053730278091,1024,12,16,33.63743912438165,16;32;64;128;256;512,33.63743912438165;32.686178118129035;5.45486802344104;7.486281149754042;3.233504432667861;1.9752088921241846,0.2,24,24477,0.9959716796875,1.2261450885507656,1.231891693237685,0.005746604686919454,140.68798103212953,43.96499407254048,6.351705074310303
18,6,22.45652994206263,26.947835930475158,4.4913059884125275,89.8261197682505,1005.0387598669317,1024,12,32,35.572194509163374,16;32;64;128;256;512,27.726094391672127;35.572194509163374;5.92017744433303;8.123044280485182;2.584236530780653;1.9965023426569501,0.2,24,24434,0.9942220052083334,1.231891693237685,1.2374813068363437,0.005589613598658616,130.5743709320823,20.40224545813786,12.4427330493927
18,7,26.947835930475158,31.439141918887685,4.4913059884125275,89.8261197682505,1010.2563411228394,1024,12,32,45.54185287615341,16;32;64;128;256;512,34.60174906286093;45.54185287615341;6.989999719128619;8.096719592960287;2.7971964736870656;2.0968826314123192,0.2,24,24402,0.992919921875,1.2374813068363437,1.2410315134939083,0.0035502066575645586,130.1572560184561,20.337071252883767,12.440496921539307
18,8,31.439141918887685,35.93044790730021,4.4913059884125275,89.8261197682505,1013.4550954559046,1024,12,32,34.13722046676411,16;32;64;128;256;512,30.56403411914659;34.13722046676411;4.193660635858153;7.081045393637957;2.7265749933349217;1.9586038064022775,0.2,24,24370,0.9916178385416666,1.2410315134939083,1.243295967638005,0.002264454144096817,127.99720270287332,19.999562922323957,11.632797002792358
18,9,35.93044790730021,40.42175389571274,4.4913059884125275,89.8261197682505,1014.8003781249071,1024,12,16,39.12863783411739,16;32;64;128;256;512,39.12863783411739;35.11375183614438;3.6759488839151597;7.262146200739041;2.340238019335714;1.826141314934107,0.2,24,24426,0.993896484375,1.243295967638005,1.246136230828597,0.0028402631905919407,131.54765470596305,41.108642095613455,6.1767799854278564
18,10,40.42175389571274,44.91305988412527,4.4913059884125275,89.8261197682505,1016.4883197717116,1024,12,32,48.878288782254,16;32;64;128;256;512,33.61578682737882;48.878288782254;6.380574485957136;10.148563276733;3.4127144208237286;2.6150652630569464,0.2,24,24367,0.9914957682291666,1.246136230828597,1.2477401779883621,0.0016039471597650845,125.23488982107108,19.567951534542356,11.690134048461914
18,11,44.91305988412527,49.404365872537795,4.4913059884125275,89.8261197682505,1017.8396423995257,1024,12,32,35.18599762374691,16;32;64;128;256;512,28.764028158673586;35.18599762374691;4.234378695504329;7.257647726086955;2.7229049621207255;2.103238098836406,0.2,24,24332,0.9900716145833334,1.2477401779883621,1.2499362204475801,0.002196042459218006,123.8717726079102,19.35496446998597,12.10516905784607
18,12,49.404365872537795,53.89567186095032,4.4913059884125275,89.8261197682505,1019.0736472979664,1024,12,16,33.05750217119609,16;32;64;128;256;512,33.05750217119609;32.75484880292487;4.549758234845582;4.317185149943934;2.54190742363841;1.353230912111017,0.2,24,24373,0.9917399088541666,1.2499362204475801,1.2495075113197345,-0.0004287091278456501,129.1932154124192,40.372879816380994,6.895726919174194
18,13,53.89567186095032,58.38697784936285,4.4913059884125275,89.8261197682505,1018.808984507346,1024,12,16,31.148725606138505,16;32;64;128;256;512,31.148725606138505;30.92831994321506;5.773255884088044;3.7638643914305163;2.6943983512404404;1.554665192695465,0.2,24,24356,0.9910481770833334,1.2495075113197345,1.2518469768428986,0.002339465523164108,127.49780269470789,39.843063342096215,7.270776033401489
18,14,58.38697784936285,62.87828383777538,4.4913059884125275,89.8261197682505,1020.3927454940763,1024,12,32,44.85258527725912,16;32;64;128;256;512,36.95127360451398;44.85258527725912;5.052945335908945;8.985936969161274;3.2298986102947485;2.728099555633147,0.2,24,24270,0.987548828125,1.2518469768428986,1.2526550111037977,0.0008080342608991486,125.54750788519189,19.616798107061232,12.568925142288208
18,15,62.87828383777538,67.3695898261879,4.4913059884125275,89.8261197682505,1020.7162612064603,1024,12,16,39.11721035782349,16;32;64;128;256;512,39.11721035782349;37.75857399618193;5.549116720352069;5.228775374367545;3.5032900374328024;1.731894520559963,0.2,24,24359,0.9911702473958334,1.2526550111037977,1.253157289853334,0.0005022787495363445,128.95216531753394,40.29755166172935,6.986058950424194
18,16,67.3695898261879,71.86089581460043,4.49130598841252,89.8261197682505,1020.7226171790766,1024,12,32,37.86272770969077,16;32;64;128;256;512,32.44250688384532;37.86272770969077;6.26363712006982;6.697430750924649;2.7206527181851503;1.827763113536253,0.2,24,24236,0.9861653645833334,1.253157289853334,1.2539244264507943,0.000767136597460194,124.92479625188516,19.519499414357053,13.006213903427124
18,17,71.86089581460043,76.35220180301295,4.49130598841252,89.8261197682505,1021.3770987665035,1024,12,16,36.003427726700366,16;32;64;128;256;512,36.003427726700366;32.82636235609444;5.75574632172657;6.182293571200868;3.197826561207178;1.842078374945797,0.2,24,24320,0.9895833333333334,1.2539244264507943,1.2550309053194724,0.0011064788686780958,126.35500026493264,39.48593758279145,6.950776100158691
18,18,76.35220180301295,80.84350779142547,4.49130598841252,89.8261197682505,1021.6911724151196,1024,12,16,37.58941546066063,16;32;64;128;256;512,37.58941546066063;28.901748314632336;4.794390160521662;6.11277688672141;2.2955979067683723;1.4552060800150624,0.2,24,24311,0.9892171223958334,1.2550309053194724,1.2555125379872152,0.0004816326677428151,125.31698646738108,39.161558271056585,6.265200138092041
18,19,80.84350779142547,85.33481377983799,4.49130598841252,89.8261197682505,1021.8649494074662,1024,12,16,37.98670297171775,16;32;64;128;256;512,37.98670297171775;29.807462185503248;4.762090635710108;5.518912491073455;1.9391809085877867;1.2013874081291442,0.2,24,24302,0.9888509114583334,1.2555125379872152,1.2556581460935377,0.00014560810632247012,122.80831294524509,38.377597795389086,6.269651174545288
18,20,85.33481377983799,89.8261197682505,4.49130598841252,89.8261197682505,1021.8682575494538,1024,12,32,45.01191194244239,16;32;64;128;256;512,30.924905703425356;45.01191194244239;5.169371341605942;8.412649308164722;3.3468475438260126;2.0829355806034586,0.2,24,24168,0.9833984375,1.2556581460935377,1.2559609617469505,0.00030281565341283567,122.24007915911575,19.100012368611836,12.609514951705933
20,1,0.0,9.438372676186388,9.438372676186388,188.76745352372777,922.7471095963544,1024,12,32,50.49494945713042,16;32;64;128;256;512,39.34689226608389;50.49494945713042;5.792548162408164;10.570467794460642;3.4229004853723093;3.5016784522038122,0.2,24,24521,0.9977620442708334,1.2614471108663565,1.275065004105727,0.01361789323937046,143.3194745782037,22.393667902844328,12.05717396736145
20,2,9.438372676186388,18.876745352372776,9.438372676186388,188.76745352372777,957.2806133506325,1024,12,16,39.49271898435781,16;32;64;128;256;512,39.49271898435781;35.87045441553503;3.895154297578041;7.245153424816921;2.8059344690815013;1.8228675673503791,0.2,24,24479,0.9960530598958334,1.275065004105727,1.2848949534541134,0.009829949348386435,144.229345336884,45.07167041777625,6.262109041213989
20,3,18.876745352372776,28.315118028559162,9.438372676186386,188.76745352372777,986.9019021323312,1024,12,32,46.238248805099325,16;32;64;128;256;512,33.44129847985799;46.238248805099325;5.956175848169682;9.378994031042218;2.7643575222806525;2.6881887189614586,0.2,24,24399,0.9927978515625,1.2848949534541134,1.2897977003640335,0.004902746909920097,137.49884786117872,21.484194978309173,12.588038921356201
20,4,28.315118028559162,37.75349070474555,9.43837267618639,188.76745352372777,997.4022670664752,1024,12,16,31.486815651777786,16;32;64;128;256;512,31.486815651777786;27.00942106176398;7.702174457331267;6.345393718023452;2.628920653139951;2.1367281505401814,0.2,24,24422,0.9937337239583334,1.2897977003640335,1.2924106829373159,0.002612982573282352,138.97677173406962,43.43024116689675,6.3803911209106445
20,5,37.75349070474555,47.19186338093194,9.43837267618639,188.76745352372777,1004.1593690765377,1024,12,32,40.55769598216253,16;32;64;128;256;512,37.15537274458795;40.55769598216253;4.487932204727556;6.526694595866854;2.6597944820301325;1.8277253022554443,0.2,24,24342,0.990478515625,1.2924106829373159,1.2945571930390543,0.002146510101738386,134.52191677075496,21.019049495430462,12.849745988845825
20,6,47.19186338093194,56.63023605711833,9.43837267618639,188.76745352372777,1009.6686459060161,1024,12,32,44.16754989090697,16;32;64;128;256;512,33.53840997523059;44.16754989090697;5.286851605261878;8.841948046026845;3.316502282616874;2.256564939972686,0.2,24,24285,0.9881591796875,1.2945571930390543,1.2969594432879603,0.002402250248906057,133.8666501705743,20.916664089152235,12.768237829208374
20,7,56.63023605711833,66.06860873330471,9.438372676186383,188.76745352372777,1013.6436442051232,1024,12,32,38.39997543397005,16;32;64;128;256;512,28.68781666684347;38.39997543397005;5.513380887781054;8.165441272870877;2.796341769301421;2.262368052194596,0.2,24,24240,0.986328125,1.2969594432879603,1.2983928607241069,0.0014334174361465557,132.27014856650143,20.667210713515846,12.191713809967041
20,8,66.06860873330471,75.5069814094911,9.43837267618639,188.76745352372777,1015.6180682362151,1024,12,32,40.79606952483325,16;32;64;128;256;512,25.83618236273147;40.79606952483325;6.6850207976604565;7.181407266838643;2.947257617532726;2.504270921152839,0.2,24,24175,0.9836832682291666,1.2983928607241069,1.29913755648613,0.0007446957620231842,127.43458932804832,19.91165458250755,13.172137022018433
20,9,75.5069814094911,84.9453540856775,9.43837267618639,188.76745352372777,1016.4729411251368,1024,12,16,28.65329815966967,16;32;64;128;256;512,28.65329815966967;26.146759097969245;4.324988897505198;5.16589488889925;2.1141638371283222;1.379149984350832,0.2,24,24268,0.9874674479166666,1.29913755648613,1.3002431877303025,0.0011056312441724003,133.45259473575692,41.70393585492403,6.9175450801849365
20,10,84.9453540856775,94.38372676186388,9.43837267618639,188.76745352372777,1018.4186002104758,1024,12,32,40.2434925927608,16;32;64;128;256;512,30.228310532570568;40.2434925927608;3.9962399601622955;8.255988990612181;2.371074035947476;2.3185729460477127,0.2,24,24120,0.9814453125,1.3002431877303025,1.3005963463720036,0.00035315864170115674,126.15048319808058,19.71101299970009,12.972517013549805
20,11,94.38372676186388,103.82209943805027,9.43837267618639,188.76745352372777,1018.7797800275355,1024,12,32,37.689066847894495,16;32;64;128;256;512,33.594653983136766;37.689066847894495;4.158155499196018;8.78399946630352;2.7292511061509703;1.9385965064118171,0.2,24,24074,0.9795735677083334,1.3005963463720036,1.3017299698026363,0.0011336234306327242,127.06887421567579,19.85451159619934,12.091132164001465
20,12,103.82209943805027,113.26047211423666,9.43837267618639,188.76745352372777,1020.1160923711825,1024,12,32,41.91278692576078,16;32;64;128;256;512,27.474144519741007;41.91278692576078;7.9362765524281365;7.646119158401373;2.680156369260408;2.2882831969113995,0.2,24,24030,0.977783203125,1.3017299698026363,1.301342651423056,-0.0003873183795803925,129.0121572242164,20.15814956628381,12.931118965148926
20,13,113.26047211423666,122.69884479042305,9.43837267618639,188.76745352372777,1019.9532108590239,1024,12,32,29.69447277347142,16;32;64;128;256;512,22.63496726008688;29.69447277347142;5.234751170215711;5.780889496909341;2.349199293811677;1.6704141243992916,0.2,24,23967,0.9752197265625,1.301342651423056,1.302227643468541,0.000884992045484978,128.46916547582896,20.073307105598275,13.051142930984497
20,14,122.69884479042305,132.13721746660943,9.438372676186376,188.76745352372777,1020.706182852487,1024,12,32,36.8093067121797,16;32;64;128;256;512,36.18666170801042;36.8093067121797;4.198860709168983;8.147156832900121;2.760314449461279;2.263549139248555,0.2,24,23964,0.97509765625,1.302227643468541,1.302708585817527,0.000480942348985991,126.91612023029396,19.83064378598343,11.867752075195312
20,15,132.13721746660943,141.57559014279582,9.43837267618639,188.76745352372777,1021.3693119435234,1024,12,16,32.545784553537395,16;32;64;128;256;512,32.545784553537395;29.83326284545065;3.6482930337907513;5.953015596097258;2.500592163281846;1.048045398358145,0.2,24,24109,0.9809977213541666,1.302708585817527,1.3027660479037877,5.746208626078442e-5,124.77063646965802,38.99082389676813,6.917007923126221
20,16,141.57559014279582,151.0139628189822,9.43837267618639,188.76745352372777,1021.0360560431905,1024,12,32,42.34122834196963,16;32;64;128;256;512,33.34817337977376;42.34122834196963;5.90413474818631;8.10591302453981;2.973992868036761;2.130046485907658,0.2,24,23863,0.9709879557291666,1.3027660479037877,1.3030761907170927,0.00031014281330499216,126.11291135882277,19.705142399816058,12.486891984939575
20,17,151.0139628189822,160.4523354951686,9.43837267618639,188.76745352372777,1021.4434155159612,1024,12,32,31.97544893629872,16;32;64;128;256;512,24.640311227264025;31.97544893629872;4.320281096497094;7.987704190146077;2.573193500606568;1.5947694033048223,0.2,24,23839,0.9700113932291666,1.3030761907170927,1.3032656802029123,0.00018948948581964942,123.50173316635707,19.29714580724329,11.97309398651123
20,18,160.4523354951686,169.890708171355,9.43837267618639,188.76745352372777,1021.6810498817688,1024,12,32,28.731382190210763,16;32;64;128;256;512,26.632980918855367;28.731382190210763;4.13941381270562;5.948537414246906;2.0605842894028545;1.3829818447604902,0.2,24,23751,0.9664306640625,1.3032656802029123,1.303653772931284,0.00038809272837170283,126.62340080144304,19.784906375225475,12.492853879928589
20,19,169.890708171355,179.32908084754138,9.43837267618639,188.76745352372777,1021.9644927323312,1024,12,32,35.44071461745831,16;32;64;128;256;512,29.951221739286844;35.44071461745831;4.858191649210029;7.6080170432936995;2.630973696786315;2.0931029679057493,0.2,24,23749,0.9663492838541666,1.303653772931284,1.3038525691144969,0.00019879618321283488,122.81757756261868,19.19024649415917,13.255598068237305
20,20,179.32908084754138,188.76745352372777,9.43837267618639,188.76745352372777,1022.008067321018,1024,12,16,29.00281699941047,16;32;64;128;256;512,29.00281699941047;28.399115580915577;5.438681386180304;5.104133153660838;2.5337234083850255;1.1040861653935583,0.2,24,23972,0.9754231770833334,1.3038525691144969,1.3042222480480632,0.00036967893356631976,125.65202219685801,39.266256936518126,7.073778867721558
22,1,0.0,9.850000204593904,9.850000204593904,197.00000409187805,883.2802656718846,1024,12,32,34.62123897527183,16;32;64;128;256;512,30.053011878020563;34.62123897527183;4.4388965544413015;7.509506659785479;2.6372729772232733;2.0251943109549817,0.2,24,24504,0.9970703125,1.090947630805431,1.1114859835925017,0.020538352787070835,143.5829720636164,22.434839384940062,13.11376690864563
22,2,9.850000204593904,19.70000040918781,9.850000204593904,197.00000409187805,942.9739429934467,1024,12,32,50.15745611634113,16;32;64;128;256;512,40.46260504200189;50.15745611634113;6.5465361148291255;11.426363907094842;3.20870594614138;2.519561469389973,0.2,24,24464,0.9954427083333334,1.1114859835925017,1.1228264274523099,0.011340443859808147,138.99320775699624,21.71768871203066,12.17706298828125
22,3,19.70000040918781,29.550000613781712,9.850000204593904,197.00000409187805,972.5954293963038,1024,12,32,45.73552600683848,16;32;64;128;256;512,27.671771394287543;45.73552600683848;6.907108744386622;8.83534416197714;2.721717092428383;2.8218966197414934,0.2,24,24412,0.9933268229166666,1.1228264274523099,1.1289580757661497,0.0061316483138398326,133.61333430528862,20.877083485201346,11.832600116729736
22,4,29.550000613781712,39.40000081837562,9.850000204593904,197.00000409187805,990.6439717247522,1024,12,16,33.571583666948165,16;32;64;128;256;512,33.571583666948165;32.935718202985264;5.721251587098644;6.923793281087991;1.9768559341777208;1.7746833293331137,0.2,24,24443,0.9945882161458334,1.1289580757661497,1.1324984778398175,0.003540402073667792,135.84993082037272,42.453103381366475,6.160865068435669
22,5,39.40000081837562,49.25000102296952,9.850000204593904,197.00000409187805,998.900717986367,1024,12,32,35.17545348578198,16;32;64;128;256;512,31.02854905486746;35.17545348578198;6.609407414746773;6.5209317958215625;2.641407357816472;2.1277544467676153,0.2,24,24349,0.9907633463541666,1.1324984778398175,1.1350407658728727,0.002542288033055229,130.13782168640174,20.33403463850027,11.908018112182617
22,6,49.25000102296952,59.100001227563425,9.850000204593904,197.00000409187805,1006.3789737282381,1024,12,32,36.748927519594396,16;32;64;128;256;512,35.86578966388317;36.748927519594396;5.022649444465436;7.346034944691014;3.3530227511297497;2.189216790361976,0.2,24,24319,0.9895426432291666,1.1350407658728727,1.1366228002680145,0.001582034395141818,129.4024132334875,20.21912706773242,12.556339025497437
22,7,59.100001227563425,68.95000143215734,9.850000204593911,197.00000409187805,1008.4653417376743,1024,12,16,45.27375437813369,16;32;64;128;256;512,45.27375437813369;43.52841082546089;7.720412978789855;8.782393547054784;3.6746036413889853;2.0641053678009156,0.2,24,24363,0.9913330078125,1.1366228002680145,1.13956321189562,0.0029404116276054992,131.76527057801343,41.176647055629196,6.670161008834839
22,8,68.95000143215734,78.80000163675123,9.850000204593897,197.00000409187805,1014.2909213282343,1024,12,16,37.70997597418141,16;32;64;128;256;512,37.70997597418141;35.949053017209096;6.734829959090289;6.192167670279584;3.2462998813065878;1.9336809770258645,0.2,24,24353,0.9909261067708334,1.13956321189562,1.1396929340298811,0.00012972213426110102,131.34965191681277,41.04676622400399,6.863960027694702
22,9,78.80000163675123,88.65000184134513,9.850000204593897,197.00000409187805,1014.641656019054,1024,12,32,34.51746294672846,16;32;64;128;256;512,31.718693239127298;34.51746294672846;4.43804423024939;6.8373845992386935;3.292217750676335;1.8029217179066173,0.2,24,24228,0.98583984375,1.1396929340298811,1.1410558166917326,0.0013628826618514722,127.92854399967479,19.988834999949184,11.547233819961548
22,10,88.65000184134513,98.50000204593903,9.850000204593897,197.00000409187805,1016.3530168235619,1024,12,32,32.37530005969578,16;32;64;128;256;512,28.54593976392812;32.37530005969578;5.818281673364389;5.428761413007998;2.7365767495449114;1.7352658140915,0.2,24,24134,0.9820149739583334,1.1410558166917326,1.1420725666584985,0.0010167499667659285,126.12583113460592,19.707161114782174,11.483007907867432
22,11,98.50000204593903,108.35000225053292,9.850000204593897,197.00000409187805,1017.8488519293841,1024,12,16,38.0957899452613,16;32;64;128;256;512,38.0957899452613;32.010216570916064;3.7068538442854635;6.872520724220187;2.72392989649217;1.7692955621166309,0.2,24,24254,0.9868977864583334,1.1420725666584985,1.1423801609557813,0.0003075942972827761,128.1723980194305,40.05387438107203,6.208831071853638
22,12,108.35000225053292,118.20000245512682,9.850000204593897,197.00000409187805,1018.6159494058627,1024,12,16,35.39223657517847,16;32;64;128;256;512,35.39223657517847;29.059657391110285;4.312731901436762;6.209026048662754;2.6243984681789114;1.5123389724947358,0.2,24,24227,0.9857991536458334,1.1423801609557813,1.1431237117312776,0.00074355077549626,126.26436127290701,39.45761289778344,6.701278924942017
22,13,118.20000245512682,128.05000265972072,9.850000204593897,197.00000409187805,1019.5243931349196,1024,12,16,28.89291698168538,16;32;64;128;256;512,28.89291698168538;21.07802196215533;4.621634522190492;4.573038043351032;1.6786107192770066;1.1138190666401566,0.2,24,24244,0.9864908854166666,1.1431237117312776,1.143907582097654,0.0007838703663765045,126.69382894920851,39.591821546627656,7.284862995147705
22,14,128.05000265972072,137.90000286431462,9.850000204593897,197.00000409187805,1021.0236873334227,1024,12,32,35.87326676368682,16;32;64;128;256;512,29.934298460603454;35.87326676368682;4.816760254363041;4.91819059740622;2.5694101469485733;2.3219436296344798,0.2,24,24008,0.9768880208333334,1.143907582097654,1.1441247739144274,0.0002171918167732656,125.52142685265063,19.61272294572666,12.911845922470093
22,15,137.90000286431462,147.7500030689085,9.850000204593897,197.00000409187805,1020.657926745005,1024,12,32,39.52967567504065,16;32;64;128;256;512,24.60042071454085;39.52967567504065;5.991417120151091;6.891240911622362;3.173760334135605;2.3224241074283136,0.2,24,23994,0.976318359375,1.1441247739144274,1.1440645594184389,-6.021449598847539e-5,125.08255767611064,19.544149636892286,11.909199953079224
22,16,147.7500030689085,157.6000032735024,9.850000204593897,197.00000409187805,1020.5806738471749,1024,12,16,33.3050713869326,16;32;64;128;256;512,33.3050713869326;33.14359727905879;3.2140178938975814;5.251082873795614;2.3755023015504686;1.015114783819176,0.2,24,24162,0.983154296875,1.1440645594184389,1.1446807792322033,0.0006162198137644737,125.48453358479472,39.21391674524835,6.114511966705322
22,17,157.6000032735024,167.4500034780963,9.850000204593897,197.00000409187805,1021.300159278577,1024,12,32,33.12819597540666,16;32;64;128;256;512,29.46571976560089;33.12819597540666;3.9757779649874725;6.91328750054062;1.7687556892445395;1.3448941282716202,0.2,24,23940,0.97412109375,1.1446807792322033,1.1448548337471038,0.00017405451490049018,123.51572203312568,19.299331567675885,11.467725992202759
22,18,167.4500034780963,177.3000036826902,9.850000204593897,197.00000409187805,1021.592995299325,1024,12,32,32.660575994755035,16;32;64;128;256;512,32.21961730694488;32.660575994755035;6.03815799409599;6.074561733940829;2.0566969854582564;0.952426756607684,0.2,24,23916,0.97314453125,1.1448548337471038,1.1451345650666553,0.00027973131955150166,121.64141425643263,19.006470977567595,11.813627004623413
22,19,177.3000036826902,187.1500038872841,9.850000204593897,197.00000409187805,1021.7596254724532,1024,12,16,30.887890131324102,16;32;64;128;256;512,30.887890131324102;27.843323635496557;4.649318008611923;5.356153422436455;2.58547672681802;1.5564980414701082,0.2,24,24100,0.9806315104166666,1.1451345650666553,1.1452699535561806,0.0001353884895252122,124.44561988909052,38.88925621534079,6.891967058181763
22,20,187.1500038872841,197.00000409187805,9.850000204593954,197.00000409187805,1021.935912902257,1024,12,32,29.85086623299625,16;32;64;128;256;512,25.99426651361485;29.85086623299625;4.18789708191194;6.058015472414899;2.543816107976428;1.5080865442199887,0.2,24,23897,0.9723714192708334,1.1452699535561806,1.1456204838482336,0.00035053029205300845,120.21659451004425,18.78384289219441,12.686641931533813
24,1,0.0,13.870997463516586,13.870997463516586,277.4199492703317,894.0556681391239,1024,12,32,51.260652793105784,16;32;64;128;256;512,43.455079767328414;51.260652793105784;6.253441463971606;11.620156370099092;3.6210964220080086;3.366043840788292,0.2,24,24483,0.9962158203125,1.3853927982522691,1.397474149513073,0.012081351260803785,145.27834569891903,22.699741515456097,11.375493049621582
24,2,13.870997463516586,27.741994927033172,13.870997463516586,277.4199492703317,945.5454937046245,1024,12,32,40.48035223748091,16;32;64;128;256;512,28.366353937737035;40.48035223748091;6.704639200235973;5.713260343642324;2.955055002883916;2.1902460551854395,0.2,24,24398,0.9927571614583334,1.397474149513073,1.406127934711094,0.008653785198021069,139.3458501177339,21.772789080895922,12.994288921356201
24,3,27.741994927033172,41.612992390549756,13.870997463516584,277.4199492703317,977.4978081437572,1024,12,32,41.76524571573322,16;32;64;128;256;512,30.283600189420003;41.76524571573322;4.585532460333441;8.907831212828686;2.33061104693644;1.9438175704467149,0.2,24,24336,0.990234375,1.406127934711094,1.4097029654112703,0.003575030700176285,136.97153731611638,21.401802705643185,12.532269954681396
24,4,41.612992390549756,55.483989854066344,13.870997463516588,277.4199492703317,993.5474147955371,1024,12,32,37.772944151567884,16;32;64;128;256;512,34.628915437036575;37.772944151567884;4.947684742810551;8.026708293727776;2.4831534078103012;2.0407907530659912,0.2,24,24297,0.9886474609375,1.4097029654112703,1.4125227546987844,0.0028197892875141406,133.67662897309197,20.88697327704562,11.578904151916504
24,5,55.483989854066344,69.35498731758292,13.87099746351658,277.4199492703317,1001.5383148218681,1024,12,32,45.12818789283182,16;32;64;128;256;512,26.09304442655884;45.12818789283182;5.997545001191935;9.25577318999989;3.2081281546987532;2.847648934024055,0.2,24,24217,0.9853922526041666,1.4125227546987844,1.414159290821317,0.0016365361225325614,134.35373437432202,20.992770995987815,11.653439998626709
24,6,69.35498731758292,83.22598478109951,13.870997463516588,277.4199492703317,1005.6041743690911,1024,12,16,36.24206902863359,16;32;64;128;256;512,36.24206902863359;35.346756672201906;6.4635207194101145;7.090664490775456;2.4008851777905997;1.6416235999414768,0.2,24,24258,0.987060546875,1.414159290821317,1.4157434648082017,0.0015841739868847071,133.81032632737382,41.815726977304315,6.709025859832764
24,7,83.22598478109951,97.0969822446161,13.870997463516588,277.4199492703317,1009.3259241199701,1024,12,32,35.43915652837072,16;32;64;128;256;512,34.108835510087445;35.43915652837072;5.224284510091342;6.110102771021661;3.194801769293679;1.613900174128677,0.2,24,24052,0.9786783854166666,1.4157434648082017,1.4171657266106195,0.0014222618024177791,131.82979651084807,20.59840570482001,11.882538080215454
24,8,97.0969822446161,110.96797970813269,13.870997463516588,277.4199492703317,1012.0650721057347,1024,12,32,40.34979616650991,16;32;64;128;256;512,39.1830955436837;40.34979616650991;4.516314850369995;9.428046070924507;2.947112854944177;2.372006370884374,0.2,24,23986,0.9759928385416666,1.4171657266106195,1.4180972612289224,0.000931534618302976,128.8650910727066,20.135170480110407,11.526585102081299
24,9,110.96797970813269,124.83897717164928,13.870997463516588,277.4199492703317,1013.5452633789721,1024,12,32,29.984462383091838,16;32;64;128;256;512,25.387810526440333;29.984462383091838;4.702524374364595;6.35992079364178;2.7221035491886174;1.7634846982594679,0.2,24,23856,0.970703125,1.4180972612289224,1.4186704866629043,0.000573225433981861,131.78115528467248,20.590805513230073,11.460871934890747
24,10,124.83897717164928,138.70997463516585,13.870997463516574,277.4199492703317,1014.9166724929262,1024,12,32,36.51993315696602,16;32;64;128;256;512,26.851078628295973;36.51993315696602;6.347018737834198;6.8704453917614625;2.7041649068826206;1.9037466126621523,0.2,24,23759,0.9667561848958334,1.4186704866629043,1.4190229244181864,0.0003524377552821534,131.54127425512831,20.5533241023638,12.265283823013306
24,11,138.70997463516585,152.58097209868242,13.870997463516574,277.4199492703317,1015.320592679178,1024,12,32,36.471910155458076,16;32;64;128;256;512,30.15754307262305;36.471910155458076;5.243816276847933;9.171532398958124;3.240122106543658;1.8057670178653042,0.2,24,23735,0.9657796223958334,1.4190229244181864,1.4202611044970581,0.0012381800788716646,127.54205611430511,19.928446267860174,12.063719987869263
24,12,152.58097209868242,166.451969562199,13.870997463516574,277.4199492703317,1017.281117314145,1024,12,32,35.80495689359937,16;32;64;128;256;512,27.811542297065017;35.80495689359937;3.8573905539497026;7.773511024060179;2.128738092037764;1.5558713192512692,0.2,24,23675,0.9633382161458334,1.4202611044970581,1.420493258760871,0.00023215426381284487,126.41231240498509,19.751923813278918,12.293367862701416
24,13,166.451969562199,180.32296702571557,13.870997463516574,277.4199492703317,1017.1742509795513,1024,12,32,35.762650901245635,16;32;64;128;256;512,29.192830994046062;35.762650901245635;4.61921001893431;7.231759852551099;1.8388945406639308;1.2017005055472196,0.2,24,23583,0.9595947265625,1.420493258760871,1.421417487549661,0.0009242287887900602,126.91949550445146,19.83117117257054,12.281151056289673
24,14,180.32296702571557,194.19396448923214,13.870997463516574,277.4199492703317,1018.9981460687245,1024,12,32,44.642390798667364,16;32;64;128;256;512,33.516702822955025;44.642390798667364;6.495080210013113;7.151641867787345;2.7607489255018485;0.6477515755841964,0.2,24,23512,0.9567057291666666,1.421417487549661,1.4216810955922483,0.0002636080425872933,120.8076087692046,18.87618887018822,11.692535161972046
24,15,194.19396448923214,208.06496195274872,13.870997463516574,277.4199492703317,1019.234065363199,1024,12,32,32.028908667674145,16;32;64;128;256;512,27.85936863411586;32.028908667674145;6.026378029860556;6.349749105771123;2.928604000879503;1.3438838369187045,0.2,24,23387,0.9516194661458334,1.4216810955922483,1.42186633237543,0.0001852367831816082,123.27454761944622,19.26164806553847,11.526326894760132
24,16,208.06496195274872,221.9359594162653,13.870997463516574,277.4199492703317,1019.5614387289444,1024,12,32,38.07167226351445,16;32;64;128;256;512,23.90988373931985;38.07167226351445;6.857655774885492;5.230259367814122;2.405746964558475;1.992519080010798,0.2,24,23270,0.9468587239583334,1.42186633237543,1.422028549263814,0.00016221688838413684,119.94346406785603,18.741166260602505,11.463998079299927
24,17,221.9359594162653,235.80695687978186,13.870997463516574,277.4199492703317,1019.7650441183564,1024,12,16,29.25758260986526,16;32;64;128;256;512,29.25758260986526;28.128219496209265;7.834554746480081;5.351910878711624;2.032087765073837;1.343808400244604,0.2,24,23661,0.9627685546875,1.422028549263814,1.4221844939279435,0.0001559446641294926,123.97695361524525,38.74279800476414,6.107577085494995
24,18,235.80695687978186,249.67795434329844,13.870997463516574,277.4199492703317,1019.6129275996658,1024,12,16,33.940827046192524,16;32;64;128;256;512,33.940827046192524;29.426364325695314;6.455115149842805;5.64675870495889;2.278014518497873;1.3369023268451388,0.2,24,23580,0.95947265625,1.4221844939279435,1.4226460199733992,0.00046152604545568465,123.97218037527962,38.74130636727488,6.869071006774902
24,19,249.67795434329844,263.548951806815,13.870997463516574,277.4199492703317,1020.3303456870304,1024,12,32,42.54009007448919,16;32;64;128;256;512,33.38364562271019;42.54009007448919;5.854753955424377;6.761512509056369;3.7388922216023732;1.4695689999252126,0.2,24,23171,0.9428304036458334,1.4226460199733992,1.4229290165831117,0.000282996609712427,121.45958128455332,18.978059575711455,11.867780923843384
24,20,263.548951806815,277.4199492703317,13.870997463516687,277.4199492703317,1020.7828970009117,1024,12,32,30.30916988127367,16;32;64;128;256;512,24.292538277650596;30.30916988127367;3.940690847138431;6.798076675510085;2.946124400798465;1.720097906835852,0.2,24,23026,0.9369303385416666,1.4229290165831117,1.4231124340522001,0.0001834174690884538,120.19038568382027,18.779747763096914,11.745147943496704
26,1,0.0,12.823694905250981,12.823694905250981,256.4738981050196,918.3315322461438,1024,12,32,44.58514373381924,16;32;64;128;256;512,36.67034688952013;44.58514373381924;6.730097678337619;10.175076485204348;2.4789433602715816;1.949459564570865,0.2,24,24485,0.9962972005208334,1.4416417879983783,1.4532519118565688,0.01161012385819049,141.81833085793681,22.159114196552625,12.774448871612549
26,2,12.823694905250981,25.647389810501963,12.823694905250981,256.4738981050196,965.3463561891488,1024,12,32,40.63931686001736,16;32;64;128;256;512,34.97638994473894;40.63931686001736;4.689545889374834;7.337610456673486;3.586462419260248;2.181268164567152,0.2,24,24413,0.9933675130208334,1.4532519118565688,1.4585648965367,0.005312984680131194,137.65588969884624,21.508732765444723,12.803348779678345
26,3,25.647389810501963,38.471084715752944,12.823694905250981,256.4738981050196,985.779189297573,1024,12,32,50.13747188225828,16;32;64;128;256;512,38.04512510234306;50.13747188225828;6.044284350535831;10.094684564354397;4.017571424274055;2.3046940388580217,0.2,24,24365,0.9914143880208334,1.4585648965367,1.4624002244459007,0.003835327909200714,138.74508766206876,21.678919947198242,12.5246000289917
26,4,38.471084715752944,51.294779621003926,12.823694905250981,256.4738981050196,999.6866990585047,1024,12,32,44.36340071506604,16;32;64;128;256;512,38.82244422800888;44.36340071506604;7.258458739442366;8.936006870092552;2.9746352575966304;2.0831535494655853,0.2,24,24288,0.98828125,1.4624002244459007,1.4647618766261985,0.002361652180297824,136.23093926214466,21.2860842597101,12.9308500289917
26,5,51.294779621003926,64.11847452625491,12.823694905250989,256.4738981050196,1005.0150129541079,1024,12,32,33.46407862637113,16;32;64;128;256;512,29.880010078765366;33.46407862637113;6.331535933015561;8.173815331074854;2.9790335252494513;1.6191357782570817,0.2,24,24226,0.9857584635416666,1.4647618766261985,1.4664964022344975,0.001734525608299009,133.330239406674,20.83284990729281,12.92549991607666
26,6,64.11847452625491,76.9421694315059,12.823694905250989,256.4738981050196,1010.3184786154115,1024,12,32,38.33354572446045,16;32;64;128;256;512,23.07335782588249;38.33354572446045;6.994016917256052;9.410149249786931;2.584334931956277;2.3090259569691822,0.2,24,24162,0.983154296875,1.4664964022344975,1.4675940775910021,0.0010976753565046238,131.27542155540795,20.51178461803249,12.911224126815796
26,7,76.9421694315059,89.76586433675689,12.823694905250989,256.4738981050196,1012.1199438504827,1024,12,32,33.467322343182175,16;32;64;128;256;512,27.266894382674057;33.467322343182175;5.030903778019372;6.581212677245023;2.2114119847133313;1.4566959397562211,0.2,24,24094,0.9803873697916666,1.4675940775910021,1.4686515511216385,0.0010574735306363436,131.90152131228842,20.609612705045066,11.817890882492065
26,8,89.76586433675689,102.58955924200788,12.823694905250989,256.4738981050196,1014.2980217686231,1024,12,32,32.155424227668746,16;32;64;128;256;512,30.97924493080554;32.155424227668746;4.917400118131175;7.037016213339397;2.583126187296843;2.0111106733096573,0.2,24,24003,0.9766845703125,1.4686515511216385,1.4689458316915989,0.0002942805699603923,133.40509254439766,20.844545710062132,12.598593950271606
26,9,102.58955924200788,115.41325414725887,12.823694905250989,256.4738981050196,1014.5613846087348,1024,12,32,42.57041813622872,16;32;64;128;256;512,28.84782454117409;42.57041813622872;8.472738352837009;9.32721161712794;3.2356664787092915;2.0003344450787957,0.2,24,23924,0.9734700520833334,1.4689458316915989,1.4701508907282914,0.0012050590366925462,135.13532076874492,21.114893870116394,12.6754310131073
26,10,115.41325414725887,128.23694905250986,12.823694905250989,256.4738981050196,1015.971796839181,1024,12,32,32.65845298868425,16;32;64;128;256;512,29.656951383768057;32.65845298868425;4.83227528463354;5.554059100177375;2.34212728425648;1.3264432934215842,0.2,24,23863,0.9709879557291666,1.4701508907282914,1.4709916460510613,0.0008407553227698372,130.3382756621277,20.365355572207452,12.681425094604492
26,11,128.23694905250986,141.06064395776085,12.823694905250989,256.4738981050196,1017.9608646231071,1024,12,32,51.165838105699976,16;32;64;128;256;512,34.58877285096879;51.165838105699976;4.927988557035899;9.306665106375474;2.7383876556499946;2.282428809559552,0.2,24,23770,0.9672037760416666,1.4709916460510613,1.4714786139179523,0.00048696786689106375,131.094444291353,20.483506920523904,12.927910804748535
26,12,141.06064395776085,153.88433886301183,12.823694905250989,256.4738981050196,1018.4971100238778,1024,12,16,30.778958218030986,16;32;64;128;256;512,30.778958218030986;25.71543082347747;5.139097304426707;5.7366851456523005;2.8256881762552526;1.5166180672688427,0.2,24,23977,0.9756266276041666,1.4714786139179523,1.4720398273029787,0.000561213385026349,131.61960956532644,41.13112798916451,6.845562934875488
26,13,153.88433886301183,166.70803376826282,12.823694905250989,256.4738981050196,1019.3905772024034,1024,12,32,25.161719921535042,16;32;64;128;256;512,25.113583875661977;25.161719921535042;4.790078020161379;4.918854445097515;1.8342771406883314;0.7864190130591454,0.2,24,23618,0.9610188802083334,1.4720398273029787,1.4721207850898281,8.095778684946708e-5,125.43970659618249,19.599954155653514,11.476498126983643
26,14,166.70803376826282,179.5317286735138,12.823694905250989,256.4738981050196,1019.6345445938148,1024,12,32,38.72428031767514,16;32;64;128;256;512,29.883273288226757;38.72428031767514;6.143891493458331;5.655575169803946;2.5937986588794235;1.7392430603316884,0.2,24,23630,0.9615071614583334,1.4721207850898281,1.4723187936751856,0.00019800858535745647,126.82994001675462,19.817178127617908,11.726993083953857
26,15,179.5317286735138,192.3554235787648,12.823694905250989,256.4738981050196,1020.086133522655,1024,12,32,31.778275647177708,16;32;64;128;256;512,25.371948501148776;31.778275647177708;3.8424536633566095;5.167355202018251;2.455108573696017;0.734023467749125,0.2,24,23523,0.9571533203125,1.4723187936751856,1.4728661863355228,0.0005473926603372092,123.1694340719875,19.245224073748044,11.710875034332275
26,16,192.3554235787648,205.1791184840158,12.823694905250989,256.4738981050196,1020.5310949913605,1024,12,16,34.1073446229454,16;32;64;128;256;512,34.1073446229454;32.84036913725061;4.821244495293396;7.463241106680427;2.2820415000514958;2.022217797113596,0.2,24,23713,0.9648844401041666,1.4728661863355228,1.473022260297057,0.00015607396153427544,124.81972003301993,39.006162510318724,6.667960166931152
26,17,205.1791184840158,218.00281338926678,12.823694905250989,256.4738981050196,1020.62392847832,1024,12,32,28.70955002981776,16;32;64;128;256;512,20.348188548606572;28.70955002981776;4.524764729123394;5.1829019104607825;2.291669357068435;1.451042211686714,0.2,24,23346,0.949951171875,1.473022260297057,1.4732939806035574,0.00027172030650035595,126.65817756350819,19.790340244298154,11.60728406906128
26,18,218.00281338926678,230.82650829451777,12.823694905250989,256.4738981050196,1020.8244569417552,1024,12,32,27.64951211794686,16;32;64;128;256;512,23.44184320026302;27.64951211794686;5.66439142548443;6.750486500865132;2.373358366357611;1.73306976543802,0.2,24,23281,0.9473063151041666,1.4732939806035574,1.4735790233307853,0.0002850427272278466,125.2068294957616,19.56356710871275,12.42288613319397
26,19,230.82650829451777,243.65020319976875,12.823694905250989,256.4738981050196,1021.2735431311563,1024,12,16,27.833578902313853,16;32;64;128;256;512,27.833578902313853;21.758136667187923;5.652329671318917;6.480727232474955;1.5099032666954708;1.2539444023447939,0.2,24,23617,0.9609781901041666,1.4735790233307853,1.4740940911924554,0.0005150678616701043,124.21706123260228,38.817831635188206,6.818593978881836
26,20,243.65020319976875,256.4738981050196,12.823694905250846,256.4738981050196,1021.6055708278868,1024,12,32,42.021607682968146,16;32;64;128;256;512,22.49684287723161;42.021607682968146;5.053953816375618;5.886799500131923;2.1591257144436327;1.6581465858620772,0.2,24,23145,0.9417724609375,1.4740940911924554,1.4740769125710358,-1.7178621419589035e-5,124.65815993139456,19.4778374892804,12.948991060256958
