timestamp,gpu_util_percent,memory_used_mib,power_w
2026/05/09 17:10:08.456,7,4366,31.85
2026/05/09 17:10:09.503,6,4354,30.67
2026/05/09 17:10:10.543,5,4353,30.52
2026/05/09 17:10:11.577,1,4353,39.66
2026/05/09 17:10:12.616,1,4356,42.29
2026/05/09 17:10:13.664,3,4352,30.17
2026/05/09 17:10:14.712,6,4352,30.39
2026/05/09 17:10:15.757,8,4373,34.18
2026/05/09 17:10:16.803,6,4374,32.47
2026/05/09 17:10:17.847,6,4372,31.17
2026/05/09 17:10:18.899,6,4372,30.66
2026/05/09 17:10:19.945,6,4372,33.12
2026/05/09 17:10:20.992,6,4373,30.93
2026/05/09 17:10:22.039,6,4373,32.58
2026/05/09 17:10:23.078,1,4412,42.25
2026/05/09 17:10:24.110,1,4401,37.28
2026/05/09 17:10:25.144,1,4398,34.21
2026/05/09 17:10:26.184,3,4397,30.90
2026/05/09 17:10:27.222,3,4372,29.45
2026/05/09 17:10:28.261,2,4366,34.34
2026/05/09 17:10:29.312,4,4491,39.72
2026/05/09 17:10:30.362,11,4488,38.56
2026/05/09 17:10:31.412,6,4487,37.12
2026/05/09 17:10:32.467,14,4403,35.64
2026/05/09 17:10:33.505,1,4403,42.78
2026/05/09 17:10:34.543,4,4402,32.83
2026/05/09 17:10:35.583,4,4427,30.94
2026/05/09 17:10:36.618,0,5313,38.89
2026/05/09 17:10:37.649,1,5301,59.90
2026/05/09 17:10:38.680,0,5301,59.41
2026/05/09 17:10:39.710,0,5306,59.41
2026/05/09 17:10:40.741,1,5273,59.74
2026/05/09 17:10:41.772,1,5273,60.14
2026/05/09 17:10:42.803,1,5272,60.23
2026/05/09 17:10:43.835,1,5272,60.77
2026/05/09 17:10:44.867,0,5272,60.49
2026/05/09 17:10:45.898,1,5272,60.17
2026/05/09 17:10:46.928,1,5272,60.44
2026/05/09 17:10:47.959,1,5355,61.71
2026/05/09 17:10:48.990,1,5351,60.76
2026/05/09 17:10:50.022,2,5376,62.54
2026/05/09 17:10:51.054,2,5380,61.94
2026/05/09 17:10:52.086,1,5388,61.20
2026/05/09 17:10:53.118,1,5388,63.03
2026/05/09 17:10:54.149,70,5420,81.65
2026/05/09 17:10:55.181,58,5416,233.22
2026/05/09 17:10:56.215,61,5413,253.47
2026/05/09 17:10:57.248,1,5408,222.12
2026/05/09 17:10:58.280,59,5410,207.26
2026/05/09 17:10:59.314,64,5409,247.68
2026/05/09 17:11:00.346,56,5392,246.78
2026/05/09 17:11:01.377,65,5388,177.89
2026/05/09 17:11:02.410,56,5388,240.09
2026/05/09 17:11:03.441,65,5372,176.38
2026/05/09 17:11:04.475,68,5372,238.10
2026/05/09 17:11:05.508,68,5415,195.22
2026/05/09 17:11:06.541,1,5419,223.71
2026/05/09 17:11:07.573,3,5435,85.96
2026/05/09 17:11:08.604,51,5441,178.59
2026/05/09 17:11:09.638,49,5470,337.53
2026/05/09 17:11:10.671,47,5487,338.68
2026/05/09 17:11:11.705,48,5514,338.90
2026/05/09 17:11:12.739,49,5532,338.80
2026/05/09 17:11:13.773,49,5536,337.18
2026/05/09 17:11:14.808,45,5536,342.21
2026/05/09 17:11:15.841,48,5523,342.16
2026/05/09 17:11:16.874,51,5523,340.74
2026/05/09 17:11:17.908,52,5511,343.59
2026/05/09 17:11:18.953,49,5548,351.68
2026/05/09 17:11:19.998,59,5549,282.41
2026/05/09 17:11:21.029,43,5527,292.90
2026/05/09 17:11:22.060,43,5584,315.14
2026/05/09 17:11:23.093,41,5579,315.25
2026/05/09 17:11:24.125,44,5578,316.73
2026/05/09 17:11:25.157,42,5573,319.35
2026/05/09 17:11:26.188,43,5563,320.68
2026/05/09 17:11:27.220,41,5519,320.43
2026/05/09 17:11:28.253,41,5519,317.61
2026/05/09 17:11:29.285,45,5493,317.79
2026/05/09 17:11:30.317,42,5493,321.27
2026/05/09 17:11:31.349,46,5493,320.01
2026/05/09 17:11:32.380,42,5493,320.37
2026/05/09 17:11:33.413,41,5494,269.78
2026/05/09 17:11:34.445,44,5511,313.66
2026/05/09 17:11:35.478,45,5510,315.31
2026/05/09 17:11:36.513,46,5512,316.21
2026/05/09 17:11:37.545,47,5512,313.39
2026/05/09 17:11:38.585,51,5499,330.97
2026/05/09 17:11:39.618,46,5499,321.14
2026/05/09 17:11:40.649,52,5499,280.18
2026/05/09 17:11:41.681,52,5495,350.32
2026/05/09 17:11:42.716,52,5495,340.44
2026/05/09 17:11:43.748,53,5495,349.45
2026/05/09 17:11:44.780,52,5495,338.06
2026/05/09 17:11:45.813,52,5502,345.90
2026/05/09 17:11:46.849,51,5502,338.14
2026/05/09 17:11:47.895,38,5502,317.10
2026/05/09 17:11:48.928,46,5502,300.16
2026/05/09 17:11:49.960,54,5501,338.26
2026/05/09 17:11:50.994,46,5495,349.41
2026/05/09 17:11:52.025,51,5495,334.29
2026/05/09 17:11:53.058,47,5495,272.89
2026/05/09 17:11:54.090,48,5495,346.41
2026/05/09 17:11:55.121,52,5495,336.49
2026/05/09 17:11:56.153,40,5533,332.47
2026/05/09 17:11:57.184,33,5531,299.34
2026/05/09 17:11:58.214,42,5528,306.38
2026/05/09 17:11:59.245,28,5528,315.73
2026/05/09 17:12:00.277,35,5528,306.12
2026/05/09 17:12:01.307,46,5507,313.12
2026/05/09 17:12:02.339,38,5494,303.61
2026/05/09 17:12:03.374,50,5511,359.84
2026/05/09 17:12:04.406,49,5511,344.63
2026/05/09 17:12:05.437,47,5508,274.05
2026/05/09 17:12:06.469,49,5508,333.14
2026/05/09 17:12:07.500,47,5508,358.04
2026/05/09 17:12:08.532,45,5496,354.62
2026/05/09 17:12:09.562,35,5496,308.83
2026/05/09 17:12:10.595,50,5496,333.30
2026/05/09 17:12:11.626,48,5495,366.95
2026/05/09 17:12:12.659,46,5495,366.99
2026/05/09 17:12:13.691,49,5495,359.87
2026/05/09 17:12:14.723,51,5495,363.26
2026/05/09 17:12:15.755,46,5495,366.44
2026/05/09 17:12:16.787,16,5495,311.20
2026/05/09 17:12:17.821,36,5495,196.31
2026/05/09 17:12:18.854,49,5495,372.45
2026/05/09 17:12:19.886,52,5495,365.61
2026/05/09 17:12:20.922,46,5495,368.87
2026/05/09 17:12:21.955,46,5495,366.78
2026/05/09 17:12:22.987,51,5495,367.06
2026/05/09 17:12:24.019,48,5495,368.69
2026/05/09 17:12:25.051,47,5495,367.99
2026/05/09 17:12:26.084,50,5495,366.42
2026/05/09 17:12:27.117,48,5506,366.86
2026/05/09 17:12:28.161,54,5504,352.08
2026/05/09 17:12:29.194,53,5505,284.71
2026/05/09 17:12:30.227,45,5544,321.17
2026/05/09 17:12:31.261,42,5543,325.31
2026/05/09 17:12:32.294,41,5530,330.92
2026/05/09 17:12:33.327,45,5535,328.64
2026/05/09 17:12:34.360,41,5535,328.36
2026/05/09 17:12:35.394,44,5470,328.76
2026/05/09 17:12:36.428,49,5478,349.98
2026/05/09 17:12:37.463,50,5520,361.60
2026/05/09 17:12:38.499,43,5518,335.76
2026/05/09 17:12:39.531,41,5521,327.33
2026/05/09 17:12:40.564,45,5520,324.46
2026/05/09 17:12:41.595,54,5520,319.75
2026/05/09 17:12:42.627,45,5504,281.57
2026/05/09 17:12:43.660,43,5503,327.21
2026/05/09 17:12:44.692,45,5503,329.11
2026/05/09 17:12:45.724,43,5503,325.64
2026/05/09 17:12:46.756,40,5503,328.28
2026/05/09 17:12:47.787,43,5503,330.71
2026/05/09 17:12:48.819,47,5503,328.80
2026/05/09 17:12:49.851,41,5503,328.02
2026/05/09 17:12:50.884,43,5511,326.96
2026/05/09 17:12:51.916,45,5521,328.01
2026/05/09 17:12:52.950,41,5518,326.94
2026/05/09 17:12:53.982,45,5516,327.09
2026/05/09 17:12:55.014,41,5516,282.01
2026/05/09 17:12:56.046,42,5516,328.20
2026/05/09 17:12:57.079,42,5479,326.31
2026/05/09 17:12:58.115,44,5482,327.44
2026/05/09 17:12:59.148,43,5480,325.52
2026/05/09 17:13:00.180,41,5479,328.24
2026/05/09 17:13:01.212,41,5479,329.32
2026/05/09 17:13:02.244,41,5479,329.91
2026/05/09 17:13:03.275,43,5479,329.93
2026/05/09 17:13:04.308,44,5479,328.13
2026/05/09 17:13:05.340,41,5483,330.80
2026/05/09 17:13:06.372,41,5483,329.20
2026/05/09 17:13:07.405,47,5483,350.75
2026/05/09 17:13:08.438,44,5483,269.72
2026/05/09 17:13:09.470,48,5478,349.62
2026/05/09 17:13:10.503,51,5537,355.97
2026/05/09 17:13:11.536,49,5532,361.44
2026/05/09 17:13:12.569,47,5533,357.51
2026/05/09 17:13:13.601,51,5539,356.92
2026/05/09 17:13:14.634,48,5537,356.63
2026/05/09 17:13:15.667,49,5528,361.44
2026/05/09 17:13:16.699,48,5526,359.35
2026/05/09 17:13:17.732,48,5526,359.62
2026/05/09 17:13:18.764,49,5499,361.69
2026/05/09 17:13:19.797,44,5564,273.37
2026/05/09 17:13:20.829,44,5555,300.42
2026/05/09 17:13:21.862,41,5747,306.25
2026/05/09 17:13:22.896,38,5761,298.63
2026/05/09 17:13:23.928,47,5733,308.36
2026/05/09 17:13:24.961,43,5731,307.73
2026/05/09 17:13:25.994,44,5739,302.33
2026/05/09 17:13:27.026,47,5633,319.59
2026/05/09 17:13:28.059,51,5592,293.11
2026/05/09 17:13:29.094,50,5598,346.62
2026/05/09 17:13:30.127,34,5574,332.39
2026/05/09 17:13:31.160,47,5479,350.55
2026/05/09 17:13:32.194,48,5482,342.89
2026/05/09 17:13:33.227,51,5482,349.40
2026/05/09 17:13:34.262,53,5481,349.25
2026/05/09 17:13:35.295,50,5477,355.34
2026/05/09 17:13:36.328,50,5498,345.39
2026/05/09 17:13:37.365,1,5517,299.47
2026/05/09 17:13:38.400,55,5548,298.60
2026/05/09 17:13:39.433,48,5555,355.35
2026/05/09 17:13:40.464,50,5549,281.65
2026/05/09 17:13:41.498,50,5551,359.45
2026/05/09 17:13:42.531,51,5532,359.84
2026/05/09 17:13:43.564,49,5534,355.52
2026/05/09 17:13:44.597,49,5509,359.54
2026/05/09 17:13:45.629,48,5493,360.62
2026/05/09 17:13:46.663,50,5492,289.64
2026/05/09 17:13:47.699,51,5491,351.75
2026/05/09 17:13:48.732,48,5462,358.50
2026/05/09 17:13:49.765,52,5462,359.80
2026/05/09 17:13:50.799,53,5462,359.64
2026/05/09 17:13:51.832,48,5460,358.56
2026/05/09 17:13:52.864,51,5460,355.62
2026/05/09 17:13:53.897,50,5459,363.02
2026/05/09 17:13:54.930,48,5480,355.08
2026/05/09 17:13:55.963,44,5850,358.88
2026/05/09 17:13:56.997,54,5890,364.30
2026/05/09 17:13:58.029,42,5864,283.88
2026/05/09 17:13:59.062,41,5864,327.65
2026/05/09 17:14:00.097,47,5854,360.15
2026/05/09 17:14:01.129,44,5505,331.57
2026/05/09 17:14:02.160,42,5413,330.62
2026/05/09 17:14:03.192,43,5413,327.13
2026/05/09 17:14:04.224,45,5413,330.80
2026/05/09 17:14:05.256,44,5413,331.62
2026/05/09 17:14:06.289,41,5413,329.14
2026/05/09 17:14:07.320,43,5413,328.59
2026/05/09 17:14:08.353,43,5414,327.65
2026/05/09 17:14:09.385,44,5414,327.43
2026/05/09 17:14:10.418,57,5414,318.00
2026/05/09 17:14:11.451,40,5414,290.49
2026/05/09 17:14:12.483,42,5414,329.15
2026/05/09 17:14:13.516,42,5414,326.71
2026/05/09 17:14:14.548,52,5414,352.37
2026/05/09 17:14:15.580,52,5414,369.81
2026/05/09 17:14:16.612,45,5414,352.92
2026/05/09 17:14:17.644,42,5414,287.65
2026/05/09 17:14:18.676,44,5414,327.48
2026/05/09 17:14:19.709,42,5414,327.06
2026/05/09 17:14:20.741,42,5414,330.28
2026/05/09 17:14:21.772,43,5427,327.14
2026/05/09 17:14:22.805,42,5427,330.99
2026/05/09 17:14:23.839,61,5427,304.55
2026/05/09 17:14:24.871,44,5427,304.54
2026/05/09 17:14:25.903,44,5427,327.52
2026/05/09 17:14:26.936,42,5415,331.45
2026/05/09 17:14:27.969,41,5414,329.30
2026/05/09 17:14:29.002,43,5452,326.23
2026/05/09 17:14:30.038,47,5452,327.02
2026/05/09 17:14:31.070,45,5452,326.73
2026/05/09 17:14:32.102,45,5451,327.30
2026/05/09 17:14:33.136,44,5450,325.70
2026/05/09 17:14:34.169,44,5450,330.30
2026/05/09 17:14:35.202,48,5450,346.64
2026/05/09 17:14:36.236,47,5448,364.21
2026/05/09 17:14:37.267,54,5448,300.77
2026/05/09 17:14:38.301,49,5444,358.01
2026/05/09 17:14:39.335,45,5444,350.87
2026/05/09 17:14:40.366,44,5444,333.54
2026/05/09 17:14:41.398,34,5444,327.59
2026/05/09 17:14:42.431,57,5444,244.36
2026/05/09 17:14:43.465,48,5444,370.47
2026/05/09 17:14:44.500,0,5444,130.02
2026/05/09 17:14:45.533,55,5445,179.68
2026/05/09 17:14:46.565,64,5445,268.99
2026/05/09 17:14:47.599,66,5445,274.16
2026/05/09 17:14:48.630,67,5445,190.73
2026/05/09 17:14:49.664,65,5445,272.35
2026/05/09 17:14:50.697,66,5445,272.19
2026/05/09 17:14:51.729,74,5445,219.18
2026/05/09 17:14:52.762,65,5444,229.92
2026/05/09 17:14:53.794,65,5444,267.82
2026/05/09 17:14:54.828,67,5444,208.31
2026/05/09 17:14:55.862,62,5444,272.42
2026/05/09 17:14:56.896,57,5444,188.11
2026/05/09 17:14:57.930,63,5444,267.08
2026/05/09 17:14:58.964,65,5444,269.10
2026/05/09 17:14:59.995,75,5444,227.41
2026/05/09 17:15:01.026,65,5444,234.70
2026/05/09 17:15:02.060,63,5444,265.06
2026/05/09 17:15:03.094,64,5444,268.78
2026/05/09 17:15:04.125,66,5444,193.30
2026/05/09 17:15:05.158,65,5444,265.33
2026/05/09 17:15:06.190,64,5444,192.92
2026/05/09 17:15:07.223,64,5444,268.62
2026/05/09 17:15:08.256,66,5444,267.76
2026/05/09 17:15:09.288,65,5444,184.76
2026/05/09 17:15:10.322,64,5444,270.47
2026/05/09 17:15:11.356,68,5444,273.85
2026/05/09 17:15:12.390,64,5444,192.56
2026/05/09 17:15:13.422,62,5444,265.27
2026/05/09 17:15:14.454,67,5444,268.47
2026/05/09 17:15:15.487,50,5444,228.28
2026/05/09 17:15:16.520,48,5444,355.14
2026/05/09 17:15:17.552,46,5444,329.74
2026/05/09 17:15:18.584,42,5444,329.94
2026/05/09 17:15:19.618,49,5444,347.10
2026/05/09 17:15:20.651,50,5444,360.72
2026/05/09 17:15:21.683,46,5444,358.70
2026/05/09 17:15:22.715,49,5444,288.49
2026/05/09 17:15:23.747,50,5546,353.10
2026/05/09 17:15:24.778,43,5582,340.73
2026/05/09 17:15:25.811,43,5576,331.05
2026/05/09 17:15:26.842,46,5587,328.11
2026/05/09 17:15:27.875,44,5590,328.23
2026/05/09 17:15:28.909,44,5559,321.92
2026/05/09 17:15:29.941,42,5556,329.63
2026/05/09 17:15:30.975,44,5553,330.73
2026/05/09 17:15:32.007,44,5479,326.38
2026/05/09 17:15:33.039,45,5475,326.49
2026/05/09 17:15:34.072,50,5458,351.62
2026/05/09 17:15:35.105,50,5458,287.18
2026/05/09 17:15:36.137,48,5458,360.51
2026/05/09 17:15:37.171,49,5405,360.17
2026/05/09 17:15:38.205,49,5405,361.47
2026/05/09 17:15:39.240,51,5422,358.00
2026/05/09 17:15:40.275,50,5470,357.82
2026/05/09 17:15:41.309,48,5459,362.48
2026/05/09 17:15:42.342,53,5461,353.27
2026/05/09 17:15:43.375,51,5461,359.36
2026/05/09 17:15:44.408,49,5447,362.95
2026/05/09 17:15:45.442,49,5431,357.45
2026/05/09 17:15:46.475,48,5426,293.78
2026/05/09 17:15:47.509,48,5426,356.11
2026/05/09 17:15:48.543,49,5425,359.67
2026/05/09 17:15:49.578,48,5432,361.09
2026/05/09 17:15:50.612,49,5432,361.85
2026/05/09 17:15:51.645,41,5432,346.38
2026/05/09 17:15:52.680,48,5431,345.33
2026/05/09 17:15:53.713,52,5431,364.98
2026/05/09 17:15:54.746,49,5430,364.31
2026/05/09 17:15:55.779,43,5430,350.23
2026/05/09 17:15:56.812,41,5430,330.37
2026/05/09 17:15:57.843,60,5430,306.86
2026/05/09 17:15:58.875,41,5430,307.50
2026/05/09 17:15:59.908,44,5430,329.08
2026/05/09 17:16:00.941,45,5430,328.54
2026/05/09 17:16:01.975,41,5430,331.24
2026/05/09 17:16:03.008,42,5430,331.45
2026/05/09 17:16:04.041,44,5430,331.36
2026/05/09 17:16:05.075,60,5430,289.76
2026/05/09 17:16:06.107,41,5430,326.10
2026/05/09 17:16:07.140,41,5430,331.39
2026/05/09 17:16:08.172,46,5430,329.25
2026/05/09 17:16:09.205,45,5430,329.67
2026/05/09 17:16:10.237,45,5430,356.44
2026/05/09 17:16:11.268,48,5430,367.43
2026/05/09 17:16:12.301,54,5430,367.70
2026/05/09 17:16:13.335,49,5430,366.50
2026/05/09 17:16:14.368,48,5430,364.51
2026/05/09 17:16:15.402,47,5430,363.43
2026/05/09 17:16:16.435,1,5430,278.59
2026/05/09 17:16:17.469,53,5430,251.89
2026/05/09 17:16:18.504,51,5430,363.60
2026/05/09 17:16:19.538,49,5430,363.80
2026/05/09 17:16:20.571,49,5430,364.25
2026/05/09 17:16:21.604,40,5430,347.29
2026/05/09 17:16:22.636,43,5430,328.33
2026/05/09 17:16:23.669,40,5430,323.64
2026/05/09 17:16:24.700,43,5430,327.36
2026/05/09 17:16:25.731,42,5430,324.44
2026/05/09 17:16:26.763,41,5430,330.67
2026/05/09 17:16:27.795,43,5430,330.97
2026/05/09 17:16:28.827,42,5430,331.54
2026/05/09 17:16:29.861,42,5496,287.22
2026/05/09 17:16:30.893,51,5548,361.17
2026/05/09 17:16:31.926,51,5536,359.13
2026/05/09 17:16:32.960,47,5535,364.26
2026/05/09 17:16:33.993,48,5535,365.90
2026/05/09 17:16:35.025,50,5528,366.93
2026/05/09 17:16:36.058,57,5412,291.84
2026/05/09 17:16:37.090,47,5412,325.86
2026/05/09 17:16:38.122,44,5412,332.39
2026/05/09 17:16:39.155,45,5417,333.95
2026/05/09 17:16:40.188,49,5416,346.93
2026/05/09 17:16:41.223,50,5415,363.61
2026/05/09 17:16:42.254,50,5415,366.97
2026/05/09 17:16:43.286,53,5415,364.69
2026/05/09 17:16:44.319,50,5415,362.39
2026/05/09 17:16:45.353,48,5414,364.22
2026/05/09 17:16:46.386,47,5415,363.32
2026/05/09 17:16:47.420,49,5415,356.37
2026/05/09 17:16:48.454,50,5415,300.10
2026/05/09 17:16:49.485,49,5414,362.01
2026/05/09 17:16:50.518,47,5414,362.14
2026/05/09 17:16:51.552,48,5414,366.49
2026/05/09 17:16:52.585,52,5414,367.18
2026/05/09 17:16:53.618,49,5410,363.39
2026/05/09 17:16:54.650,41,5414,279.09
2026/05/09 17:16:55.682,43,5414,329.42
2026/05/09 17:16:56.715,41,5414,329.01
2026/05/09 17:16:57.747,45,5414,329.59
2026/05/09 17:16:58.779,44,5414,331.72
2026/05/09 17:16:59.811,48,5414,331.34
2026/05/09 17:17:00.843,41,5414,283.79
2026/05/09 17:17:01.876,45,5414,328.79
2026/05/09 17:17:02.907,46,5414,332.14
2026/05/09 17:17:03.940,41,5414,329.65
2026/05/09 17:17:04.972,50,5414,343.88
2026/05/09 17:17:06.004,50,5414,364.48
2026/05/09 17:17:07.037,48,5414,366.07
2026/05/09 17:17:08.070,47,5414,365.11
2026/05/09 17:17:09.102,48,5414,365.02
2026/05/09 17:17:10.135,47,5414,365.99
2026/05/09 17:17:11.167,48,5414,364.82
2026/05/09 17:17:12.199,48,5414,364.50
2026/05/09 17:17:13.232,49,5414,285.90
2026/05/09 17:17:14.265,48,5414,365.95
2026/05/09 17:17:15.298,50,5414,364.91
2026/05/09 17:17:16.331,48,5414,363.23
2026/05/09 17:17:17.363,48,5414,363.10
2026/05/09 17:17:18.396,50,5414,363.79
2026/05/09 17:17:19.428,50,5414,366.49
2026/05/09 17:17:20.463,47,5414,362.71
2026/05/09 17:17:21.496,47,5414,364.79
2026/05/09 17:17:22.530,33,5414,250.87
2026/05/09 17:17:23.565,49,5414,367.20
2026/05/09 17:17:24.602,54,5414,304.95
2026/05/09 17:17:25.635,50,5414,362.53
2026/05/09 17:17:26.668,50,5414,364.80
2026/05/09 17:17:27.701,49,5414,364.05
2026/05/09 17:17:28.735,48,5414,361.54
2026/05/09 17:17:29.768,50,5414,361.02
2026/05/09 17:17:30.802,50,5414,363.81
2026/05/09 17:17:31.835,48,5416,361.55
2026/05/09 17:17:32.868,49,5418,366.29
2026/05/09 17:17:33.902,49,5417,365.16
2026/05/09 17:17:34.934,46,5417,346.06
2026/05/09 17:17:35.966,58,5417,301.80
2026/05/09 17:17:37.000,48,5420,336.75
2026/05/09 17:17:38.031,41,5418,353.21
2026/05/09 17:17:39.065,43,5415,329.71
2026/05/09 17:17:40.099,50,5534,340.94
2026/05/09 17:17:41.131,41,5525,331.00
2026/05/09 17:17:42.166,43,5765,326.69
2026/05/09 17:17:43.197,45,5432,342.18
2026/05/09 17:17:44.230,42,5406,328.74
2026/05/09 17:17:45.262,43,5481,330.10
2026/05/09 17:17:46.296,44,5478,326.55
2026/05/09 17:17:47.330,48,5344,358.23
2026/05/09 17:17:48.362,57,5479,336.34
2026/05/09 17:17:49.392,45,5754,291.09
2026/05/09 17:17:50.424,45,5750,323.14
2026/05/09 17:17:51.457,42,5733,327.75
2026/05/09 17:17:52.490,41,5732,330.56
2026/05/09 17:17:53.522,41,5731,330.15
2026/05/09 17:17:54.554,41,5114,332.22
2026/05/09 17:17:55.585,45,5031,330.68
2026/05/09 17:17:56.618,42,5031,332.06
2026/05/09 17:17:57.650,45,5031,329.99
2026/05/09 17:17:58.683,42,5031,330.85
2026/05/09 17:17:59.715,42,5031,329.93
2026/05/09 17:18:00.747,43,5031,329.29
2026/05/09 17:18:01.780,45,5031,329.13
2026/05/09 17:18:02.812,43,5031,327.06
2026/05/09 17:18:03.845,41,5031,331.29
2026/05/09 17:18:04.879,50,5031,358.58
2026/05/09 17:18:05.912,53,5031,363.83
2026/05/09 17:18:06.943,52,5031,366.56
2026/05/09 17:18:07.976,47,5031,364.06
2026/05/09 17:18:09.008,50,5031,366.32
2026/05/09 17:18:10.040,47,5031,366.22
2026/05/09 17:18:11.072,48,5031,364.97
2026/05/09 17:18:12.104,45,5031,339.48
2026/05/09 17:18:13.136,48,5031,353.97
2026/05/09 17:18:14.168,49,5031,281.91
2026/05/09 17:18:15.203,50,5031,363.81
2026/05/09 17:18:16.236,52,5031,368.61
2026/05/09 17:18:17.268,47,5031,364.91
2026/05/09 17:18:18.302,49,5031,364.86
2026/05/09 17:18:19.335,50,5031,364.77
2026/05/09 17:18:20.368,49,5031,365.65
2026/05/09 17:18:21.402,48,5031,364.23
2026/05/09 17:18:22.436,49,5031,366.03
2026/05/09 17:18:23.468,49,5031,364.01
2026/05/09 17:18:24.503,48,5031,364.14
2026/05/09 17:18:25.536,50,5031,289.55
2026/05/09 17:18:26.568,51,5031,360.04
2026/05/09 17:18:27.603,47,5031,363.77
2026/05/09 17:18:28.636,48,5031,364.19
2026/05/09 17:18:29.669,49,5031,364.96
2026/05/09 17:18:30.702,52,5031,364.27
2026/05/09 17:18:31.735,52,5031,360.86
2026/05/09 17:18:32.769,51,5031,364.20
2026/05/09 17:18:33.803,49,5031,364.38
2026/05/09 17:18:34.836,50,5031,363.91
2026/05/09 17:18:35.869,50,5031,363.76
2026/05/09 17:18:36.903,50,5031,289.15
2026/05/09 17:18:37.936,48,5031,362.91
2026/05/09 17:18:38.969,52,5031,368.10
2026/05/09 17:18:40.002,49,5031,366.30
2026/05/09 17:18:41.036,1,5031,288.76
2026/05/09 17:18:42.071,52,5031,343.39
2026/05/09 17:18:43.104,67,5031,252.30
2026/05/09 17:18:44.138,64,5031,262.48
2026/05/09 17:18:45.170,61,5031,266.29
2026/05/09 17:18:46.203,58,5031,255.24
2026/05/09 17:18:47.236,64,5031,202.95
2026/05/09 17:18:48.269,66,5031,270.36
2026/05/09 17:18:49.302,64,5031,275.61
2026/05/09 17:18:50.338,64,5031,241.32
2026/05/09 17:18:51.370,64,5031,275.50
2026/05/09 17:18:52.402,61,5031,265.02
2026/05/09 17:18:53.434,63,5031,200.18
2026/05/09 17:18:54.467,69,5031,255.85
2026/05/09 17:18:55.499,67,5031,204.99
2026/05/09 17:18:56.531,72,5031,243.44
2026/05/09 17:18:57.565,63,5031,223.44
2026/05/09 17:18:58.597,62,5031,271.23
2026/05/09 17:18:59.630,66,5031,266.68
2026/05/09 17:19:00.661,68,5031,205.31
2026/05/09 17:19:01.695,68,5031,273.43
2026/05/09 17:19:02.728,67,5031,278.21
2026/05/09 17:19:03.760,66,5031,196.64
2026/05/09 17:19:04.793,61,5031,270.56
2026/05/09 17:19:05.825,64,5031,232.28
2026/05/09 17:19:06.859,65,5031,271.18
2026/05/09 17:19:07.891,66,5031,271.86
2026/05/09 17:19:08.924,70,5031,205.19
2026/05/09 17:19:09.958,57,5031,265.77
2026/05/09 17:19:10.989,40,5031,279.30
2026/05/09 17:19:12.022,43,5031,325.02
2026/05/09 17:19:13.056,51,5031,353.86
2026/05/09 17:19:14.088,50,5031,363.78
2026/05/09 17:19:15.121,45,5031,345.67
2026/05/09 17:19:16.152,45,5031,329.85
2026/05/09 17:19:17.184,42,5031,332.21
2026/05/09 17:19:18.217,44,5031,332.02
2026/05/09 17:19:19.248,41,5031,332.46
2026/05/09 17:19:20.280,45,5031,330.13
2026/05/09 17:19:21.312,41,5031,331.99
2026/05/09 17:19:22.344,49,5031,329.86
2026/05/09 17:19:23.376,42,5031,285.51
2026/05/09 17:19:24.408,48,5031,329.81
2026/05/09 17:19:25.440,42,5031,332.89
2026/05/09 17:19:26.473,42,5037,330.51
2026/05/09 17:19:27.506,44,5037,329.56
2026/05/09 17:19:28.538,43,5037,332.67
2026/05/09 17:19:29.571,61,5037,306.65
2026/05/09 17:19:30.602,41,5037,310.75
2026/05/09 17:19:31.634,46,5037,331.71
2026/05/09 17:19:32.666,42,5037,331.14
2026/05/09 17:19:33.698,45,5037,331.86
2026/05/09 17:19:34.729,43,5037,329.74
2026/05/09 17:19:35.761,42,5037,330.18
2026/05/09 17:19:36.792,43,5037,327.30
2026/05/09 17:19:37.826,40,5037,328.12
2026/05/09 17:19:38.858,41,5037,330.96
2026/05/09 17:19:39.890,42,5037,331.05
2026/05/09 17:19:40.922,41,5037,331.11
2026/05/09 17:19:41.954,42,5037,331.28
2026/05/09 17:19:42.986,46,5037,286.82
2026/05/09 17:19:44.018,42,5037,330.03
2026/05/09 17:19:45.056,41,5037,330.11
2026/05/09 17:19:46.087,43,5037,331.50
2026/05/09 17:19:47.120,45,5037,331.58
2026/05/09 17:19:48.152,43,5037,330.03
2026/05/09 17:19:49.184,46,5037,332.12
2026/05/09 17:19:50.216,43,5037,333.21
2026/05/09 17:19:51.247,45,5037,331.07
2026/05/09 17:19:52.280,46,5037,332.50
2026/05/09 17:19:53.312,41,5037,330.71
2026/05/09 17:19:54.344,42,5037,327.46
2026/05/09 17:19:55.377,58,5037,288.62
2026/05/09 17:19:56.410,51,5037,358.25
2026/05/09 17:19:57.442,52,5037,358.39
2026/05/09 17:19:58.474,47,5043,356.83
2026/05/09 17:19:59.508,48,5049,357.88
2026/05/09 17:20:00.542,48,5049,352.47
2026/05/09 17:20:01.576,47,5049,358.42
2026/05/09 17:20:02.608,49,5049,359.08
2026/05/09 17:20:03.641,47,5049,356.72
2026/05/09 17:20:04.675,47,5049,358.11
2026/05/09 17:20:05.708,47,5049,357.72
2026/05/09 17:20:06.742,48,5049,356.77
2026/05/09 17:20:07.776,49,5049,275.82
2026/05/09 17:20:08.807,53,5049,371.11
2026/05/09 17:20:09.841,48,5049,367.99
2026/05/09 17:20:10.874,53,5049,362.53
2026/05/09 17:20:11.907,48,5049,365.70
2026/05/09 17:20:12.941,52,5049,366.68
2026/05/09 17:20:13.973,54,5049,374.48
2026/05/09 17:20:15.004,49,5049,376.95
2026/05/09 17:20:16.036,52,5049,377.09
2026/05/09 17:20:17.068,49,5049,372.17
2026/05/09 17:20:18.101,52,5049,358.74
2026/05/09 17:20:19.134,59,5049,213.08
2026/05/09 17:20:20.167,50,5049,391.50
2026/05/09 17:20:21.199,46,5049,363.76
2026/05/09 17:20:22.231,49,5049,365.37
2026/05/09 17:20:23.264,52,5049,367.94
2026/05/09 17:20:24.298,49,5049,367.71
2026/05/09 17:20:25.331,47,5049,367.76
2026/05/09 17:20:26.362,48,5049,365.08
2026/05/09 17:20:27.394,53,5049,369.06
2026/05/09 17:20:28.425,50,5049,366.71
2026/05/09 17:20:29.458,48,5049,367.93
2026/05/09 17:20:30.490,52,5049,280.67
2026/05/09 17:20:31.522,50,5049,362.40
2026/05/09 17:20:32.556,48,5049,362.84
2026/05/09 17:20:33.588,52,5049,379.24
2026/05/09 17:20:34.620,55,5049,382.25
2026/05/09 17:20:35.651,51,5049,373.72
2026/05/09 17:20:36.683,51,5049,367.54
2026/05/09 17:20:37.716,50,5049,371.31
2026/05/09 17:20:38.749,53,5049,376.51
2026/05/09 17:20:39.782,44,5055,347.85
2026/05/09 17:20:40.816,42,5055,329.70
2026/05/09 17:20:41.848,43,5055,283.04
2026/05/09 17:20:42.880,43,5055,332.58
2026/05/09 17:20:43.912,43,5055,332.91
2026/05/09 17:20:44.945,54,5061,352.34
2026/05/09 17:20:45.978,46,5072,349.91
2026/05/09 17:20:47.011,43,5070,332.16
2026/05/09 17:20:48.043,42,5070,332.90
2026/05/09 17:20:49.076,41,5070,332.95
2026/05/09 17:20:50.108,43,5061,330.00
2026/05/09 17:20:51.140,43,5061,329.66
2026/05/09 17:20:52.172,44,5061,332.14
2026/05/09 17:20:53.204,41,5061,332.65
2026/05/09 17:20:54.237,46,5061,321.38
2026/05/09 17:20:55.269,41,5061,298.61
2026/05/09 17:20:56.302,42,5061,333.03
2026/05/09 17:20:57.334,44,5061,332.15
2026/05/09 17:20:58.366,41,5061,332.04
2026/05/09 17:20:59.400,43,5061,331.39
2026/05/09 17:21:00.432,44,5061,330.22
2026/05/09 17:21:01.464,44,5061,330.62
2026/05/09 17:21:02.496,46,5061,330.88
2026/05/09 17:21:03.528,40,5061,331.19
2026/05/09 17:21:04.561,42,5067,332.65
2026/05/09 17:21:05.593,44,5067,332.99
2026/05/09 17:21:06.625,43,5067,330.25
2026/05/09 17:21:07.656,42,5067,289.77
2026/05/09 17:21:08.687,41,5067,329.03
2026/05/09 17:21:09.719,44,5067,332.48
2026/05/09 17:21:10.750,44,5067,331.30
2026/05/09 17:21:11.781,45,5067,330.75
2026/05/09 17:21:12.814,46,5073,332.98
2026/05/09 17:21:13.846,62,5073,297.86
2026/05/09 17:21:14.878,40,5079,301.95
2026/05/09 17:21:15.909,44,5079,330.14
2026/05/09 17:21:16.942,45,5079,333.26
2026/05/09 17:21:17.974,42,5079,334.02
2026/05/09 17:21:19.006,42,5079,333.07
2026/05/09 17:21:20.039,42,5079,330.80
2026/05/09 17:21:21.072,47,5085,345.80
2026/05/09 17:21:22.105,50,5085,363.97
2026/05/09 17:21:23.140,47,5085,367.15
2026/05/09 17:21:24.173,52,5085,366.89
2026/05/09 17:21:25.208,51,5085,362.97
2026/05/09 17:21:26.241,46,5091,358.82
2026/05/09 17:21:27.276,48,5091,311.03
2026/05/09 17:21:28.310,47,5091,364.24
2026/05/09 17:21:29.344,51,5097,357.61
2026/05/09 17:21:30.378,49,5097,361.66
2026/05/09 17:21:31.410,42,5097,338.81
2026/05/09 17:21:32.442,48,5097,331.43
2026/05/09 17:21:33.475,44,5097,331.37
2026/05/09 17:21:34.507,43,5097,330.68
2026/05/09 17:21:35.541,46,5097,356.96
2026/05/09 17:21:36.575,8,5097,298.83
2026/05/09 17:21:37.608,50,5097,291.89
2026/05/09 17:21:38.640,53,5097,352.99
2026/05/09 17:21:39.672,48,5097,295.20
2026/05/09 17:21:40.704,50,5097,364.47
2026/05/09 17:21:41.737,48,5097,364.75
2026/05/09 17:21:42.771,48,5097,356.21
2026/05/09 17:21:43.805,48,5097,363.91
2026/05/09 17:21:44.839,51,5097,358.44
2026/05/09 17:21:45.872,49,5097,360.52
2026/05/09 17:21:46.905,50,5097,357.70
2026/05/09 17:21:47.936,48,5097,362.96
2026/05/09 17:21:48.970,48,5097,362.20
2026/05/09 17:21:50.002,52,5097,365.92
2026/05/09 17:21:51.036,48,5097,277.14
2026/05/09 17:21:52.068,48,5097,364.32
2026/05/09 17:21:53.102,49,5091,364.86
2026/05/09 17:21:54.134,48,5091,365.64
2026/05/09 17:21:55.166,50,5091,362.21
2026/05/09 17:21:56.199,48,5091,364.98
2026/05/09 17:21:57.231,47,5091,365.91
2026/05/09 17:21:58.265,49,5097,361.04
2026/05/09 17:21:59.299,50,5097,360.89
2026/05/09 17:22:00.331,49,5097,362.25
2026/05/09 17:22:01.364,48,5097,363.68
2026/05/09 17:22:02.397,50,5097,290.17
2026/05/09 17:22:03.430,51,5091,367.73
2026/05/09 17:22:04.463,47,5091,368.36
2026/05/09 17:22:05.496,42,5091,344.84
2026/05/09 17:22:06.527,44,5091,334.65
2026/05/09 17:22:07.560,45,5091,333.20
2026/05/09 17:22:08.593,56,5091,290.42
2026/05/09 17:22:09.624,46,5091,321.75
2026/05/09 17:22:10.658,45,5091,333.19
2026/05/09 17:22:11.690,45,5091,332.61
2026/05/09 17:22:12.722,45,5091,333.13
2026/05/09 17:22:13.756,43,5091,333.79
2026/05/09 17:22:14.789,42,5091,333.64
2026/05/09 17:22:15.823,45,5091,332.09
2026/05/09 17:22:16.856,46,5091,333.15
2026/05/09 17:22:17.888,53,5091,367.87
2026/05/09 17:22:18.922,47,5091,371.86
2026/05/09 17:22:19.954,42,5091,355.27
2026/05/09 17:22:20.986,54,5091,284.56
2026/05/09 17:22:22.020,49,5091,351.38
2026/05/09 17:22:23.053,51,5091,369.18
2026/05/09 17:22:24.086,51,5091,371.60
2026/05/09 17:22:25.119,50,5091,371.83
2026/05/09 17:22:26.153,48,5091,370.73
2026/05/09 17:22:27.185,54,5091,369.72
2026/05/09 17:22:28.219,51,5091,366.33
2026/05/09 17:22:29.251,48,5091,371.74
2026/05/09 17:22:30.283,45,5091,355.13
2026/05/09 17:22:31.319,43,5091,333.53
2026/05/09 17:22:32.350,57,5085,290.95
2026/05/09 17:22:33.382,43,5085,328.34
2026/05/09 17:22:34.416,44,5085,332.62
2026/05/09 17:22:35.448,45,5085,332.83
2026/05/09 17:22:36.479,47,5085,332.05
2026/05/09 17:22:37.511,45,5085,333.24
2026/05/09 17:22:38.543,41,5085,335.14
2026/05/09 17:22:39.576,45,5085,286.58
2026/05/09 17:22:40.607,41,5085,331.85
2026/05/09 17:22:41.639,41,5085,333.09
2026/05/09 17:22:42.671,45,5085,331.86
2026/05/09 17:22:43.703,44,5085,332.73
2026/05/09 17:22:44.735,44,5085,332.22
2026/05/09 17:22:45.767,45,5085,333.21
2026/05/09 17:22:46.799,43,5085,333.98
2026/05/09 17:22:47.832,48,5085,332.86
2026/05/09 17:22:48.866,57,5085,250.07
2026/05/09 17:22:49.901,48,5085,389.23
2026/05/09 17:22:50.937,51,5085,364.96
2026/05/09 17:22:51.969,68,5085,331.99
2026/05/09 17:22:53.001,62,5085,216.53
2026/05/09 17:22:54.035,61,5085,269.67
2026/05/09 17:22:55.067,66,5085,268.33
2026/05/09 17:22:56.099,63,5085,199.30
2026/05/09 17:22:57.132,62,5085,270.56
2026/05/09 17:22:58.165,62,5085,268.52
2026/05/09 17:22:59.199,70,5085,215.26
2026/05/09 17:23:00.231,65,5085,238.66
2026/05/09 17:23:01.266,65,5085,275.83
2026/05/09 17:23:02.300,76,5085,261.12
2026/05/09 17:23:03.332,70,5085,279.62
2026/05/09 17:23:04.364,72,5089,285.22
2026/05/09 17:23:05.397,78,5207,212.97
2026/05/09 17:23:06.430,62,5204,264.12
2026/05/09 17:23:07.464,66,5185,202.44
2026/05/09 17:23:08.497,64,5303,261.28
2026/05/09 17:23:09.531,63,5295,271.30
2026/05/09 17:23:10.565,77,5277,252.52
2026/05/09 17:23:11.598,65,5245,214.01
2026/05/09 17:23:12.631,66,5245,277.07
2026/05/09 17:23:13.664,69,5096,273.46
2026/05/09 17:23:14.695,63,5096,195.77
2026/05/09 17:23:15.729,63,5089,268.49
2026/05/09 17:23:16.765,65,5101,266.23
2026/05/09 17:23:17.801,73,5138,202.30
2026/05/09 17:23:18.834,67,5129,280.83
2026/05/09 17:23:19.867,70,5131,273.52
2026/05/09 17:23:20.902,72,5134,193.28
2026/05/09 17:23:21.935,67,5180,274.39
2026/05/09 17:23:22.966,41,5178,267.45
2026/05/09 17:23:24.001,41,5171,324.65
2026/05/09 17:23:25.036,48,5171,358.23
2026/05/09 17:23:26.069,48,5141,362.34
2026/05/09 17:23:27.104,47,5103,363.39
2026/05/09 17:23:28.136,50,5103,361.18
2026/05/09 17:23:29.169,48,5103,361.90
2026/05/09 17:23:30.203,47,5103,363.79
2026/05/09 17:23:31.235,50,5107,359.90
2026/05/09 17:23:32.268,49,5108,356.15
2026/05/09 17:23:33.302,49,5108,362.87
2026/05/09 17:23:34.336,43,5108,268.11
2026/05/09 17:23:35.369,42,5108,328.94
2026/05/09 17:23:36.402,45,5103,329.11
2026/05/09 17:23:37.433,45,5103,330.23
2026/05/09 17:23:38.466,46,5103,329.87
2026/05/09 17:23:39.498,44,5103,331.63
2026/05/09 17:23:40.530,45,5103,329.95
2026/05/09 17:23:41.562,50,5103,357.18
2026/05/09 17:23:42.595,42,5103,331.92
2026/05/09 17:23:43.627,45,5137,326.44
2026/05/09 17:23:44.663,43,5137,327.26
2026/05/09 17:23:45.695,43,5136,330.67
2026/05/09 17:23:46.727,42,5135,330.41
2026/05/09 17:23:47.758,47,5135,282.16
2026/05/09 17:23:48.790,44,5103,330.54
2026/05/09 17:23:49.822,44,5103,331.23
2026/05/09 17:23:50.853,44,5103,331.08
2026/05/09 17:23:51.886,45,5103,330.85
2026/05/09 17:23:52.919,45,5103,330.64
2026/05/09 17:23:53.951,41,5103,330.95
2026/05/09 17:23:54.983,45,5103,331.21
2026/05/09 17:23:56.015,46,5103,331.65
2026/05/09 17:23:57.047,43,5103,330.60
2026/05/09 17:23:58.080,45,5103,327.92
2026/05/09 17:23:59.112,41,5103,330.13
2026/05/09 17:24:00.144,60,5103,292.30
2026/05/09 17:24:01.177,46,5103,316.65
2026/05/09 17:24:02.208,44,5103,330.35
2026/05/09 17:24:03.241,45,5103,328.89
2026/05/09 17:24:04.273,44,5103,327.60
2026/05/09 17:24:05.307,45,5103,330.71
2026/05/09 17:24:06.340,42,5103,329.86
2026/05/09 17:24:07.372,41,5103,286.95
2026/05/09 17:24:08.405,43,5103,327.27
2026/05/09 17:24:09.436,44,5103,330.41
2026/05/09 17:24:10.469,41,5103,331.76
2026/05/09 17:24:11.501,45,5103,328.50
2026/05/09 17:24:12.533,41,5103,330.64
2026/05/09 17:24:13.565,49,5103,356.58
2026/05/09 17:24:14.599,49,5103,363.66
2026/05/09 17:24:15.632,51,5103,367.04
2026/05/09 17:24:16.665,50,5103,364.61
2026/05/09 17:24:17.699,47,5103,361.25
2026/05/09 17:24:18.732,51,5103,361.87
2026/05/09 17:24:19.763,49,5103,300.89
2026/05/09 17:24:20.795,42,5103,341.14
2026/05/09 17:24:21.827,45,5103,329.35
2026/05/09 17:24:22.860,41,5103,331.89
2026/05/09 17:24:23.893,43,5103,330.57
2026/05/09 17:24:24.926,42,5103,331.08
2026/05/09 17:24:25.960,56,5103,237.33
2026/05/09 17:24:26.991,44,5103,305.15
2026/05/09 17:24:28.023,41,5103,331.89
2026/05/09 17:24:29.055,43,5103,330.33
2026/05/09 17:24:30.087,41,5103,329.24
2026/05/09 17:24:31.120,42,5103,331.20
2026/05/09 17:24:32.152,46,5103,328.84
2026/05/09 17:24:33.185,44,5103,331.26
2026/05/09 17:24:34.218,42,5103,331.82
2026/05/09 17:24:35.251,46,5103,328.45
2026/05/09 17:24:36.283,42,5103,331.55
2026/05/09 17:24:37.315,42,5103,330.08
2026/05/09 17:24:38.347,44,5104,329.37
2026/05/09 17:24:39.380,43,5104,281.38
2026/05/09 17:24:40.411,42,5104,327.46
2026/05/09 17:24:41.443,41,5103,328.25
2026/05/09 17:24:42.477,44,5103,329.21
2026/05/09 17:24:43.509,43,5103,331.16
2026/05/09 17:24:44.541,42,5103,332.28
2026/05/09 17:24:45.574,44,5103,329.91
2026/05/09 17:24:46.606,45,5103,330.95
2026/05/09 17:24:47.638,41,5103,331.36
2026/05/09 17:24:48.670,42,5103,331.10
2026/05/09 17:24:49.702,45,5103,330.01
2026/05/09 17:24:50.735,43,5103,329.39
2026/05/09 17:24:51.767,40,5103,331.19
2026/05/09 17:24:52.800,44,5103,285.31
2026/05/09 17:24:53.830,41,5103,331.14
2026/05/09 17:24:54.862,40,5103,332.12
2026/05/09 17:24:55.895,45,5103,329.96
2026/05/09 17:24:56.928,44,5103,331.99
2026/05/09 17:24:57.959,41,5103,331.39
2026/05/09 17:24:58.991,45,5103,329.57
2026/05/09 17:25:00.022,43,5103,329.90
2026/05/09 17:25:01.054,41,5103,331.14
2026/05/09 17:25:02.087,42,5103,332.21
2026/05/09 17:25:03.120,46,5103,329.34
2026/05/09 17:25:04.153,44,5103,332.13
2026/05/09 17:25:05.184,51,5103,325.47
2026/05/09 17:25:06.217,42,5103,288.80
2026/05/09 17:25:07.249,42,5103,327.86
2026/05/09 17:25:08.283,41,5103,331.14
2026/05/09 17:25:09.316,46,5103,329.48
2026/05/09 17:25:10.349,52,5103,364.50
2026/05/09 17:25:11.383,48,5103,364.15
2026/05/09 17:25:12.416,48,5103,364.80
2026/05/09 17:25:13.448,52,5103,362.88
2026/05/09 17:25:14.480,48,5103,365.52
2026/05/09 17:25:15.513,48,5103,364.36
2026/05/09 17:25:16.546,51,5103,365.44
2026/05/09 17:25:17.578,49,5103,290.09
2026/05/09 17:25:18.611,50,5103,361.60
2026/05/09 17:25:19.644,49,5103,361.30
2026/05/09 17:25:20.676,49,5103,359.63
2026/05/09 17:25:21.710,43,5103,338.64
2026/05/09 17:25:22.742,41,5103,329.15
2026/05/09 17:25:23.774,41,5104,329.69
2026/05/09 17:25:24.805,45,5110,325.99
2026/05/09 17:25:25.838,42,5110,330.03
2026/05/09 17:25:26.870,44,5110,332.43
2026/05/09 17:25:27.901,43,5155,330.75
2026/05/09 17:25:28.933,43,5161,329.51
2026/05/09 17:25:29.966,52,5161,288.97
2026/05/09 17:25:31.000,46,5154,330.68
2026/05/09 17:25:32.033,44,5154,331.58
2026/05/09 17:25:33.064,46,5153,332.40
2026/05/09 17:25:34.099,44,5103,331.56
2026/05/09 17:25:35.132,44,5103,333.24
2026/05/09 17:25:36.164,42,5103,332.16
2026/05/09 17:25:37.197,41,5103,331.21
2026/05/09 17:25:38.229,42,5103,329.15
2026/05/09 17:25:39.261,46,5103,331.82
2026/05/09 17:25:40.293,42,5103,329.20
2026/05/09 17:25:41.325,43,5103,332.25
2026/05/09 17:25:42.358,41,5103,331.36
2026/05/09 17:25:43.390,41,5103,288.48
2026/05/09 17:25:44.423,45,5103,330.27
2026/05/09 17:25:45.455,41,5103,332.30
2026/05/09 17:25:46.487,41,5103,334.22
2026/05/09 17:25:47.520,46,5103,330.98
2026/05/09 17:25:48.554,43,5103,333.60
2026/05/09 17:25:49.586,41,5103,334.40
2026/05/09 17:25:50.618,41,5103,332.16
2026/05/09 17:25:51.649,42,5103,331.44
2026/05/09 17:25:52.682,41,5103,331.74
2026/05/09 17:25:53.717,41,5103,332.01
2026/05/09 17:25:54.752,60,5103,270.09
2026/05/09 17:25:55.785,48,5103,374.71
2026/05/09 17:25:56.817,49,5103,292.94
2026/05/09 17:25:57.850,51,5103,365.16
2026/05/09 17:25:58.882,48,5103,364.57
2026/05/09 17:25:59.914,50,5103,358.87
2026/05/09 17:26:00.946,54,5103,376.49
2026/05/09 17:26:01.978,66,5103,332.99
2026/05/09 17:26:03.010,51,5103,351.56
2026/05/09 17:26:04.042,52,5103,376.55
2026/05/09 17:26:05.074,50,5103,370.09
2026/05/09 17:26:06.106,50,5103,362.17
2026/05/09 17:26:07.139,50,5103,365.10
2026/05/09 17:26:08.172,47,5103,362.54
2026/05/09 17:26:09.205,48,5103,363.54
2026/05/09 17:26:10.238,50,5103,362.93
2026/05/09 17:26:11.271,48,5103,363.75
2026/05/09 17:26:12.303,48,5103,363.90
2026/05/09 17:26:13.336,47,5103,294.81
2026/05/09 17:26:14.369,42,5103,331.29
2026/05/09 17:26:15.402,48,5103,344.91
2026/05/09 17:26:16.435,49,5103,365.03
2026/05/09 17:26:17.472,48,5103,364.99
2026/05/09 17:26:18.504,48,5103,362.39
2026/05/09 17:26:19.536,49,5109,335.72
2026/05/09 17:26:20.568,45,5109,276.42
2026/05/09 17:26:21.602,40,5109,328.76
2026/05/09 17:26:22.635,45,5154,329.98
2026/05/09 17:26:23.667,44,5161,329.43
2026/05/09 17:26:24.700,41,5155,331.82
2026/05/09 17:26:25.731,44,5157,332.91
2026/05/09 17:26:26.763,45,5156,329.70
2026/05/09 17:26:27.796,49,5155,329.07
2026/05/09 17:26:28.828,44,5111,330.46
2026/05/09 17:26:29.862,46,5110,329.59
2026/05/09 17:26:30.895,43,5110,330.40
2026/05/09 17:26:31.926,44,5110,331.17
2026/05/09 17:26:32.959,42,5110,287.34
2026/05/09 17:26:33.990,44,5110,328.90
2026/05/09 17:26:35.021,43,5110,328.99
2026/05/09 17:26:36.054,40,5110,330.59
2026/05/09 17:26:37.085,44,5110,327.94
2026/05/09 17:26:38.116,42,5110,332.00
2026/05/09 17:26:39.149,41,5110,330.96
2026/05/09 17:26:40.181,42,5110,331.68
2026/05/09 17:26:41.213,41,5110,331.72
2026/05/09 17:26:42.245,42,5111,329.51
2026/05/09 17:26:43.278,42,5113,331.05
2026/05/09 17:26:44.311,42,5113,328.89
2026/05/09 17:26:45.343,41,5113,330.95
2026/05/09 17:26:46.376,40,5112,279.78
2026/05/09 17:26:47.408,42,5087,328.64
2026/05/09 17:26:48.440,42,5086,329.51
2026/05/09 17:26:49.473,44,5086,329.98
2026/05/09 17:26:50.506,42,5086,329.37
2026/05/09 17:26:51.539,45,5086,331.14
2026/05/09 17:26:52.572,41,5086,329.64
2026/05/09 17:26:53.604,46,5086,331.51
2026/05/09 17:26:54.636,43,5086,331.31
2026/05/09 17:26:55.668,43,5086,328.67
2026/05/09 17:26:56.702,40,5079,328.44
2026/05/09 17:26:57.734,41,5078,327.52
2026/05/09 17:26:58.766,42,5078,327.79
2026/05/09 17:26:59.799,43,5085,282.86
2026/05/09 17:27:00.831,41,5085,326.52
2026/05/09 17:27:01.862,42,5130,326.45
2026/05/09 17:27:02.897,43,5136,327.70
2026/05/09 17:27:03.929,45,5130,332.52
2026/05/09 17:27:04.966,43,5130,332.40
2026/05/09 17:27:05.999,41,5130,332.17
2026/05/09 17:27:07.031,44,5091,330.73
2026/05/09 17:27:08.063,40,5079,331.18
2026/05/09 17:27:09.096,54,5079,251.27
2026/05/09 17:27:10.130,52,5079,376.90
2026/05/09 17:27:11.164,49,5079,361.64
2026/05/09 17:27:12.197,76,5079,286.06
2026/05/09 17:27:13.231,64,5079,241.89
2026/05/09 17:27:14.263,67,5079,270.81
2026/05/09 17:27:15.296,55,5100,272.32
2026/05/09 17:27:16.328,64,5102,200.79
2026/05/09 17:27:17.361,66,5102,269.38
2026/05/09 17:27:18.395,68,5101,244.10
2026/05/09 17:27:19.427,63,5101,224.12
2026/05/09 17:27:20.460,65,5093,273.21
2026/05/09 17:27:21.491,66,5093,273.85
2026/05/09 17:27:22.521,61,5093,189.63
2026/05/09 17:27:23.554,66,5093,269.58
2026/05/09 17:27:24.589,66,5093,275.37
2026/05/09 17:27:25.627,61,5093,194.37
2026/05/09 17:27:26.661,67,5093,269.55
2026/05/09 17:27:27.696,63,5093,272.05
2026/05/09 17:27:28.730,76,5093,229.46
2026/05/09 17:27:29.763,63,5093,246.06
2026/05/09 17:27:30.798,62,5093,269.77
2026/05/09 17:27:31.831,63,5093,264.71
2026/05/09 17:27:32.863,65,5085,271.37
2026/05/09 17:27:33.896,69,5085,278.65
2026/05/09 17:27:34.929,65,5085,231.84
2026/05/09 17:27:35.962,62,5085,231.39
2026/05/09 17:27:36.995,77,5085,226.94
2026/05/09 17:27:38.028,64,5085,245.93
2026/05/09 17:27:39.062,64,5085,270.58
2026/05/09 17:27:40.097,57,5085,262.00
2026/05/09 17:27:41.129,64,5085,200.53
2026/05/09 17:27:42.163,58,5085,261.45
2026/05/09 17:27:43.195,48,5094,287.95
2026/05/09 17:27:44.229,49,5093,356.08
2026/05/09 17:27:45.265,48,5093,358.81
2026/05/09 17:27:46.300,48,5093,357.58
2026/05/09 17:27:47.332,42,5093,342.90
2026/05/09 17:27:48.364,43,5093,330.48
2026/05/09 17:27:49.397,44,5093,331.01
2026/05/09 17:27:50.429,43,5093,332.51
2026/05/09 17:27:51.462,45,5093,330.64
2026/05/09 17:27:52.494,43,5093,331.62
2026/05/09 17:27:53.527,42,5093,331.06
2026/05/09 17:27:54.559,60,5093,316.30
2026/05/09 17:27:55.591,45,5093,284.16
2026/05/09 17:27:56.623,42,5093,329.00
2026/05/09 17:27:57.657,42,5093,330.47
2026/05/09 17:27:58.689,41,5093,331.99
2026/05/09 17:27:59.722,42,5093,331.45
2026/05/09 17:28:00.756,42,5093,330.42
2026/05/09 17:28:01.790,60,5093,301.22
2026/05/09 17:28:02.822,43,5093,314.57
2026/05/09 17:28:03.854,42,5093,330.16
2026/05/09 17:28:04.887,45,5093,327.33
2026/05/09 17:28:05.919,44,5093,330.32
2026/05/09 17:28:06.951,46,5093,330.26
2026/05/09 17:28:07.984,42,5093,330.15
2026/05/09 17:28:09.017,42,5093,330.04
2026/05/09 17:28:10.050,42,5093,329.32
2026/05/09 17:28:11.083,44,5093,332.83
2026/05/09 17:28:12.115,42,5093,332.75
2026/05/09 17:28:13.148,41,5093,331.38
2026/05/09 17:28:14.181,43,5093,331.65
2026/05/09 17:28:15.212,44,5093,281.73
2026/05/09 17:28:16.246,47,5093,330.39
2026/05/09 17:28:17.278,44,5093,330.10
2026/05/09 17:28:18.311,44,5085,328.15
2026/05/09 17:28:19.345,42,5085,331.31
2026/05/09 17:28:20.379,45,5086,328.12
2026/05/09 17:28:21.412,44,5088,330.93
2026/05/09 17:28:22.445,41,5088,330.48
2026/05/09 17:28:23.478,41,5087,327.33
2026/05/09 17:28:24.510,41,5087,330.29
2026/05/09 17:28:25.543,40,5087,330.06
2026/05/09 17:28:26.576,44,5085,331.23
2026/05/09 17:28:27.608,60,5098,297.60
2026/05/09 17:28:28.641,44,5097,316.21
2026/05/09 17:28:29.672,45,5097,326.37
2026/05/09 17:28:30.706,42,5097,331.83
2026/05/09 17:28:31.741,49,5097,345.92
2026/05/09 17:28:32.775,47,5098,362.29
2026/05/09 17:28:33.807,49,5137,360.39
2026/05/09 17:28:34.842,48,5151,361.23
2026/05/09 17:28:35.874,49,5144,360.77
2026/05/09 17:28:36.908,50,5144,360.75
2026/05/09 17:28:37.941,52,5147,360.66
2026/05/09 17:28:38.974,47,5112,361.05
2026/05/09 17:28:40.008,48,5116,285.59
2026/05/09 17:28:41.041,49,5116,357.79
2026/05/09 17:28:42.074,48,5113,364.16
2026/05/09 17:28:43.107,42,5111,343.54
2026/05/09 17:28:44.140,41,5101,332.09
2026/05/09 17:28:45.174,42,5101,333.41
2026/05/09 17:28:46.207,42,5101,331.69
2026/05/09 17:28:47.239,42,5101,333.23
2026/05/09 17:28:48.271,42,5101,331.15
2026/05/09 17:28:49.304,42,5101,332.63
2026/05/09 17:28:50.337,41,5101,332.85
2026/05/09 17:28:51.370,53,5101,238.88
2026/05/09 17:28:52.404,53,5101,313.83
2026/05/09 17:28:53.437,42,5101,326.52
2026/05/09 17:28:54.469,43,5101,331.72
2026/05/09 17:28:55.503,43,5125,331.26
2026/05/09 17:28:56.535,43,5115,329.75
2026/05/09 17:28:57.568,41,5114,332.57
2026/05/09 17:28:58.602,43,5114,332.57
2026/05/09 17:28:59.634,41,5114,333.34
2026/05/09 17:29:00.666,44,5094,330.14
2026/05/09 17:29:01.699,45,5098,329.44
2026/05/09 17:29:02.731,41,5098,332.42
2026/05/09 17:29:03.764,45,5111,327.75
2026/05/09 17:29:04.797,42,5107,330.51
2026/05/09 17:29:05.830,59,5107,297.95
2026/05/09 17:29:06.862,42,5106,328.81
2026/05/09 17:29:07.894,43,5106,330.14
2026/05/09 17:29:08.926,44,5105,331.19
2026/05/09 17:29:09.960,46,5105,331.65
2026/05/09 17:29:10.991,46,5099,330.28
2026/05/09 17:29:12.023,45,5099,333.09
2026/05/09 17:29:13.057,51,5099,349.84
2026/05/09 17:29:14.091,49,5099,362.89
2026/05/09 17:29:15.126,49,5099,362.24
2026/05/09 17:29:16.160,52,5099,362.90
2026/05/09 17:29:17.193,50,5099,363.71
2026/05/09 17:29:18.227,47,5099,282.77
2026/05/09 17:29:19.260,50,5099,345.80
2026/05/09 17:29:20.294,49,5099,361.95
2026/05/09 17:29:21.327,49,5099,356.56
2026/05/09 17:29:22.362,45,5099,361.83
2026/05/09 17:29:23.397,48,5099,362.47
2026/05/09 17:29:24.431,47,5099,362.51
2026/05/09 17:29:25.466,50,5099,359.69
2026/05/09 17:29:26.499,48,5099,361.91
2026/05/09 17:29:27.532,41,5112,350.27
2026/05/09 17:29:28.565,43,5112,333.58
2026/05/09 17:29:29.597,44,5111,333.26
2026/05/09 17:29:30.627,44,5111,288.02
2026/05/09 17:29:31.659,44,5115,329.19
2026/05/09 17:29:32.692,41,5113,331.64
2026/05/09 17:29:33.724,43,5133,330.14
2026/05/09 17:29:34.757,45,5125,329.42
2026/05/09 17:29:35.789,43,5131,333.17
2026/05/09 17:29:36.822,44,5129,331.75
2026/05/09 17:29:37.853,42,5129,332.57
2026/05/09 17:29:38.885,46,5144,328.09
2026/05/09 17:29:39.917,42,5144,332.65
2026/05/09 17:29:40.949,44,5136,326.58
2026/05/09 17:29:41.982,42,5136,331.89
2026/05/09 17:29:43.013,50,5136,289.34
2026/05/09 17:29:44.045,40,5135,329.28
2026/05/09 17:29:45.078,42,5135,331.28
2026/05/09 17:29:46.111,42,5135,334.06
2026/05/09 17:29:47.143,43,5135,330.53
2026/05/09 17:29:48.175,41,5135,333.21
2026/05/09 17:29:49.208,50,5135,345.63
2026/05/09 17:29:50.242,48,5135,363.74
2026/05/09 17:29:51.277,48,5135,363.94
2026/05/09 17:29:52.311,49,5135,360.90
2026/05/09 17:29:53.343,51,5136,365.28
2026/05/09 17:29:54.375,48,5136,365.14
2026/05/09 17:29:55.409,47,5135,298.29
2026/05/09 17:29:56.442,48,5135,366.34
2026/05/09 17:29:57.474,49,5111,367.47
2026/05/09 17:29:58.508,48,5111,365.65
2026/05/09 17:29:59.542,51,5111,369.75
2026/05/09 17:30:00.574,50,5111,366.64
2026/05/09 17:30:01.607,49,5111,369.58
2026/05/09 17:30:02.640,49,5111,365.31
2026/05/09 17:30:03.673,52,5111,363.44
2026/05/09 17:30:04.706,53,5111,369.62
2026/05/09 17:30:05.739,50,5111,369.58
2026/05/09 17:30:06.771,50,5111,291.56
2026/05/09 17:30:07.805,49,5111,349.36
2026/05/09 17:30:08.839,48,5111,363.39
2026/05/09 17:30:09.871,54,5111,365.79
2026/05/09 17:30:10.904,48,5111,366.41
2026/05/09 17:30:11.937,49,5111,364.51
2026/05/09 17:30:12.970,50,5111,366.09
2026/05/09 17:30:14.004,47,5111,368.33
2026/05/09 17:30:15.037,46,5111,365.90
2026/05/09 17:30:16.071,59,5111,282.24
2026/05/09 17:30:17.105,48,5111,375.58
2026/05/09 17:30:18.137,47,5111,337.52
2026/05/09 17:30:19.170,48,5111,312.14
2026/05/09 17:30:20.204,50,5111,365.18
2026/05/09 17:30:21.237,48,5111,362.91
2026/05/09 17:30:22.273,48,5111,365.56
2026/05/09 17:30:23.307,49,5117,360.91
2026/05/09 17:30:24.339,50,5123,360.63
2026/05/09 17:30:25.371,49,5123,363.37
2026/05/09 17:30:26.403,46,5123,360.64
2026/05/09 17:30:27.436,48,5123,363.82
2026/05/09 17:30:28.468,48,5123,365.94
2026/05/09 17:30:29.502,48,5129,359.37
2026/05/09 17:30:30.534,46,5129,291.06
2026/05/09 17:30:31.566,48,5129,380.60
2026/05/09 17:30:32.600,52,5129,381.81
2026/05/09 17:30:33.633,46,5129,376.76
2026/05/09 17:30:34.665,48,5129,364.26
2026/05/09 17:30:35.699,48,5129,369.55
2026/05/09 17:30:36.733,48,5129,367.14
2026/05/09 17:30:37.766,48,5129,363.59
2026/05/09 17:30:38.801,51,5129,364.02
2026/05/09 17:30:39.834,48,5129,367.20
2026/05/09 17:30:40.867,61,5129,332.95
2026/05/09 17:30:41.900,51,5129,324.13
2026/05/09 17:30:42.932,54,5129,377.17
2026/05/09 17:30:43.966,54,5129,379.76
2026/05/09 17:30:44.999,54,5129,381.25
2026/05/09 17:30:46.032,56,5129,381.75
2026/05/09 17:30:47.065,49,5129,375.31
2026/05/09 17:30:48.098,49,5129,369.78
2026/05/09 17:30:49.131,49,5129,372.12
2026/05/09 17:30:50.165,48,5129,366.86
2026/05/09 17:30:51.197,49,5129,366.12
2026/05/09 17:30:52.229,52,5129,355.54
2026/05/09 17:30:53.262,48,5129,299.94
2026/05/09 17:30:54.295,50,5129,368.36
2026/05/09 17:30:55.328,52,5129,366.96
2026/05/09 17:30:56.362,49,5129,364.72
2026/05/09 17:30:57.395,48,5129,368.78
2026/05/09 17:30:58.428,50,5129,367.00
2026/05/09 17:30:59.461,48,5129,366.05
2026/05/09 17:31:00.493,50,5129,366.40
2026/05/09 17:31:01.524,48,5129,368.36
2026/05/09 17:31:02.557,47,5129,368.16
2026/05/09 17:31:03.589,48,5129,338.18
2026/05/09 17:31:04.621,54,5129,301.29
2026/05/09 17:31:05.653,52,5129,366.50
2026/05/09 17:31:06.686,49,5129,367.04
2026/05/09 17:31:07.718,50,5129,365.23
2026/05/09 17:31:08.751,51,5129,366.95
2026/05/09 17:31:09.783,50,5129,367.20
2026/05/09 17:31:10.817,48,5129,368.96
2026/05/09 17:31:11.851,47,5129,365.77
2026/05/09 17:31:12.883,49,5129,367.87
2026/05/09 17:31:13.915,48,5129,360.87
2026/05/09 17:31:14.948,55,5129,335.74
2026/05/09 17:31:15.982,47,5135,310.89
2026/05/09 17:31:17.015,50,5181,362.25
2026/05/09 17:31:18.048,48,5188,360.59
2026/05/09 17:31:19.082,49,5188,361.46
2026/05/09 17:31:20.115,41,5185,340.63
2026/05/09 17:31:21.147,45,5185,330.47
2026/05/09 17:31:22.180,44,5184,334.60
2026/05/09 17:31:23.212,44,5139,335.44
2026/05/09 17:31:24.244,47,5147,334.54
2026/05/09 17:31:25.277,45,5147,333.07
2026/05/09 17:31:26.309,46,5155,334.65
2026/05/09 17:31:27.341,42,5155,334.33
2026/05/09 17:31:28.373,47,5153,305.73
2026/05/09 17:31:29.405,42,5151,335.22
2026/05/09 17:31:30.438,44,5151,329.74
2026/05/09 17:31:31.470,41,5138,335.05
2026/05/09 17:31:32.503,41,5138,335.90
2026/05/09 17:31:33.535,42,5138,333.95
2026/05/09 17:31:34.569,48,5138,353.73
2026/05/09 17:31:35.601,47,5138,350.22
2026/05/09 17:31:36.636,5,5132,244.17
2026/05/09 17:31:37.669,49,5132,367.00
2026/05/09 17:31:38.702,49,5140,364.01
2026/05/09 17:31:39.736,49,5140,364.32
2026/05/09 17:31:40.769,77,5151,240.21
2026/05/09 17:31:41.804,65,5151,269.05
2026/05/09 17:31:42.838,66,5151,269.05
2026/05/09 17:31:43.871,72,5150,209.00
2026/05/09 17:31:44.905,65,5148,274.58
2026/05/09 17:31:45.939,63,5142,273.84
2026/05/09 17:31:46.974,70,5148,208.69
2026/05/09 17:31:48.007,63,5148,241.64
2026/05/09 17:31:49.043,62,5148,269.59
2026/05/09 17:31:50.076,58,5148,263.68
2026/05/09 17:31:51.108,64,5148,195.88
2026/05/09 17:31:52.141,55,5148,262.61
2026/05/09 17:31:53.173,63,5148,197.89
2026/05/09 17:31:54.206,63,5142,267.58
2026/05/09 17:31:55.239,65,5136,269.29
2026/05/09 17:31:56.271,67,5136,207.14
2026/05/09 17:31:57.305,61,5136,268.66
2026/05/09 17:31:58.338,64,5136,272.00
2026/05/09 17:31:59.370,61,5136,193.42
2026/05/09 17:32:00.404,62,5137,267.65
2026/05/09 17:32:01.437,66,5243,269.73
2026/05/09 17:32:02.470,75,5231,192.24
2026/05/09 17:32:03.504,66,5230,276.45
2026/05/09 17:32:04.538,67,5230,275.11
2026/05/09 17:32:05.572,67,5230,230.22
2026/05/09 17:32:06.604,63,5105,232.20
2026/05/09 17:32:07.638,70,5105,224.87
2026/05/09 17:32:08.670,62,5105,234.31
2026/05/09 17:32:09.703,65,5105,265.72
2026/05/09 17:32:10.735,63,5105,266.53
2026/05/09 17:32:11.768,49,5105,282.44
2026/05/09 17:32:12.802,48,5105,358.11
2026/05/09 17:32:13.834,48,5105,358.73
2026/05/09 17:32:14.866,44,5105,330.62
2026/05/09 17:32:15.898,41,5105,331.98
2026/05/09 17:32:16.930,41,5105,332.46
2026/05/09 17:32:17.964,40,5105,330.28
2026/05/09 17:32:18.996,46,5105,329.95
2026/05/09 17:32:20.028,44,5105,332.14
2026/05/09 17:32:21.062,46,5105,328.97
2026/05/09 17:32:22.095,46,5105,330.54
2026/05/09 17:32:23.127,42,5105,333.25
2026/05/09 17:32:24.159,44,5105,287.14
2026/05/09 17:32:25.192,45,5105,330.59
2026/05/09 17:32:26.224,43,5105,332.93
2026/05/09 17:32:27.256,45,5105,332.76
2026/05/09 17:32:28.288,47,5105,348.73
2026/05/09 17:32:29.336,66,5527,337.88
2026/05/09 17:32:30.368,53,5529,356.12
2026/05/09 17:32:31.401,48,5524,355.28
2026/05/09 17:32:32.434,52,5523,364.50
2026/05/09 17:32:33.467,52,5523,358.32
2026/05/09 17:32:34.501,45,5429,339.73
2026/05/09 17:32:35.533,46,5428,326.60
2026/05/09 17:32:36.565,43,5429,279.62
2026/05/09 17:32:37.598,47,5432,323.34
2026/05/09 17:32:38.632,45,5431,323.64
2026/05/09 17:32:39.667,51,5430,347.71
2026/05/09 17:32:40.701,50,5431,355.09
2026/05/09 17:32:41.750,55,5431,353.43
2026/05/09 17:32:42.786,56,5449,352.87
2026/05/09 17:32:43.819,46,5474,355.22
2026/05/09 17:32:44.851,44,5473,334.26
2026/05/09 17:32:45.885,45,5481,329.67
2026/05/09 17:32:46.918,45,5480,328.05
2026/05/09 17:32:47.950,41,5474,329.83
2026/05/09 17:32:48.983,43,5494,286.78
2026/05/09 17:32:50.015,42,5493,331.25
2026/05/09 17:32:51.047,43,5478,330.76
2026/05/09 17:32:52.082,45,5477,329.98
2026/05/09 17:32:53.113,41,5464,328.83
2026/05/09 17:32:54.144,45,5458,328.52
2026/05/09 17:32:55.176,41,5458,331.67
2026/05/09 17:32:56.208,40,5428,331.74
2026/05/09 17:32:57.240,45,5428,329.45
2026/05/09 17:32:58.272,51,5424,334.13
2026/05/09 17:32:59.307,52,5424,366.43
2026/05/09 17:33:00.339,48,5424,363.56
2026/05/09 17:33:01.371,41,5424,292.03
2026/05/09 17:33:02.405,42,5424,331.51
2026/05/09 17:33:03.436,41,5424,332.46
2026/05/09 17:33:04.469,42,5424,331.85
2026/05/09 17:33:05.502,42,5424,332.48
2026/05/09 17:33:06.535,42,5424,331.64
2026/05/09 17:33:07.566,42,5424,332.00
2026/05/09 17:33:08.598,45,5425,282.47
2026/05/09 17:33:09.629,47,5425,331.70
2026/05/09 17:33:10.662,41,5424,334.04
2026/05/09 17:33:11.694,44,5424,331.74
2026/05/09 17:33:12.726,47,5424,330.83
2026/05/09 17:33:13.758,44,5424,330.89
2026/05/09 17:33:14.792,1,5424,249.44
2026/05/09 17:33:15.825,51,5424,291.72
2026/05/09 17:33:16.858,48,5424,367.42
2026/05/09 17:33:17.891,50,5424,362.24
2026/05/09 17:33:18.925,49,5424,363.91
2026/05/09 17:33:19.959,50,5424,364.41
2026/05/09 17:33:20.992,48,5424,363.80
2026/05/09 17:33:22.028,48,5424,361.23
2026/05/09 17:33:23.061,48,5424,360.98
2026/05/09 17:33:24.093,47,5424,363.71
2026/05/09 17:33:25.127,50,5424,361.27
2026/05/09 17:33:26.160,51,5424,365.52
2026/05/09 17:33:27.194,50,5424,301.20
2026/05/09 17:33:28.228,47,5424,364.56
2026/05/09 17:33:29.261,49,5424,363.64
2026/05/09 17:33:30.295,48,5424,365.01
2026/05/09 17:33:31.327,48,5424,361.72
2026/05/09 17:33:32.360,51,5424,361.25
2026/05/09 17:33:33.392,40,5424,332.94
2026/05/09 17:33:34.424,42,5424,331.10
2026/05/09 17:33:35.456,42,5432,331.77
2026/05/09 17:33:36.488,41,5432,332.00
2026/05/09 17:33:37.520,41,5432,328.57
2026/05/09 17:33:38.552,43,5431,335.32
2026/05/09 17:33:39.584,40,5431,282.60
2026/05/09 17:33:40.616,41,5441,332.11
2026/05/09 17:33:41.649,43,5473,329.47
2026/05/09 17:33:42.682,48,5498,328.99
2026/05/09 17:33:43.716,46,5490,326.38
2026/05/09 17:33:44.748,43,5489,326.49
2026/05/09 17:33:45.784,52,5518,345.63
2026/05/09 17:33:46.818,52,5530,354.43
2026/05/09 17:33:47.852,47,5466,359.40
2026/05/09 17:33:48.885,48,5466,361.30
2026/05/09 17:33:49.918,52,5466,370.38
2026/05/09 17:33:50.951,54,5466,345.05
2026/05/09 17:33:51.983,51,5466,324.75
2026/05/09 17:33:53.015,51,5466,366.87
2026/05/09 17:33:54.047,50,5511,366.35
2026/05/09 17:33:55.079,56,5560,369.36
2026/05/09 17:33:56.110,41,5560,348.96
2026/05/09 17:33:57.141,40,5560,333.39
2026/05/09 17:33:58.172,45,5560,333.92
2026/05/09 17:33:59.204,45,5560,331.47
2026/05/09 17:34:00.238,43,5560,330.23
2026/05/09 17:34:01.269,45,5560,328.93
2026/05/09 17:34:02.301,44,5560,332.92
2026/05/09 17:34:03.332,40,5560,336.53
2026/05/09 17:34:04.363,48,5560,346.92
2026/05/09 17:34:05.395,50,5560,371.66
2026/05/09 17:34:06.426,51,5560,373.14
2026/05/09 17:34:07.458,52,5560,374.33
2026/05/09 17:34:08.491,49,5561,355.36
2026/05/09 17:34:09.524,47,5561,349.44
2026/05/09 17:34:10.555,53,5560,364.80
2026/05/09 17:34:11.587,52,5560,362.05
2026/05/09 17:34:12.620,51,5560,372.79
2026/05/09 17:34:13.653,50,5560,359.07
2026/05/09 17:34:14.685,52,5560,367.24
2026/05/09 17:34:15.715,54,5560,300.10
2026/05/09 17:34:16.746,50,5560,367.88
2026/05/09 17:34:17.778,49,5560,363.49
2026/05/09 17:34:18.809,42,5560,330.88
2026/05/09 17:34:19.840,42,5560,333.25
2026/05/09 17:34:20.872,42,5560,334.48
2026/05/09 17:34:21.904,44,5560,335.19
2026/05/09 17:34:22.936,52,5560,333.29
2026/05/09 17:34:23.967,49,5560,326.70
2026/05/09 17:34:24.998,41,5560,330.49
2026/05/09 17:34:26.030,44,5560,333.73
2026/05/09 17:34:27.063,51,5560,325.70
2026/05/09 17:34:28.096,54,5560,286.99
2026/05/09 17:34:29.128,47,5560,361.59
2026/05/09 17:34:30.161,48,5560,372.99
2026/05/09 17:34:31.193,52,5560,371.51
2026/05/09 17:34:32.227,51,5560,366.40
2026/05/09 17:34:33.259,51,5560,363.00
2026/05/09 17:34:34.293,47,5560,358.20
2026/05/09 17:34:35.324,49,5560,362.67
2026/05/09 17:34:36.356,50,5560,372.72
2026/05/09 17:34:37.390,58,5560,287.73
2026/05/09 17:34:38.423,47,5560,382.62
2026/05/09 17:34:39.455,47,5560,297.88
2026/05/09 17:34:40.488,47,5560,369.50
2026/05/09 17:34:41.519,48,5560,369.98
2026/05/09 17:34:42.551,49,5560,374.89
2026/05/09 17:34:43.584,53,5560,371.74
2026/05/09 17:34:44.615,48,5560,373.65
2026/05/09 17:34:45.646,47,5560,288.17
2026/05/09 17:34:46.678,53,5560,369.89
2026/05/09 17:34:47.710,47,5560,362.70
2026/05/09 17:34:48.744,46,5560,365.35
2026/05/09 17:34:49.776,50,5560,361.61
2026/05/09 17:34:50.809,47,5560,365.86
2026/05/09 17:34:51.842,53,5560,359.66
2026/05/09 17:34:52.874,44,5560,355.00
2026/05/09 17:34:53.906,53,5560,364.27
2026/05/09 17:34:54.941,53,5560,370.50
2026/05/09 17:34:55.971,49,5560,369.23
2026/05/09 17:34:57.004,50,5560,284.62
2026/05/09 17:34:58.034,52,5560,369.22
2026/05/09 17:34:59.066,51,5560,372.58
2026/05/09 17:35:00.099,47,5560,367.67
2026/05/09 17:35:01.130,49,5560,336.06
2026/05/09 17:35:02.162,46,5560,336.64
2026/05/09 17:35:03.194,51,5560,280.23
2026/05/09 17:35:04.227,48,5560,369.77
2026/05/09 17:35:05.259,48,5560,371.67
2026/05/09 17:35:06.290,50,5560,372.28
2026/05/09 17:35:07.322,43,5560,341.97
2026/05/09 17:35:08.355,43,5561,336.37
2026/05/09 17:35:09.387,42,5561,335.54
2026/05/09 17:35:10.420,45,5561,334.70
2026/05/09 17:35:11.451,43,5561,336.08
2026/05/09 17:35:12.483,40,5561,336.81
2026/05/09 17:35:13.516,40,5561,335.50
2026/05/09 17:35:14.547,46,5561,335.70
2026/05/09 17:35:15.580,48,5561,294.55
2026/05/09 17:35:16.613,53,5561,373.32
2026/05/09 17:35:17.645,50,5561,377.56
2026/05/09 17:35:18.677,50,5561,375.39
2026/05/09 17:35:19.708,49,5561,376.80
2026/05/09 17:35:20.739,51,5561,376.17
2026/05/09 17:35:21.771,48,5561,372.86
2026/05/09 17:35:22.804,50,5561,362.73
2026/05/09 17:35:23.836,52,5561,373.44
2026/05/09 17:35:24.867,52,5561,371.56
2026/05/09 17:35:25.898,47,5561,352.72
2026/05/09 17:35:26.930,51,5561,310.36
2026/05/09 17:35:27.962,50,5561,366.59
2026/05/09 17:35:28.993,48,5561,360.79
2026/05/09 17:35:30.024,47,5561,341.55
2026/05/09 17:35:31.055,44,5561,334.43
2026/05/09 17:35:32.087,48,5561,357.21
2026/05/09 17:35:33.120,50,5561,370.80
2026/05/09 17:35:34.152,48,5561,369.64
2026/05/09 17:35:35.186,51,5561,361.90
2026/05/09 17:35:36.219,50,5561,356.39
2026/05/09 17:35:37.251,47,5561,371.04
2026/05/09 17:35:38.285,46,5561,294.09
2026/05/09 17:35:39.318,49,5561,364.16
2026/05/09 17:35:40.351,52,5561,363.76
2026/05/09 17:35:41.383,47,5561,368.01
2026/05/09 17:35:42.415,48,5561,363.55
2026/05/09 17:35:43.448,50,5561,367.43
2026/05/09 17:35:44.481,48,5561,366.33
2026/05/09 17:35:45.514,50,5561,366.68
2026/05/09 17:35:46.547,58,5561,277.21
2026/05/09 17:35:47.580,50,5561,381.60
2026/05/09 17:35:48.613,49,5561,359.11
2026/05/09 17:35:49.645,79,5561,319.85
2026/05/09 17:35:50.676,64,5561,224.56
2026/05/09 17:35:51.708,71,5561,275.92
2026/05/09 17:35:52.740,61,5561,265.04
2026/05/09 17:35:53.771,71,5561,197.81
2026/05/09 17:35:54.803,71,5561,271.72
2026/05/09 17:35:55.835,72,5561,269.43
2026/05/09 17:35:56.866,72,5561,206.58
2026/05/09 17:35:57.898,67,5561,275.60
2026/05/09 17:35:58.930,74,5561,277.83
2026/05/09 17:35:59.962,72,5561,199.79
2026/05/09 17:36:00.995,65,5561,273.79
2026/05/09 17:36:02.026,65,5561,196.57
2026/05/09 17:36:03.057,64,5561,267.71
2026/05/09 17:36:04.089,74,5561,187.27
2026/05/09 17:36:05.122,72,5561,267.62
2026/05/09 17:36:06.155,67,5561,267.81
2026/05/09 17:36:07.188,78,5561,204.23
2026/05/09 17:36:08.223,62,5561,254.72
2026/05/09 17:36:09.256,71,5561,269.49
2026/05/09 17:36:10.288,62,5561,258.45
2026/05/09 17:36:11.320,61,5561,203.44
2026/05/09 17:36:12.352,69,5561,274.14
2026/05/09 17:36:13.385,70,5561,228.24
2026/05/09 17:36:14.417,67,5561,232.28
2026/05/09 17:36:15.448,67,5561,269.92
2026/05/09 17:36:16.481,62,5561,264.62
2026/05/09 17:36:17.513,65,5561,199.86
2026/05/09 17:36:18.546,75,5561,272.65
2026/05/09 17:36:19.578,71,5561,270.48
2026/05/09 17:36:20.611,49,5561,255.33
2026/05/09 17:36:21.643,48,5561,332.39
2026/05/09 17:36:22.675,42,5561,332.40
2026/05/09 17:36:23.707,42,5561,334.37
2026/05/09 17:36:24.739,48,5561,330.61
2026/05/09 17:36:25.771,48,5561,327.88
2026/05/09 17:36:26.803,41,5561,330.20
2026/05/09 17:36:27.835,47,5561,326.12
2026/05/09 17:36:28.867,52,5561,326.92
2026/05/09 17:36:29.908,46,5579,332.67
2026/05/09 17:36:30.941,46,5577,324.36
2026/05/09 17:36:31.977,49,5576,323.72
2026/05/09 17:36:33.008,52,5593,316.67
2026/05/09 17:36:34.039,42,5591,286.18
2026/05/09 17:36:35.072,45,5579,327.45
2026/05/09 17:36:36.105,46,5579,330.98
2026/05/09 17:36:37.139,42,5579,330.16
2026/05/09 17:36:38.173,42,5558,331.16
2026/05/09 17:36:39.206,41,5558,331.24
2026/05/09 17:36:40.239,41,5558,331.43
2026/05/09 17:36:41.271,46,5558,331.88
2026/05/09 17:36:42.303,45,5558,330.08
2026/05/09 17:36:43.337,46,5558,329.88
2026/05/09 17:36:44.369,41,5558,330.73
2026/05/09 17:36:45.402,45,5558,331.07
2026/05/09 17:36:46.435,48,5558,297.68
2026/05/09 17:36:47.469,48,5558,364.25
2026/05/09 17:36:48.502,52,5558,364.02
2026/05/09 17:36:49.535,52,5558,363.57
2026/05/09 17:36:50.569,47,5558,367.16
2026/05/09 17:36:51.602,50,5551,363.42
2026/05/09 17:36:52.634,45,5551,341.18
2026/05/09 17:36:53.667,43,5551,334.20
2026/05/09 17:36:54.700,52,5551,363.69
2026/05/09 17:36:55.736,52,5551,363.50
2026/05/09 17:36:56.768,49,5558,366.60
2026/05/09 17:36:57.801,43,5558,348.61
2026/05/09 17:36:58.833,49,5558,300.35
2026/05/09 17:36:59.866,53,5558,363.08
2026/05/09 17:37:00.899,50,5558,363.89
2026/05/09 17:37:01.932,50,5558,364.74
2026/05/09 17:37:02.966,48,5558,362.98
2026/05/09 17:37:03.999,48,5558,364.98
2026/05/09 17:37:05.031,49,5558,362.55
2026/05/09 17:37:06.065,47,5558,364.18
2026/05/09 17:37:07.098,49,5558,361.20
2026/05/09 17:37:08.130,49,5558,365.42
2026/05/09 17:37:09.163,45,5551,349.78
2026/05/09 17:37:10.196,48,5559,286.58
2026/05/09 17:37:11.228,48,5559,363.85
2026/05/09 17:37:12.261,48,5558,362.02
2026/05/09 17:37:13.293,48,5558,365.39
2026/05/09 17:37:14.327,48,5558,362.41
2026/05/09 17:37:15.359,51,5558,362.21
2026/05/09 17:37:16.391,50,5560,361.70
2026/05/09 17:37:17.422,49,5561,365.19
2026/05/09 17:37:18.456,47,5561,360.96
2026/05/09 17:37:19.489,50,5561,364.61
2026/05/09 17:37:20.522,49,5558,358.72
2026/05/09 17:37:21.555,46,5557,283.12
2026/05/09 17:37:22.588,51,5557,355.77
2026/05/09 17:37:23.622,47,5556,358.46
2026/05/09 17:37:24.656,50,5556,361.78
2026/05/09 17:37:25.689,48,5564,361.94
2026/05/09 17:37:26.722,48,5564,359.08
2026/05/09 17:37:27.756,51,5564,358.48
2026/05/09 17:37:28.788,48,5563,359.18
2026/05/09 17:37:29.821,50,5563,362.03
2026/05/09 17:37:30.855,48,5557,357.80
2026/05/09 17:37:31.889,1,5557,326.12
2026/05/09 17:37:32.922,48,5557,225.68
2026/05/09 17:37:33.956,49,5551,356.96
2026/05/09 17:37:34.989,48,5550,361.68
2026/05/09 17:37:36.022,48,5552,360.50
2026/05/09 17:37:37.056,50,5552,363.94
2026/05/09 17:37:38.088,48,5551,362.32
2026/05/09 17:37:39.122,47,5551,365.23
2026/05/09 17:37:40.155,45,5551,345.31
2026/05/09 17:37:41.188,46,5556,333.16
2026/05/09 17:37:42.221,41,5562,333.33
2026/05/09 17:37:43.253,44,5550,330.48
2026/05/09 17:37:44.287,43,5569,330.49
2026/05/09 17:37:45.321,62,5578,310.30
2026/05/09 17:37:46.354,41,5715,287.37
2026/05/09 17:37:47.386,45,5714,329.79
2026/05/09 17:37:48.419,46,5695,332.58
2026/05/09 17:37:49.451,40,5690,332.88
2026/05/09 17:37:50.487,41,5678,333.41
2026/05/09 17:37:51.519,44,5620,332.92
2026/05/09 17:37:52.552,44,5502,285.42
2026/05/09 17:37:53.585,41,5502,332.84
2026/05/09 17:37:54.618,41,5501,329.64
2026/05/09 17:37:55.651,50,5517,349.29
2026/05/09 17:37:56.685,48,5532,356.50
2026/05/09 17:37:57.720,48,5545,356.31
2026/05/09 17:37:58.752,45,5545,340.24
2026/05/09 17:37:59.785,41,5544,335.70
2026/05/09 17:38:00.817,42,5544,333.73
2026/05/09 17:38:01.849,43,5548,329.95
2026/05/09 17:38:02.880,41,5550,333.12
2026/05/09 17:38:03.912,41,5549,332.96
2026/05/09 17:38:04.945,43,5549,284.36
2026/05/09 17:38:05.977,46,5549,329.85
2026/05/09 17:38:07.010,42,5545,333.06
2026/05/09 17:38:08.043,46,5545,329.41
2026/05/09 17:38:09.074,43,5545,332.30
2026/05/09 17:38:10.107,41,5544,332.58
2026/05/09 17:38:11.140,43,5544,331.40
2026/05/09 17:38:12.173,42,5544,332.26
2026/05/09 17:38:13.206,48,5544,354.50
2026/05/09 17:38:14.240,48,5544,364.64
2026/05/09 17:38:15.272,47,5544,362.48
2026/05/09 17:38:16.305,49,5544,362.33
2026/05/09 17:38:17.338,51,5544,338.21
2026/05/09 17:38:18.370,48,5544,311.91
2026/05/09 17:38:19.404,48,5544,362.37
2026/05/09 17:38:20.436,47,5544,362.63
2026/05/09 17:38:21.468,49,5544,362.75
2026/05/09 17:38:22.501,49,5544,363.02
2026/05/09 17:38:23.534,48,5544,366.39
2026/05/09 17:38:24.578,60,5568,360.29
2026/05/09 17:38:25.610,44,5577,332.23
2026/05/09 17:38:26.643,41,5576,333.65
2026/05/09 17:38:27.674,48,5575,352.54
2026/05/09 17:38:28.707,46,5575,362.26
2026/05/09 17:38:29.740,49,5575,282.55
2026/05/09 17:38:30.772,47,5548,357.32
2026/05/09 17:38:31.806,47,5548,360.05
2026/05/09 17:38:32.838,48,5568,362.80
2026/05/09 17:38:33.869,46,5567,353.50
2026/05/09 17:38:34.902,47,5566,327.71
2026/05/09 17:38:35.942,46,5565,283.26
2026/05/09 17:38:36.974,47,5565,327.83
2026/05/09 17:38:38.008,50,5554,333.16
2026/05/09 17:38:39.044,53,5554,349.40
2026/05/09 17:38:40.076,54,5555,357.02
2026/05/09 17:38:41.114,42,5583,343.12
2026/05/09 17:38:42.146,44,5663,331.77
2026/05/09 17:38:43.178,42,5645,332.12
2026/05/09 17:38:44.210,43,5644,330.05
2026/05/09 17:38:45.242,45,5645,328.15
2026/05/09 17:38:46.275,42,5639,332.59
2026/05/09 17:38:47.308,60,5531,258.47
2026/05/09 17:38:48.342,49,5564,378.69
2026/05/09 17:38:49.373,51,5564,277.88
2026/05/09 17:38:50.407,50,5609,357.89
2026/05/09 17:38:51.441,47,5610,354.46
2026/05/09 17:38:52.473,51,5849,359.93
2026/05/09 17:38:53.507,54,6057,367.03
2026/05/09 17:38:54.539,54,6219,371.40
2026/05/09 17:38:55.570,44,6198,330.93
2026/05/09 17:38:56.603,42,6165,331.75
2026/05/09 17:38:57.635,43,6064,333.37
2026/05/09 17:38:58.666,41,5912,334.73
2026/05/09 17:38:59.702,44,5668,330.90
2026/05/09 17:39:00.734,45,5573,333.53
2026/05/09 17:39:01.767,42,5614,288.43
2026/05/09 17:39:02.800,48,5616,356.51
2026/05/09 17:39:03.833,50,5617,354.67
2026/05/09 17:39:04.865,47,5662,334.08
2026/05/09 17:39:05.897,46,5659,327.95
2026/05/09 17:39:06.928,42,5659,333.37
2026/05/09 17:39:07.960,42,5659,329.57
2026/05/09 17:39:08.991,45,5669,332.65
2026/05/09 17:39:10.025,43,5570,332.89
2026/05/09 17:39:11.060,51,5586,346.33
2026/05/09 17:39:12.094,41,5587,348.41
2026/05/09 17:39:13.128,51,5581,345.17
2026/05/09 17:39:14.163,48,5577,287.38
2026/05/09 17:39:15.196,49,5563,361.91
2026/05/09 17:39:16.229,48,5564,359.37
2026/05/09 17:39:17.262,50,5540,361.49
2026/05/09 17:39:18.296,49,5523,357.55
2026/05/09 17:39:19.329,43,5550,349.19
2026/05/09 17:39:20.362,58,5561,302.26
2026/05/09 17:39:21.393,43,5562,327.21
2026/05/09 17:39:22.426,46,5563,352.34
2026/05/09 17:39:23.460,50,5563,357.30
2026/05/09 17:39:24.493,49,5594,362.16
2026/05/09 17:39:25.526,45,5584,337.48
2026/05/09 17:39:26.558,44,5584,330.13
2026/05/09 17:39:27.589,44,5584,331.56
2026/05/09 17:39:28.622,45,5584,327.81
2026/05/09 17:39:29.654,47,5568,332.40
2026/05/09 17:39:30.685,43,5564,333.33
2026/05/09 17:39:31.717,42,5564,330.54
2026/05/09 17:39:32.750,43,5558,327.55
2026/05/09 17:39:33.783,46,5753,280.01
2026/05/09 17:39:34.816,43,5749,328.61
2026/05/09 17:39:35.849,42,5749,326.73
2026/05/09 17:39:36.882,44,5749,326.86
2026/05/09 17:39:37.913,44,5872,329.32
2026/05/09 17:39:38.945,41,6129,328.29
2026/05/09 17:39:39.975,43,6583,323.38
2026/05/09 17:39:41.006,42,6874,327.09
2026/05/09 17:39:42.037,46,6928,326.30
2026/05/09 17:39:43.069,46,6790,327.90
2026/05/09 17:39:44.104,44,6507,332.38
2026/05/09 17:39:45.136,45,6697,325.61
2026/05/09 17:39:46.167,60,6449,312.77
2026/05/09 17:39:47.200,50,6419,303.49
2026/05/09 17:39:48.235,48,6109,361.46
2026/05/09 17:39:49.269,48,6063,357.29
2026/05/09 17:39:50.304,47,5785,365.06
2026/05/09 17:39:51.337,52,5750,369.23
2026/05/09 17:39:52.368,51,5727,366.14
2026/05/09 17:39:53.403,48,5594,364.58
2026/05/09 17:39:54.435,51,5594,368.39
2026/05/09 17:39:55.467,46,5594,362.86
2026/05/09 17:39:56.501,48,5594,365.60
2026/05/09 17:39:57.533,45,5594,351.08
2026/05/09 17:39:58.566,49,5594,300.42
2026/05/09 17:39:59.600,51,5594,365.80
2026/05/09 17:40:00.633,50,5594,362.58
2026/05/09 17:40:01.666,47,5594,365.39
2026/05/09 17:40:02.699,48,5594,368.29
2026/05/09 17:40:03.731,48,5594,365.58
2026/05/09 17:40:04.766,48,5603,367.52
2026/05/09 17:40:05.801,49,5603,365.10
2026/05/09 17:40:06.835,51,5603,280.82
2026/05/09 17:40:07.869,47,5603,377.21
2026/05/09 17:40:08.902,49,5603,365.96
2026/05/09 17:40:09.933,65,5595,212.66
2026/05/09 17:40:10.967,65,5595,272.36
2026/05/09 17:40:12.001,63,5595,268.99
2026/05/09 17:40:13.035,68,5595,211.23
2026/05/09 17:40:14.067,63,5595,238.97
2026/05/09 17:40:15.101,64,5595,271.56
2026/05/09 17:40:16.133,52,5632,266.59
2026/05/09 17:40:17.165,63,5662,197.57
2026/05/09 17:40:18.197,61,5695,276.15
2026/05/09 17:40:19.229,67,5691,278.46
2026/05/09 17:40:20.260,65,5679,198.63
2026/05/09 17:40:21.294,66,5679,275.68
2026/05/09 17:40:22.328,63,5679,273.97
2026/05/09 17:40:23.362,64,5667,216.16
2026/05/09 17:40:24.394,65,5667,268.41
2026/05/09 17:40:25.428,67,5667,274.04
2026/05/09 17:40:26.460,65,5687,205.31
2026/05/09 17:40:27.492,64,5679,270.32
2026/05/09 17:40:28.524,67,5679,275.68
2026/05/09 17:40:29.557,77,5679,231.74
2026/05/09 17:40:30.589,66,5679,235.61
2026/05/09 17:40:31.623,64,5667,270.10
2026/05/09 17:40:32.656,65,5667,268.61
2026/05/09 17:40:33.688,62,5667,189.70
2026/05/09 17:40:34.720,67,5667,271.05
2026/05/09 17:40:35.752,66,5667,196.09
2026/05/09 17:40:36.786,69,5676,273.82
2026/05/09 17:40:37.818,65,5676,271.06
2026/05/09 17:40:38.851,66,5676,190.84
2026/05/09 17:40:39.885,47,5675,232.20
2026/05/09 17:40:40.922,50,5675,362.18
2026/05/09 17:40:41.955,50,5675,359.93
2026/05/09 17:40:42.988,48,5675,363.37
2026/05/09 17:40:44.023,50,5675,360.86
2026/05/09 17:40:45.057,50,5675,367.26
2026/05/09 17:40:46.089,47,5675,365.65
2026/05/09 17:40:47.123,49,5675,363.92
2026/05/09 17:40:48.157,48,5675,363.89
2026/05/09 17:40:49.190,48,5675,363.14
2026/05/09 17:40:50.224,52,5675,364.12
2026/05/09 17:40:51.258,56,5675,286.32
2026/05/09 17:40:52.292,50,5675,349.62
2026/05/09 17:40:53.326,48,5675,363.83
2026/05/09 17:40:54.361,48,5675,362.91
2026/05/09 17:40:55.395,49,5675,360.57
2026/05/09 17:40:56.428,41,5675,339.09
2026/05/09 17:40:57.461,42,5675,331.21
2026/05/09 17:40:58.496,41,5675,334.31
2026/05/09 17:40:59.529,44,5675,330.98
2026/05/09 17:41:00.563,42,5675,332.05
2026/05/09 17:41:01.595,42,5675,332.20
2026/05/09 17:41:02.627,42,5675,332.65
2026/05/09 17:41:03.659,42,5675,289.77
2026/05/09 17:41:04.692,41,5675,328.96
2026/05/09 17:41:05.724,44,5675,328.63
2026/05/09 17:41:06.757,43,5675,331.85
2026/05/09 17:41:07.790,41,5675,329.23
2026/05/09 17:41:08.824,42,5675,332.23
2026/05/09 17:41:09.856,42,5675,333.21
2026/05/09 17:41:10.888,45,5675,328.63
2026/05/09 17:41:11.921,43,5675,330.69
2026/05/09 17:41:12.954,41,5675,334.49
2026/05/09 17:41:13.986,46,5676,329.34
2026/05/09 17:41:15.019,44,5676,332.66
2026/05/09 17:41:16.052,49,5675,325.42
2026/05/09 17:41:17.084,43,5675,287.66
2026/05/09 17:41:18.118,43,5675,330.19
2026/05/09 17:41:19.152,41,5675,330.79
2026/05/09 17:41:20.184,43,5675,331.93
2026/05/09 17:41:21.217,42,5675,331.66
2026/05/09 17:41:22.250,42,5675,330.85
2026/05/09 17:41:23.283,46,5675,332.21
2026/05/09 17:41:24.315,44,5675,333.14
2026/05/09 17:41:25.347,40,5675,333.62
2026/05/09 17:41:26.378,45,5675,332.80
2026/05/09 17:41:27.409,41,5675,334.99
2026/05/09 17:41:28.441,42,5675,333.25
2026/05/09 17:41:29.475,41,5675,283.48
2026/05/09 17:41:30.507,40,5675,328.73
2026/05/09 17:41:31.541,42,5675,329.88
2026/05/09 17:41:32.573,40,5675,327.35
2026/05/09 17:41:33.607,44,5675,332.77
2026/05/09 17:41:34.641,43,5675,330.40
2026/05/09 17:41:35.673,41,5675,333.85
2026/05/09 17:41:36.705,44,5675,331.07
2026/05/09 17:41:37.737,42,5675,332.45
2026/05/09 17:41:38.768,42,5675,332.98
2026/05/09 17:41:39.800,43,5675,331.80
2026/05/09 17:41:40.832,44,5675,332.77
2026/05/09 17:41:41.865,41,5675,332.23
2026/05/09 17:41:42.897,41,5675,286.98
2026/05/09 17:41:43.930,46,5675,334.18
2026/05/09 17:41:44.965,52,5675,365.88
2026/05/09 17:41:45.999,47,5675,362.94
2026/05/09 17:41:47.032,51,5675,362.23
2026/05/09 17:41:48.067,48,5675,361.56
2026/05/09 17:41:49.101,52,5675,364.61
2026/05/09 17:41:50.134,48,5675,366.15
2026/05/09 17:41:51.167,50,5675,357.91
2026/05/09 17:41:52.195,52,5691,356.26
2026/05/09 17:41:53.226,50,5693,354.64
2026/05/09 17:41:54.260,58,5692,264.30
2026/05/09 17:41:55.294,48,5692,299.90
2026/05/09 17:41:56.328,43,5692,356.14
2026/05/09 17:41:57.361,45,5670,331.10
2026/05/09 17:41:58.393,43,5669,333.05
2026/05/09 17:41:59.425,42,5669,334.10
2026/05/09 17:42:00.458,51,5669,350.81
2026/05/09 17:42:01.490,47,5672,359.65
2026/05/09 17:42:02.522,45,5677,349.16
2026/05/09 17:42:03.553,41,5676,336.32
2026/05/09 17:42:04.585,41,5676,334.14
2026/05/09 17:42:05.616,41,5676,333.76
2026/05/09 17:42:06.648,49,5674,352.31
2026/05/09 17:42:07.680,50,5669,286.00
2026/05/09 17:42:08.715,48,5669,360.98
2026/05/09 17:42:09.748,50,5669,363.42
2026/05/09 17:42:10.778,42,5669,360.58
2026/05/09 17:42:11.808,44,5669,330.95
2026/05/09 17:42:12.838,41,5669,336.19
2026/05/09 17:42:13.868,56,5669,281.62
2026/05/09 17:42:14.900,46,5670,331.19
2026/05/09 17:42:15.931,41,5670,333.57
2026/05/09 17:42:16.963,43,5670,332.77
2026/05/09 17:42:17.995,43,5670,333.63
2026/05/09 17:42:19.029,49,5670,355.85
2026/05/09 17:42:20.064,51,5669,329.41
2026/05/09 17:42:21.097,50,5669,328.49
2026/05/09 17:42:22.129,49,5669,366.36
2026/05/09 17:42:23.166,49,5669,370.04
2026/05/09 17:42:24.198,52,5669,362.95
2026/05/09 17:42:25.231,54,5669,367.17
2026/05/09 17:42:26.264,49,5669,364.79
2026/05/09 17:42:27.297,48,5669,366.30
2026/05/09 17:42:28.330,49,5669,362.83
2026/05/09 17:42:29.363,48,5669,363.21
2026/05/09 17:42:30.396,48,5669,363.83
2026/05/09 17:42:31.428,53,5669,328.52
2026/05/09 17:42:32.461,48,5669,330.81
2026/05/09 17:42:33.494,48,5669,360.28
2026/05/09 17:42:34.527,48,5669,363.55
2026/05/09 17:42:35.561,42,5669,349.29
2026/05/09 17:42:36.593,42,5669,333.26
2026/05/09 17:42:37.627,43,5669,336.49
2026/05/09 17:42:38.660,44,5669,333.14
2026/05/09 17:42:39.692,42,5669,332.36
2026/05/09 17:42:40.725,45,5676,332.81
2026/05/09 17:42:41.758,45,5675,334.42
2026/05/09 17:42:42.789,47,5675,330.51
2026/05/09 17:42:43.821,42,5665,333.71
2026/05/09 17:42:44.855,45,5683,289.00
2026/05/09 17:42:45.888,43,5677,329.58
2026/05/09 17:42:46.921,42,5676,333.66
2026/05/09 17:42:47.955,46,5676,332.53
2026/05/09 17:42:48.990,41,5669,329.78
2026/05/09 17:42:50.023,44,5637,331.04
2026/05/09 17:42:51.056,45,5637,333.08
2026/05/09 17:42:52.088,44,5635,333.21
2026/05/09 17:42:53.121,43,5635,330.24
2026/05/09 17:42:54.155,43,5637,331.34
2026/05/09 17:42:55.188,47,5637,330.66
2026/05/09 17:42:56.220,42,5637,333.31
2026/05/09 17:42:57.252,47,5637,332.11
2026/05/09 17:42:58.284,41,5637,287.59
2026/05/09 17:42:59.317,46,5633,332.14
2026/05/09 17:43:00.350,42,5633,328.35
2026/05/09 17:43:01.384,48,5633,350.27
2026/05/09 17:43:02.419,48,5633,360.35
2026/05/09 17:43:03.453,49,5633,363.37
2026/05/09 17:43:04.487,46,5633,360.48
2026/05/09 17:43:05.522,49,5633,356.82
2026/05/09 17:43:06.556,51,5633,363.31
2026/05/09 17:43:07.592,1,5633,288.37
2026/05/09 17:43:08.624,50,5633,319.31
2026/05/09 17:43:09.657,48,5633,336.59
2026/05/09 17:43:10.690,48,5633,302.75
2026/05/09 17:43:11.724,47,5633,363.30
2026/05/09 17:43:12.758,48,5633,360.14
2026/05/09 17:43:13.789,49,5633,360.85
2026/05/09 17:43:14.822,43,5633,350.67
2026/05/09 17:43:15.853,43,5633,332.79
2026/05/09 17:43:16.885,42,5633,289.38
2026/05/09 17:43:17.918,49,5633,363.92
2026/05/09 17:43:18.950,59,5649,361.08
2026/05/09 17:43:19.984,52,5646,336.50
2026/05/09 17:43:21.016,53,5646,354.78
2026/05/09 17:43:22.050,48,5659,354.65
2026/05/09 17:43:23.084,48,5660,359.87
2026/05/09 17:43:24.116,43,5657,348.74
2026/05/09 17:43:25.148,46,5665,331.72
2026/05/09 17:43:26.181,44,5689,350.47
2026/05/09 17:43:27.213,42,5663,327.99
2026/05/09 17:43:28.244,44,5666,326.85
2026/05/09 17:43:29.274,45,5689,286.20
2026/05/09 17:43:30.309,43,5661,325.87
2026/05/09 17:43:31.342,45,5661,328.17
2026/05/09 17:43:32.375,44,5661,329.58
2026/05/09 17:43:33.408,45,5624,331.00
2026/05/09 17:43:34.439,40,5631,330.05
2026/05/09 17:43:35.471,41,5631,330.15
2026/05/09 17:43:36.504,44,5629,334.04
2026/05/09 17:43:37.538,47,5629,344.19
2026/05/09 17:43:38.571,49,5629,362.96
2026/05/09 17:43:39.606,44,5625,359.72
2026/05/09 17:43:40.639,51,5625,359.64
2026/05/09 17:43:41.673,46,5625,281.75
2026/05/09 17:43:42.709,49,5625,359.18
2026/05/09 17:43:43.742,45,5625,356.46
2026/05/09 17:43:44.775,46,5625,355.28
2026/05/09 17:43:45.809,45,5625,355.89
2026/05/09 17:43:46.843,51,5625,359.83
2026/05/09 17:43:47.875,47,5625,359.69
2026/05/09 17:43:48.909,46,5625,359.95
2026/05/09 17:43:49.940,42,5629,345.23
2026/05/09 17:43:50.972,42,5629,331.45
2026/05/09 17:43:52.004,43,5641,333.10
2026/05/09 17:43:53.035,42,5668,331.86
2026/05/09 17:43:54.067,48,5667,299.88
2026/05/09 17:43:55.102,48,5663,359.32
2026/05/09 17:43:56.135,48,5663,363.23
2026/05/09 17:43:57.169,50,5663,359.84
2026/05/09 17:43:58.202,49,5654,363.49
2026/05/09 17:43:59.236,47,5654,360.76
2026/05/09 17:44:00.270,48,5654,354.66
2026/05/09 17:44:01.304,49,5654,364.12
2026/05/09 17:44:02.336,49,5654,358.51
2026/05/09 17:44:03.368,42,5654,335.51
2026/05/09 17:44:04.400,47,5665,333.07
2026/05/09 17:44:05.433,51,5668,282.13
2026/05/09 17:44:06.467,41,5674,319.51
2026/05/09 17:44:07.500,45,5672,330.95
2026/05/09 17:44:08.532,41,5686,331.38
2026/05/09 17:44:09.567,43,5684,330.73
2026/05/09 17:44:10.599,40,5690,329.29
2026/05/09 17:44:11.632,45,5682,330.35
2026/05/09 17:44:12.666,42,5680,330.49
2026/05/09 17:44:13.700,43,5671,330.14
2026/05/09 17:44:14.733,47,5628,359.00
2026/05/09 17:44:15.767,43,5626,330.50
2026/05/09 17:44:16.800,43,5626,337.88
2026/05/09 17:44:17.832,44,5632,331.84
2026/05/09 17:44:18.867,50,5632,291.41
2026/05/09 17:44:19.900,45,5635,326.48
2026/05/09 17:44:20.932,45,5633,331.22
2026/05/09 17:44:21.966,43,5633,333.03
2026/05/09 17:44:22.999,50,5633,357.19
2026/05/09 17:44:24.033,47,5633,362.15
2026/05/09 17:44:25.069,46,5629,357.26
2026/05/09 17:44:26.103,45,5629,362.57
2026/05/09 17:44:27.136,49,5629,363.68
2026/05/09 17:44:28.169,50,5629,272.58
2026/05/09 17:44:29.202,47,5629,366.45
2026/05/09 17:44:30.236,47,5629,356.32
2026/05/09 17:44:31.269,76,5629,255.51
2026/05/09 17:44:32.302,70,5629,266.23
2026/05/09 17:44:33.336,65,5629,285.24
2026/05/09 17:44:34.369,76,5629,233.89
2026/05/09 17:44:35.403,67,5629,241.31
2026/05/09 17:44:36.436,67,5629,273.96
2026/05/09 17:44:37.470,63,5629,203.62
2026/05/09 17:44:38.501,69,5629,270.97
2026/05/09 17:44:39.535,64,5629,273.96
2026/05/09 17:44:40.568,71,5629,235.80
2026/05/09 17:44:41.603,65,5630,238.16
2026/05/09 17:44:42.636,64,5630,221.72
2026/05/09 17:44:43.668,62,5630,233.37
2026/05/09 17:44:44.701,64,5630,275.52
2026/05/09 17:44:45.735,54,5630,266.38
2026/05/09 17:44:46.768,61,5600,198.76
2026/05/09 17:44:47.803,65,5600,274.28
2026/05/09 17:44:48.837,61,5600,274.83
2026/05/09 17:44:49.870,68,5600,198.35
2026/05/09 17:44:50.904,62,5600,278.50
2026/05/09 17:44:51.936,60,5600,276.45
2026/05/09 17:44:52.967,64,5600,202.20
2026/05/09 17:44:54.004,61,5600,268.06
2026/05/09 17:44:55.037,62,5600,269.22
2026/05/09 17:44:56.071,66,5600,200.86
2026/05/09 17:44:57.104,66,5600,274.96
2026/05/09 17:44:58.137,63,5600,272.40
2026/05/09 17:44:59.170,69,5606,214.18
2026/05/09 17:45:00.205,57,5606,242.78
2026/05/09 17:45:01.239,51,5606,245.48
2026/05/09 17:45:02.272,40,5606,315.32
2026/05/09 17:45:03.306,41,5606,329.96
2026/05/09 17:45:04.339,51,5596,346.21
2026/05/09 17:45:05.371,52,5596,359.80
2026/05/09 17:45:06.405,44,5596,356.65
2026/05/09 17:45:07.437,40,5596,334.41
2026/05/09 17:45:08.469,45,5610,328.71
2026/05/09 17:45:09.503,44,5610,330.72
2026/05/09 17:45:10.534,43,5610,331.59
2026/05/09 17:45:11.567,48,5610,346.84
2026/05/09 17:45:12.600,47,5610,364.05
2026/05/09 17:45:13.632,47,5610,282.19
2026/05/09 17:45:14.666,48,5610,354.83
2026/05/09 17:45:15.699,52,5610,360.39
2026/05/09 17:45:16.732,47,5610,364.05
2026/05/09 17:45:17.766,45,5610,361.23
2026/05/09 17:45:18.799,48,5610,358.16
2026/05/09 17:45:19.832,48,5610,361.23
2026/05/09 17:45:20.866,48,5610,364.39
2026/05/09 17:45:21.899,48,5610,358.10
2026/05/09 17:45:22.932,49,5610,361.47
2026/05/09 17:45:23.966,47,5610,362.88
2026/05/09 17:45:25.000,50,5610,304.53
2026/05/09 17:45:26.032,41,5610,331.26
2026/05/09 17:45:27.065,42,5610,332.62
2026/05/09 17:45:28.098,45,5610,331.09
2026/05/09 17:45:29.131,41,5610,331.99
2026/05/09 17:45:30.163,47,5610,352.99
2026/05/09 17:45:31.196,48,5610,359.70
2026/05/09 17:45:32.230,47,5610,360.40
2026/05/09 17:45:33.264,51,5610,362.08
2026/05/09 17:45:34.296,48,5610,361.05
2026/05/09 17:45:35.331,43,5610,338.79
2026/05/09 17:45:36.363,47,5610,358.41
2026/05/09 17:45:37.395,60,5610,309.35
2026/05/09 17:45:38.429,44,5610,329.81
2026/05/09 17:45:39.461,41,5610,333.60
2026/05/09 17:45:40.494,40,5610,334.93
2026/05/09 17:45:41.527,41,5610,333.25
2026/05/09 17:45:42.560,42,5610,335.46
2026/05/09 17:45:43.593,43,5610,333.27
2026/05/09 17:45:44.626,44,5610,331.54
2026/05/09 17:45:45.658,46,5610,332.07
2026/05/09 17:45:46.690,46,5610,332.19
2026/05/09 17:45:47.723,51,5610,353.18
2026/05/09 17:45:48.758,47,5610,360.58
2026/05/09 17:45:49.791,44,5610,352.11
2026/05/09 17:45:50.825,43,5610,288.47
2026/05/09 17:45:51.857,48,5610,338.94
2026/05/09 17:45:52.890,48,5610,359.48
2026/05/09 17:45:53.923,47,5610,362.82
2026/05/09 17:45:54.957,45,5610,358.68
2026/05/09 17:45:55.990,52,5610,322.91
2026/05/09 17:45:57.023,47,5610,316.68
2026/05/09 17:45:58.056,48,5610,362.00
2026/05/09 17:45:59.090,47,5610,358.57
2026/05/09 17:46:00.124,48,5610,360.56
2026/05/09 17:46:01.158,43,5610,359.58
2026/05/09 17:46:02.190,48,5610,362.07
2026/05/09 17:46:03.224,48,5610,362.23
2026/05/09 17:46:04.258,48,5610,360.17
2026/05/09 17:46:05.291,41,5610,345.55
2026/05/09 17:46:06.324,42,5610,330.96
2026/05/09 17:46:07.357,45,5610,332.18
2026/05/09 17:46:08.391,55,5610,245.74
2026/05/09 17:46:09.426,51,5610,344.85
2026/05/09 17:46:10.461,49,5610,359.47
2026/05/09 17:46:11.495,47,5610,359.66
2026/05/09 17:46:12.529,48,5610,358.17
2026/05/09 17:46:13.563,47,5604,359.13
2026/05/09 17:46:14.595,45,5604,334.12
2026/05/09 17:46:15.627,46,5604,333.37
2026/05/09 17:46:16.659,44,5604,335.27
2026/05/09 17:46:17.692,43,5604,333.55
2026/05/09 17:46:18.725,43,5604,334.20
2026/05/09 17:46:19.759,41,5604,333.28
2026/05/09 17:46:20.791,43,5604,332.25
2026/05/09 17:46:21.823,44,5604,284.96
2026/05/09 17:46:22.857,47,5604,346.21
2026/05/09 17:46:23.890,48,5604,365.12
2026/05/09 17:46:24.923,48,5604,363.00
2026/05/09 17:46:25.957,46,5604,365.10
2026/05/09 17:46:26.990,51,5604,364.55
2026/05/09 17:46:28.024,47,5604,363.83
2026/05/09 17:46:29.058,52,5604,362.81
2026/05/09 17:46:30.091,50,5592,364.29
2026/05/09 17:46:31.126,50,5592,363.76
2026/05/09 17:46:32.160,49,5592,363.70
2026/05/09 17:46:33.193,45,5592,284.92
2026/05/09 17:46:34.226,47,5592,363.05
2026/05/09 17:46:35.259,49,5592,364.04
2026/05/09 17:46:36.291,47,5592,363.34
2026/05/09 17:46:37.324,49,5592,363.96
2026/05/09 17:46:38.355,47,5592,366.70
2026/05/09 17:46:39.387,47,5592,289.02
2026/05/09 17:46:40.419,48,5592,363.55
2026/05/09 17:46:41.453,47,5592,366.62
2026/05/09 17:46:42.486,48,5592,361.30
2026/05/09 17:46:43.520,45,5592,360.55
2026/05/09 17:46:44.553,49,5592,357.99
2026/05/09 17:46:45.586,47,5592,359.19
2026/05/09 17:46:46.619,47,5592,362.66
2026/05/09 17:46:47.652,50,5592,360.01
2026/05/09 17:46:48.686,49,5592,364.10
2026/05/09 17:46:49.719,47,5592,364.00
2026/05/09 17:46:50.753,53,5592,304.01
2026/05/09 17:46:51.787,47,5592,345.88
2026/05/09 17:46:52.822,48,5592,357.56
2026/05/09 17:46:53.855,48,5592,359.63
2026/05/09 17:46:54.888,47,5592,364.08
2026/05/09 17:46:55.920,46,5592,361.07
2026/05/09 17:46:56.956,49,5592,361.20
2026/05/09 17:46:57.990,45,5592,360.70
2026/05/09 17:46:59.023,41,5592,347.90
2026/05/09 17:47:00.057,41,5592,336.27
2026/05/09 17:47:01.090,43,5592,336.19
2026/05/09 17:47:02.123,43,5592,335.96
2026/05/09 17:47:03.156,44,5592,288.86
2026/05/09 17:47:04.188,42,5592,331.93
2026/05/09 17:47:05.221,41,5592,337.11
2026/05/09 17:47:06.253,40,5592,334.85
2026/05/09 17:47:07.286,42,5601,328.05
2026/05/09 17:47:08.320,44,5609,332.92
2026/05/09 17:47:09.352,41,5610,332.08
2026/05/09 17:47:10.384,44,5596,285.89
2026/05/09 17:47:11.417,41,5596,331.41
2026/05/09 17:47:12.450,48,5604,333.99
2026/05/09 17:47:13.484,42,5594,330.51
2026/05/09 17:47:14.515,41,5599,328.31
2026/05/09 17:47:15.548,17,5632,296.99
2026/05/09 17:47:16.580,45,5628,256.23
2026/05/09 17:47:17.612,41,5628,305.17
2026/05/09 17:47:18.645,44,5628,337.70
2026/05/09 17:47:19.677,47,5628,359.96
2026/05/09 17:47:20.710,44,5612,331.58
2026/05/09 17:47:21.743,42,5612,333.33
2026/05/09 17:47:22.776,44,5612,333.68
2026/05/09 17:47:23.809,45,5621,333.10
2026/05/09 17:47:24.843,42,5627,336.30
2026/05/09 17:47:25.878,50,5630,364.07
2026/05/09 17:47:26.911,48,5689,361.46
2026/05/09 17:47:27.944,41,5685,335.18
2026/05/09 17:47:28.977,44,5683,333.47
2026/05/09 17:47:30.009,45,5686,298.66
2026/05/09 17:47:31.040,46,5678,329.11
2026/05/09 17:47:32.072,44,5618,330.15
2026/05/09 17:47:33.105,41,5618,332.19
2026/05/09 17:47:34.138,44,5612,331.01
2026/05/09 17:47:35.170,44,5612,330.24
2026/05/09 17:47:36.202,47,5612,314.96
2026/05/09 17:47:37.234,42,5593,290.90
2026/05/09 17:47:38.266,45,5596,331.20
2026/05/09 17:47:39.297,43,5695,334.01
2026/05/09 17:47:40.330,44,5723,332.96
2026/05/09 17:47:41.363,42,5718,332.87
2026/05/09 17:47:42.395,41,5718,332.89
2026/05/09 17:47:43.427,45,5683,333.58
2026/05/09 17:47:44.460,44,5650,332.80
2026/05/09 17:47:45.493,50,5656,336.51
2026/05/09 17:47:46.526,50,5578,352.24
2026/05/09 17:47:47.560,45,5582,327.72
2026/05/09 17:47:48.592,44,5579,328.15
2026/05/09 17:47:49.622,44,5579,282.14
2026/05/09 17:47:50.654,41,5579,324.56
2026/05/09 17:47:51.686,44,5579,324.86
2026/05/09 17:47:52.717,41,5537,332.66
2026/05/09 17:47:53.748,41,5537,333.67
2026/05/09 17:47:54.779,44,5537,334.11
2026/05/09 17:47:55.811,43,5573,332.60
2026/05/09 17:47:56.843,51,5585,274.31
2026/05/09 17:47:57.875,48,5581,361.86
2026/05/09 17:47:58.907,47,5581,359.10
2026/05/09 17:47:59.938,48,5593,357.97
2026/05/09 17:48:00.969,49,5593,363.64
2026/05/09 17:48:02.001,47,5593,360.20
2026/05/09 17:48:03.032,48,5573,282.81
2026/05/09 17:48:04.064,49,5584,359.43
2026/05/09 17:48:05.096,48,5614,356.64
2026/05/09 17:48:06.127,46,5612,359.11
2026/05/09 17:48:07.159,49,5606,359.60
2026/05/09 17:48:08.191,48,5602,361.47
2026/05/09 17:48:09.224,50,5577,276.76
2026/05/09 17:48:10.255,48,5545,355.75
2026/05/09 17:48:11.287,50,5545,359.33
2026/05/09 17:48:12.321,41,5545,345.12
2026/05/09 17:48:13.352,53,5485,349.61
2026/05/09 17:48:14.384,43,5485,356.06
2026/05/09 17:48:15.416,44,5485,336.46
2026/05/09 17:48:16.447,43,5485,336.19
2026/05/09 17:48:17.478,44,5485,334.39
2026/05/09 17:48:18.510,41,5485,319.78
2026/05/09 17:48:19.542,55,5485,277.46
2026/05/09 17:48:20.573,48,5485,369.74
2026/05/09 17:48:21.605,69,5485,252.43
2026/05/09 17:48:22.637,69,5485,274.60
2026/05/09 17:48:23.671,70,5485,287.69
2026/05/09 17:48:24.703,70,5485,231.66
2026/05/09 17:48:25.736,67,5494,243.94
2026/05/09 17:48:26.767,67,5524,276.37
2026/05/09 17:48:27.799,59,5517,260.90
2026/05/09 17:48:28.829,62,5517,206.91
2026/05/09 17:48:29.861,65,5535,275.37
2026/05/09 17:48:30.891,62,5520,275.32
2026/05/09 17:48:31.925,65,5519,245.33
2026/05/09 17:48:32.958,67,5515,279.41
2026/05/09 17:48:33.989,57,5515,263.40
2026/05/09 17:48:35.020,69,5515,218.07
2026/05/09 17:48:36.051,70,5507,244.96
2026/05/09 17:48:37.082,66,5507,228.44
2026/05/09 17:48:38.114,64,5507,275.93
2026/05/09 17:48:39.146,71,5507,281.27
2026/05/09 17:48:40.176,63,5507,197.72
2026/05/09 17:48:41.207,63,5507,270.04
2026/05/09 17:48:42.239,66,5507,270.69
2026/05/09 17:48:43.273,69,5507,197.69
2026/05/09 17:48:44.305,66,5507,271.74
2026/05/09 17:48:45.336,61,5507,203.21
2026/05/09 17:48:46.368,66,5507,281.89
2026/05/09 17:48:47.401,66,5511,279.97
2026/05/09 17:48:48.433,65,5513,203.99
2026/05/09 17:48:49.464,67,5511,275.61
2026/05/09 17:48:50.496,62,5511,272.73
2026/05/09 17:48:51.528,47,5511,254.04
2026/05/09 17:48:52.559,41,5511,341.21
2026/05/09 17:48:53.592,41,5509,329.63
2026/05/09 17:48:54.624,41,5509,327.39
2026/05/09 17:48:55.656,49,5509,337.87
2026/05/09 17:48:56.688,47,5509,359.42
2026/05/09 17:48:57.720,50,5509,357.89
2026/05/09 17:48:58.752,46,5509,354.67
2026/05/09 17:48:59.782,48,5509,356.31
2026/05/09 17:49:00.813,49,5509,360.64
2026/05/09 17:49:01.846,47,5509,361.06
2026/05/09 17:49:02.877,47,5509,358.19
2026/05/09 17:49:03.908,49,5509,278.24
2026/05/09 17:49:04.939,47,5509,353.16
2026/05/09 17:49:05.970,48,5509,356.66
2026/05/09 17:49:07.003,47,5509,359.61
2026/05/09 17:49:08.035,44,5509,357.84
2026/05/09 17:49:09.066,49,5509,357.37
2026/05/09 17:49:10.096,47,5509,295.64
2026/05/09 17:49:11.126,42,5509,352.16
2026/05/09 17:49:12.157,41,5509,334.51
2026/05/09 17:49:13.189,41,5509,332.11
2026/05/09 17:49:14.220,43,5509,331.29
2026/05/09 17:49:15.251,45,5509,328.71
2026/05/09 17:49:16.281,40,5509,331.15
2026/05/09 17:49:17.312,41,5509,332.03
2026/05/09 17:49:18.343,41,5509,333.12
2026/05/09 17:49:19.373,41,5509,334.11
2026/05/09 17:49:20.405,48,5509,343.09
2026/05/09 17:49:21.436,46,5509,359.82
2026/05/09 17:49:22.468,50,5509,289.70
2026/05/09 17:49:23.499,47,5509,357.70
2026/05/09 17:49:24.530,48,5522,356.43
2026/05/09 17:49:25.561,46,5586,352.03
2026/05/09 17:49:26.592,49,5583,350.95
2026/05/09 17:49:27.623,47,5581,353.43
2026/05/09 17:49:28.655,46,5575,272.85
2026/05/09 17:49:29.687,41,5575,327.66
2026/05/09 17:49:30.718,46,5506,330.69
2026/05/09 17:49:31.749,42,5506,332.00
2026/05/09 17:49:32.780,41,5506,332.10
2026/05/09 17:49:33.813,42,5506,333.81
2026/05/09 17:49:34.845,41,5506,331.75
2026/05/09 17:49:35.877,44,5506,332.93
2026/05/09 17:49:36.912,45,5506,355.14
2026/05/09 17:49:37.944,43,5506,345.50
2026/05/09 17:49:38.976,41,5548,330.39
2026/05/09 17:49:40.008,42,5548,331.09
2026/05/09 17:49:41.040,59,5542,319.20
2026/05/09 17:49:42.073,48,5542,304.25
2026/05/09 17:49:43.107,49,5542,361.27
2026/05/09 17:49:44.142,48,5548,353.46
2026/05/09 17:49:45.178,49,5579,348.12
2026/05/09 17:49:46.212,51,5621,346.44
2026/05/09 17:49:47.245,47,5621,332.98
2026/05/09 17:49:48.277,43,5621,328.99
2026/05/09 17:49:49.312,43,5622,326.04
2026/05/09 17:49:50.344,49,5615,326.45
2026/05/09 17:49:51.377,42,5590,330.65
2026/05/09 17:49:52.409,42,5584,327.64
2026/05/09 17:49:53.442,43,5536,331.85
2026/05/09 17:49:54.475,65,5536,188.77
2026/05/09 17:49:55.509,51,5536,365.07
2026/05/09 17:49:56.543,47,5577,353.27
2026/05/09 17:49:57.577,48,5610,352.89
2026/05/09 17:49:58.612,46,5601,351.73
2026/05/09 17:49:59.645,46,5592,356.67
2026/05/09 17:50:00.679,45,5591,353.90
2026/05/09 17:50:01.712,48,5591,362.04
2026/05/09 17:50:02.745,48,5509,359.12
2026/05/09 17:50:03.777,47,5509,358.49
2026/05/09 17:50:04.811,50,5509,359.85
2026/05/09 17:50:05.843,49,5509,359.66
2026/05/09 17:50:06.877,44,5509,284.99
2026/05/09 17:50:07.910,45,5509,339.56
2026/05/09 17:50:08.942,42,5509,333.36
2026/05/09 17:50:09.974,44,5514,331.75
2026/05/09 17:50:11.009,48,5574,328.05
2026/05/09 17:50:12.042,48,5568,329.40
2026/05/09 17:50:13.075,43,5584,329.75
2026/05/09 17:50:14.110,45,5564,327.93
2026/05/09 17:50:15.144,42,5563,332.01
2026/05/09 17:50:16.177,42,5513,332.35
2026/05/09 17:50:17.211,46,5513,333.37
2026/05/09 17:50:18.244,42,5513,333.38
2026/05/09 17:50:19.276,42,5513,332.95
2026/05/09 17:50:20.308,41,5513,288.33
2026/05/09 17:50:21.341,43,5478,330.41
2026/05/09 17:50:22.373,43,5484,330.97
2026/05/09 17:50:23.406,42,5484,329.75
2026/05/09 17:50:24.439,42,5487,330.53
2026/05/09 17:50:25.470,44,5487,331.39
2026/05/09 17:50:26.504,44,5487,287.97
2026/05/09 17:50:27.536,40,5481,332.70
2026/05/09 17:50:28.569,41,5481,333.58
2026/05/09 17:50:29.600,43,5477,333.60
2026/05/09 17:50:30.632,46,5477,332.75
2026/05/09 17:50:31.665,45,5477,330.01
2026/05/09 17:50:32.697,42,5477,332.38
2026/05/09 17:50:33.731,45,5477,334.92
2026/05/09 17:50:34.764,40,5477,335.42
2026/05/09 17:50:35.796,41,5477,334.07
2026/05/09 17:50:36.828,41,5477,333.76
2026/05/09 17:50:37.861,40,5477,334.49
2026/05/09 17:50:38.893,46,5477,330.27
2026/05/09 17:50:39.927,48,5477,296.46
2026/05/09 17:50:40.960,48,5477,360.90
2026/05/09 17:50:41.993,49,5477,363.01
2026/05/09 17:50:43.026,49,5477,363.29
2026/05/09 17:50:44.060,49,5477,359.78
2026/05/09 17:50:45.093,47,5477,364.83
2026/05/09 17:50:46.124,48,5477,362.12
2026/05/09 17:50:47.158,45,5477,339.09
2026/05/09 17:50:48.190,44,5477,333.21
2026/05/09 17:50:49.224,47,5477,334.08
2026/05/09 17:50:50.257,41,5477,335.59
2026/05/09 17:50:51.290,44,5477,331.22
2026/05/09 17:50:52.322,42,5477,291.14
2026/05/09 17:50:53.355,43,5477,333.71
2026/05/09 17:50:54.387,43,5477,333.65
2026/05/09 17:50:55.419,40,5477,335.42
2026/05/09 17:50:56.451,43,5477,335.82
2026/05/09 17:50:57.483,44,5477,334.63
2026/05/09 17:50:58.515,41,5477,336.04
2026/05/09 17:50:59.550,42,5503,330.39
2026/05/09 17:51:00.582,44,5505,330.58
2026/05/09 17:51:01.614,42,5504,332.23
2026/05/09 17:51:02.647,44,5503,332.44
2026/05/09 17:51:03.679,41,5503,332.50
2026/05/09 17:51:04.712,49,5484,273.95
2026/05/09 17:51:05.745,47,5483,357.05
2026/05/09 17:51:06.778,42,5483,348.90
2026/05/09 17:51:07.811,42,5484,331.80
2026/05/09 17:51:08.844,43,5484,331.25
2026/05/09 17:51:09.877,41,5483,331.78
2026/05/09 17:51:10.911,44,5483,333.69
2026/05/09 17:51:11.943,44,5483,334.79
2026/05/09 17:51:12.976,44,5483,336.99
2026/05/09 17:51:14.009,44,5483,332.19
2026/05/09 17:51:15.042,14,5483,308.31
2026/05/09 17:51:16.075,52,5483,284.38
2026/05/09 17:51:17.109,47,5483,361.31
2026/05/09 17:51:18.141,48,5483,294.58
2026/05/09 17:51:19.175,48,5483,357.23
2026/05/09 17:51:20.207,48,5483,358.64
2026/05/09 17:51:21.240,51,5483,358.49
2026/05/09 17:51:22.272,50,5483,363.46
2026/05/09 17:51:23.305,47,5483,359.44
2026/05/09 17:51:24.339,48,5483,359.04
2026/05/09 17:51:25.373,49,5483,362.58
2026/05/09 17:51:26.406,48,5483,357.72
2026/05/09 17:51:27.439,50,5483,360.61
2026/05/09 17:51:28.472,41,5483,340.94
2026/05/09 17:51:29.505,45,5483,285.54
2026/05/09 17:51:30.537,46,5483,330.40
2026/05/09 17:51:31.570,44,5487,330.81
2026/05/09 17:51:32.602,41,5487,330.35
2026/05/09 17:51:33.635,46,5487,330.92
2026/05/09 17:51:34.669,46,5487,334.30
2026/05/09 17:51:35.702,44,5487,332.00
2026/05/09 17:51:36.734,40,5483,288.12
2026/05/09 17:51:37.768,45,5483,330.13
2026/05/09 17:51:38.800,44,5483,330.98
2026/05/09 17:51:39.832,42,5483,333.53
2026/05/09 17:51:40.864,42,5483,332.17
2026/05/09 17:51:41.897,44,5483,330.83
2026/05/09 17:51:42.929,44,5484,330.87
2026/05/09 17:51:43.962,48,5484,355.09
2026/05/09 17:51:44.996,47,5483,360.51
2026/05/09 17:51:46.030,47,5483,357.05
2026/05/09 17:51:47.062,47,5483,359.74
2026/05/09 17:51:48.095,48,5477,360.14
2026/05/09 17:51:49.129,44,5477,283.57
2026/05/09 17:51:50.162,47,5477,357.54
2026/05/09 17:51:51.195,48,5477,359.44
2026/05/09 17:51:52.231,48,5477,358.85
2026/05/09 17:51:53.268,47,5477,356.88
2026/05/09 17:51:54.302,46,5477,360.23
2026/05/09 17:51:55.335,47,5477,360.42
2026/05/09 17:51:56.368,48,5477,359.78
2026/05/09 17:51:57.401,48,5477,360.06
2026/05/09 17:51:58.434,48,5470,359.20
2026/05/09 17:51:59.467,42,5474,342.02
2026/05/09 17:52:00.500,61,5474,297.86
2026/05/09 17:52:01.532,44,5474,321.18
2026/05/09 17:52:02.565,41,5474,333.85
2026/05/09 17:52:03.597,45,5482,330.89
2026/05/09 17:52:04.630,50,5478,334.86
2026/05/09 17:52:05.663,49,5477,357.75
2026/05/09 17:52:06.695,47,5477,355.63
2026/05/09 17:52:07.728,51,5477,356.90
2026/05/09 17:52:08.762,48,5477,361.18
2026/05/09 17:52:09.794,45,5477,353.49
2026/05/09 17:52:10.829,41,5477,335.62
2026/05/09 17:52:11.862,44,5477,332.83
2026/05/09 17:52:12.894,45,5478,333.94
2026/05/09 17:52:13.928,45,5492,287.52
2026/05/09 17:52:14.961,42,5491,330.80
2026/05/09 17:52:15.993,48,5493,329.05
2026/05/09 17:52:17.027,42,5493,333.71
2026/05/09 17:52:18.060,44,5492,335.78
2026/05/09 17:52:19.092,40,5492,328.08
2026/05/09 17:52:20.126,37,5492,325.14
2026/05/09 17:52:21.159,47,5492,328.91
2026/05/09 17:52:22.193,42,5492,329.68
2026/05/09 17:52:23.227,43,5492,329.18
2026/05/09 17:52:24.261,44,5514,324.71
2026/05/09 17:52:25.294,43,5508,333.55
2026/05/09 17:52:26.326,47,5508,329.70
2026/05/09 17:52:27.359,42,5508,288.34
2026/05/09 17:52:28.392,44,5508,332.62
2026/05/09 17:52:29.425,42,5498,334.46
2026/05/09 17:52:30.457,43,5498,332.89
2026/05/09 17:52:31.492,0,5498,271.44
2026/05/09 17:52:32.526,50,5504,350.68
2026/05/09 17:52:33.561,68,5516,253.36
2026/05/09 17:52:34.594,68,5515,247.92
2026/05/09 17:52:35.628,66,5515,279.60
2026/05/09 17:52:36.662,74,5514,260.67
2026/05/09 17:52:37.695,64,5514,210.03
2026/05/09 17:52:38.729,66,5490,271.88
2026/05/09 17:52:39.761,67,5504,279.39
2026/05/09 17:52:40.794,66,5504,205.01
2026/05/09 17:52:41.827,64,5504,273.91
2026/05/09 17:52:42.862,61,5504,269.87
2026/05/09 17:52:43.895,66,5484,207.23
2026/05/09 17:52:44.928,68,5472,265.87
2026/05/09 17:52:45.965,66,5472,275.25
2026/05/09 17:52:46.998,66,5472,202.22
2026/05/09 17:52:48.033,65,5472,279.74
2026/05/09 17:52:49.067,66,5472,278.25
2026/05/09 17:52:50.101,76,5472,203.53
2026/05/09 17:52:51.134,68,5472,257.00
2026/05/09 17:52:52.167,58,5472,272.49
2026/05/09 17:52:53.200,64,5472,243.49
2026/05/09 17:52:54.233,66,5472,215.53
2026/05/09 17:52:55.267,67,5472,275.06
2026/05/09 17:52:56.300,67,5472,275.20
2026/05/09 17:52:57.332,66,5472,192.27
2026/05/09 17:52:58.365,73,5472,274.85
2026/05/09 17:52:59.397,72,5484,199.28
2026/05/09 17:53:00.430,60,5484,191.35
2026/05/09 17:53:01.464,68,5484,272.82
2026/05/09 17:53:02.499,67,5484,270.27
2026/05/09 17:53:03.534,42,5484,250.54
2026/05/09 17:53:04.568,42,5478,326.47
2026/05/09 17:53:05.601,44,5478,330.20
2026/05/09 17:53:06.633,41,5478,331.06
2026/05/09 17:53:07.665,44,5478,329.54
2026/05/09 17:53:08.699,44,5478,329.13
2026/05/09 17:53:09.731,44,5478,332.61
2026/05/09 17:53:10.763,42,5466,333.61
2026/05/09 17:53:11.795,41,5466,331.25
2026/05/09 17:53:12.827,41,5466,331.23
2026/05/09 17:53:13.859,43,5466,331.77
2026/05/09 17:53:14.891,41,5466,331.82
2026/05/09 17:53:15.923,42,5466,333.73
2026/05/09 17:53:16.955,45,5466,307.38
2026/05/09 17:53:17.988,49,5466,357.52
2026/05/09 17:53:19.022,50,5466,359.70
2026/05/09 17:53:20.057,47,5466,359.39
2026/05/09 17:53:21.090,47,5466,357.93
2026/05/09 17:53:22.126,48,5466,360.74
2026/05/09 17:53:23.161,48,5505,360.30
2026/05/09 17:53:24.195,48,5512,355.22
2026/05/09 17:53:25.231,41,5505,330.57
2026/05/09 17:53:26.264,43,5505,330.64
2026/05/09 17:53:27.296,44,5505,331.10
2026/05/09 17:53:28.329,59,5504,320.81
2026/05/09 17:53:29.362,46,5460,286.64
2026/05/09 17:53:30.395,45,5460,328.34
2026/05/09 17:53:31.428,43,5460,329.51
2026/05/09 17:53:32.462,49,5460,365.13
2026/05/09 17:53:33.496,48,5460,358.45
2026/05/09 17:53:34.531,52,5460,361.21
2026/05/09 17:53:35.566,50,5460,366.94
2026/05/09 17:53:36.600,46,5460,360.97
2026/05/09 17:53:37.634,49,5460,363.10
2026/05/09 17:53:38.667,48,5460,364.14
2026/05/09 17:53:39.700,51,5460,364.84
2026/05/09 17:53:40.734,48,5460,300.27
2026/05/09 17:53:41.768,50,5460,359.49
2026/05/09 17:53:42.802,50,5460,363.52
2026/05/09 17:53:43.836,52,5460,361.86
2026/05/09 17:53:44.869,48,5460,362.81
2026/05/09 17:53:45.903,48,5460,362.91
2026/05/09 17:53:46.936,47,5460,288.01
2026/05/09 17:53:47.971,48,5460,365.80
2026/05/09 17:53:49.003,44,5460,351.11
2026/05/09 17:53:50.038,44,5460,333.14
2026/05/09 17:53:51.072,47,5460,333.25
2026/05/09 17:53:52.106,48,5467,358.36
2026/05/09 17:53:53.140,52,5467,364.69
2026/05/09 17:53:54.172,49,5479,357.05
2026/05/09 17:53:55.206,50,5500,358.45
2026/05/09 17:53:56.240,48,5500,360.12
2026/05/09 17:53:57.274,48,5497,364.17
2026/05/09 17:53:58.308,47,5497,330.83
2026/05/09 17:53:59.342,48,5497,321.02
2026/05/09 17:54:00.374,49,5489,363.20
2026/05/09 17:54:01.408,46,5489,363.67
2026/05/09 17:54:02.440,43,5489,344.12
2026/05/09 17:54:03.472,42,5489,336.65
2026/05/09 17:54:04.505,45,5489,334.64
2026/05/09 17:54:05.537,43,5489,337.41
2026/05/09 17:54:06.570,44,5489,334.27
2026/05/09 17:54:07.602,45,5489,335.71
2026/05/09 17:54:08.635,45,5489,336.38
2026/05/09 17:54:09.668,43,5489,335.31
2026/05/09 17:54:10.701,60,5489,318.78
2026/05/09 17:54:11.735,53,5489,212.73
2026/05/09 17:54:12.772,48,5489,383.67
2026/05/09 17:54:13.806,48,5489,367.98
2026/05/09 17:54:14.838,44,5489,365.31
2026/05/09 17:54:15.869,45,5499,332.44
2026/05/09 17:54:16.901,58,5499,354.71
2026/05/09 17:54:17.934,42,5499,296.28
2026/05/09 17:54:18.968,44,5498,333.98
2026/05/09 17:54:20.001,44,5502,332.43
2026/05/09 17:54:21.034,47,5492,333.58
2026/05/09 17:54:22.066,46,5491,333.22
2026/05/09 17:54:23.097,41,5491,334.20
2026/05/09 17:54:24.128,62,5491,319.42
2026/05/09 17:54:25.159,44,5487,291.08
2026/05/09 17:54:26.190,60,5487,398.25
2026/05/09 17:54:27.222,45,5487,394.70
2026/05/09 17:54:28.255,43,5487,335.57
2026/05/09 17:54:29.288,45,5487,333.21
2026/05/09 17:54:30.321,52,5487,341.67
2026/05/09 17:54:31.355,48,5487,367.02
2026/05/09 17:54:32.389,50,5487,368.57
2026/05/09 17:54:33.422,47,5487,367.61
2026/05/09 17:54:34.456,48,5487,367.88
2026/05/09 17:54:35.488,50,5487,359.15
2026/05/09 17:54:36.519,49,5487,295.79
2026/05/09 17:54:37.553,50,5487,367.93
2026/05/09 17:54:38.586,49,5487,369.92
2026/05/09 17:54:39.619,48,5487,367.60
2026/05/09 17:54:40.653,49,5487,370.04
2026/05/09 17:54:41.686,50,5487,374.20
2026/05/09 17:54:42.719,53,5490,368.43
2026/05/09 17:54:43.753,48,5489,367.12
2026/05/09 17:54:44.786,50,5489,366.44
2026/05/09 17:54:45.819,48,5489,361.88
2026/05/09 17:54:46.854,50,5491,364.63
2026/05/09 17:54:47.889,49,5489,281.35
2026/05/09 17:54:48.922,47,5489,360.48
2026/05/09 17:54:49.956,47,5488,363.50
2026/05/09 17:54:50.990,49,5488,363.95
2026/05/09 17:54:52.022,49,5487,366.21
2026/05/09 17:54:53.056,47,5487,366.34
2026/05/09 17:54:54.091,49,5487,312.69
2026/05/09 17:54:55.124,46,5487,346.04
2026/05/09 17:54:56.156,44,5487,335.36
2026/05/09 17:54:57.191,47,5487,334.68
2026/05/09 17:54:58.225,45,5487,333.72
2026/05/09 17:54:59.258,42,5487,335.68
2026/05/09 17:55:00.292,61,5487,312.28
2026/05/09 17:55:01.324,41,5487,298.41
2026/05/09 17:55:02.357,45,5487,332.76
2026/05/09 17:55:03.390,44,5487,334.65
2026/05/09 17:55:04.424,42,5487,331.75
2026/05/09 17:55:05.458,48,5487,333.73
2026/05/09 17:55:06.490,44,5487,334.04
2026/05/09 17:55:07.526,65,5487,187.52
2026/05/09 17:55:08.559,42,5487,336.89
2026/05/09 17:55:09.591,42,5487,333.58
2026/05/09 17:55:10.624,45,5487,332.52
2026/05/09 17:55:11.657,46,5487,331.02
2026/05/09 17:55:12.689,46,5487,333.86
2026/05/09 17:55:13.722,41,5487,334.18
2026/05/09 17:55:14.754,42,5487,336.18
2026/05/09 17:55:15.786,44,5487,335.19
2026/05/09 17:55:16.818,43,5487,334.57
2026/05/09 17:55:17.852,44,5487,336.88
2026/05/09 17:55:18.887,41,5487,335.67
2026/05/09 17:55:19.919,44,5487,331.78
2026/05/09 17:55:20.951,43,5487,284.49
2026/05/09 17:55:21.984,45,5487,333.06
2026/05/09 17:55:23.016,42,5487,333.79
2026/05/09 17:55:24.052,51,5487,334.80
2026/05/09 17:55:25.086,50,5487,364.00
2026/05/09 17:55:26.121,48,5487,363.65
2026/05/09 17:55:27.154,48,5487,364.03
2026/05/09 17:55:28.188,48,5487,366.52
2026/05/09 17:55:29.221,50,5487,365.38
2026/05/09 17:55:30.255,43,5481,366.96
2026/05/09 17:55:31.288,49,5481,363.85
2026/05/09 17:55:32.320,48,5481,351.88
2026/05/09 17:55:33.354,49,5481,291.48
2026/05/09 17:55:34.386,49,5481,365.25
2026/05/09 17:55:35.419,48,5481,368.82
2026/05/09 17:55:36.453,49,5481,364.47
2026/05/09 17:55:37.487,51,5475,369.98
2026/05/09 17:55:38.520,52,5475,286.98
2026/05/09 17:55:39.554,48,5475,352.76
2026/05/09 17:55:40.586,50,5475,368.99
2026/05/09 17:55:41.620,51,5475,366.85
2026/05/09 17:55:42.654,51,5475,368.62
2026/05/09 17:55:43.687,54,5475,366.90
2026/05/09 17:55:44.723,48,5475,365.80
2026/05/09 17:55:45.757,50,5475,365.74
2026/05/09 17:55:46.791,50,5475,365.41
2026/05/09 17:55:47.824,47,5475,366.29
2026/05/09 17:55:48.857,50,5475,366.34
2026/05/09 17:55:49.890,53,5475,367.13
2026/05/09 17:55:50.923,50,5475,294.13
2026/05/09 17:55:51.954,41,5475,350.01
2026/05/09 17:55:52.987,41,5475,335.53
2026/05/09 17:55:54.019,42,5475,336.63
2026/05/09 17:55:55.053,49,5475,356.86
2026/05/09 17:55:56.086,50,5475,367.78
2026/05/09 17:55:57.120,49,5475,367.79
2026/05/09 17:55:58.154,51,5475,366.22
2026/05/09 17:55:59.187,49,5475,367.04
2026/05/09 17:56:00.220,51,5475,366.23
2026/05/09 17:56:01.253,48,5475,365.92
2026/05/09 17:56:02.286,41,5475,286.10
2026/05/09 17:56:03.318,44,5475,331.78
2026/05/09 17:56:04.350,45,5475,334.02
2026/05/09 17:56:05.383,42,5475,334.51
2026/05/09 17:56:06.414,43,5475,334.07
2026/05/09 17:56:07.446,45,5475,334.57
2026/05/09 17:56:08.478,60,5475,302.35
2026/05/09 17:56:09.510,42,5475,322.83
2026/05/09 17:56:10.542,45,5475,333.81
2026/05/09 17:56:11.574,42,5475,334.53
2026/05/09 17:56:12.606,42,5475,336.21
2026/05/09 17:56:13.638,44,5475,337.10
2026/05/09 17:56:14.671,42,5475,336.55
2026/05/09 17:56:15.704,42,5475,335.45
2026/05/09 17:56:16.738,48,5475,334.98
2026/05/09 17:56:17.773,50,5475,367.98
2026/05/09 17:56:18.808,46,5475,365.67
2026/05/09 17:56:19.843,55,5475,269.54
2026/05/09 17:56:20.876,49,5475,372.58
2026/05/09 17:56:21.909,69,5475,243.22
2026/05/09 17:56:22.942,71,5475,288.71
2026/05/09 17:56:23.974,69,5475,284.90
2026/05/09 17:56:25.004,69,5475,212.74
2026/05/09 17:56:26.038,63,5475,274.92
2026/05/09 17:56:27.072,67,5475,274.34
2026/05/09 17:56:28.105,66,5475,204.04
2026/05/09 17:56:29.142,67,5475,279.69
2026/05/09 17:56:30.176,65,5475,282.33
2026/05/09 17:56:31.210,73,5475,209.66
2026/05/09 17:56:32.243,64,5475,276.98
2026/05/09 17:56:33.275,67,5475,275.65
2026/05/09 17:56:34.310,71,5475,232.45
2026/05/09 17:56:35.343,64,5476,243.14
2026/05/09 17:56:36.377,63,5476,270.55
2026/05/09 17:56:37.412,61,5476,269.02
2026/05/09 17:56:38.444,64,5476,198.14
2026/05/09 17:56:39.477,62,5476,269.13
2026/05/09 17:56:40.509,64,5475,256.87
2026/05/09 17:56:41.539,65,5475,209.75
2026/05/09 17:56:42.571,73,5475,241.98
2026/05/09 17:56:43.603,60,5475,216.41
2026/05/09 17:56:44.637,71,5475,234.71
2026/05/09 17:56:45.669,65,5475,237.36
2026/05/09 17:56:46.701,65,5475,223.87
2026/05/09 17:56:47.734,60,5475,235.96
2026/05/09 17:56:48.767,46,5476,231.17
2026/05/09 17:56:49.800,41,5476,321.46
2026/05/09 17:56:50.833,41,5476,331.94
2026/05/09 17:56:51.867,43,5476,330.80
2026/05/09 17:56:52.900,49,5476,346.19
2026/05/09 17:56:53.933,47,5475,366.09
2026/05/09 17:56:54.965,60,5475,392.19
2026/05/09 17:56:55.996,57,5475,400.47
2026/05/09 17:56:57.028,58,5475,393.22
2026/05/09 17:56:58.061,45,5475,399.80
2026/05/09 17:56:59.095,48,5475,357.16
2026/05/09 17:57:00.127,40,5475,296.10
2026/05/09 17:57:01.160,41,5475,331.61
2026/05/09 17:57:02.193,42,5475,333.77
2026/05/09 17:57:03.227,44,5475,329.40
2026/05/09 17:57:04.260,42,5475,330.30
2026/05/09 17:57:05.293,43,5475,332.16
2026/05/09 17:57:06.324,41,5475,332.44
2026/05/09 17:57:07.356,44,5475,328.17
2026/05/09 17:57:08.387,42,5475,329.23
2026/05/09 17:57:09.417,45,5475,330.94
2026/05/09 17:57:10.447,43,5475,330.97
2026/05/09 17:57:11.478,46,5475,331.49
2026/05/09 17:57:12.509,52,5475,322.67
2026/05/09 17:57:13.541,43,5475,292.54
2026/05/09 17:57:14.573,45,5475,330.14
2026/05/09 17:57:15.607,45,5475,331.21
2026/05/09 17:57:16.639,45,5475,331.11
2026/05/09 17:57:17.671,42,5475,332.24
2026/05/09 17:57:18.703,42,5475,334.04
2026/05/09 17:57:19.735,43,5475,330.35
2026/05/09 17:57:20.768,41,5475,334.24
2026/05/09 17:57:21.802,43,5475,330.63
2026/05/09 17:57:22.836,50,5475,347.58
2026/05/09 17:57:23.870,50,5475,363.96
2026/05/09 17:57:24.904,47,5475,361.28
2026/05/09 17:57:25.936,52,5475,292.60
2026/05/09 17:57:26.968,47,5475,361.95
2026/05/09 17:57:28.002,50,5475,360.80
2026/05/09 17:57:29.035,47,5475,362.63
2026/05/09 17:57:30.068,49,5475,361.77
2026/05/09 17:57:31.101,46,5475,358.22
2026/05/09 17:57:32.134,48,5475,361.40
2026/05/09 17:57:33.167,48,5475,360.82
2026/05/09 17:57:34.200,48,5475,362.09
2026/05/09 17:57:35.234,48,5475,362.79
2026/05/09 17:57:36.267,49,5475,363.87
2026/05/09 17:57:37.301,45,5475,287.29
2026/05/09 17:57:38.333,49,5475,361.98
2026/05/09 17:57:39.367,48,5475,363.78
2026/05/09 17:57:40.400,48,5475,363.44
2026/05/09 17:57:41.435,49,5475,362.99
2026/05/09 17:57:42.468,53,5475,361.86
2026/05/09 17:57:43.501,47,5147,364.13
2026/05/09 17:57:44.533,51,5147,365.43
2026/05/09 17:57:45.565,48,5147,367.60
2026/05/09 17:57:46.598,48,5147,363.75
2026/05/09 17:57:47.631,45,5147,362.40
2026/05/09 17:57:48.664,60,5147,299.50
2026/05/09 17:57:49.696,46,5147,312.75
2026/05/09 17:57:50.730,44,5147,334.82
2026/05/09 17:57:51.763,43,5147,356.34
2026/05/09 17:57:52.795,45,5147,333.92
2026/05/09 17:57:53.827,45,5147,334.63
2026/05/09 17:57:54.859,44,5147,335.62
2026/05/09 17:57:55.891,43,5147,286.83
2026/05/09 17:57:56.926,0,5147,247.89
2026/05/09 17:57:57.960,50,5147,375.06
2026/05/09 17:57:58.995,48,5147,362.94
2026/05/09 17:58:00.028,51,5147,364.54
2026/05/09 17:58:01.062,50,5147,365.55
2026/05/09 17:58:02.095,46,5147,366.97
2026/05/09 17:58:03.128,49,5147,364.99
2026/05/09 17:58:04.162,48,5147,362.83
2026/05/09 17:58:05.195,49,5147,364.84
2026/05/09 17:58:06.228,49,5147,365.58
2026/05/09 17:58:07.262,45,5147,330.02
2026/05/09 17:58:08.295,48,5147,324.70
2026/05/09 17:58:09.330,48,5147,364.80
2026/05/09 17:58:10.364,48,5147,364.05
2026/05/09 17:58:11.398,50,5147,366.58
2026/05/09 17:58:12.433,50,5147,364.36
2026/05/09 17:58:13.467,50,5147,364.39
2026/05/09 17:58:14.502,52,5147,362.93
2026/05/09 17:58:15.536,48,5147,364.24
2026/05/09 17:58:16.569,50,5147,368.24
2026/05/09 17:58:17.604,47,5147,363.59
2026/05/09 17:58:18.637,50,5147,334.67
2026/05/09 17:58:19.670,53,5147,322.96
2026/05/09 17:58:20.703,47,5147,366.54
2026/05/09 17:58:21.736,48,5147,361.22
2026/05/09 17:58:22.770,49,5147,363.44
2026/05/09 17:58:23.803,50,5147,363.34
2026/05/09 17:58:24.836,53,5147,366.45
2026/05/09 17:58:25.870,47,5147,369.65
2026/05/09 17:58:26.903,51,5147,366.83
2026/05/09 17:58:27.935,48,5147,365.52
2026/05/09 17:58:28.968,50,5147,362.70
2026/05/09 17:58:30.002,48,5147,329.89
2026/05/09 17:58:31.036,50,5147,315.17
2026/05/09 17:58:32.068,53,5147,367.06
2026/05/09 17:58:33.101,49,5147,367.91
2026/05/09 17:58:34.136,47,5147,360.80
2026/05/09 17:58:35.168,45,5147,359.38
2026/05/09 17:58:36.201,49,5147,360.76
2026/05/09 17:58:37.233,42,5147,342.91
2026/05/09 17:58:38.266,44,5147,329.91
2026/05/09 17:58:39.298,42,5147,329.58
2026/05/09 17:58:40.330,43,5147,331.84
2026/05/09 17:58:41.363,42,5147,329.90
2026/05/09 17:58:42.395,44,5147,329.84
2026/05/09 17:58:43.428,43,5147,287.26
2026/05/09 17:58:44.460,43,5147,333.13
2026/05/09 17:58:45.495,43,5147,332.52
2026/05/09 17:58:46.528,41,5147,329.87
2026/05/09 17:58:47.560,41,5147,332.63
2026/05/09 17:58:48.593,50,5147,361.98
2026/05/09 17:58:49.628,48,5147,368.70
2026/05/09 17:58:50.660,48,5147,365.70
2026/05/09 17:58:51.693,49,5147,365.27
2026/05/09 17:58:52.726,49,5147,364.34
2026/05/09 17:58:53.760,48,5147,365.48
2026/05/09 17:58:54.792,53,5147,292.41
2026/05/09 17:58:55.825,48,5147,339.31
2026/05/09 17:58:56.858,49,5147,361.69
2026/05/09 17:58:57.891,48,5147,362.92
2026/05/09 17:58:58.924,49,5147,361.76
2026/05/09 17:58:59.958,51,5147,366.22
2026/05/09 17:59:00.991,42,5147,334.69
2026/05/09 17:59:02.024,44,5147,334.74
2026/05/09 17:59:03.056,43,5147,333.86
2026/05/09 17:59:04.088,45,5147,334.02
2026/05/09 17:59:05.120,46,5147,333.51
2026/05/09 17:59:06.153,43,5147,335.37
2026/05/09 17:59:07.185,42,5147,286.55
2026/05/09 17:59:08.217,42,5147,331.31
2026/05/09 17:59:09.251,41,5147,335.31
2026/05/09 17:59:10.283,45,5147,332.52
2026/05/09 17:59:11.316,41,5147,333.39
2026/05/09 17:59:12.349,49,5147,351.87
2026/05/09 17:59:13.382,48,5147,366.63
2026/05/09 17:59:14.415,49,5147,366.88
2026/05/09 17:59:15.449,49,5147,367.30
2026/05/09 17:59:16.483,51,5181,366.68
2026/05/09 17:59:17.516,50,5181,366.97
2026/05/09 17:59:18.550,54,5180,279.78
2026/05/09 17:59:19.583,46,5180,291.55
2026/05/09 17:59:20.615,41,5180,332.28
2026/05/09 17:59:21.648,48,5147,344.05
2026/05/09 17:59:22.680,51,5147,359.58
2026/05/09 17:59:23.712,51,5147,362.22
2026/05/09 17:59:24.744,48,5147,364.90
2026/05/09 17:59:25.777,49,5147,365.30
2026/05/09 17:59:26.808,51,5147,367.21
2026/05/09 17:59:27.839,51,5147,364.77
2026/05/09 17:59:28.871,51,5147,365.54
2026/05/09 17:59:29.904,48,5147,362.68
2026/05/09 17:59:30.936,51,5147,345.18
2026/05/09 17:59:31.968,51,5147,360.75
2026/05/09 17:59:33.000,52,5147,365.33
2026/05/09 17:59:34.034,48,5147,364.32
2026/05/09 17:59:35.067,49,5147,366.65
2026/05/09 17:59:36.098,50,5147,359.70
2026/05/09 17:59:37.131,48,5147,364.74
2026/05/09 17:59:38.163,49,5147,366.48
2026/05/09 17:59:39.195,48,5147,363.24
2026/05/09 17:59:40.229,49,5147,364.86
2026/05/09 17:59:41.264,47,5147,365.55
2026/05/09 17:59:42.296,45,5147,345.68
2026/05/09 17:59:43.329,50,5147,298.76
2026/05/09 17:59:44.361,48,5147,362.48
2026/05/09 17:59:45.394,51,5147,366.04
2026/05/09 17:59:46.426,51,5147,365.60
2026/05/09 17:59:47.457,48,5147,368.92
2026/05/09 17:59:48.489,48,5147,365.52
2026/05/09 17:59:49.521,51,5147,362.73
2026/05/09 17:59:50.554,48,5147,368.13
2026/05/09 17:59:51.587,48,5147,366.69
2026/05/09 17:59:52.620,48,5147,366.79
2026/05/09 17:59:53.654,49,5147,344.62
2026/05/09 17:59:54.686,50,5147,310.06
2026/05/09 17:59:55.718,49,5147,365.38
2026/05/09 17:59:56.751,48,5147,366.16
2026/05/09 17:59:57.784,51,5147,366.28
2026/05/09 17:59:58.816,52,5147,365.82
2026/05/09 17:59:59.848,49,5147,361.22
2026/05/09 18:00:00.880,44,5147,279.65
2026/05/09 18:00:01.913,42,5147,333.78
2026/05/09 18:00:02.945,46,5147,331.71
2026/05/09 18:00:03.977,45,5147,332.52
2026/05/09 18:00:05.011,43,5147,336.22
2026/05/09 18:00:06.042,43,5147,333.24
2026/05/09 18:00:07.075,43,5147,290.20
2026/05/09 18:00:08.109,41,5147,331.68
2026/05/09 18:00:09.141,44,5147,332.33
2026/05/09 18:00:10.174,42,5147,333.24
2026/05/09 18:00:11.207,45,5147,332.59
2026/05/09 18:00:12.239,49,5147,359.43
2026/05/09 18:00:13.272,49,5147,371.08
2026/05/09 18:00:14.305,47,5147,366.20
2026/05/09 18:00:15.337,54,5147,368.73
2026/05/09 18:00:16.370,51,5147,369.36
2026/05/09 18:00:17.403,48,5147,366.03
2026/05/09 18:00:18.435,52,5147,369.42
2026/05/09 18:00:19.467,48,5147,297.39
2026/05/09 18:00:20.500,53,5147,365.42
2026/05/09 18:00:21.533,51,5147,366.30
2026/05/09 18:00:22.566,49,5147,362.08
2026/05/09 18:00:23.598,51,5147,362.80
2026/05/09 18:00:24.631,48,5147,366.27
2026/05/09 18:00:25.664,48,5147,368.64
2026/05/09 18:00:26.697,48,5147,365.72
2026/05/09 18:00:27.730,49,5147,365.23
2026/05/09 18:00:28.764,53,5147,271.98
2026/05/09 18:00:29.797,48,5147,379.01
2026/05/09 18:00:30.829,73,5147,249.10
2026/05/09 18:00:31.862,65,5147,278.59
2026/05/09 18:00:32.894,67,5147,278.39
2026/05/09 18:00:33.929,69,5147,233.99
2026/05/09 18:00:34.961,62,5147,239.86
2026/05/09 18:00:35.995,65,5147,198.75
2026/05/09 18:00:37.028,61,5147,265.46
2026/05/09 18:00:38.062,67,5147,198.50
2026/05/09 18:00:39.095,70,5147,279.19
2026/05/09 18:00:40.129,68,5147,277.43
2026/05/09 18:00:41.164,61,5147,206.27
2026/05/09 18:00:42.199,60,5147,279.98
2026/05/09 18:00:43.232,66,5147,269.95
2026/05/09 18:00:44.266,77,5147,216.72
2026/05/09 18:00:45.300,63,5147,261.47
2026/05/09 18:00:46.333,67,5147,273.88
2026/05/09 18:00:47.367,75,5147,249.06
2026/05/09 18:00:48.400,67,5147,213.72
2026/05/09 18:00:49.434,64,5147,278.16
2026/05/09 18:00:50.466,69,5147,275.98
2026/05/09 18:00:51.498,66,5147,256.93
2026/05/09 18:00:52.533,64,5147,273.67
2026/05/09 18:00:53.566,67,5147,250.37
2026/05/09 18:00:54.599,73,5147,209.75
2026/05/09 18:00:55.632,70,5147,280.67
2026/05/09 18:00:56.667,62,5147,275.70
2026/05/09 18:00:57.701,63,5147,189.38
2026/05/09 18:00:58.735,64,5147,269.90
2026/05/09 18:00:59.768,66,5147,273.15
2026/05/09 18:01:00.802,42,5147,255.47
2026/05/09 18:01:01.835,42,5147,322.60
2026/05/09 18:01:02.867,44,5147,330.69
2026/05/09 18:01:03.899,42,5147,333.84
2026/05/09 18:01:04.931,45,5147,330.41
2026/05/09 18:01:05.962,43,5147,332.25
2026/05/09 18:01:06.995,48,5147,364.43
2026/05/09 18:01:08.029,46,5147,334.35
2026/05/09 18:01:09.065,42,5147,331.95
2026/05/09 18:01:10.097,42,5147,331.42
2026/05/09 18:01:11.129,41,5147,330.47
2026/05/09 18:01:12.162,46,5147,330.54
2026/05/09 18:01:13.195,60,5147,289.75
2026/05/09 18:01:14.227,41,5147,328.10
2026/05/09 18:01:15.259,44,5147,330.31
2026/05/09 18:01:16.292,41,5147,345.04
2026/05/09 18:01:17.324,44,5147,332.28
2026/05/09 18:01:18.357,41,5147,332.88
2026/05/09 18:01:19.389,44,5147,331.57
2026/05/09 18:01:20.422,44,5147,330.87
2026/05/09 18:01:21.454,41,5147,333.56
2026/05/09 18:01:22.487,41,5147,331.26
2026/05/09 18:01:23.519,42,5147,332.71
2026/05/09 18:01:24.552,42,5147,332.93
2026/05/09 18:01:25.584,50,5147,328.30
2026/05/09 18:01:26.615,43,5147,288.13
2026/05/09 18:01:27.647,45,5147,333.35
2026/05/09 18:01:28.678,47,5147,333.52
2026/05/09 18:01:29.712,43,5147,333.11
2026/05/09 18:01:30.744,42,5147,332.75
2026/05/09 18:01:31.776,42,5147,332.36
2026/05/09 18:01:32.809,44,5147,332.20
2026/05/09 18:01:33.843,50,5147,350.28
2026/05/09 18:01:34.877,48,5147,364.32
2026/05/09 18:01:35.909,45,5147,360.59
2026/05/09 18:01:36.941,43,5147,331.71
2026/05/09 18:01:37.973,44,5147,331.14
2026/05/09 18:01:39.004,44,5147,288.17
2026/05/09 18:01:40.036,44,5147,331.43
2026/05/09 18:01:41.069,42,5147,330.62
2026/05/09 18:01:42.102,47,5147,331.79
2026/05/09 18:01:43.135,43,5147,331.59
2026/05/09 18:01:44.167,44,5147,330.76
2026/05/09 18:01:45.200,45,5147,330.85
2026/05/09 18:01:46.232,43,5147,332.67
2026/05/09 18:01:47.265,43,5147,331.71
2026/05/09 18:01:48.298,44,5147,331.09
2026/05/09 18:01:49.330,43,5147,332.46
2026/05/09 18:01:50.362,45,5147,331.02
2026/05/09 18:01:51.395,57,5147,320.99
2026/05/09 18:01:52.427,44,5147,292.69
2026/05/09 18:01:53.459,43,5147,330.75
2026/05/09 18:01:54.493,41,5147,334.15
2026/05/09 18:01:55.525,42,5147,333.45
2026/05/09 18:01:56.558,43,5147,333.52
2026/05/09 18:01:57.590,42,5147,333.84
2026/05/09 18:01:58.622,43,5147,328.89
2026/05/09 18:01:59.655,46,5147,332.95
2026/05/09 18:02:00.688,42,5147,333.02
2026/05/09 18:02:01.719,42,5147,333.26
2026/05/09 18:02:02.756,42,5147,333.02
2026/05/09 18:02:03.788,42,5147,331.62
2026/05/09 18:02:04.819,41,5147,288.77
2026/05/09 18:02:05.852,43,5147,329.30
2026/05/09 18:02:06.884,45,5147,332.19
2026/05/09 18:02:07.916,42,5147,332.77
2026/05/09 18:02:08.950,43,5147,333.18
2026/05/09 18:02:09.983,42,5147,332.67
2026/05/09 18:02:11.016,45,5147,330.33
2026/05/09 18:02:12.048,41,5147,333.93
2026/05/09 18:02:13.079,43,5147,331.93
2026/05/09 18:02:14.112,48,5147,333.11
2026/05/09 18:02:15.144,43,5147,333.87
2026/05/09 18:02:16.176,40,5147,334.28
2026/05/09 18:02:17.208,60,5147,297.46
2026/05/09 18:02:18.241,44,5147,316.91
2026/05/09 18:02:19.275,57,5147,256.41
2026/05/09 18:02:20.310,48,5147,375.30
2026/05/09 18:02:21.343,51,5147,360.67
2026/05/09 18:02:22.376,47,5147,364.21
2026/05/09 18:02:23.410,49,5147,368.09
2026/05/09 18:02:24.443,49,5147,366.02
2026/05/09 18:02:25.478,49,5147,366.52
2026/05/09 18:02:26.511,53,5147,369.82
2026/05/09 18:02:27.544,48,5147,367.75
2026/05/09 18:02:28.577,48,5147,366.12
2026/05/09 18:02:29.610,43,5147,285.57
2026/05/09 18:02:30.642,44,5147,332.62
2026/05/09 18:02:31.675,45,5147,332.16
2026/05/09 18:02:32.707,45,5147,333.67
2026/05/09 18:02:33.739,42,5147,333.93
2026/05/09 18:02:34.773,46,5147,334.44
2026/05/09 18:02:35.806,42,5147,335.70
2026/05/09 18:02:36.838,45,5147,332.60
2026/05/09 18:02:37.870,45,5147,331.72
2026/05/09 18:02:38.903,42,5147,335.63
2026/05/09 18:02:39.937,49,5147,348.58
2026/05/09 18:02:40.970,52,5147,365.91
2026/05/09 18:02:42.003,42,5147,295.97
2026/05/09 18:02:43.036,44,5147,334.64
2026/05/09 18:02:44.069,47,5147,332.48
2026/05/09 18:02:45.101,44,5147,332.63
2026/05/09 18:02:46.134,42,5147,334.72
2026/05/09 18:02:47.166,43,5147,332.90
2026/05/09 18:02:48.198,42,5147,332.64
2026/05/09 18:02:49.230,46,5147,332.00
2026/05/09 18:02:50.263,44,5147,333.07
2026/05/09 18:02:51.297,53,5147,340.12
2026/05/09 18:02:52.330,48,5147,362.78
2026/05/09 18:02:53.363,43,5147,351.28
2026/05/09 18:02:54.395,60,5147,312.50
2026/05/09 18:02:55.427,46,5147,294.46
2026/05/09 18:02:56.459,45,5147,333.53
2026/05/09 18:02:57.492,44,5147,332.42
2026/05/09 18:02:58.524,46,5147,331.51
2026/05/09 18:02:59.557,45,5147,332.19
2026/05/09 18:03:00.590,44,5147,331.50
2026/05/09 18:03:01.623,49,5147,343.87
2026/05/09 18:03:02.656,50,5147,364.34
2026/05/09 18:03:03.688,42,5147,344.73
2026/05/09 18:03:04.720,44,5147,332.66
2026/05/09 18:03:05.753,46,5147,332.69
2026/05/09 18:03:06.784,47,5147,331.58
2026/05/09 18:03:07.815,41,5147,286.16
2026/05/09 18:03:08.847,42,5147,332.82
2026/05/09 18:03:09.880,42,5147,333.43
2026/05/09 18:03:10.913,42,5147,332.08
2026/05/09 18:03:11.945,42,5147,332.71
2026/05/09 18:03:12.976,43,5147,332.39
2026/05/09 18:03:14.009,42,5147,333.85
2026/05/09 18:03:15.040,43,5147,331.55
2026/05/09 18:03:16.071,42,5147,333.64
2026/05/09 18:03:17.105,45,5147,333.24
2026/05/09 18:03:18.136,42,5147,332.72
2026/05/09 18:03:19.168,41,5147,331.82
2026/05/09 18:03:20.200,43,5147,283.43
2026/05/09 18:03:21.233,43,5147,328.95
2026/05/09 18:03:22.265,44,5147,330.50
2026/05/09 18:03:23.297,42,5147,331.11
2026/05/09 18:03:24.331,41,5147,332.04
2026/05/09 18:03:25.364,40,5147,331.98
2026/05/09 18:03:26.397,44,5147,331.41
2026/05/09 18:03:27.429,48,5147,292.29
2026/05/09 18:03:28.462,48,5147,363.55
2026/05/09 18:03:29.496,47,5147,361.18
2026/05/09 18:03:30.529,49,5147,364.62
2026/05/09 18:03:31.563,48,5147,362.64
2026/05/09 18:03:32.597,50,5147,364.26
2026/05/09 18:03:33.630,54,5147,362.14
2026/05/09 18:03:34.665,48,5147,358.76
2026/05/09 18:03:35.699,49,5147,364.19
2026/05/09 18:03:36.733,48,5147,364.15
2026/05/09 18:03:37.767,52,5147,362.96
2026/05/09 18:03:38.801,63,5147,223.16
2026/05/09 18:03:39.835,49,5147,365.33
2026/05/09 18:03:40.869,48,5147,361.85
2026/05/09 18:03:41.905,48,5147,364.24
2026/05/09 18:03:42.938,51,5147,366.16
2026/05/09 18:03:43.971,50,5147,367.09
2026/05/09 18:03:45.006,48,5147,365.40
2026/05/09 18:03:46.039,49,5147,361.77
2026/05/09 18:03:47.072,48,5147,361.95
2026/05/09 18:03:48.105,48,5147,362.30
2026/05/09 18:03:49.138,49,5147,362.94
2026/05/09 18:03:50.171,48,5147,281.56
2026/05/09 18:03:51.204,50,5147,357.51
2026/05/09 18:03:52.237,48,5147,364.84
2026/05/09 18:03:53.270,49,5147,361.97
2026/05/09 18:03:54.303,49,5147,365.77
2026/05/09 18:03:55.336,49,5147,364.63
2026/05/09 18:03:56.370,49,5147,363.28
2026/05/09 18:03:57.404,48,5147,365.29
2026/05/09 18:03:58.437,50,5147,362.17
2026/05/09 18:03:59.469,50,5147,362.36
2026/05/09 18:04:00.501,44,5147,337.23
2026/05/09 18:04:01.534,60,5147,295.51
2026/05/09 18:04:02.566,46,5147,311.53
2026/05/09 18:04:03.599,43,5147,333.80
2026/05/09 18:04:04.631,42,5147,335.26
2026/05/09 18:04:05.667,41,5147,333.87
2026/05/09 18:04:06.699,42,5147,334.15
2026/05/09 18:04:07.733,51,5147,358.59
2026/05/09 18:04:08.766,53,5147,287.61
2026/05/09 18:04:09.799,48,5147,361.24
2026/05/09 18:04:10.831,52,5147,358.96
2026/05/09 18:04:11.864,48,5147,364.95
2026/05/09 18:04:12.898,49,5147,361.05
2026/05/09 18:04:13.931,48,5147,363.25
2026/05/09 18:04:14.965,46,5147,364.86
2026/05/09 18:04:16.000,48,5147,364.07
2026/05/09 18:04:17.034,51,5147,364.01
2026/05/09 18:04:18.067,50,5147,362.64
2026/05/09 18:04:19.101,48,5147,362.07
2026/05/09 18:04:20.134,42,5147,298.38
2026/05/09 18:04:21.167,46,5147,332.14
2026/05/09 18:04:22.200,50,5147,355.52
2026/05/09 18:04:23.234,44,5147,341.26
2026/05/09 18:04:24.266,44,5147,333.10
2026/05/09 18:04:25.299,41,5147,335.09
2026/05/09 18:04:26.331,50,5147,354.97
2026/05/09 18:04:27.365,48,5147,366.15
2026/05/09 18:04:28.397,50,5147,362.08
2026/05/09 18:04:29.429,41,5147,340.60
2026/05/09 18:04:30.462,48,5147,334.04
2026/05/09 18:04:31.494,44,5147,332.37
2026/05/09 18:04:32.526,41,5147,290.63
2026/05/09 18:04:33.559,44,5147,329.52
2026/05/09 18:04:34.592,44,5147,333.30
2026/05/09 18:04:35.624,44,5147,333.03
2026/05/09 18:04:36.658,41,5147,336.11
2026/05/09 18:04:37.691,46,5147,334.96
2026/05/09 18:04:38.722,45,5147,332.70
2026/05/09 18:04:39.753,41,5147,285.17
2026/05/09 18:04:40.785,43,5147,331.85
2026/05/09 18:04:41.817,41,5147,335.09
2026/05/09 18:04:42.851,42,5147,332.77
2026/05/09 18:04:43.883,41,5147,350.91
2026/05/09 18:04:44.916,44,5147,335.87
2026/05/09 18:04:45.948,42,5147,335.33
2026/05/09 18:04:46.980,40,5147,331.54
2026/05/09 18:04:48.014,44,5147,331.26
2026/05/09 18:04:49.046,45,5147,332.67
2026/05/09 18:04:50.081,1,5147,257.24
2026/05/09 18:04:51.116,49,5147,371.17
2026/05/09 18:04:52.149,67,5147,299.10
2026/05/09 18:04:53.181,64,5147,241.73
2026/05/09 18:04:54.215,69,5147,277.07
2026/05/09 18:04:55.249,54,5147,270.92
2026/05/09 18:04:56.281,65,5147,200.36
2026/05/09 18:04:57.315,67,5147,271.86
2026/05/09 18:04:58.347,67,5147,274.75
2026/05/09 18:04:59.380,69,5147,190.11
2026/05/09 18:05:00.413,68,5147,276.48
2026/05/09 18:05:01.447,66,5147,272.63
2026/05/09 18:05:02.481,69,5147,220.95
2026/05/09 18:05:03.515,67,5147,276.69
2026/05/09 18:05:04.548,66,5147,279.92
2026/05/09 18:05:05.581,68,5147,202.21
2026/05/09 18:05:06.615,65,5147,271.85
2026/05/09 18:05:07.648,1,5147,156.27
2026/05/09 18:05:08.679,1,5147,102.71
2026/05/09 18:05:09.710,1,5147,74.07
2026/05/09 18:05:10.742,1,5145,73.37
