stride_idx,level,beta_pre,beta_post,delta_beta,beta_max,ess_at_dbeta_chosen,n_smc,theta_dim,chees_L_chosen,chees_score_best,chees_L_candidates,chees_scores,eps_step_size,n_mcmc_moves,total_accepts,accept_frac,log_density_pre_mean,log_density_post_mean,delta_log_density,esjd_total,esjd_per_eps_L,wall_seconds_level
2,1,0.0,0.21651960611465634,0.21651960611465634,1.529330516887242,512.0000006461833,1024,12,16,26.050807995720433,16;32;64;128;256;512,26.050807995720433;11.466452931823376;8.634816747661748;2.0952834739409347;1.992237243173015;0.3822051301047173,0.2,8,8127,0.9920654296875,32.87327750599434,37.158032805929906,4.2847552999355685,47.52393066034883,14.851228331359009,5.06886887550354
2,2,0.21651960611465637,0.5223857094921047,0.30586610337744835,1.529330516887242,572.1960049904786,1024,12,16,22.193331711756716,16;32;64;128;256;512,22.193331711756716;12.2980202965997;6.73601678011853;2.022364369206083;1.6815726883696271;0.3160634103455599,0.2,8,8062,0.984130859375,37.158032805929906,39.855334671032324,2.6973018651024177,41.34025058122911,12.918828306634095,4.768465995788574
2,3,0.5223857094921047,0.8282518128695531,0.30586610337744835,1.529330516887242,776.3851485612245,1024,12,16,12.808865632850472,16;32;64;128;256;512,12.808865632850472;5.06102770827791;2.038942299476818;1.1546198940503798;0.623613916713879;0.16981839617105882,0.2,8,7944,0.9697265625,39.855334671032324,41.070655363670085,1.2153206926377607,39.037106824557625,12.199095882674257,4.824954986572266
2,4,0.8282518128695531,1.1341179162470014,0.30586610337744835,1.529330516887242,871.0466474196032,1024,12,16,16.686470064918225,16;32;64;128;256;512,16.686470064918225;8.524608678224741;4.651807557900225;1.3746606407015394;1.1653665231049644;0.13658576732306804,0.2,8,7887,0.9627685546875,41.070655363670085,41.76046677296108,0.6898114092909964,36.98871524410073,11.558973513781478,4.8725831508636475
2,5,1.1341179162470014,1.4399840196244498,0.30586610337744835,1.529330516887242,926.3256343092307,1024,12,16,12.494370286051623,16;32;64;128;256;512,12.494370286051623;6.953334856925158;4.287870930683733;1.6651959357666282;0.9518589978551493;0.15822678903777657,0.2,8,7770,0.948486328125,41.76046677296108,42.16847311335732,0.4080063403962413,36.190808798030865,11.309627749384644,4.801640033721924
2,6,1.4399840196244498,1.529330516887242,0.0893464972627922,1.529330516887242,1015.7209503323165,1024,12,16,16.769445287934428,16;32;64;128;256;512,16.769445287934428;4.619108000260758;3.9875703748371985;0.9646610319042329;0.9032509545477753;0.23287784763101305,0.2,8,7753,0.9464111328125,42.16847311335732,42.28053917302168,0.11206605966435745,34.96154448589616,10.92548265184255,4.720731973648071
4,1,0.0,0.22981515308670775,0.22981515308670775,1.4835889893314538,512.0000004359558,1024,12,16,18.045173089497066,16;32;64;128;256;512,18.045173089497066;8.447722530018465;4.8677368875977525;1.706839356655952;1.206716852843129;0.12423037926344874,0.2,8,8139,0.9935302734375,34.132938313519844,38.16681225010507,4.033873936585223,48.36273030329679,15.113353219780247,4.981783151626587
4,2,0.22981515308670775,0.5265329509529986,0.2967177978662908,1.4835889893314538,616.5798761712267,1024,12,16,29.31460578683295,16;32;64;128;256;512,29.31460578683295;7.400914350173658;6.59732437410806;2.1696288020224688;1.4362950751575188;0.23260529259352394,0.2,8,8066,0.984619140625,38.16681225010507,40.68198268482229,2.51517043471722,43.191808876729624,13.497440273978007,5.023042917251587
4,3,0.5265329509529986,0.8232507488192893,0.2967177978662907,1.4835889893314538,784.3627368031171,1024,12,16,21.325737604186784,16;32;64;128;256;512,21.325737604186784;7.3237913065885785;4.084138263076546;1.355863319901596;1.0684021914394741;0.18431297663352544,0.2,8,7937,0.9688720703125,40.68198268482229,41.8896501119234,1.2076674271011143,39.89049187140791,12.465778709814971,4.736886024475098
4,4,0.8232507488192893,1.11996854668558,0.2967177978662907,1.4835889893314538,878.6193894514669,1024,12,16,21.122055585957177,16;32;64;128;256;512,21.122055585957177;7.392330750027094;4.059053306623159;1.3738241033670324;0.8445525343342364;0.21616112327737624,0.2,8,7926,0.967529296875,41.8896501119234,42.51942130921816,0.6297711972947582,36.645005963318425,11.451564363537008,4.815351963043213
4,5,1.11996854668558,1.4166863445518707,0.2967177978662907,1.4835889893314538,926.8732856302997,1024,12,16,12.026779051199833,16;32;64;128;256;512,12.026779051199833;6.908864302506218;3.0789248151986963;0.8723132208487074;0.6604973236308173;0.20427488593812274,0.2,8,7797,0.9517822265625,42.51942130921816,42.953154049027944,0.4337327398097841,35.36919811189267,11.05287440996646,4.738048076629639
4,6,1.4166863445518707,1.4835889893314538,0.06690264477958308,1.4835889893314538,1019.4031009951765,1024,12,16,13.958180203458749,16;32;64;128;256;512,13.958180203458749;7.08289035354043;2.857948467883501;1.0663474454355086;0.5374037442297445;0.09702828431428143,0.2,8,7730,0.943603515625,42.953154049027944,43.08993946305418,0.13678541402623523,35.221368655324376,11.006677704788867,4.736128091812134
6,1,0.0,0.22559753208680985,0.22559753208680985,1.5979926225304062,512.0000004153808,1024,12,16,14.37640495387659,16;32;64;128;256;512,14.37640495387659;8.602011708346005;5.30953500543099;1.7909686025723281;1.091287251282201;0.22325088249876482,0.2,8,8117,0.9908447265625,35.061513598731835,39.29350010439521,4.231986505663372,47.6067114548505,14.87709732964078,4.950026988983154
6,2,0.22559753208680988,0.5451960565928912,0.3195985245060813,1.5979926225304062,565.0302267895054,1024,12,16,26.310365996195756,16;32;64;128;256;512,26.310365996195756;7.157480227505322;5.4498364463116005;1.2866690811767239;1.3913465836905665;0.2026787064289813,0.2,8,8039,0.9813232421875,39.29350010439521,42.181463415094186,2.8879633106989786,41.711434807803265,13.034823377438519,4.970066070556641
6,3,0.5451960565928912,0.8647945810989724,0.3195985245060813,1.5979926225304062,781.432371331282,1024,12,16,16.410402790681722,16;32;64;128;256;512,16.410402790681722;9.609773794107413;4.087186516170644;2.2794766795425385;1.1312094603616725;0.15972224418154038,0.2,8,7958,0.971435546875,42.181463415094186,43.326745700644096,1.1452822855499107,38.630303198133134,12.071969749416605,5.020871162414551
6,4,0.8647945810989724,1.1843931056050536,0.31959852450608117,1.5979926225304062,878.5424824218527,1024,12,16,25.50387499726911,16;32;64;128;256;512,25.50387499726911;9.581803545706228;6.233395348104865;1.7540338722285933;1.7690895517763485;0.22707878136116758,0.2,8,7890,0.963134765625,43.326745700644096,43.86647125816671,0.5397255575226154,37.555409977502784,11.736065617969619,4.712615966796875
6,5,1.1843931056050536,1.503991630111135,0.3195985245060813,1.5979926225304062,919.4154680828475,1024,12,16,23.75498595558142,16;32;64;128;256;512,23.75498595558142;7.665427603546802;5.5706343334382;1.1148957217960542;1.215736409907943;0.14258091721832786,0.2,8,7762,0.947509765625,43.86647125816671,44.338246804021765,0.47177554585505277,35.14040113585292,10.981375354954036,4.817735910415649
6,6,1.503991630111135,1.5979926225304062,0.09400099241927129,1.5979926225304062,1016.3294157817655,1024,12,16,17.935409942267626,16;32;64;128;256;512,17.935409942267626;6.396503009101077;3.8247495427833678;0.8738596911392016;0.3407457836174675;0.17196054344715944,0.2,8,7747,0.9456787109375,44.338246804021765,44.435507072514156,0.09726026849239133,35.48013572558782,11.087542414246194,5.219462871551514
8,1,0.0,0.22861154072352974,0.22861154072352974,1.4765519988483924,512.0000000470754,1024,12,16,22.624686141257282,16;32;64;128;256;512,22.624686141257282;10.299748290399279;6.565986328164167;1.7770581209731717;1.5511849518569998;0.2244188343649424,0.2,8,8125,0.9918212890625,36.88059614790836,41.23400595536805,4.353409807459684,49.50391930291965,15.469974782162389,4.898334980010986
8,2,0.22861154072352974,0.5239219404932083,0.29531039976967854,1.4765519988483924,605.9571471927436,1024,12,16,18.36473886147734,16;32;64;128;256;512,18.36473886147734;6.37613508932636;3.6195745718294074;1.0455347903672167;0.9367636780408676;0.17629853684984423,0.2,8,8063,0.9842529296875,41.23400595536805,43.85539610972046,2.6213901543524116,43.48301755725778,13.588442986643056,4.909337997436523
8,3,0.5239219404932083,0.8192323402628867,0.29531039976967843,1.4765519988483924,788.6824374750931,1024,12,16,19.818906003132916,16;32;64;128;256;512,19.818906003132916;7.182361735594942;6.191902922220037;1.7235665149039754;1.2224109255931404;0.12994003966624462,0.2,8,7955,0.9710693359375,43.85539610972046,45.165669542126125,1.3102734324056655,39.62972721555572,12.384289754861161,4.885839939117432
8,4,0.8192323402628867,1.1145427400325651,0.29531039976967843,1.4765519988483924,890.2092124542211,1024,12,16,17.271289313534417,16;32;64;128;256;512,17.271289313534417;8.459663101661455;4.152802869217154;1.023074710858383;0.7173375847117427;0.20214807639405105,0.2,8,7886,0.962646484375,45.165669542126125,45.76579790902906,0.6001283669029362,37.11179113880202,11.59743473087563,4.887027978897095
8,5,1.1145427400325651,1.4098531398022436,0.29531039976967843,1.4765519988483924,932.253418719951,1024,12,16,18.871283992178018,16;32;64;128;256;512,18.871283992178018;7.563298145207026;5.121985793149404;1.137272121196934;0.7735467848336737;0.18169329642900184,0.2,8,7775,0.9490966796875,45.76579790902906,46.12203374443925,0.3562358354101889,35.35713274714965,11.049103983484265,4.825628995895386
8,6,1.4098531398022436,1.4765519988483924,0.0666988590461488,1.4765519988483924,1019.8516031786965,1024,12,16,20.19547640242406,16;32;64;128;256;512,20.19547640242406;6.327016330813649;4.431429470528993;1.3413281503356136;1.0516105407037861;0.18461869365107464,0.2,8,7768,0.9482421875,46.12203374443925,46.1833868456888,0.0613531012495514,35.26531695746929,11.020411549209152,4.975153207778931
10,1,0.0,0.21492181024071882,0.21492181024071882,1.415552558557004,512.0000005299894,1024,12,16,25.840305328679175,16;32;64;128;256;512,25.840305328679175;8.643095508419151;4.869240229678406;2.0208865685417856;1.029870723019879;0.1993660372715083,0.2,8,8136,0.9931640625,38.53592321836004,42.84221844124113,4.30629522288109,48.074842696496226,15.02338834265507,5.006066083908081
10,2,0.21492181024071882,0.4980323219521196,0.2831105117114008,1.415552558557004,608.1510219665744,1024,12,16,20.26600767873811,16;32;64;128;256;512,20.26600767873811;8.211511298506858;5.868093004042347;2.2357211987561;1.1812662615567293;0.2610480474035219,0.2,8,8074,0.985595703125,42.84221844124113,45.66309468104737,2.820876239806239,43.21225202242641,13.503828757008254,4.771791934967041
10,3,0.4980323219521196,0.7811428336635204,0.28311051171140084,1.415552558557004,788.006071911616,1024,12,16,29.321885492999133,16;32;64;128;256;512,29.321885492999133;10.17105802670095;6.820737283284697;1.9988865965922589;2.1942231946697808;0.16708919851352536,0.2,8,7978,0.973876953125,45.66309468104737,46.91175876226043,1.2486640812130645,40.07377022803968,12.5230531962624,4.778584003448486
10,4,0.7811428336635204,1.0642533453749212,0.2831105117114008,1.415552558557004,891.8573914705377,1024,12,16,20.114342102433344,16;32;64;128;256;512,20.114342102433344;9.449238558103346;6.144689874143532;2.0795017731130185;0.9337043413092108;0.1710438450060181,0.2,8,7881,0.9620361328125,46.91175876226043,47.5071309999621,0.5953722377016675,37.851631163674675,11.828634738648335,4.749345064163208
10,5,1.0642533453749212,1.347363857086322,0.2831105117114008,1.415552558557004,930.4090576453254,1024,12,16,12.116815871171024,16;32;64;128;256;512,12.116815871171024;5.7844219164610156;4.63468341949455;1.101749315772578;1.0481755161608308;0.16101680138541263,0.2,8,7807,0.9530029296875,47.5071309999621,47.85991383934743,0.35278283938532695,35.79821297994964,11.186941556234261,4.7235260009765625
10,6,1.347363857086322,1.415552558557004,0.0681887014706819,1.415552558557004,1019.1240945100603,1024,12,16,20.541817484359445,16;32;64;128;256;512,20.541817484359445;5.171962753816861;3.4096718464010425;1.3762589844459516;0.5153839747291281;0.15498263818292193,0.2,8,7775,0.9490966796875,47.85991383934743,48.05759102269076,0.1976771833433304,36.86231838070197,11.519474493969366,4.750082969665527
12,1,0.0,0.22067221017033856,0.22067221017033856,1.3760210279468585,512.0000000289383,1024,12,16,21.429548276879945,16;32;64;128;256;512,21.429548276879945;10.400660444622552;5.843073464013482;1.6687926834932414;1.4323182531895675;0.22608870246931023,0.2,8,8116,0.99072265625,38.18479920095615,42.037097698103025,3.852298497146876,46.844886723806944,14.639027101189669,4.778908967971802
12,2,0.22067221017033856,0.49587641575971025,0.2752042055893717,1.3760210279468585,623.3438804191998,1024,12,16,23.647832211446904,16;32;64;128;256;512,23.647832211446904;9.378823583814434;5.336873263277343;1.9252283557697605;1.4476419629602744;0.20054687183930778,0.2,8,8068,0.98486328125,42.037097698103025,44.77529047249209,2.738192774389063,42.79361909736913,13.373005967927853,4.793560028076172
12,3,0.49587641575971025,0.771080621349082,0.2752042055893717,1.3760210279468585,813.9898468898953,1024,12,16,23.79640284012654,16;32;64;128;256;512,23.79640284012654;7.506799465164354;5.733601076713322;1.5536292275832086;1.0789954004997564;0.30648518414665005,0.2,8,7964,0.97216796875,44.77529047249209,45.924437130448496,1.1491466579564076,39.29916347750308,12.280988586719712,4.819458961486816
12,4,0.771080621349082,1.0462848269384537,0.27520420558937175,1.3760210279468585,893.6092991313174,1024,12,16,17.975577855736514,16;32;64;128;256;512,17.975577855736514;4.791182891846877;4.150127835934481;1.2536344847165442;0.6336734953961848;0.22266269461255392,0.2,8,7912,0.9658203125,45.924437130448496,46.461715712808655,0.5372785823601589,37.63389840789889,11.760593252468402,5.04993200302124
12,5,1.0462848269384537,1.3214890325278255,0.27520420558937175,1.3760210279468585,932.2205241619885,1024,12,16,17.807122796403963,16;32;64;128;256;512,17.807122796403963;7.9767690997822855;5.211655040729904;0.5539814502222514;1.2573784181774197;0.06665702797196281,0.2,8,7828,0.95556640625,46.461715712808655,46.9132847978035,0.45156908499484416,36.74784850195794,11.483702656861855,5.130795955657959
12,6,1.3214890325278255,1.3760210279468585,0.054531995419033086,1.3760210279468585,1020.6910485644532,1024,12,16,14.236094485510652,16;32;64;128;256;512,14.236094485510652;4.851802940231443;3.6906180811123743;1.1236385235410231;0.9203216406636209;0.10701484138756513,0.2,8,7814,0.953857421875,46.9132847978035,46.962278641498415,0.048993843694915995,35.9270009509404,11.227187797168876,5.131092071533203
14,1,0.0,0.22309381611035023,0.22309381611035023,1.658212528778602,512.0000004613653,1024,12,16,18.200606876427177,16;32;64;128;256;512,18.200606876427177;7.440845531174651;4.1010841603348585;1.6245680217133562;1.102507865776421;0.1861805104022958,0.2,8,8110,0.989990234375,36.69554100767982,41.06034654608629,4.364805538406472,47.72629123849087,14.914466012028397,5.202527046203613
14,2,0.22309381611035023,0.5547363218660706,0.33164250575572035,1.658212528778602,564.5615285128487,1024,12,16,23.05531903865923,16;32;64;128;256;512,23.05531903865923;8.158262072460163;4.6409620348158604;1.4510075771993949;1.1226059890136215;0.2720481748612581,0.2,8,8051,0.9827880859375,41.06034654608629,43.68179685886571,2.621450312779416,42.17960957952652,13.181127993602036,4.853078126907349
14,3,0.5547363218660706,0.886378827621791,0.3316425057557204,1.658212528778602,770.5296303282006,1024,12,16,22.97926679664989,16;32;64;128;256;512,22.97926679664989;10.707234663167288;4.307798933829878;1.443110475495496;1.5082383745554517;0.24015514777006433,0.2,8,7949,0.9703369140625,43.68179685886571,44.793448468066345,1.111651609200635,38.50069973121252,12.031468666003912,4.7724609375
14,4,0.886378827621791,1.2180213333775114,0.3316425057557204,1.658212528778602,870.9633246974892,1024,12,16,16.142898977140394,16;32;64;128;256;512,16.142898977140394;7.064982875438806;4.083734727180061;1.2115662168316597;1.0578332837276334;0.13371420849138202,0.2,8,7885,0.9625244140625,44.793448468066345,45.435107463963504,0.6416589958971599,36.88342568421044,11.526070526315761,4.818409204483032
14,5,1.2180213333775114,1.5496638391332318,0.3316425057557204,1.658212528778602,926.6830832263422,1024,12,16,16.738701677596858,16;32;64;128;256;512,16.738701677596858;6.8426650159687545;2.402540309078259;1.0473971404143216;0.8550087348047856;0.23629631147887217,0.2,8,7771,0.9486083984375,45.435107463963504,45.84578712681832,0.41067966285481816,34.42296191057076,10.757175597053363,5.1034040451049805
14,6,1.5496638391332318,1.658212528778602,0.10854868964537023,1.658212528778602,1015.1149850885706,1024,12,16,22.27612654221509,16;32;64;128;256;512,22.27612654221509;6.9761300229071495;6.212818992158165;1.3049050896747507;0.4719200415382979;0.3041931333434794,0.2,8,7650,0.933837890625,45.84578712681832,45.91182129680237,0.0660341699840501,34.834024815561015,10.885632754862817,4.818828105926514
16,1,0.0,0.22025411066463974,0.22025411066463974,1.6297521784916484,512.0000006737841,1024,12,16,26.30516393209409,16;32;64;128;256;512,26.30516393209409;11.902918197216758;8.221485020657534;2.4529151629392905;1.831580622327661;0.2793778053700389,0.2,8,8130,0.992431640625,37.506720668090566,41.59522613385161,4.088505465761045,47.71322974881278,14.910384296503993,4.843350172042847
16,2,0.22025411066463974,0.5462045463629694,0.3259504356983297,1.6297521784916484,563.3856415645679,1024,12,16,15.296531709394573,16;32;64;128;256;512,15.296531709394573;6.275780593095289;4.959312562534605;1.4920017349511898;1.2194297091674429;0.21661671247244996,0.2,8,8062,0.984130859375,41.59522613385161,44.36330362701847,2.7680774931668566,40.51341268405663,12.660441463767697,5.146327972412109
16,3,0.5462045463629694,0.8721549820612992,0.3259504356983297,1.6297521784916484,769.3390497786926,1024,12,16,18.248140596955633,16;32;64;128;256;512,18.248140596955633;7.749329696643;5.271475041581618;0.8242438349041393;0.8127663711165314;0.20756337051450935,0.2,8,7919,0.9666748046875,44.36330362701847,45.52156910637859,1.158265479360125,38.51375072502335,12.035547101569795,4.739839792251587
16,4,0.8721549820612992,1.1981054177596289,0.3259504356983297,1.6297521784916484,882.3635057252859,1024,12,16,12.793079991118542,16;32;64;128;256;512,12.793079991118542;7.435287810724167;4.65221025752649;1.614093724007028;1.1372238344957173;0.11365999586369258,0.2,8,7913,0.9659423828125,45.52156910637859,46.21235908541712,0.6907899790385272,36.845187455102995,11.514121079719684,4.842767953872681
16,5,1.1981054177596289,1.5240558534579587,0.3259504356983298,1.6297521784916484,930.1230922040199,1024,12,16,13.822608244886123,16;32;64;128;256;512,13.822608244886123;6.229143402586832;3.423909341741425;1.084356622171507;0.9866769709812313;0.1134552356648793,0.2,8,7690,0.938720703125,46.21235908541712,46.52588556471164,0.3135264792945236,36.25827355653539,11.33071048641731,4.794195890426636
16,6,1.5240558534579587,1.6297521784916484,0.10569632503368975,1.6297521784916484,1014.5237447390748,1024,12,16,14.81379489972005,16;32;64;128;256;512,14.81379489972005;6.000456467589623;4.591375535684054;0.8289181716658823;0.2159416360842101;0.18563314691325877,0.2,8,7729,0.9434814453125,46.52588556471164,46.61520702362759,0.089321458915947,35.13708455043694,10.980338922011542,5.048847198486328
18,1,0.0,0.21496314012283071,0.21496314012283071,1.7051213177943036,512.000000496253,1024,12,16,26.089861906710034,16;32;64;128;256;512,26.089861906710034;9.306368073527674;5.84315017060938;2.0680894880979497;1.42233244322456;0.2198926063920759,0.2,8,8125,0.9918212890625,41.270581302925166,45.982346454487924,4.7117651515627585,48.414917310607,15.129661659564688,4.695068120956421
18,2,0.2149631401228307,0.5559874036816914,0.34102426355886073,1.7051213177943036,551.1191251369619,1024,12,16,29.811483020240185,16;32;64;128;256;512,29.811483020240185;8.638643859425555;4.89971509694664;1.7893863544370963;1.782802758761525;0.21824538492935905,0.2,8,8026,0.979736328125,45.982346454487924,48.68263379050131,2.700287336013389,41.9404328493002,13.106385265406312,4.742410898208618
18,3,0.5559874036816914,0.8970116672405521,0.34102426355886073,1.7051213177943036,770.3886110623534,1024,12,16,20.17517478861213,16;32;64;128;256;512,20.17517478861213;8.54503529338214;4.749565366888945;1.491673057740465;1.3086959236467701;0.22195532571921175,0.2,8,7947,0.9700927734375,48.68263379050131,49.908777158088924,1.2261433675876106,39.08944211738597,12.215450661683116,4.71323299407959
18,4,0.8970116672405521,1.2380359307994129,0.34102426355886073,1.7051213177943036,883.1530191752069,1024,12,16,14.007810918851465,16;32;64;128;256;512,14.007810918851465;5.273243782057498;4.061719193223136;1.3171291531254652;1.0590106267566726;0.21107609600510074,0.2,8,7827,0.9554443359375,49.908777158088924,50.54401200389839,0.6352348458094639,37.35967710107918,11.674899094087243,4.738127946853638
18,5,1.2380359307994129,1.5790601943582736,0.34102426355886073,1.7051213177943036,931.6183666637112,1024,12,16,16.046450391973757,16;32;64;128;256;512,16.046450391973757;3.994876520767369;3.2176650982366533;1.0502771995383875;0.4203927756253635;0.17406127512558675,0.2,8,7703,0.9403076171875,50.54401200389839,50.90044680683059,0.3564348029321991,36.061660640098346,11.269268950030732,4.7299041748046875
18,6,1.5790601943582736,1.7051213177943036,0.12606112343603004,1.7051213177943036,1012.8413328274502,1024,12,16,17.63572348144745,16;32;64;128;256;512,17.63572348144745;6.089362646922259;3.653170670462378;0.9917022338513807;0.6446346389220283;0.20573761877404598,0.2,8,7645,0.9332275390625,50.90044680683059,51.00126807022025,0.10082126338966191,34.746802850150836,10.858375890672136,4.76712703704834
20,1,0.0,0.2150811846645943,0.2150811846645943,1.5799124253328451,512.0000000150444,1024,12,16,20.04760350203992,16;32;64;128;256;512,20.04760350203992;5.634427557240811;5.208091633161815;2.161428636535867;1.3760934672785676;0.2548678499777453,0.2,8,8131,0.9925537109375,42.352111715401406,46.92632933611458,4.574217620713171,46.73635006229593,14.605109394467476,4.785655975341797
20,2,0.2150811846645943,0.5310636697311634,0.31598248506656906,1.5799124253328451,589.4243747193702,1024,12,16,27.603267201204552,16;32;64;128;256;512,27.603267201204552;10.644097249097717;7.874079012390705;2.2497867917388663;1.8570897556754562;0.24735195612428984,0.2,8,8035,0.9808349609375,46.92632933611458,49.64395075303037,2.71762141691579,42.93442947133274,13.41700920979148,5.197489023208618
20,3,0.5310636697311634,0.8470461547977324,0.315982485066569,1.5799124253328451,798.2485425583528,1024,12,16,21.992566617618373,16;32;64;128;256;512,21.992566617618373;6.787929649548869;6.239945170623482;1.259666233802808;0.8443069154045411;0.33168688493779325,0.2,8,7967,0.9725341796875,49.64395075303037,50.640475219872314,0.9965244668419473,39.52362016733776,12.35113130229305,5.141419172286987
20,4,0.8470461547977324,1.1630286398643015,0.3159824850665691,1.5799124253328451,887.3447441427815,1024,12,16,25.972524395655263,16;32;64;128;256;512,25.972524395655263;9.764275340725364;5.534531299800618;1.6179284320453242;1.606587612955583;0.10727400569211434,0.2,8,7839,0.9569091796875,50.640475219872314,51.21726586422301,0.5767906443506945,38.61882861492943,12.068383942165445,4.9131550788879395
20,5,1.1630286398643015,1.4790111249308706,0.3159824850665691,1.5799124253328451,928.7972207504041,1024,12,16,16.393630443472755,16;32;64;128;256;512,16.393630443472755;5.68235257784991;4.8012636264341575;1.1973761344015343;0.7649010341235171;0.12312888747064335,0.2,8,7735,0.9442138671875,51.21726586422301,51.58289851792506,0.36563265370205045,35.567172825001414,11.11474150781294,4.916305065155029
20,6,1.4790111249308706,1.5799124253328451,0.10090130040197454,1.5799124253328451,1015.5490330329279,1024,12,16,15.995562979081045,16;32;64;128;256;512,15.995562979081045;6.338536818954064;3.94077719774439;1.0915741923132127;1.14514721386653;0.1496155938284805,0.2,8,7744,0.9453125,51.58289851792506,51.686496410140535,0.10359789221547544,34.53958376347374,10.793619926085544,4.905113935470581
22,1,0.0,0.2051717636202645,0.2051717636202645,1.5831190526226637,512.0000006790792,1024,12,16,20.30229254205278,16;32;64;128;256;512,20.30229254205278;9.284944680163592;4.433708822361606;1.8458572992956264;1.2462155340777705;0.3086954183585072,0.2,8,8123,0.9915771484375,42.337301120871416,47.03031452691357,4.693013406042155,47.53119812427619,14.853499413836309,5.010174036026001
22,2,0.2051717636202645,0.5217955741447973,0.31662381052453276,1.5831190526226637,584.6775715890783,1024,12,16,21.04596076274073,16;32;64;128;256;512,21.04596076274073;8.755003787199351;4.8399701576984695;1.0683605874886826;0.9885840309565245;0.2913216910454448,0.2,8,8069,0.9849853515625,47.03031452691357,49.761919753815164,2.7316052269015927,43.27434017364207,13.523231304263145,4.8333539962768555
22,3,0.5217955741447973,0.83841938466933,0.3166238105245327,1.5831190526226637,772.9432608566781,1024,12,16,17.34554244766901,16;32;64;128;256;512,17.34554244766901;7.136029987781914;3.6922030611372256;1.5607678999173076;0.930684147302865;0.17223416259634544,0.2,8,7949,0.9703369140625,49.761919753815164,51.01211807868094,1.250198324865778,40.04942706975508,12.515445959298463,5.064142942428589
22,4,0.83841938466933,1.1550431951938627,0.3166238105245327,1.5831190526226637,880.814511277542,1024,12,16,15.796264882136754,16;32;64;128;256;512,15.796264882136754;5.375805368486094;2.8128405699450223;0.9495257436934664;1.0715197015853344;0.12352328253252329,0.2,8,7852,0.95849609375,51.01211807868094,51.62649006440188,0.6143719857209362,38.92006505535737,12.162520329799177,4.98832106590271
22,5,1.1550431951938627,1.4716670057183954,0.3166238105245327,1.5831190526226637,925.7149080821326,1024,12,16,17.598940594752353,16;32;64;128;256;512,17.598940594752353;3.5024191219040257;3.157812290657847;1.0642107815877038;0.9557826712717606;0.10806796992867043,0.2,8,7691,0.9388427734375,51.62649006440188,52.02039728866657,0.3939072242646944,37.178091531294015,11.618153603529379,4.783824920654297
22,6,1.4716670057183954,1.5831190526226637,0.11145204690426835,1.5831190526226637,1013.1880005780337,1024,12,16,16.870042098050686,16;32;64;128;256;512,16.870042098050686;6.448940844673046;3.3372347064906442;1.0762331247625154;0.678803753261619;0.18583169348530043,0.2,8,7713,0.9415283203125,52.02039728866657,52.18350704727345,0.16310975860687904,36.750425217571745,11.48450788049117,4.839627027511597
24,1,0.0,0.2015719467148332,0.2015719467148332,1.463578890761608,512.0000003256073,1024,12,16,21.606991803416378,16;32;64;128;256;512,21.606991803416378;9.155500142832228;5.008435481859752;1.7649561458394232;1.284632699433801;0.23784103614711813,0.2,8,8135,0.9930419921875,46.117215739155654,51.17356084319181,5.056345104036154,47.95566364333525,14.986144888542265,4.772294998168945
24,2,0.2015719467148332,0.49428772486715483,0.29271577815232164,1.463578890761608,609.3207406643149,1024,12,16,20.119306515462572,16;32;64;128;256;512,20.119306515462572;9.133514045281128;3.524345261919628;1.2796333580843449;1.3227173235804002;0.2040950642120698,0.2,8,8062,0.984130859375,51.17356084319181,53.92444360465743,2.7508827614656184,42.024288417383445,13.132590130432327,4.820763111114502
24,3,0.49428772486715483,0.7870035030194764,0.2927157781523216,1.463578890761608,813.6235704682315,1024,12,16,20.119413159827015,16;32;64;128;256;512,20.119413159827015;9.066689011992539;5.257645403929542;1.7254507808465498;1.3623198197213695;0.17733377511153578,0.2,8,7943,0.9696044921875,53.92444360465743,54.981697801995324,1.0572541973378975,40.52441798538271,12.663880620432098,4.7840399742126465
24,4,0.7870035030194764,1.0797192811717982,0.29271577815232175,1.463578890761608,892.4816201767165,1024,12,16,20.35055718470908,16;32;64;128;256;512,20.35055718470908;7.86360467694483;4.450726823261783;0.8519586990281064;0.8893402512739732;0.19559668971447303,0.2,8,7857,0.9591064453125,54.981697801995324,55.557272212579846,0.5755744105845224,37.88371616823541,11.838661302573565,4.838932991027832
24,5,1.0797192811717982,1.3724350593241197,0.2927157781523215,1.463578890761608,940.1891867844805,1024,12,16,19.734948004971553,16;32;64;128;256;512,19.734948004971553;5.031505403219681;3.49765865848495;1.06660498780565;0.7582565008874026;0.16071444689974437,0.2,8,7697,0.9395751953125,55.557272212579846,55.935081790259574,0.3778095776797272,37.486183147410806,11.714432233565876,4.818653106689453
24,6,1.3724350593241197,1.463578890761608,0.09114383143748839,1.463578890761608,1016.0272966677461,1024,12,16,18.46382953376566,16;32;64;128;256;512,18.46382953376566;7.030704974644293;4.687536473163844;1.1762415146055378;0.7363472726295078;0.16316510572449586,0.2,8,7740,0.94482421875,55.935081790259574,56.05288379685953,0.11780200659995899,36.62352153959388,11.444850481123087,4.783349990844727
26,1,0.0,0.1906413546042039,0.1906413546042039,1.5230822463220604,512.000000562954,1024,12,16,22.631812968524585,16;32;64;128;256;512,22.631812968524585;13.653027589213224;6.6936404365210445;2.14919841511813;1.5807854583775207;0.15618367996779028,0.2,8,8141,0.9937744140625,46.06923946691677,51.080176567833405,5.010937100916635,48.04417459288441,15.013804560276377,4.743646860122681
26,2,0.1906413546042039,0.495257803868616,0.3046164492644121,1.5230822463220604,569.2966412739746,1024,12,16,21.669886032823637,16;32;64;128;256;512,21.669886032823637;9.095873964476153;5.576692273289568;2.211100283746083;1.5965033771881525;0.2775904145400595,0.2,8,8042,0.981689453125,51.080176567833405,54.2339429212152,3.1537663533817977,43.178567007105784,13.493302189720557,4.820363998413086
26,3,0.495257803868616,0.7998742531330281,0.30461644926441206,1.5230822463220604,803.3212915156142,1024,12,16,28.38352135215901,16;32;64;128;256;512,28.38352135215901;9.039128624294266;6.255376540663897;2.17510420618529;1.3986421664228943;0.34903470596310837,0.2,8,7959,0.9715576171875,54.2339429212152,55.33754315742408,1.1036002362088766,40.85438185832224,12.7669943307257,5.208146810531616
26,4,0.7998742531330281,1.1044907023974402,0.3046164492644121,1.5230822463220604,896.3844346212959,1024,12,16,16.562079959228498,16;32;64;128;256;512,16.562079959228498;5.34811186734268;4.785186555352942;1.0901067408638874;1.118564951397138;0.12147796057114722,0.2,8,7877,0.9615478515625,55.33754315742408,55.884861418860964,0.5473182614368852,38.6740281934847,12.08563381046397,5.069046974182129
26,5,1.1044907023974402,1.4091071516618523,0.3046164492644121,1.5230822463220604,936.691049034388,1024,12,16,19.684325529590858,16;32;64;128;256;512,19.684325529590858;5.457178245786496;3.622760825059293;1.6649351859096535;0.6202098405583756;0.14898732607299708,0.2,8,7738,0.944580078125,55.884861418860964,56.24936553376028,0.36450411489931867,37.108293013649586,11.596341566765496,5.028442144393921
26,6,1.4091071516618523,1.5230822463220604,0.11397509466020805,1.5230822463220604,1013.1188631468199,1024,12,16,17.342729717087284,16;32;64;128;256;512,17.342729717087284;7.154648012891722;4.569765609533736;1.0733253739282465;1.2400186957349926;0.20833499857683527,0.2,8,7717,0.9420166015625,56.24936553376028,56.378779644786846,0.12941411102656275,35.647574511667344,11.139867034896044,5.008143901824951
28,1,0.0,0.19674657541697965,0.19674657541697965,1.4633802124635178,512.0000002779079,1024,12,16,25.42860685359998,16;32;64;128;256;512,25.42860685359998;10.752722286753254;7.884148189890886;2.9022438709602896;1.9137028694287939;0.17256790165837022,0.2,8,8132,0.99267578125,47.485054778517224,52.225815461657476,4.740760683140252,47.97418680610995,14.991933376909358,5.0426647663116455
28,2,0.19674657541697965,0.4894226179096832,0.29267604249270357,1.4633802124635178,592.9856396136479,1024,12,16,20.90921613836436,16;32;64;128;256;512,20.90921613836436;9.170788593407773;4.847120941721044;1.2709946239681726;1.4293748748609132;0.19782615322976801,0.2,8,8036,0.98095703125,52.225815461657476,55.33627965065534,3.1104641889978666,42.901743098019935,13.406794718131229,5.064915895462036
28,3,0.4894226179096832,0.7820986604023867,0.2926760424927035,1.4633802124635178,826.5884972733867,1024,12,16,22.720006599421264,16;32;64;128;256;512,22.720006599421264;7.77454618142462;4.552914505620516;1.3439794088989931;1.0465501613325763;0.1924308790402589,0.2,8,7939,0.9691162109375,55.33627965065534,56.34906142932596,1.0127817786706146,40.034935006200875,12.510917189437773,5.103923082351685
28,4,0.7820986604023867,1.0747747028950903,0.2926760424927035,1.4633802124635178,900.2220863590182,1024,12,16,16.381913516679255,16;32;64;128;256;512,16.381913516679255;5.843986405975321;4.4562245238172045;0.6910504956756164;0.9308491659180497;0.15453605200281326,0.2,8,7830,0.955810546875,56.34906142932596,56.91925761511084,0.5701961857848801,38.96147191454373,12.175459973294915,4.8014020919799805
28,5,1.0747747028950903,1.3674507453877938,0.2926760424927035,1.4633802124635178,941.4894451359014,1024,12,16,17.20946409203651,16;32;64;128;256;512,17.20946409203651;5.012020862383388;4.057547371924154;1.3207090093990719;1.3376002654478596;0.1944552260817583,0.2,8,7717,0.9420166015625,56.91925761511084,57.229929150315,0.3106715352041647,36.85056661600773,11.515802067502415,4.80019211769104
28,6,1.3674507453877938,1.4633802124635178,0.09592946707572403,1.4633802124635178,1015.3347962171943,1024,12,16,23.05989131302009,16;32;64;128;256;512,23.05989131302009;8.600833634161765;5.291915164397572;1.2992194328029618;1.1386745864401144;0.0695389523689922,0.2,8,7722,0.942626953125,57.229929150315,57.308173472993076,0.07824432267807424,36.325351814062294,11.351672441894467,4.784698963165283
30,1,0.0,0.19128602977886833,0.19128602977886833,1.3576069069163834,512.0000002363322,1024,12,16,18.012703131725722,16;32;64;128;256;512,18.012703131725722;8.12199478294859;4.576963754699841;2.156495095275821;1.0334960113135327;0.2125265145344456,0.2,8,8139,0.9935302734375,48.89758730036556,54.34347645440721,5.445889154041652,47.377288026374515,14.805402508242036,4.739207983016968
30,2,0.19128602977886833,0.462807411162145,0.2715213813832767,1.3576069069163834,638.930849833159,1024,12,16,15.626208946745543,16;32;64;128;256;512,15.626208946745543;6.2237849644986465;3.074290331689105;1.3070527617778467;0.8387679102736765;0.16158648929935746,0.2,8,8053,0.9830322265625,54.34347645440721,57.071389988064766,2.7279135336575564,42.70608397223566,13.345651241323644,4.8314208984375
30,3,0.462807411162145,0.7343287925454217,0.2715213813832767,1.3576069069163834,833.4589262939554,1024,12,16,22.148516695142288,16;32;64;128;256;512,22.148516695142288;9.894804927380552;5.397483940199651;2.1482882727475854;1.4107597879274643;0.17495771991051068,0.2,8,7958,0.971435546875,57.071389988064766,58.133888088632375,1.062498100567609,39.79497037226044,12.435928241331386,4.813982963562012
30,4,0.7343287925454217,1.0058501739286985,0.27152138138327675,1.3576069069163834,903.3557047077298,1024,12,16,16.603098901894786,16;32;64;128;256;512,16.603098901894786;7.830707357594907;3.7245958232017418;2.1731758000802306;1.2311116804973594;0.11225037820733752,0.2,8,7870,0.960693359375,58.133888088632375,58.71631671243813,0.5824286238057539,38.42963916505374,12.009262239079295,4.851934909820557
30,5,1.0058501739286985,1.277371555311975,0.27152138138327664,1.3576069069163834,949.0082621785274,1024,12,16,16.30139004053359,16;32;64;128;256;512,16.30139004053359;5.216569733291649;3.840310986373177;1.279183860230908;0.5253996772135308;0.09663968021199386,0.2,8,7791,0.9510498046875,58.71631671243813,59.04334336152533,0.3270266490872018,37.55161700341305,11.734880313566578,4.808068037033081
30,6,1.277371555311975,1.3576069069163834,0.08023535160440831,1.3576069069163834,1017.6570930171913,1024,12,16,21.006721962236046,16;32;64;128;256;512,21.006721962236046;9.033968449410011;4.917017137444272;1.3796856879694779;1.0860138018897347;0.14629829807001493,0.2,8,7724,0.94287109375,59.04334336152533,59.109490500588436,0.06614713906310499,37.60461655247505,11.751442672648453,4.835268974304199
32,1,0.0,0.19223657124496307,0.19223657124496307,1.5119928653247252,512.0000002890447,1024,12,16,20.275859967851222,16;32;64;128;256;512,20.275859967851222;9.053558395557957;5.8520681257739104;1.6369385676404316;1.485449030374677;0.16179432982893166,0.2,8,8128,0.9921875,50.08591650915332,55.08977161440998,5.003855105256662,48.14239265988799,15.044497706214996,4.824288845062256
32,2,0.19223657124496307,0.4946351443099081,0.30239857306494505,1.5119928653247252,590.5759618933373,1024,12,16,28.275501127570823,16;32;64;128;256;512,28.275501127570823;11.579487501879495;5.62167671392425;2.3357845497374434;1.5976276752684995;0.14961375701716018,0.2,8,8035,0.9808349609375,55.08977161440998,57.88218253775267,2.792410923342686,42.86276986724451,13.39461558351391,4.840404987335205
32,3,0.4946351443099081,0.7970337173748532,0.30239857306494505,1.5119928653247252,800.4036730678462,1024,12,16,29.01382621246692,16;32;64;128;256;512,29.01382621246692;12.93926603071795;6.321467024191134;1.3887229238888104;1.5534200455522618;0.21426028566073876,0.2,8,7938,0.968994140625,57.88218253775267,59.09127181995427,1.209089282201603,40.26809508541696,12.583779714192799,4.848093032836914
32,4,0.7970337173748532,1.0994322904397982,0.302398573064945,1.5119928653247252,899.1783840051581,1024,12,16,21.450470939251403,16;32;64;128;256;512,21.450470939251403;8.257706454874674;5.303239235849231;1.5286740612276313;1.3169801465584448;0.1678284840872385,0.2,8,7797,0.9517822265625,59.09127181995427,59.61012332531391,0.5188515053596348,39.85740236784651,12.455438239952034,5.145478963851929
32,5,1.0994322904397982,1.4018308635047432,0.302398573064945,1.5119928653247252,936.6694612436888,1024,12,16,18.287076406515244,16;32;64;128;256;512,18.287076406515244;9.36638292791415;5.102902572873131;1.2912242070304802;1.090994501545477;0.06748830966424571,0.2,8,7644,0.93310546875,59.61012332531391,60.024276280077174,0.4141529547632672,37.26071544620801,11.643973576940002,5.079218864440918
32,6,1.4018308635047432,1.5119928653247252,0.11016200181998204,1.5119928653247252,1014.559395322294,1024,12,16,17.242976567575642,16;32;64;128;256;512,17.242976567575642;5.6805673130607275;3.958753531024376;1.4686471348294583;0.9013031527360432;0.07317975441496946,0.2,8,7640,0.9326171875,60.024276280077174,60.108255625818856,0.08397934574168175,36.8082377604169,11.50257430013028,5.053369998931885
34,1,0.0,0.19254505422536955,0.19254505422536955,1.3975707308390293,512.0000000039886,1024,12,16,28.288933956694027,16;32;64;128;256;512,28.288933956694027;9.785076552614976;7.178224751947295;1.899699324887764;1.9771540977356887;0.32256016989750713,0.2,8,8130,0.992431640625,51.06401532891323,56.457074610341806,5.393059281428577,49.027211175819986,15.321003492443745,4.708989858627319
34,2,0.19254505422536955,0.4720592003931754,0.27951414616780584,1.3975707308390293,640.4596798886696,1024,12,16,26.81386466446777,16;32;64;128;256;512,26.81386466446777;8.821408798655412;6.7737073213729255;2.2315546193866647;1.774964281297632;0.19209631155699558,0.2,8,8028,0.97998046875,56.457074610341806,59.33336047793273,2.876285867590923,44.48732828836747,13.902290090114834,4.7946507930755615
34,3,0.4720592003931754,0.7515733465609813,0.2795141461678059,1.3975707308390293,836.0158874033552,1024,12,16,21.2754831881312,16;32;64;128;256;512,21.2754831881312;8.256360553736638;4.490638019885185;1.9065683098326427;1.1675884708118744;0.09385681910343935,0.2,8,7944,0.9697265625,59.33336047793273,60.37302167498274,1.039661197050009,39.98786127037025,12.496206646990704,4.8140809535980225
34,4,0.7515733465609813,1.0310874927287872,0.2795141461678059,1.3975707308390293,903.1640768902948,1024,12,16,17.138745508555015,16;32;64;128;256;512,17.138745508555015;9.090876725677203;3.7490280452547724;1.5707785069505988;0.9012589465059401;0.08054654092586444,0.2,8,7835,0.9564208984375,60.37302167498274,60.96115855203243,0.588136877049692,37.95492199933792,11.860913124793099,4.7551109790802
34,5,1.0310874927287872,1.310601638896593,0.2795141461678059,1.3975707308390293,943.8393896147356,1024,12,16,20.706690885626692,16;32;64;128;256;512,20.706690885626692;7.543012265642723;5.099089044315653;1.2505060155667984;0.8163602543991192;0.15462456015313933,0.2,8,7707,0.9407958984375,60.96115855203243,61.28168004885083,0.3205214968184009,37.61811513808063,11.755660980650196,4.722215175628662
34,6,1.310601638896593,1.3975707308390293,0.08696909194243618,1.3975707308390293,1017.135680252853,1024,12,16,12.544047908770821,16;32;64;128;256;512,12.544047908770821;6.583006519687299;3.356228015612435;1.3019806824928315;0.9249396700122923;0.12897538449642096,0.2,8,7662,0.935302734375,61.28168004885083,61.41263143683318,0.13095138798234984,37.15301230586849,11.610316345583902,5.052279949188232
36,1,0.0,0.1854013518143256,0.1854013518143256,1.2613096914283555,512.0000002079992,1024,12,16,25.994090307034874,16;32;64;128;256;512,25.994090307034874;9.336226459051527;6.842076005250188;2.259903285626185;1.7694880098373318;0.34653292168816946,0.2,8,8129,0.9923095703125,52.55400295299478,57.84576564829331,5.29176269529853,48.28747619296974,15.089836310303044,4.799383878707886
36,2,0.1854013518143256,0.4376632900999967,0.2522619382856711,1.2613096914283555,640.7305286501247,1024,12,16,21.238244222357217,16;32;64;128;256;512,21.238244222357217;9.420524900778467;5.399721861176527;1.747988221912349;1.4051173721034032;0.2160635511805379,0.2,8,8041,0.9815673828125,57.84576564829331,60.9724177098833,3.1266520615899935,44.96450152259003,14.051406725809382,4.953195095062256
36,3,0.4376632900999967,0.6899252283856678,0.2522619382856711,1.2613096914283555,843.1230803454087,1024,12,16,20.68194794492254,16;32;64;128;256;512,20.68194794492254;6.554565731566466;6.180435031093615;1.2066408869439391;1.1306626261350032;0.24289163792748786,0.2,8,7934,0.968505859375,60.9724177098833,62.02976207243046,1.0573443625471555,41.82929422905056,13.0716544465783,4.744186162948608
36,4,0.6899252283856678,0.942187166671339,0.2522619382856711,1.2613096914283555,922.1762258724475,1024,12,16,19.349473822090154,16;32;64;128;256;512,19.349473822090154;5.786412191001649;3.2462852781150633;1.1115335683077197;0.7811183418468914;0.1468059386013606,0.2,8,7845,0.9576416015625,62.02976207243046,62.59818542841822,0.5684233559877612,39.83432692638847,12.448227164496396,4.769114971160889
36,5,0.942187166671339,1.19444910495701,0.2522619382856711,1.2613096914283555,948.9376694745694,1024,12,16,23.555147947138042,16;32;64;128;256;512,23.555147947138042;7.813445797769135;2.7657342011455666;0.9006904458281058;1.1029640096723137;0.2091931799491939,0.2,8,7730,0.943603515625,62.59818542841822,62.95793737034546,0.359751941927243,38.13359189435817,11.916747466986926,4.825578212738037
36,6,1.19444910495701,1.2613096914283555,0.0668605864713454,1.2613096914283555,1019.2007108180668,1024,12,16,14.420418613771302,16;32;64;128;256;512,14.420418613771302;5.958558480467674;4.345791916907204;1.6395664671387489;0.768360569762806;0.21799228333876686,0.2,8,7687,0.9383544921875,62.95793737034546,62.98461567796767,0.026678307622205466,38.003376535233386,11.876055167260432,5.033104181289673
38,1,0.0,0.18361871747410338,0.18361871747410338,1.174779920640526,512.0000002068828,1024,12,16,16.707031510928957,16;32;64;128;256;512,16.707031510928957;5.987608246502646;3.6528446290304903;1.4276467755505902;0.8128279775304387;0.1338865774646998,0.2,8,8130,0.992431640625,54.879164756741375,60.590996018319856,5.711831261578482,48.71251981340424,15.222662441688826,4.810042142868042
38,2,0.18361871747410338,0.4185747016022086,0.23495598412810523,1.174779920640526,697.2226622848439,1024,12,16,21.67565467220257,16;32;64;128;256;512,21.67565467220257;7.9234631235052815;5.207022580965906;1.6932588718123693;1.5316052953245045;0.22972740591468133,0.2,8,8038,0.981201171875,60.590996018319856,63.120070890698116,2.52907487237826,44.81576720470459,14.004927251470184,4.846221923828125
38,3,0.4185747016022086,0.6535306857303138,0.2349559841281052,1.174779920640526,848.4672564208341,1024,12,16,23.826941493463423,16;32;64;128;256;512,23.826941493463423;9.672049449468188;7.32875365500929;2.0480762394214382;1.9978399156307205;0.19351143318054925,0.2,8,7952,0.970703125,63.120070890698116,64.234083656047,1.114012765348889,42.18950647936882,13.184220774802757,4.844707012176514
38,4,0.6535306857303138,0.8884866698584191,0.23495598412810526,1.174779920640526,920.6225913773643,1024,12,16,22.401720067607638,16;32;64;128;256;512,22.401720067607638;8.240137865500579;5.979713480698234;1.5246574685306127;1.0911295028518369;0.08956936868647597,0.2,8,7851,0.9583740234375,64.234083656047,64.8396427729167,0.6055591168696992,40.22831308798805,12.571347839996264,5.026443004608154
38,5,0.8884866698584191,1.1234426539865243,0.23495598412810526,1.174779920640526,951.6299863123845,1024,12,16,18.411974784332095,16;32;64;128;256;512,18.411974784332095;6.887257751377326;3.7394579208644623;1.323996882949308;0.9015602760706127;0.10264435389702102,0.2,8,7699,0.9398193359375,64.8396427729167,65.21556233725278,0.37591956433607265,38.300671446156485,11.968959826923902,5.159497022628784
38,6,1.1234426539865243,1.174779920640526,0.051337266654001734,1.174779920640526,1020.8386350735218,1024,12,16,20.95793440492568,16;32;64;128;256;512,20.95793440492568;9.09061128772701;5.096292302174834;1.3675438860165718;0.6523384530823486;0.21637123639714617,0.2,8,7712,0.94140625,65.21556233725278,65.22593310941011,0.010370772157330066,39.779867624600115,12.431208632687536,4.770946025848389
40,1,0.0,0.1708301091424017,0.1708301091424017,1.2179115600409014,512.0000000517007,1024,12,16,19.401152194125153,16;32;64;128;256;512,19.401152194125153;7.345793769903915;3.019533878062786;1.3054056899938082;0.7863245408280489;0.11844416194108774,0.2,8,8118,0.990966796875,55.75491386093199,61.53315132058924,5.778237459657248,48.92720222196129,15.289750694362901,5.063608884811401
40,2,0.1708301091424017,0.41441242115058197,0.24358231200818026,1.2179115600409014,664.4801220746926,1024,12,16,21.858251872550227,16;32;64;128;256;512,21.858251872550227;9.754821017144481;4.854465357089232;2.201890898006192;1.3740459120061967;0.10605999949606038,0.2,8,8057,0.9835205078125,61.53315132058924,64.41837678349111,2.8852254629018717,44.637478992521665,13.94921218516302,5.089563846588135
40,3,0.41441242115058197,0.6579947331587622,0.24358231200818026,1.2179115600409014,854.9271056906592,1024,12,16,16.493537999794604,16;32;64;128;256;512,16.493537999794604;7.774855704379343;3.169427018626688;1.64650594122996;1.049436450956935;0.2486893616669523,0.2,8,7971,0.9730224609375,64.41837678349111,65.47528451529797,1.0569077318068594,43.02377956824447,13.444931115076397,5.021942138671875
40,4,0.6579947331587622,0.9015770451669425,0.24358231200818026,1.2179115600409014,916.5845465511638,1024,12,16,19.414160429911302,16;32;64;128;256;512,19.414160429911302;10.097852963411073;5.9007057572437045;1.369829865832954;1.2980882887688383;0.16535200409284606,0.2,8,7886,0.962646484375,65.47528451529797,66.12020516925259,0.644920653954614,40.453896185341385,12.641842557919182,4.975190877914429
40,5,0.9015770451669425,1.1451593571751228,0.24358231200818037,1.2179115600409014,951.3533452095296,1024,12,16,23.15717889161248,16;32;64;128;256;512,23.15717889161248;6.685105077153772;4.333191854750302;1.3563149364218345;0.5667674899527106;0.09464536889113537,0.2,8,7791,0.9510498046875,66.12020516925259,66.43979791633319,0.3195927470806055,38.35406988853042,11.985646840165755,4.760059118270874
40,6,1.1451593571751228,1.2179115600409014,0.07275220286577855,1.2179115600409014,1017.4775068821575,1024,12,16,23.520407547785375,16;32;64;128;256;512,23.520407547785375;7.706695040466327;4.890881654927342;1.4550526770738659;1.0949027008010477;0.2543174111844984,0.2,8,7740,0.94482421875,66.43979791633319,66.50943947792985,0.06964156159665436,39.22979324240337,12.259310388251052,4.970988988876343
42,1,0.0,0.1764347940925564,0.1764347940925564,1.2269047048245727,512.0000004274798,1024,12,16,24.645934829314395,16;32;64;128;256;512,24.645934829314395;8.287203078144355;6.348919370261746;2.0252662876333805;1.5053161549551308;0.3085972078766755,0.2,8,8126,0.991943359375,56.97310696658678,62.79574197693728,5.822635010350496,50.080308016507146,15.650096255158482,4.771317005157471
42,2,0.1764347940925564,0.42181573505747094,0.24538094096491453,1.2269047048245727,655.7388469367339,1024,12,16,25.82055847151069,16;32;64;128;256;512,25.82055847151069;12.177551213099495;7.611823654972755;1.8216441550378861;1.4641374940936474;0.1442677001522082,0.2,8,8041,0.9815673828125,62.79574197693728,65.70778212725418,2.912040150316898,45.261074050994885,14.1440856409359,4.800738096237183
42,3,0.42181573505747094,0.6671966760223855,0.24538094096491458,1.2269047048245727,851.5246783604362,1024,12,16,22.04108179254359,16;32;64;128;256;512,22.04108179254359;7.050191702806689;5.553589723633292;1.1873370940157524;1.2074010790647691;0.2897617254752428,0.2,8,7927,0.9676513671875,65.70778212725418,66.8547497059335,1.1469675786793232,41.82393576601539,13.069979926879808,4.776447057723999
42,4,0.6671966760223855,0.9125776169873001,0.24538094096491458,1.2269047048245727,922.0768472832259,1024,12,16,17.421236024440887,16;32;64;128;256;512,17.421236024440887;8.082860340552479;2.872954609822778;1.0665237511856294;1.035317978743845;0.11062187196632832,0.2,8,7792,0.951171875,66.8547497059335,67.38926240813453,0.5345127022010274,40.45780718093655,12.64306474404267,5.041398048400879
42,5,0.9125776169873001,1.1579585579522147,0.24538094096491458,1.2269047048245727,950.6708469117109,1024,12,16,24.421121018503566,16;32;64;128;256;512,24.421121018503566;7.941293065209166;6.55642637364057;1.404445668670485;1.59955345625238;0.23579087786196307,0.2,8,7635,0.9320068359375,67.38926240813453,67.77132583549246,0.3820634273579344,38.61263536443629,12.066448551386339,4.792165994644165
42,6,1.1579585579522147,1.2269047048245727,0.068946146872358,1.2269047048245727,1019.1552218321591,1024,12,16,20.938081452599636,16;32;64;128;256;512,20.938081452599636;8.945942642936908;3.6384965861746967;1.7956899807042228;1.0738436793031303;0.09857002127422763,0.2,8,7637,0.9322509765625,67.77132583549246,67.8081551976502,0.03682936215773225,38.34260599925963,11.982064374768635,4.9783711433410645
44,1,0.0,0.16417819314304,0.16417819314304,1.1627492988023655,512.0000001683907,1024,12,16,22.269795127956268,16;32;64;128;256;512,22.269795127956268;9.490564868279371;4.961815105527797;1.7196514025082983;1.3497400635244239;0.19081498807435016,0.2,8,8114,0.990478515625,58.682920891733374,64.98425785510335,6.301336963369977,49.192659847699666,15.372706202406144,4.747388124465942
44,2,0.16417819314304,0.3967280529035131,0.2325498597604731,1.1627492988023655,666.4338068483985,1024,12,16,26.575224963451966,16;32;64;128;256;512,26.575224963451966;8.687245622420136;5.8186327074760875;1.6791107435326638;1.420601065242442;0.2669337827717544,0.2,8,8051,0.9827880859375,64.98425785510335,67.99120164552005,3.006943790416699,45.29955402864004,14.15611063395001,4.815440893173218
44,3,0.3967280529035131,0.6292779126639862,0.23254985976047315,1.1627492988023655,847.3225761051699,1024,12,16,24.862566369642593,16;32;64;128;256;512,24.862566369642593;9.794577381757495;6.128666443719834;1.954104191363117;0.9826248729551985;0.24671358422414533,0.2,8,7922,0.967041015625,67.99120164552005,69.11282900354126,1.1216273580212146,42.50005012466722,13.281265663958505,4.8702919483184814
44,4,0.6292779126639862,0.8618277724244594,0.23254985976047315,1.1627492988023655,915.215626258329,1024,12,16,24.419482645233376,16;32;64;128;256;512,24.419482645233376;8.296386460074322;4.990318084338175;1.7147714820273512;1.0963103968081516;0.1696398633354142,0.2,8,7858,0.959228515625,69.11282900354126,69.72320619382663,0.6103771902853623,40.87413431338496,12.773166972932799,4.88757586479187
44,5,0.8618277724244594,1.0943776321849326,0.23254985976047315,1.1627492988023655,953.3578034271943,1024,12,16,18.332502484620036,16;32;64;128;256;512,18.332502484620036;6.813331719234131;4.231532355146827;1.3080931214149434;0.5457158907285564;0.15914365255465407,0.2,8,7655,0.9344482421875,69.72320619382663,70.07588919898262,0.3526830051559955,39.10448852323918,12.220152663512245,5.08923602104187
44,6,1.0943776321849326,1.1627492988023655,0.06837166661743299,1.1627492988023655,1019.00821795548,1024,12,16,16.746452925952134,16;32;64;128;256;512,16.746452925952134;8.38335435372445;5.435466187566373;1.5889773247336954;0.8754516202169788;0.04655323699527592,0.2,8,7658,0.934814453125,70.07588919898262,70.18266147543909,0.10677227645646781,39.0371082687765,12.199096333992655,5.424859046936035
46,1,0.0,0.17433407556142616,0.17433407556142616,1.108455501161264,512.0000004664125,1024,12,16,23.645499475785584,16;32;64;128;256;512,23.645499475785584;11.621105305770092;5.53916999094284;1.6668686942527215;1.6396627402529358;0.21012879801135248,0.2,8,8123,0.9915771484375,59.83624884777237,66.06498976994772,6.228740922175348,48.820031353821605,15.256259798069252,5.103773832321167
46,2,0.17433407556142616,0.39602517579367896,0.2216911002322528,1.108455501161264,700.6023767174946,1024,12,16,23.14470206182116,16;32;64;128;256;512,23.14470206182116;8.357564309675217;4.873884362290424;1.4688526347359272;1.3798289613123618;0.20029774847872364,0.2,8,8037,0.9810791015625,66.06498976994772,68.78631992841838,2.721330158470664,44.00836253290761,13.752613291533628,4.806097984313965
46,3,0.39602517579367896,0.6177162760259318,0.22169110023225286,1.108455501161264,874.1867401876729,1024,12,16,20.666430343575172,16;32;64;128;256;512,20.666430343575172;8.975156650699159;2.7316535184629087;1.6080266498725027;1.2522594729292398;0.1906215841565241,0.2,8,7916,0.96630859375,68.78631992841838,69.76963134022662,0.9833114118082449,41.89961925160172,13.093631016125537,5.131264925003052
46,4,0.6177162760259318,0.8394073762581846,0.2216911002322528,1.108455501161264,931.4913531627091,1024,12,16,15.497032539188528,16;32;64;128;256;512,15.497032539188528;9.480886148488636;4.441922446266579;1.1678986923172112;1.0551737035400897;0.11917972993741502,0.2,8,7761,0.9473876953125,69.76963134022662,70.28189700416988,0.5122656639432535,39.75397994974246,12.423118734294517,5.005419015884399
46,5,0.8394073762581846,1.0610984764904374,0.2216911002322528,1.108455501161264,953.4735878624308,1024,12,16,22.267448317706037,16;32;64;128;256;512,22.267448317706037;9.161857344810953;5.435503940731762;2.045093062726319;1.246057973320502;0.15259672950711187,0.2,8,7605,0.9283447265625,70.28189700416988,70.63994266651571,0.35804566234583035,40.35308130641869,12.61033790825584,4.958374977111816
46,6,1.0610984764904374,1.108455501161264,0.047357024670826586,1.108455501161264,1021.2262508030368,1024,12,16,19.508555235662104,16;32;64;128;256;512,19.508555235662104;8.772833564979896;2.7289687125609765;1.0581377962613554;1.076832074984571;0.09725899208032095,0.2,8,7634,0.931884765625,70.63994266651571,70.79491256875917,0.15496990224346519,39.132532579719474,12.228916431162334,4.7248828411102295
48,1,0.0,0.15892129209952738,0.15892129209952738,1.131887447132344,512.0000004409117,1024,12,16,17.947291561239425,16;32;64;128;256;512,17.947291561239425;9.535813860579513;4.753900770358885;1.6722783967886539;1.366105331981094;0.207448333008685,0.2,8,8140,0.99365234375,61.24865850491915,67.55019939795602,6.301540893036872,50.84093869232262,15.887793341350816,4.788692951202393
48,2,0.15892129209952738,0.38529878152599617,0.2263774894264688,1.131887447132344,690.1356304185068,1024,12,16,20.976306625998518,16;32;64;128;256;512,20.976306625998518;10.097455959354109;4.7347699740909075;2.429286974626014;1.401386671556111;0.1869305776413287,0.2,8,8022,0.979248046875,67.55019939795602,70.58042185480008,3.030222456844058,46.16174693835667,14.425545918236459,4.8622260093688965
48,3,0.38529878152599617,0.611676270952465,0.22637748942646885,1.131887447132344,859.4877431965416,1024,12,16,24.13556362668991,16;32;64;128;256;512,24.13556362668991;9.68478222857658;6.16830466141147;1.7833907895918903;1.2545933404325738;0.21987696508724475,0.2,8,7928,0.9677734375,70.58042185480008,71.4973420118331,0.9169201570330188,43.25170235098655,13.516156984683295,5.016932964324951
48,4,0.611676270952465,0.8380537603789338,0.22637748942646874,1.131887447132344,916.7765593437432,1024,12,16,14.106729340776308,16;32;64;128;256;512,14.106729340776308;8.16272954501278;5.18204697455087;1.200669483636518;0.9960114256189606;0.20898082614160915,0.2,8,7838,0.956787109375,71.4973420118331,72.15787812403869,0.660536112205591,41.212363176824496,12.878863492757654,5.011323928833008
48,5,0.8380537603789338,1.0644312498054025,0.22637748942646874,1.131887447132344,955.3929845541942,1024,12,16,20.96230024256075,16;32;64;128;256;512,20.96230024256075;8.301762690160293;2.893099145711824;0.8548034179137202;0.4644863936930388;0.08930290741891994,0.2,8,7694,0.939208984375,72.15787812403869,72.5162477629492,0.3583696389105171,40.03899336088104,12.512185425275323,5.028955936431885
48,6,1.0644312498054025,1.131887447132344,0.06745619732694141,1.131887447132344,1018.440180093457,1024,12,16,22.839274971364734,16;32;64;128;256;512,22.839274971364734;9.26031518653197;3.334119009604627;1.66692438536857;1.202985936750104;0.19657884558649294,0.2,8,7653,0.9342041015625,72.5162477629492,72.63758314878214,0.12133538583293557,39.02343755122861,12.19482423475894,4.961114168167114
50,1,0.0,0.16354044976172252,0.16354044976172252,1.0759501576748578,512.0000003189953,1024,12,16,24.836278979877395,16;32;64;128;256;512,24.836278979877395;10.811576703822611;6.733251422252946;1.3371355628354769;1.9140135249256707;0.1695735736595601,0.2,8,8132,0.99267578125,62.56288417370524,69.0496341403923,6.486749966687057,49.93004177969372,15.603138056154286,4.8122029304504395
50,2,0.16354044976172252,0.37873048129669407,0.21519003153497154,1.0759501576748578,689.7698033658972,1024,12,16,22.753220113203323,16;32;64;128;256;512,22.753220113203323;8.445589986851482;3.884159056858191;1.760985954028647;1.1560278692921404;0.22795607675118998,0.2,8,8023,0.9793701171875,69.0496341403923,72.23050562676508,3.18087148637278,44.961834676212526,14.050573336316413,4.822237968444824
50,3,0.37873048129669407,0.5939205128316656,0.21519003153497152,1.0759501576748578,872.8059390992976,1024,12,16,17.629658322630377,16;32;64;128;256;512,17.629658322630377;7.338108633597611;5.815051004853446;1.9107044195407568;1.1186495158114418;0.3062037671721635,0.2,8,7911,0.9656982421875,72.23050562676508,73.11024518182967,0.8797395550645888,42.97713659847236,13.430355187022613,4.839881896972656
50,4,0.5939205128316656,0.8091105443666371,0.21519003153497152,1.0759501576748578,929.7673975433864,1024,12,16,19.502085559453157,16;32;64;128;256;512,19.502085559453157;7.292965086738715;4.635829804577536;1.5778055625823006;0.7923085631093916;0.16306900146728856,0.2,8,7788,0.95068359375,73.11024518182967,73.69698187877657,0.5867366969469003,41.69496155052183,13.029675484538071,4.832780122756958
50,5,0.8091105443666371,1.0243005759016086,0.21519003153497152,1.0759501576748578,955.5905629301823,1024,12,16,18.55396943379829,16;32;64;128;256;512,18.55396943379829;5.774276126494411;3.3272015497872034;0.9829127662135759;0.306995509487611;0.08505048718695618,0.2,8,7672,0.9365234375,73.69698187877657,74.0748474575812,0.3778655788046308,39.745153825399555,12.42036057043736,4.811448097229004
50,6,1.0243005759016086,1.0759501576748578,0.05164958177324919,1.0759501576748578,1020.8127093545953,1024,12,16,15.814475444728672,16;32;64;128;256;512,15.814475444728672;6.797288805015859;2.6175938998826456;1.1541257877702966;1.1482845058567699;0.0826534326663351,0.2,8,7633,0.9317626953125,74.0748474575812,74.13796050229575,0.06311304471455514,38.90250651657193,12.157033286428728,4.856259107589722
52,1,0.0,0.16515351705397752,0.16515351705397752,1.1647972329099208,512.0000004718063,1024,12,16,30.022316773067992,16;32;64;128;256;512,30.022316773067992;11.528080987444312;6.0186593819371925;3.049936210440723;2.053031018063195;0.18198765656849075,0.2,8,8126,0.991943359375,64.01941335032461,70.57520847121486,6.555795120890252,49.15842364287134,15.362007388397293,5.193292856216431
52,2,0.16515351705397752,0.3981129636359617,0.2329594465819842,1.1647972329099208,687.8056302372196,1024,12,16,22.82437857068242,16;32;64;128;256;512,22.82437857068242;7.371805430350582;5.067195449305598;1.2178098934242172;0.9243457185350886;0.24749119006908066,0.2,8,8019,0.9788818359375,70.57520847121486,73.4287330803345,2.8535246091196314,45.829141400258465,14.32160668758077,4.859978914260864
52,3,0.3981129636359617,0.6310724102179459,0.2329594465819842,1.1647972329099208,863.1196818776937,1024,12,16,23.41239923324029,16;32;64;128;256;512,23.41239923324029;7.8591057057099265;4.361176950508945;1.162812642794072;1.1191667295027241;0.1510908261904162,0.2,8,7904,0.96484375,73.4287330803345,74.42924587312154,1.000512792787049,44.41753595049274,13.88047998452898,4.84362006187439
52,4,0.6310724102179459,0.8640318567999301,0.2329594465819842,1.1647972329099208,927.4645272685702,1024,12,16,19.137646662077348,16;32;64;128;256;512,19.137646662077348;4.654723419774716;4.715036473164916;0.9868598636666556;0.8900512518960426;0.13336636702081642,0.2,8,7770,0.948486328125,74.42924587312154,74.95758122124244,0.5283353481208906,41.24426619984899,12.888833187452807,4.7889039516448975
52,5,0.8640318567999301,1.0969913033819143,0.2329594465819842,1.1647972329099208,954.3094556195183,1024,12,16,21.93194713706931,16;32;64;128;256;512,21.93194713706931;7.580040779010392;5.042306170713734;1.9501181507386545;0.5846041714890957;0.1350937200759029,0.2,8,7599,0.9276123046875,74.95758122124244,75.31002539605834,0.3524441748159006,39.47816535651097,12.336926673909678,4.839087009429932
52,6,1.0969913033819143,1.1647972329099208,0.06780592952800646,1.1647972329099208,1018.4589173980078,1024,12,16,17.924436120494377,16;32;64;128;256;512,17.924436120494377;6.712538710678928;4.592079661784663;1.2005622550339656;0.7361025020637149;0.15189402101035368,0.2,8,7552,0.921875,75.31002539605834,75.41779694956494,0.10777155350660905,39.689968748107106,12.40311523378347,5.0230348110198975
54,1,0.0,0.16482367047320443,0.16482367047320443,1.0379429126614983,512.0000000621162,1024,12,16,18.670978051154048,16;32;64;128;256;512,18.670978051154048;9.225587737683892;4.611455690054902;1.992225601616648;1.556334423693586;0.17632874707507729,0.2,8,8110,0.989990234375,64.80052012449596,71.03487327101175,6.234353146515787,48.87214454926334,15.272545171644794,4.762993097305298
54,2,0.16482367047320443,0.37241225300550407,0.20758858253229964,1.0379429126614983,704.0681178106936,1024,12,16,23.318345106869494,16;32;64;128;256;512,23.318345106869494;7.144547839927752;5.380178810903754;1.8122386796747283;1.2284096847704835;0.20810798739620415,0.2,8,8032,0.98046875,71.03487327101175,73.93676395050716,2.901890679495409,46.30915773107903,14.471611790962196,4.7536609172821045
54,3,0.37241225300550407,0.5800008355378037,0.20758858253229961,1.0379429126614983,870.3755010402051,1024,12,16,20.517596618280233,16;32;64;128;256;512,20.517596618280233;10.961637316518967;5.3645618195287;1.6241963006288664;0.9347095238107974;0.27626395408531584,0.2,8,7883,0.9622802734375,73.93676395050716,75.06303353619296,1.1262695856858045,44.77460117432312,13.992062866975973,4.808584928512573
54,4,0.5800008355378037,0.7875894180701033,0.20758858253229961,1.0379429126614983,935.456571014308,1024,12,16,30.324741582931733,16;32;64;128;256;512,30.324741582931733;8.644980088522859;6.098532829615455;1.2032986496023201;1.3914840769733627;0.11494619372205911,0.2,8,7772,0.94873046875,75.06303353619296,75.64129115769174,0.5782576214987785,41.70033892446643,13.031355913895759,4.832585096359253
54,5,0.7875894180701033,0.9951780006024029,0.20758858253229961,1.0379429126614983,960.2397236627122,1024,12,16,21.227132702412757,16;32;64;128;256;512,21.227132702412757;6.705309612501494;6.4413328011807245;1.5658633555513917;1.391224546968406;0.13949529789824866,0.2,8,7646,0.933349609375,75.64129115769174,76.01310606382322,0.37181490613147616,40.048787466886736,12.515246083402104,5.036448001861572
54,6,0.9951780006024029,1.0379429126614983,0.042764912059095384,1.0379429126614983,1021.3735613615696,1024,12,16,11.442045458184282,16;32;64;128;256;512,11.442045458184282;7.148308840422384;3.4106610862551037;0.7903173434292029;0.6644412234311492;0.05164305251930236,0.2,8,7604,0.92822265625,76.01310606382322,76.01816745009273,0.005061386269517243,41.10622390462421,12.845694970195064,5.033797025680542
56,1,0.0,0.16821594441901117,0.16821594441901117,1.0764494368116948,512.0000004754766,1024,12,16,23.91991087093335,16;32;64;128;256;512,23.91991087093335;9.06091783588432;6.752185450502537;2.379349611901765;1.552754007664571;0.3297288608862267,0.2,8,8102,0.989013671875,65.65536341827828,72.2630718012224,6.607708382944111,48.940695742693165,15.293967419591613,4.976117849349976
56,2,0.16821594441901117,0.3835058317813501,0.21528988736233895,1.0764494368116948,726.5967897347211,1024,12,16,27.302992424684742,16;32;64;128;256;512,27.302992424684742;8.434269109545397;5.917503155024862;1.8160611135763916;1.3392440682394653;0.33711782164377296,0.2,8,8031,0.9803466796875,72.2630718012224,74.88993524917169,2.6268634479492903,44.512636860721024,13.91019901897532,4.741527080535889
56,3,0.3835058317813501,0.5987957191436891,0.215289887362339,1.0764494368116948,877.8989558173333,1024,12,16,30.45164434500735,16;32;64;128;256;512,30.45164434500735;13.133501823268752;6.768287136833347;2.353719222363835;2.031009912521394;0.17394417644197704,0.2,8,7887,0.9627685546875,74.88993524917169,75.84599331195932,0.9560580627876334,42.453925897268476,13.266851842896399,4.8454649448394775
56,4,0.5987957191436891,0.8140856065060281,0.215289887362339,1.0764494368116948,931.2517123833783,1024,12,16,17.090637620090632,16;32;64;128;256;512,17.090637620090632;6.7213234152206836;4.578103276169213;1.377781900075878;1.2479054356088293;0.12749337573430794,0.2,8,7812,0.95361328125,75.84599331195932,76.37049300118815,0.5244996892288327,40.45044431583558,12.640763848698619,4.815294027328491
56,5,0.8140856065060281,1.029375493868367,0.2152898873623389,1.0764494368116948,963.3081156005356,1024,12,16,22.692587922052905,16;32;64;128;256;512,22.692587922052905;5.612310068565767;5.539066463624471;1.077545641474061;0.9850321318242707;0.12459064664929966,0.2,8,7641,0.9327392578125,76.37049300118815,76.6804460384883,0.3099530373001471,40.475659404446226,12.648643563889445,5.091570854187012
56,6,1.029375493868367,1.0764494368116948,0.047073942943327785,1.0764494368116948,1020.7820838678892,1024,12,16,19.62210020402769,16;32;64;128;256;512,19.62210020402769;5.7951079065910065;4.7747586965224516;1.130293503203443;0.6341670143547735;0.21869365245264438,0.2,8,7594,0.927001953125,76.6804460384883,76.74196719471365,0.06152115622535348,39.7057948203087,12.408060881346467,4.964274168014526
58,1,0.0,0.15454722024864528,0.15454722024864528,0.9222601676232857,512.0000002821207,1024,12,16,34.1818684568958,16;32;64;128;256;512,34.1818684568958;14.044347657653377;8.691608696773613;2.5611129788581635;2.547034193970681;0.4339787503627712,0.2,8,8133,0.9927978515625,66.7356954231509,73.4796865262906,6.743991103139706,49.58399525822025,15.494998518193826,5.017266035079956
58,2,0.15454722024864528,0.3389992537733024,0.18445203352465714,0.9222601676232857,729.7548593385083,1024,12,16,20.639044458743378,16;32;64;128;256;512,20.639044458743378;7.898489813182794;5.353202867952347;2.0550329746660334;1.4217403837925104;0.2058228468073223,0.2,8,8050,0.982666015625,73.4796865262906,76.46516496239929,2.9854784361086786,46.98792815727038,14.683727549146994,5.132554054260254
58,3,0.3389992537733024,0.5234512872979595,0.1844520335246571,0.9222601676232857,888.5981419948469,1024,12,16,13.165805217885001,16;32;64;128;256;512,13.165805217885001;6.624939832057415;3.9095858411301236;1.2319233518726898;0.9234014372195496;0.11567193443593814,0.2,8,7955,0.9710693359375,76.46516496239929,77.53204823512351,1.0668832727242261,44.897857711352735,14.030580534797728,4.890047788619995
58,4,0.5234512872979595,0.7079033208226166,0.1844520335246571,0.9222601676232857,938.3434547349317,1024,12,16,20.24992295288812,16;32;64;128;256;512,20.24992295288812;7.053502952623618;5.738927454043302;1.1799108840124264;0.45502345013927176;0.13075577872305547,0.2,8,7809,0.9532470703125,77.53204823512351,78.17948494409211,0.6474367089685984,43.30276910741183,13.532115346066195,5.156650066375732
58,5,0.7079033208226166,0.8923553543472738,0.1844520335246571,0.9222601676232857,968.4241542321405,1024,12,16,24.337809743562673,16;32;64;128;256;512,24.337809743562673;6.854760120123681;5.382411555731263;0.8735057990478503;0.7231904217047271;0.1966335055591067,0.2,8,7705,0.9405517578125,78.17948494409211,78.54390623513609,0.3644212910439819,40.92450009560736,12.788906279877299,4.828336000442505
58,6,0.8923553543472738,0.9222601676232857,0.02990481327601191,0.9222601676232857,1022.5927093332378,1024,12,16,22.91573280173843,16;32;64;128;256;512,22.91573280173843;7.650967355646869;4.5266563280767835;1.357856489671233;1.0468941099674527;0.11059050937989225,0.2,8,7661,0.9351806640625,78.54390623513609,78.59738539671525,0.05347916157916188,41.37028999640444,12.928215623876387,4.892329931259155
60,1,0.0,0.1572560396448945,0.1572560396448945,0.9809889061705676,512.000000332685,1024,12,16,21.83926224473226,16;32;64;128;256;512,21.83926224473226;9.334178167456482;5.942354886128436;1.5579564019610406;1.673776280600443;0.15125865068364955,0.2,8,8117,0.9908447265625,68.59303592372453,75.3634635345079,6.770427610783372,48.6824105865826,15.213253308307062,4.964430093765259
60,2,0.1572560396448945,0.353453820879008,0.1961977812341135,0.9809889061705676,738.9545650258691,1024,12,16,18.442621484483624,16;32;64;128;256;512,18.442621484483624;8.790376758218018;5.618091001189909;1.806105924677932;1.4252357936751587;0.2265749912271988,0.2,8,8023,0.9793701171875,75.3634635345079,78.36227947892621,2.998815944418311,45.98502175104382,14.370319297201192,5.031875848770142
60,3,0.353453820879008,0.5496516021131215,0.19619778123411347,0.9809889061705676,892.5734361140037,1024,12,16,18.12248051054627,16;32;64;128;256;512,18.12248051054627;7.610550844930032;5.504771122631783;1.4753864219255752;0.9335799199750183;0.22008015488278287,0.2,8,7882,0.962158203125,78.36227947892621,79.26732517575147,0.9050456968252547,43.274899987627855,13.523406246133703,5.092674970626831
60,4,0.5496516021131215,0.745849383347235,0.19619778123411358,0.9809889061705676,942.2047228674083,1024,12,16,25.371577291480715,16;32;64;128;256;512,25.371577291480715;8.968000862829758;5.353193206209774;1.2489751912193356;0.7025876949581678;0.20735814896620802,0.2,8,7731,0.9437255859375,79.26732517575147,79.81247761053964,0.5451524347881787,41.687967176213604,13.02748974256675,5.045914888381958
60,5,0.745849383347235,0.9420471645813486,0.19619778123411358,0.9809889061705676,966.5371724266269,1024,12,16,28.800403543245803,16;32;64;128;256;512,28.800403543245803;9.4513693418827;6.488246616080627;1.2622682168035178;1.5746279027556247;0.1918902593563504,0.2,8,7609,0.9288330078125,79.81247761053964,80.15179484011605,0.33931722957640886,40.576524504320986,12.680163907600308,4.780266046524048
60,6,0.9420471645813486,0.9809889061705676,0.038941741589218926,0.9809889061705676,1021.8953557663799,1024,12,16,16.475657948054454,16;32;64;128;256;512,16.475657948054454;6.6385559460349;4.540441371385762;0.6769032256983015;1.0535246460137129;0.14527559788368405,0.2,8,7576,0.9248046875,80.15179484011605,80.25628773809876,0.10449289798270911,39.93007063739565,12.47814707418614,4.723514795303345
62,1,0.0,0.15248343895160726,0.15248343895160726,0.9670855110450052,512.0000001207968,1024,12,16,31.262619916730046,16;32;64;128;256;512,31.262619916730046;13.845746324898546;9.337360507292612;2.6773720328372757;2.575676481849185;0.1875391417195484,0.2,8,8104,0.9892578125,69.96273096342338,76.86449309805175,6.90176213462837,49.45365599719345,15.454267499122953,4.9824371337890625
62,2,0.15248343895160726,0.3459005411606083,0.19341710220900105,0.9670855110450052,708.4734871193733,1024,12,16,23.24878643754952,16;32;64;128;256;512,23.24878643754952;6.630704111114758;5.31796570530833;1.4827445031848776;1.2347539618303454;0.2385062621784959,0.2,8,8020,0.97900390625,76.86449309805175,79.95269796677167,3.088204868719913,45.57612935970884,14.242540424909011,4.771204948425293
62,3,0.3459005411606083,0.5393176433696094,0.1934171022090011,0.9670855110450052,877.7825575108922,1024,12,16,22.881767459892302,16;32;64;128;256;512,22.881767459892302;6.094312297708522;5.429679999330541;1.5573971126658759;0.8172813920193533;0.25478153936332987,0.2,8,7893,0.9635009765625,79.95269796677167,81.09269472328015,1.1399967565084808,43.91337375663935,13.722929298949797,4.7691490650177
62,4,0.5393176433696094,0.7327347455786104,0.193417102209001,0.9670855110450052,937.765876025035,1024,12,16,13.75451402323773,16;32;64;128;256;512,13.75451402323773;6.278255706028719;4.0049870815734945;1.4977723420446156;0.5898334959085256;0.10683594161265342,0.2,8,7753,0.9464111328125,81.09269472328015,81.75190604350064,0.6592113202204928,42.41109557872764,13.253467368352387,4.790452003479004
62,5,0.7327347455786104,0.9261518477876114,0.193417102209001,0.9670855110450052,966.7173466657615,1024,12,16,12.358544457219066,16;32;64;128;256;512,12.358544457219066;6.852640001982706;3.032621116818821;0.9320734689483878;0.765390033949932;0.1010750214270994,0.2,8,7586,0.926025390625,81.75190604350064,82.02370296488516,0.27179692138452083,41.19468257590639,12.873338304970746,5.048871994018555
62,6,0.9261518477876114,0.9670855110450052,0.04093366325739378,0.9670855110450052,1021.7800180985965,1024,12,16,20.49607510123803,16;32;64;128;256;512,20.49607510123803;7.318449434847689;5.821753354816864;1.5345714987700458;1.3767757949617476;0.04352632505279126,0.2,8,7557,0.9224853515625,82.02370296488516,82.04200511577073,0.01830215088557452,40.18321281193348,12.557254003729211,5.035333871841431
64,1,0.0,0.15318100830814335,0.15318100830814335,1.019438078699726,512.0000003566424,1024,12,16,25.153776076219398,16;32;64;128;256;512,25.153776076219398;8.2221784328719;6.863727455545015;1.6460735007582696;1.7845030935595632;0.24918626584781006,0.2,8,8119,0.9910888671875,71.58367678173818,78.85087509849109,7.267198316752911,49.56879625253606,15.490248828917519,4.757138013839722
64,2,0.15318100830814335,0.35706862404808853,0.20388761573994518,1.019438078699726,710.4541897845803,1024,12,16,24.762539974796738,16;32;64;128;256;512,24.762539974796738;10.378197850027066;5.5272716649214235;1.7236013656059415;1.3699221220869573;0.20339588640975403,0.2,8,8024,0.9794921875,78.85087509849109,81.72858318884391,2.877708090352826,45.960600167504545,14.36268755234517,4.837815046310425
64,3,0.35706862404808853,0.5609562397880337,0.20388761573994513,1.019438078699726,877.8309287789373,1024,12,16,25.26592196159598,16;32;64;128;256;512,25.26592196159598;7.929685759264127;6.585908722532225;1.482234640725704;1.3961460268439445;0.1858578445699129,0.2,8,7875,0.9613037109375,81.72858318884391,82.70539546315558,0.9768122743116692,42.77307364676165,13.366585514613016,5.485602140426636
64,4,0.5609562397880337,0.7648438555279788,0.20388761573994518,1.019438078699726,931.7230303793325,1024,12,16,24.804149368234498,16;32;64;128;256;512,24.804149368234498;6.42510467020544;5.765746695963057;0.8552322430514372;0.9284466171182483;0.21523308020372323,0.2,8,7764,0.94775390625,82.70539546315558,83.3468209564453,0.6414254932897165,43.31287231363361,13.535272598010502,4.851634979248047
64,5,0.7648438555279788,0.968731471267924,0.20388761573994518,1.019438078699726,965.5316299081815,1024,12,16,25.606734173798166,16;32;64;128;256;512,25.606734173798166;11.778922630357009;7.404485609496946;1.0851013672575582;1.1966698042314279;0.2736930690750044,0.2,8,7601,0.9278564453125,83.3468209564453,83.693251451361,0.346430494915694,40.98967470838775,12.809273346371173,4.883033990859985
64,6,0.968731471267924,1.019438078699726,0.05070660743180189,1.019438078699726,1020.1304436171404,1024,12,16,16.250469571037627,16;32;64;128;256;512,16.250469571037627;7.147424043902882;3.820621271717488;0.7537892469036048;0.6711230455763513;0.044338563593130244,0.2,8,7534,0.919677734375,83.693251451361,83.7574019691674,0.06415051780641079,40.25095113388889,12.578422229340278,4.87682580947876
66,1,0.0,0.15975871545697773,0.15975871545697773,1.0247834299573477,512.0000000329346,1024,12,16,28.841186344343132,16;32;64;128;256;512,28.841186344343132;14.482933972051319;7.652515505407852;2.0834741157595813;1.867382764306508;0.31764888545710834,0.2,8,8108,0.98974609375,72.63072706805542,79.21078102162573,6.580053953570314,49.07627250156752,15.33633515673985,5.038887977600098
66,2,0.15975871545697773,0.3647154014484473,0.20495668599146954,1.0247834299573477,714.4510250999743,1024,12,16,22.434570715519683,16;32;64;128;256;512,22.434570715519683;7.636386963008635;3.477493981406216;1.8627914044042466;1.3390254036848426;0.1344760850687462,0.2,8,8012,0.97802734375,79.21078102162573,82.25013631145703,3.039355289831292,45.20868213876253,14.127713168363291,4.76046085357666
66,3,0.3647154014484473,0.5696720874399168,0.20495668599146954,1.0247834299573477,878.4300910026354,1024,12,16,24.136866362146336,16;32;64;128;256;512,24.136866362146336;11.993145077072214;7.066530558683804;1.4986915110364933;1.2965026176553573;0.2530548829727024,0.2,8,7850,0.958251953125,82.25013631145703,83.24777585768607,0.9976395462290384,43.580675354103086,13.618961048157214,4.808145046234131
66,4,0.5696720874399168,0.7746287734313864,0.20495668599146954,1.0247834299573477,934.1622564056366,1024,12,16,23.338802636794156,16;32;64;128;256;512,23.338802636794156;8.879111021186027;6.0239476729961146;1.8020067308443501;0.9564305068403608;0.12896362874017583,0.2,8,7708,0.94091796875,83.24777585768607,83.88588573911693,0.6381098814308643,42.018190223147975,13.130684444733742,5.101337909698486
66,5,0.7746287734313864,0.9795854594228559,0.20495668599146954,1.0247834299573477,959.3839234745421,1024,12,16,20.739889253293708,16;32;64;128;256;512,20.739889253293708;7.261228206196374;3.3503669389596626;1.0356706617275688;0.8475223403587435;0.0874352855734409,0.2,8,7558,0.922607421875,83.88588573911693,84.22514400596265,0.339258266845718,39.95796922028661,12.486865381339564,4.742680072784424
66,6,0.9795854594228559,1.0247834299573477,0.045197970534491816,1.0247834299573477,1021.1387619137574,1024,12,16,17.262036348063276,16;32;64;128;256;512,17.262036348063276;4.8507589442558485;4.6646920336802715;1.3856313517064505;0.4096947394605029;0.08741700150058804,0.2,8,7500,0.91552734375,84.22514400596265,84.30321584420744,0.0780718382447958,40.158609382540014,12.549565432043753,4.990293979644775
68,1,0.0,0.1609889044157855,0.1609889044157855,1.0050906477119057,512.0000003224363,1024,12,16,22.358452371508907,16;32;64;128;256;512,22.358452371508907;10.485130812796655;7.223997660146824;2.4685902644623274;1.6705359775677098;0.24210046552966522,0.2,8,8113,0.9903564453125,73.40831250854535,80.1217073428561,6.713394834310748,48.95495273203319,15.298422728760372,4.864829063415527
68,2,0.1609889044157855,0.3620070339581667,0.20101812954238119,1.0050906477119057,711.6598345351209,1024,12,16,21.568771021666326,16;32;64;128;256;512,21.568771021666326;8.490395373871266;5.245835618402929;1.59022374048809;1.1177676754835402;0.164765151903394,0.2,8,8004,0.97705078125,80.1217073428561,83.29983881616499,3.178131473308895,44.84145087368114,14.012953398025356,4.8018999099731445
68,3,0.3620070339581667,0.5630251635005479,0.20101812954238119,1.0050906477119057,886.1092351983948,1024,12,16,18.445296095640344,16;32;64;128;256;512,18.445296095640344;7.91061043268327;4.6977543407062194;1.1988043683278946;0.8948808261378758;0.12291872306806355,0.2,8,7799,0.9520263671875,83.29983881616499,84.1835607914254,0.8837219752604142,43.55988184366882,13.612463076146506,4.713817834854126
68,4,0.5630251635005479,0.7640432930429291,0.20101812954238119,1.0050906477119057,936.80537966363,1024,12,16,13.670882601440779,16;32;64;128;256;512,13.670882601440779;6.379372085604151;2.598725878044029;1.5401891900955236;0.702524059791296;0.13510746151123362,0.2,8,7662,0.935302734375,84.1835607914254,84.7653601381462,0.5817993467207998,42.220923313162956,13.194038535363424,4.712582111358643
68,5,0.7640432930429291,0.9650614225853102,0.20101812954238119,1.0050906477119057,964.4963789468458,1024,12,16,11.559709759716187,16;32;64;128;256;512,11.559709759716187;5.116486011451545;3.455790473796441;1.2416150401042807;0.10357878915175743;0.10305368187126043,0.2,8,7513,0.9171142578125,84.7653601381462,85.10168168193195,0.3363215437857434,40.959464888423966,12.799832777632489,4.713760137557983
68,6,0.9650614225853102,1.0050906477119057,0.04002922512659546,1.0050906477119057,1021.672765266185,1024,12,16,16.623399764268346,16;32;64;128;256;512,16.623399764268346;8.447257776315825;3.579923855932776;0.9143787345121382;0.7311861663810099;0.11148070627620842,0.2,8,7500,0.91552734375,85.10168168193195,85.22975995973684,0.12807827780488878,40.76715222305247,12.739735069703896,4.95757794380188
70,1,0.0,0.15665553740802834,0.15665553740802834,1.0975725273598247,512.0000000141804,1024,12,16,24.20961835507913,16;32;64;128;256;512,24.20961835507913;10.222412360385892;5.678133664354308;1.444569197783659;1.5853120006437784;0.21505853181461257,0.2,8,8109,0.9898681640625,74.53189635538729,80.96081528591458,6.4289189305272885,51.75654448412711,16.17392015128972,4.973863840103149
70,2,0.15665553740802834,0.3761700428799933,0.21951450547196494,1.0975725273598247,676.5889140409407,1024,12,16,25.199544870754117,16;32;64;128;256;512,25.199544870754117;9.391896228433255;5.156480211665844;1.7606477093049857;0.7191575442490281;0.26326889270459103,0.2,8,7993,0.9757080078125,80.96081528591458,84.2664917029906,3.305676417076029,46.16538910053218,14.426684093916306,4.783862829208374
70,3,0.3761700428799933,0.5956845483519582,0.21951450547196488,1.0975725273598247,856.6014011469155,1024,12,16,26.356600074170306,16;32;64;128;256;512,26.356600074170306;7.2375450070733205;6.420225021040262;2.221223285170682;1.2500803005081118;0.20803413099954926,0.2,8,7797,0.9517822265625,84.2664917029906,85.3900358399842,1.123544136993587,42.84840095571845,13.390125298662015,4.766899108886719
70,4,0.5956845483519582,0.8151990538239231,0.21951450547196494,1.0975725273598247,923.2297065472683,1024,12,16,20.512420012090548,16;32;64;128;256;512,20.512420012090548;4.817739456504075;4.585589198161403;1.3895423542983523;1.2991920664378045;0.09823681671356357,0.2,8,7621,0.9302978515625,85.3900358399842,85.79019820212852,0.40016236214432865,41.76516250660252,13.051613283313287,4.7267889976501465
70,5,0.8151990538239231,1.034713559295888,0.21951450547196494,1.0975725273598247,949.550833417035,1024,12,16,24.783293938971386,16;32;64;128;256;512,24.783293938971386;4.584566660767582;4.55797540454607;0.484399977912719;0.09291975980307594;0.08100869081276628,0.2,8,7414,0.905029296875,85.79019820212852,86.27791442803573,0.48771622590720654,39.75651167204957,12.42390989751549,5.141002893447876
70,6,1.034713559295888,1.0975725273598247,0.06285896806393665,1.0975725273598247,1018.7110491046403,1024,12,16,20.59651884273829,16;32;64;128;256;512,20.59651884273829;4.032397048826245;4.335972505968973;0.8418805494633889;0.687499942961227;0.1777162300354424,0.2,8,7386,0.901611328125,86.27791442803573,86.29404333699495,0.01612890895921737,39.357195812386266,12.299123691370708,4.89424991607666
72,1,0.0,0.15678057764506687,0.15678057764506687,1.0627239526479773,512.0000003824703,1024,12,16,22.728824913443336,16;32;64;128;256;512,22.728824913443336;12.68693845018619;5.544708923495786;1.646177095469567;1.2098790417502332;0.2753040743046175,0.2,8,8108,0.98974609375,75.13741857226705,82.11701579409419,6.9795972218271345,51.82416421930261,16.195051318532066,5.006850004196167
72,2,0.15678057764506687,0.3693253681746623,0.21254479052959546,1.0627239526479773,703.3682049009911,1024,12,16,19.468298448795895,16;32;64;128;256;512,19.468298448795895;9.614703735654981;4.55966709094489;1.5371465111164198;1.14100781175022;0.21809135626665369,0.2,8,7953,0.9708251953125,82.11701579409419,85.19643020979129,3.0794144156971015,47.608108394053886,14.87753387314184,5.0510499477386475
72,3,0.3693253681746623,0.5818701587042578,0.21254479052959552,1.0627239526479773,870.9523872422195,1024,12,16,14.580959313824563,16;32;64;128;256;512,14.580959313824563;6.627310406711486;4.214189548716891;1.479525739168453;0.9659285099879885;0.092900268303444,0.2,8,7772,0.94873046875,85.19643020979129,86.14102443063166,0.9445942208403721,43.94024340236025,13.731326063237578,4.965190172195435
72,4,0.5818701587042578,0.7944149492338533,0.2125447905295954,1.0627239526479773,927.4662037819326,1024,12,16,22.99205304970848,16;32;64;128;256;512,22.99205304970848;8.4675344125026;4.914272301569347;1.607007597604801;1.1818901391748082;0.14721099168486,0.2,8,7624,0.9306640625,86.14102443063166,86.77845213899855,0.6374277083668858,41.722181464769506,13.03818170774047,4.785882949829102
72,5,0.7944149492338533,1.0069597397634487,0.2125447905295954,1.0627239526479773,957.6622514258564,1024,12,16,22.160071269163232,16;32;64;128;256;512,22.160071269163232;7.389294057367086;5.463717739046281;1.4429531908964837;0.8731426805776236;0.051371096372959155,0.2,8,7422,0.906005859375,86.77845213899855,87.08679757709615,0.3083454380976036,40.97540271987367,12.804813349960522,5.097460031509399
72,6,1.0069597397634487,1.0627239526479773,0.0557642128845286,1.0627239526479773,1019.5603593604585,1024,12,16,19.142256288197228,16;32;64;128;256;512,19.142256288197228;8.58127443433113;3.4965852017027848;0.7080808288595708;0.14675694039321321;0.138232181130268,0.2,8,7341,0.8961181640625,87.08679757709615,87.21454870188609,0.12775112478993833,41.00139715768612,12.812936611776912,5.030489206314087
74,1,0.0,0.16038623511159772,0.16038623511159772,0.9737976457354828,512.0000004361214,1024,12,16,25.786454651186194,16;32;64;128;256;512,25.786454651186194;14.082523391282162;7.523514921607101;1.6824073157534503;1.6293305732962045;0.265724941275866,0.2,8,8108,0.98974609375,76.32552430703072,83.21449236647459,6.888968059443869,50.272521334925365,15.710162917164176,4.99817419052124
74,2,0.16038623511159772,0.35514576425869426,0.19475952914709654,0.9737976457354828,737.1869358370147,1024,12,16,16.19156554356073,16;32;64;128;256;512,16.19156554356073;7.795622036380705;4.4262849570812035;1.0105272108565984;1.053773216589528;0.1918832421412155,0.2,8,8011,0.9779052734375,83.21449236647459,85.92491366306785,2.7104212965932675,46.184279015145016,14.432587192232816,4.823096036911011
74,3,0.35514576425869426,0.5499052934057909,0.1947595291470966,0.9737976457354828,884.2125836289819,1024,12,16,19.234869607936716,16;32;64;128;256;512,19.234869607936716;7.047535182361651;5.092208301585;1.4616024313059235;0.9454224075254148;0.16543261658616962,0.2,8,7820,0.95458984375,85.92491366306785,86.99524336936884,1.0703297063009813,43.84607681922744,13.701899006008574,5.089617013931274
74,4,0.5499052934057909,0.7446648225528875,0.1947595291470966,0.9737976457354828,934.6810577211272,1024,12,16,20.591443596807782,16;32;64;128;256;512,20.591443596807782;9.402627831209003;5.6864256116781595;0.9637950322921052;0.8636968022776021;0.1788741675771236,0.2,8,7685,0.9381103515625,86.99524336936884,87.65404172462877,0.6587983552599326,42.12979763992844,13.165561762477637,5.0099101066589355
74,5,0.7446648225528875,0.9394243516999841,0.1947595291470966,0.9737976457354828,964.1946433590089,1024,12,16,16.189557949083483,16;32;64;128;256;512,16.189557949083483;4.804383411228842;3.351377991841194;0.8663165173687185;0.7832604614755811;0.10581818448178508,0.2,8,7541,0.9205322265625,87.65404172462877,87.86106980207842,0.20702807744964957,39.50577141579459,12.34555356743581,5.016119003295898
74,6,0.9394243516999841,0.9737976457354828,0.034373294035498714,0.9737976457354828,1021.9200374633795,1024,12,16,17.951608358052702,16;32;64;128;256;512,17.951608358052702;6.2347825058230075;3.454073194599625;1.0443235632095988;1.1505309828824175;0.16518764997509158,0.2,8,7451,0.9095458984375,87.86106980207842,87.97137563023716,0.11030582815874368,39.96800032921895,12.490000102880922,5.009282112121582
76,1,0.0,0.1582480077226867,0.1582480077226867,1.1569580855418709,512.000000259759,1024,12,16,27.429588472364912,16;32;64;128;256;512,27.429588472364912;10.660784116755462;7.890359831844998;2.4567955925036062;1.5845319313070494;0.1997948373898492,0.2,8,8112,0.990234375,76.52449035155587,83.53445240523433,7.009962053678464,50.67321725303097,15.835380391572178,4.815340995788574
76,2,0.1582480077226867,0.3896396248310609,0.2313916171083742,1.1569580855418709,667.8481755500432,1024,12,16,23.30535923313871,16;32;64;128;256;512,23.30535923313871;7.787750795401071;5.474228649116926;1.5149629558825988;1.425867089592638;0.08078214390533106,0.2,8,7971,0.9730224609375,83.53445240523433,86.64193072845228,3.107478323217947,46.82055049067379,14.631422028335558,4.856158971786499
76,3,0.3896396248310609,0.621031241939435,0.23139161710837414,1.1569580855418709,851.93609451715,1024,12,16,16.94392655167879,16;32;64;128;256;512,16.94392655167879;8.94935790661898;4.897565447784753;1.3309728169070982;0.7710957789526535;0.14398203791706135,0.2,8,7809,0.9532470703125,86.64193072845228,87.78558766772039,1.1436569392681122,43.73128189579973,13.666025592437416,5.071475982666016
76,4,0.621031241939435,0.8524228590478092,0.2313916171083742,1.1569580855418709,925.5195973343547,1024,12,16,22.072854248530913,16;32;64;128;256;512,22.072854248530913;7.794480854571438;4.304647807905844;1.725331874269469;1.0363182198564518;0.15191867324396613,0.2,8,7602,0.927978515625,87.78558766772039,88.30485862586647,0.5192709581460804,41.84571831236835,13.076786972615109,4.991173982620239
76,5,0.8524228590478092,1.0838144761561834,0.2313916171083742,1.1569580855418709,953.4017593888702,1024,12,16,15.623356739457472,16;32;64;128;256;512,15.623356739457472;7.732413070109647;2.433192604586595;0.6361786871444192;0.6213653835122527;0.025968544899899564,0.2,8,7403,0.9036865234375,88.30485862586647,88.66558292484842,0.3607242989819497,40.22144265940024,12.569200831062574,4.756053924560547
76,6,1.0838144761561834,1.1569580855418709,0.07314360938568742,1.1569580855418709,1017.5221058794623,1024,12,16,21.402906319468052,16;32;64;128;256;512,21.402906319468052;7.706148649144125;3.074152029760777;0.8449847865542112;0.5166770475147205;0.12738567503768922,0.2,8,7306,0.891845703125,88.66558292484842,88.80266772652976,0.13708480168133974,39.076340450906436,12.21135639090826,5.525254011154175
78,1,0.0,0.17137039728023742,0.17137039728023742,1.0427638095581822,512.0000000897439,1024,12,16,22.855555433041186,16;32;64;128;256;512,22.855555433041186;7.683509377150039;5.234697333540585;1.9052740033216302;1.167155406729845;0.20302079150948366,0.2,8,8097,0.9884033203125,78.38674105709651,84.8642900926061,6.477549035509583,49.04246069850885,15.325768968284015,4.899812936782837
78,2,0.17137039728023742,0.37992315919187386,0.20855276191163644,1.0427638095581822,723.9931061916936,1024,12,16,20.16096101793467,16;32;64;128;256;512,20.16096101793467;10.407581937489244;7.0163766740631095;1.82527787997739;1.8112175645873063;0.2882035777083179,0.2,8,7955,0.9710693359375,84.8642900926061,87.64174000010826,2.7774499075021595,45.5550999842057,14.23596874506428,5.0238001346588135
78,3,0.37992315919187386,0.5884759211035103,0.20855276191163646,1.0427638095581822,876.8106406822197,1024,12,16,20.426731694844147,16;32;64;128;256;512,20.426731694844147;8.140998701603216;3.801335910270869;1.6160357066678455;1.1192343050851787;0.18117455561210946,0.2,8,7778,0.949462890625,87.64174000010826,88.61540240922477,0.973662409116514,43.796175810270455,13.686304940709517,4.753540992736816
78,4,0.5884759211035103,0.7970286830151467,0.2085527619116364,1.0427638095581822,930.8780957403279,1024,12,16,17.179572518110017,16;32;64;128;256;512,17.179572518110017;6.214464337471447;5.8217698219357095;1.195112456055653;0.990496937179903;0.13216114327514059,0.2,8,7555,0.9222412109375,88.61540240922477,89.21933812426869,0.6039357150439173,41.621608571739124,13.006752678668475,5.052763938903809
78,5,0.7970286830151467,1.0055814449267833,0.20855276191163652,1.0427638095581822,960.2200112206664,1024,12,16,15.686292544136071,16;32;64;128;256;512,15.686292544136071;5.591940287862772;4.084838937933241;0.9065229693935547;0.9899013428664801;0.06783048370991031,0.2,8,7366,0.899169921875,89.21933812426869,89.6068625197513,0.38752439548261464,40.522497281996245,12.663280400623826,5.00571608543396
78,6,1.0055814449267833,1.0427638095581822,0.0371823646313989,1.0427638095581822,1022.0019579943845,1024,12,16,21.707518398997784,16;32;64;128;256;512,21.707518398997784;5.769373931490118;5.633777341452413;1.503690622294357;0.8815025078032163;0.15051483827435772,0.2,8,7320,0.8935546875,89.6068625197513,89.6125788539648,0.005716334213502705,41.68097705142674,13.025305328570855,4.647224187850952
80,1,0.0,0.17236541928273563,0.17236541928273563,0.9420288480021569,512.0000002022134,1024,12,16,16.79449216048668,16;32;64;128;256;512,16.79449216048668;8.639340116749201;4.5259037821952335;1.5991924069372303;1.2012656948021612;0.14045757949388982,0.2,8,8088,0.9873046875,79.0929131154553,85.68560536426958,6.592692248814274,49.46259868240478,15.457062088251494,4.9800660610198975
80,2,0.17236541928273563,0.36077118888316706,0.18840576960043143,0.9420288480021569,768.6608023384892,1024,12,16,25.37395835911145,16;32;64;128;256;512,25.37395835911145;8.803549584306884;5.902231530518712;1.4138483455265107;1.6784889093594237;0.21282211654574074,0.2,8,7973,0.9732666015625,85.68560536426958,88.01031123520806,2.3247058709384874,46.38270666564164,14.494595833013012,5.075590133666992
80,3,0.36077118888316706,0.5491769584835985,0.18840576960043143,0.9420288480021569,888.8462257347195,1024,12,16,17.658886515523136,16;32;64;128;256;512,17.658886515523136;8.19724190158066;3.7949595751425047;0.9217269841168215;0.6353320234661965;0.07125791874384599,0.2,8,7809,0.9532470703125,88.01031123520806,89.09161965735257,1.0813084221445024,44.56674898830121,13.927109058844126,4.799908876419067
80,4,0.5491769584835985,0.7375827280840299,0.18840576960043143,0.9420288480021569,938.0525781248917,1024,12,16,18.511523620229905,16;32;64;128;256;512,18.511523620229905;8.757721165061508;4.785526366088284;1.2637531162658737;1.0224839948332471;0.05916582277080141,0.2,8,7589,0.9263916015625,89.09161965735257,89.55142722139135,0.4598075640387833,42.71504606247321,13.348451894522878,4.823210954666138
80,5,0.7375827280840299,0.9259884976844613,0.18840576960043143,0.9420288480021569,961.0490167211486,1024,12,16,20.1210849900556,16;32;64;128;256;512,20.1210849900556;5.607874329591238;3.9664087429427086;1.31413860962204;0.8257797143576782;0.027636565825079593,0.2,8,7431,0.9071044921875,89.55142722139135,89.9942169263959,0.44278970500454307,40.35570707862317,12.61115846206974,4.847484827041626
80,6,0.9259884976844613,0.9420288480021569,0.016040350317695573,0.9420288480021569,1023.591870770191,1024,12,16,13.376658776347124,16;32;64;128;256;512,13.376658776347124;9.385945344132361;3.8554289892627622;1.4472532009530947;1.239987887006347;0.09827123604734639,0.2,8,7493,0.9146728515625,89.9942169263959,90.02657743135933,0.03236050496343523,41.10514297640181,12.845357180125564,5.018202066421509
82,1,0.0,0.1692985524487414,0.1692985524487414,1.0798651778493726,512.0000000477726,1024,12,16,21.06843476507697,16;32;64;128;256;512,21.06843476507697;7.073595828277137;4.95218923749438;1.8662141517567425;0.8725119252789157;0.1968126309449724,0.2,8,8078,0.986083984375,79.92022114654537,86.9222154134768,7.001994266931433,49.57026970238385,15.49070928199495,5.008691072463989
82,2,0.1692985524487414,0.38527158801861594,0.21597303556987454,1.0798651778493726,735.213660528206,1024,12,16,21.580596964208745,16;32;64;128;256;512,21.580596964208745;9.31424006677652;4.789657438200156;1.3913561302179407;1.2345459813563224;0.3086036070408047,0.2,8,7932,0.96826171875,86.9222154134768,89.4368256139569,2.5146102004800923,46.31183783101076,14.472449322190863,5.0919389724731445
82,3,0.38527158801861594,0.6012446235884905,0.21597303556987457,1.0798651778493726,873.7912790598335,1024,12,16,21.61613597420374,16;32;64;128;256;512,21.61613597420374;5.549535106816445;5.441006103321176;1.6006582649857466;1.2341944337612474;0.22455111425410743,0.2,8,7777,0.9493408203125,89.4368256139569,90.454336729832,1.0175111158750951,43.269915498750905,13.521848593359657,5.062327146530151
82,4,0.6012446235884905,0.8172176591583651,0.21597303556987457,1.0798651778493726,928.9201605642621,1024,12,16,21.90742609030309,16;32;64;128;256;512,21.90742609030309;5.440563044014409;4.167622220332239;1.2362568442284783;0.8002912570163782;0.15422225385713156,0.2,8,7549,0.9215087890625,90.454336729832,90.91902923060115,0.4646925007691607,41.60062763503597,13.00019613594874,4.7058258056640625
82,5,0.8172176591583651,1.0331906947282397,0.21597303556987457,1.0798651778493726,949.3308143976515,1024,12,16,14.811846761688404,16;32;64;128;256;512,14.811846761688404;6.753936605447538;3.3482300687709032;0.7596464170340855;0.43652624307375004;0.04759589236264492,0.2,8,7305,0.8917236328125,90.91902923060115,91.32312743505463,0.4040982044534758,40.04618089843917,12.51443153076224,4.747773885726929
82,6,1.0331906947282397,1.0798651778493726,0.04667448312113298,1.0798651778493726,1020.7433231870897,1024,12,16,17.06131712462546,16;32;64;128;256;512,17.06131712462546;6.772315488492469;2.1044372341868285;0.5701936917037053;0.5101314884031353;0.1353564648744439,0.2,8,7330,0.894775390625,91.32312743505463,91.38815903034993,0.06503159529529512,40.534880018812856,12.667150005879018,4.795322895050049
84,1,0.0,0.16989777837883482,0.16989777837883482,1.0809428244693287,512.0000002082675,1024,12,16,15.51921945725572,16;32;64;128;256;512,15.51921945725572;7.067309675569532;3.7187433899789593;1.5579674302552575;1.1666124321619342;0.20181437216667794,0.2,8,8097,0.9884033203125,80.62855587230297,87.31063113029813,6.682075257995166,50.236437331607284,15.698886666127276,5.4862000942230225
84,2,0.16989777837883482,0.3860863432727005,0.2161885648938657,1.0809428244693287,714.2088070756739,1024,12,16,18.128581486425837,16;32;64;128;256;512,18.128581486425837;7.465915794489117;6.385444160479257;1.3051021507092408;1.3781616284092606;0.28126876723179967,0.2,8,7934,0.968505859375,87.31063113029813,90.11350607604254,2.8028749457444064,46.42449120190114,14.507653500594106,4.734882116317749
84,3,0.3860863432727005,0.6022749081665663,0.21618856489386573,1.0809428244693287,860.4557900930829,1024,12,16,23.91246215993393,16;32;64;128;256;512,23.91246215993393;10.488572033670737;6.395785879795218;1.5755700719779355;1.588753522780148;0.198972229609344,0.2,8,7754,0.946533203125,90.11350607604254,91.14530226495117,1.0317961889086291,44.5672812566466,13.927275392702063,4.871505975723267
84,4,0.6022749081665663,0.818463473060432,0.21618856489386573,1.0809428244693287,921.2129213269463,1024,12,16,28.52478656816519,16;32;64;128;256;512,28.52478656816519;9.976627814456277;5.544976330549119;1.4909270622741968;1.2764334664619303;0.05633245170320806,0.2,8,7566,0.923583984375,91.14530226495117,91.80852685042191,0.6632245854707435,42.02238505889358,13.131995330904244,4.821967124938965
84,5,0.818463473060432,1.0346520379542978,0.21618856489386584,1.0809428244693287,955.4884294008806,1024,12,16,21.52877782939754,16;32;64;128;256;512,21.52877782939754;9.01504354083053;4.545327925069535;1.4584499682723664;0.8810842726433655;0.05105445086304327,0.2,8,7362,0.898681640625,91.80852685042191,92.154874390224,0.3463475398020819,39.416580281399014,12.317681337937191,4.85630202293396
84,6,1.0346520379542978,1.0809428244693287,0.046290786515030824,1.0809428244693287,1020.8058894744023,1024,12,16,17.04857783503682,16;32;64;128;256;512,17.04857783503682;6.795872069002322;4.060389253880155;1.2293676096449222;0.7084142410166986;0.21562377703652313,0.2,8,7287,0.8895263671875,92.154874390224,92.13174334005453,-0.023131050169467926,39.79228419095513,12.435088809673477,4.852629899978638
86,1,0.0,0.1744014063916624,0.1744014063916624,1.0734000755697621,512.0000002502861,1024,12,16,25.032666450915073,16;32;64;128;256;512,25.032666450915073;8.74036837394127;5.671274320062927;1.3297658039177656;1.4831856118501452;0.22930597444600687,0.2,8,8071,0.9852294921875,81.88056314922869,88.50238677230664,6.621823623077944,49.842091779950906,15.575653681234657,4.9842071533203125
86,2,0.1744014063916624,0.38908142150561487,0.21468001511395246,1.0734000755697621,743.1673360648451,1024,12,16,23.798708412144396,16;32;64;128;256;512,23.798708412144396;10.75864705696824;6.352424298257838;1.5048088102441077;1.1376176814140877;0.21481162830655853,0.2,8,7940,0.96923828125,88.50238677230664,90.83457821886986,2.332191446563229,46.376400889750975,14.492625278047178,4.812256097793579
86,3,0.38908142150561487,0.6037614366195673,0.2146800151139524,1.0734000755697621,881.9101954902255,1024,12,16,16.293676122406353,16;32;64;128;256;512,16.293676122406353;8.291081447352575;4.45733249565011;1.400824286888533;0.8484268591180925;0.16276231220183554,0.2,8,7770,0.948486328125,90.83457821886986,91.76343810744584,0.9288598885759711,43.53122550757057,13.603507971115802,5.008346080780029
86,4,0.6037614366195673,0.8184414517335197,0.2146800151139524,1.0734000755697621,927.3270212813474,1024,12,16,20.024794057970418,16;32;64;128;256;512,20.024794057970418;9.589894371454696;4.192504695604389;0.9406257424016299;1.1662316414243346;0.053498472941547574,0.2,8,7526,0.918701171875,91.76343810744584,92.37214523751754,0.6087071300717071,41.770595139796995,13.053310981186561,4.758959054946899
86,5,0.8184414517335197,1.0331214668474722,0.21468001511395252,1.0734000755697621,952.6107214810809,1024,12,16,19.939205491968057,16;32;64;128;256;512,19.939205491968057;7.399354508823897;5.60202999250516;0.8950736137891949;0.5231825500702466;0.060205718958509444,0.2,8,7303,0.8914794921875,92.37214523751754,92.6780045524938,0.30585931497626007,39.447974469341574,12.327492021669242,4.7880189418792725
86,6,1.0331214668474722,1.0734000755697621,0.040278608722289944,1.0734000755697621,1021.4485595888017,1024,12,16,12.425977515024444,16;32;64;128;256;512,12.425977515024444;8.215574699299713;2.317005539559546;1.585226259169894;0.6820658045901963;0.09671715935804212,0.2,8,7221,0.8814697265625,92.6780045524938,92.78990585473366,0.11190130223985761,39.55500412312469,12.360938788476465,4.815943002700806
88,1,0.0,0.18548684918347924,0.18548684918347924,1.062905437798093,512.000000344814,1024,12,16,29.106766841659947,16;32;64;128;256;512,29.106766841659947;14.866572473523082;8.64332770800994;2.3622936082626356;2.0814016788136325;0.2561048707254281,0.2,8,8068,0.98486328125,82.9258846246521,89.28452960937284,6.3586449847207405,49.22232177609613,15.38197555503004,5.0541300773620605
88,2,0.18548684918347924,0.39806793674309787,0.21258108755961863,1.062905437798093,760.213668246162,1024,12,16,16.508172931539356,16;32;64;128;256;512,16.508172931539356;8.693794811171536;5.273601078541208;1.2377956664566419;1.3779430119862381;0.16505256981405134,0.2,8,7898,0.964111328125,89.28452960937284,91.38877666078042,2.104247051407583,45.81866252378683,14.318332038683383,4.733960866928101
88,3,0.39806793674309787,0.6106490243027165,0.21258108755961863,1.062905437798093,878.9044148209118,1024,12,16,19.258940618957514,16;32;64;128;256;512,19.258940618957514;8.47741015843987;4.9873785818664365;1.7313504817082916;1.0400533949100645;0.2919327521074863,0.2,8,7690,0.938720703125,91.38877666078042,92.34766214317642,0.9588854823959991,43.4145009349583,13.567031542174467,5.0755181312561035
88,4,0.6106490243027165,0.8232301118623351,0.21258108755961858,1.062905437798093,931.954917606793,1024,12,16,16.863038899321733,16;32;64;128;256;512,16.863038899321733;5.223816818290971;4.4262619673896815;0.41970228372153034;1.0134119600189666;0.02370687062687023,0.2,8,7482,0.913330078125,92.34766214317642,92.93663947563618,0.5889773324597627,42.320189458804485,13.2250592058764,4.78125
88,5,0.8232301118623351,1.0358111994219537,0.21258108755961858,1.062905437798093,956.5504520878833,1024,12,16,16.393274964331514,16;32;64;128;256;512,16.393274964331514;7.0836383604931035;3.828001067424053;0.985887496830884;0.6336038247815029;0.05904387014301488,0.2,8,7252,0.88525390625,92.93663947563618,93.30460032983683,0.3679608542006463,41.36059452327821,12.92518578852444,4.882183074951172
88,6,1.0358111994219537,1.062905437798093,0.027094238376139446,1.062905437798093,1022.9254599313607,1024,12,16,19.907572560533595,16;32;64;128;256;512,19.907572560533595;6.414448779253474;2.560023030254228;1.1019437184017562;0.6448840124042932;0.07714076550900363,0.2,8,7267,0.8870849609375,93.30460032983683,93.36807489220519,0.06347456236835569,40.0924434794545,12.528888587329531,5.069243907928467
90,1,0.0,0.1792193709528124,0.1792193709528124,0.9459978044089818,512.0000003211944,1024,12,16,22.121582319492717,16;32;64;128;256;512,22.121582319492717;9.686949829061962;4.652094889340274;2.0582008022757616;1.309423331180743;0.1584249794009361,0.2,8,8063,0.9842529296875,82.962747094105,89.40983286721166,6.447085773106664,49.84228145907489,15.575712955960903,4.741837978363037
90,2,0.1792193709528124,0.3684189318346088,0.18919956088179637,0.9459978044089818,778.3943004741905,1024,12,16,22.61210208194676,16;32;64;128;256;512,22.61210208194676;5.50074252588543;5.923879113201978;1.2729383811899024;0.968858993746713;0.15979989304601053,0.2,8,7920,0.966796875,89.40983286721166,91.62108130636625,2.2112484391545877,46.7790578731964,14.618455585373875,5.207944869995117
90,3,0.3684189318346088,0.5576184927164052,0.1891995608817964,0.9459978044089818,893.4265328965256,1024,12,16,18.615312652610072,16;32;64;128;256;512,18.615312652610072;7.062721827090062;4.0572697059679586;1.063624488037998;1.0970599458452894;0.23416245145161968,0.2,8,7794,0.951416015625,91.62108130636625,92.62324926548172,1.002167959115468,43.17070113109979,13.490844103468683,4.853254795074463
90,4,0.5576184927164052,0.7468180535982015,0.18919956088179635,0.9459978044089818,938.8438399533158,1024,12,16,24.419480890172988,16;32;64;128;256;512,24.419480890172988;9.201354200869435;4.613402827809323;1.4926069971493496;0.9739705601326178;0.18737451126839166,0.2,8,7577,0.9249267578125,92.62324926548172,93.19553008070216,0.5722808152204379,41.92240563250759,13.100751760158621,4.836437940597534
90,5,0.7468180535982015,0.9360176144799979,0.18919956088179635,0.9459978044089818,963.9344248435111,1024,12,16,16.50659020419526,16;32;64;128;256;512,16.50659020419526;6.985435070857447;4.215049467391419;1.0325464763396044;0.5142166097285656;0.026555143682426344,0.2,8,7341,0.8961181640625,93.19553008070216,93.44433704914991,0.2488069684477523,41.02605546036057,12.820642331362677,4.922719955444336
90,6,0.9360176144799979,0.9459978044089818,0.009980189928983974,0.9459978044089818,1023.8021613119035,1024,12,16,19.153292258334066,16;32;64;128;256;512,19.153292258334066;7.136679177028135;4.454958170745603;0.9339319438668869;0.655040840059885;0.09884488105028387,0.2,8,7356,0.89794921875,93.44433704914991,93.53816967911553,0.09383262996561825,41.550825364974926,12.984632926554664,4.8705809116363525
92,1,0.0,0.19237036018186515,0.19237036018186515,1.1216840461115598,512.0000002104912,1024,12,16,22.15597295552723,16;32;64;128;256;512,22.15597295552723;10.906415226469099;6.976876692570989;1.5410055078271403;1.7101626000630383;0.21224637233728294,0.2,8,8066,0.984619140625,84.02114065294154,90.17915393563453,6.158013282692991,49.70126200001181,15.53164437500369,4.736613988876343
92,2,0.19237036018186515,0.4167071694041771,0.22433680922231197,1.1216840461115598,751.6751459695915,1024,12,16,22.518991629707113,16;32;64;128;256;512,22.518991629707113;9.988026326182066;4.3846944251334525;1.5957671218121698;1.3434688576671578;0.21066617266217508,0.2,8,7905,0.9649658203125,90.17915393563453,92.39218577963766,2.213031844003126,45.4566807249319,14.205212726541218,5.092612981796265
92,3,0.4167071694041771,0.6410439786264891,0.22433680922231197,1.1216840461115598,875.8279019796793,1024,12,16,23.4584175780147,16;32;64;128;256;512,23.4584175780147;8.809509271846887;8.053453393250434;2.0070606469448524;1.4474034460176548;0.15620417768101827,0.2,8,7694,0.939208984375,92.39218577963766,93.28535137244035,0.8931655928026885,43.43084967347133,13.57214052295979,4.98264217376709
92,4,0.6410439786264891,0.8653807878488011,0.22433680922231203,1.1216840461115598,919.8655412179552,1024,12,16,19.22598979825172,16;32;64;128;256;512,19.22598979825172;9.652500535266828;6.141442540615641;1.3345514653286366;0.7586796820437813;0.0440458981952403,0.2,8,7453,0.9097900390625,93.28535137244035,93.88673555129208,0.6013841788517311,41.14883927708616,12.859012274089425,5.020248889923096
92,5,0.8653807878488011,1.089717597071113,0.22433680922231192,1.1216840461115598,948.9803573363365,1024,12,16,13.18282287650494,16;32;64;128;256;512,13.18282287650494;6.677112448796936;5.844807815837942;0.2970710907671739;0.5898542035348637;0.04036759650324526,0.2,8,7179,0.8763427734375,93.88673555129208,94.29359701450448,0.4068614632124081,38.520636789554544,12.037698996735795,4.863503932952881
92,6,1.089717597071113,1.1216840461115598,0.031966449040446765,1.1216840461115598,1022.5324406112076,1024,12,16,14.11523451134621,16;32;64;128;256;512,14.11523451134621;7.015187769494866;3.7358582272612195;0.9971892281395437;0.5393491442620798;0.060867366834437914,0.2,8,7163,0.8743896484375,94.29359701450448,94.26721374352928,-0.026383270975202322,39.318231524166166,12.286947351301926,5.006058931350708
94,1,0.0,0.19537630573220838,0.19537630573220838,1.0356580017894002,512.0000003316136,1024,12,16,20.77566928891334,16;32;64;128;256;512,20.77566928891334;6.878518022557563;5.486260609197956;1.8335116784054228;1.2645838447757554;0.29576424483579405,0.2,8,8051,0.9827880859375,84.47711763478583,90.49749356484972,6.020375930063892,48.60583268599485,15.18932271437339,4.7079339027404785
94,2,0.19537630573220838,0.4025079060900884,0.20713160035788003,1.0356580017894002,770.9670366257445,1024,12,16,25.779417846662025,16;32;64;128;256;512,25.779417846662025;10.129949682696996;6.171843222905142;0.7235653432916648;1.4338259149186454;0.08960223696684784,0.2,8,7894,0.963623046875,90.49749356484972,92.6731543194037,2.1756607545539737,46.41181091585558,14.503690911204869,4.706835985183716
94,3,0.4025079060900884,0.6096395064479685,0.20713160035788009,1.0356580017894002,886.5950874000384,1024,12,16,19.465470113373282,16;32;64;128;256;512,19.465470113373282;6.715039069095894;4.497147693894076;1.6737045116303702;1.1755098244822944;0.11700905252052855,0.2,8,7706,0.940673828125,92.6731543194037,93.61742381157819,0.9442694921744987,43.91734342559278,13.724169820497744,4.80196213722229
94,4,0.6096395064479685,0.8167711068058485,0.20713160035788003,1.0356580017894002,937.9327981116301,1024,12,16,20.641959274914257,16;32;64;128;256;512,20.641959274914257;6.074214725994371;2.2527666859002555;1.0361742751432153;0.47171115085275206;0.11630777894951305,0.2,8,7464,0.9111328125,93.61742381157819,94.14414894219954,0.5267251306213439,41.885777182676485,13.0893053695864,4.821426868438721
94,5,0.8167711068058485,1.0239027071637286,0.20713160035788003,1.0356580017894002,959.5579323838781,1024,12,16,22.415804051549724,16;32;64;128;256;512,22.415804051549724;3.9233689918679313;3.7823022390866647;0.6585967841095344;0.37877715611214874;0.17848921861846126,0.2,8,7198,0.878662109375,94.14414894219954,94.48906676785555,0.3449178256560117,40.49225887886554,12.653830899645481,4.947021961212158
94,6,1.0239027071637286,1.0356580017894002,0.011755294625671597,1.0356580017894002,1023.7733877170333,1024,12,16,12.24845055903138,16;32;64;128;256;512,12.24845055903138;5.408299087013518;2.6542146035410674;0.37768850346038274;0.5801722856564597;0.07872854585323462,0.2,8,7220,0.88134765625,94.48906676785555,94.52907021495048,0.0400034470949322,40.19598167626775,12.56124427383367,4.82696795463562
96,1,0.0,0.19592554611560942,0.19592554611560942,1.0179424528722327,512.00000018323,1024,12,16,23.015101691846837,16;32;64;128;256;512,23.015101691846837;12.768868923786638;8.166677389865368;1.9234872294057803;1.9895948798877598;0.23932420704400867,0.2,8,8036,0.98095703125,84.92789363116026,91.15106777637266,6.223174145212397,49.50419648674191,15.470061402106847,4.659543037414551
96,2,0.19592554611560942,0.399514036690056,0.20358849057444656,1.0179424528722327,773.286512604762,1024,12,16,22.12057871372431,16;32;64;128;256;512,22.12057871372431;7.321460263257036;4.879059755007084;1.5903323838170709;1.0150911235295959;0.20208680738114743,0.2,8,7890,0.963134765625,91.15106777637266,93.3239199166419,2.1728521402692422,44.47485418058891,13.898391931434034,4.812206029891968
96,3,0.399514036690056,0.6031025272645025,0.20358849057444656,1.0179424528722327,898.7927179240962,1024,12,16,11.397229497836664,16;32;64;128;256;512,11.397229497836664;6.279929821653171;4.482010553617599;1.6610271878868623;1.2127315970513868;0.06435542813407268,0.2,8,7702,0.940185546875,93.3239199166419,94.15549229097087,0.8315723743289709,43.61855627061797,13.630798834568116,5.233055830001831
96,4,0.6031025272645025,0.806691017838949,0.2035884905744465,1.0179424528722327,938.7157886695431,1024,12,16,13.461738283733341,16;32;64;128;256;512,13.461738283733341;5.945944749794766;3.9133397172655835;0.7488502147748263;0.3730723019076797;0.11571542645503276,0.2,8,7428,0.90673828125,94.15549229097087,94.63909772993065,0.4836054389597848,41.0806452619166,12.837701644348938,5.143548011779785
96,5,0.806691017838949,1.0102795084133955,0.2035884905744465,1.0179424528722327,959.1084213050017,1024,12,16,21.18133162216876,16;32;64;128;256;512,21.18133162216876;5.358954397907472;2.4851857075532817;0.7717637427939402;0.3962847196098621;0.1520681936085072,0.2,8,7245,0.8843994140625,94.63909772993065,94.96753806946799,0.3284403395373374,39.867173582762376,12.458491744613243,4.8553290367126465
96,6,1.0102795084133955,1.0179424528722327,0.007662944458837195,1.0179424528722327,1023.90110330405,1024,12,16,24.410242486252177,16;32;64;128;256;512,24.410242486252177;6.641004587357879;3.261900953258207;0.4625017725686177;0.33508242734517835;0.076688393482418,0.2,8,7265,0.8868408203125,94.96753806946799,95.00911387056112,0.041575801093131304,40.510093456748294,12.659404205233841,4.815969944000244
98,1,0.0,0.2023693796698024,0.2023693796698024,1.025080815839818,512.0000002064198,1024,12,16,28.33629617798567,16;32;64;128;256;512,28.33629617798567;10.067034877954386;6.442110334184754;2.2546528728590554;1.6940980125894027;0.1916390838609825,0.2,8,8059,0.9837646484375,85.94746763200965,91.7029093838064,5.755441751796752,49.348923690974296,15.421538653429467,5.015471935272217
98,2,0.2023693796698024,0.40738554283776596,0.20501616316796356,1.025080815839818,795.3371145950958,1024,12,16,28.337632816099934,16;32;64;128;256;512,28.337632816099934;10.727677875087847;7.156867175327864;2.10883843744616;1.2649478601828523;0.28491779017532287,0.2,8,7891,0.9632568359375,91.7029093838064,93.65410033869557,1.9511909548891708,45.98299311251183,14.369685347659946,4.976973056793213
98,3,0.40738554283776596,0.6124017060057295,0.20501616316796356,1.025080815839818,899.9408228766004,1024,12,16,19.749669535090796,16;32;64;128;256;512,19.749669535090796;6.474964567598863;5.304508481529084;1.275756563337709;0.6895124790562704;0.1556743922735336,0.2,8,7673,0.9366455078125,93.65410033869557,94.58031912706792,0.9262187883723527,43.90774144509337,13.721169201591678,4.751043081283569
98,4,0.6124017060057295,0.8174178691736931,0.20501616316796356,1.025080815839818,937.7909621112595,1024,12,16,22.5623503406667,16;32;64;128;256;512,22.5623503406667;8.609277582650126;4.806791336575625;1.3474423178732375;0.8595303233217946;0.13473532388572027,0.2,8,7447,0.9090576171875,94.58031912706792,94.94909084832761,0.3687717212596908,43.25681296223194,13.51775405069748,4.857257127761841
98,5,0.8174178691736931,1.0224340323416568,0.20501616316796367,1.025080815839818,957.4822192068492,1024,12,16,11.42047403923025,16;32;64;128;256;512,11.42047403923025;6.446580078293433;1.7945249085880317;0.6691624217720707;0.6385071445563225;0.09012554199395514,0.2,8,7240,0.8837890625,94.94909084832761,95.4051607195288,0.4560698712011799,40.4893000616215,12.652906269256718,4.812911033630371
98,6,1.0224340323416568,1.025080815839818,0.002646783498161165,1.025080815839818,1023.9895272842489,1024,12,16,15.921111473061744,16;32;64;128;256;512,15.921111473061744;4.574769800887355;3.732674892483954;1.1402755789076857;0.8575345080343858;0.07132895600118438,0.2,8,7236,0.88330078125,95.4051607195288,95.35331380390562,-0.05184691562317312,40.82161543794596,12.756754824358111,4.846925973892212
100,1,0.0,0.1958130166209891,0.1958130166209891,1.0523819585556164,512.0000003642176,1024,12,16,19.077803863338833,16;32;64;128;256;512,19.077803863338833;10.525730832709563;4.55931514698845;2.1236868392810266;1.8477819323702431;0.21864315335766438,0.2,8,8043,0.9818115234375,85.77880568179535,91.93053762533236,6.1517319435370155,50.53491787778747,15.792161836808583,4.809837818145752
100,2,0.1958130166209891,0.4062894083321124,0.2104763917111233,1.0523819585556164,780.2476222904987,1024,12,16,24.16208032696151,16;32;64;128;256;512,24.16208032696151;8.696990757846942;5.985751834876858;1.3979363033620498;1.5049774025262652;0.13525006817905383,0.2,8,7901,0.9644775390625,91.93053762533236,93.7541636901442,1.8236260648118332,46.9182274588248,14.66194608088275,4.863371133804321
100,3,0.4062894083321124,0.6167658000432357,0.21047639171112326,1.0523819585556164,875.07680405462,1024,12,16,26.763436668683912,16;32;64;128;256;512,26.763436668683912;6.311510614166085;5.405018714975684;1.2548772519832665;1.3416838636323474;0.1393991856560579,0.2,8,7682,0.937744140625,93.7541636901442,94.7809560506139,1.026792360469699,42.69158259955213,13.341119562360038,4.855479001998901
100,4,0.6167658000432357,0.827242191754359,0.2104763917111233,1.0523819585556164,935.7215062842691,1024,12,16,20.197107263391707,16;32;64;128;256;512,20.197107263391707;5.9429412871875815;2.4983889179075516;1.6207960328839772;0.7491731416843823;0.15409992949762016,0.2,8,7409,0.9044189453125,94.7809560506139,95.3801141140284,0.5991580634145066,41.788773843095456,13.058991825967329,4.785719871520996
100,5,0.827242191754359,1.0377185834654823,0.2104763917111233,1.0523819585556164,958.1808093125888,1024,12,16,19.668832531171816,16;32;64;128;256;512,19.668832531171816;8.131473122665028;3.2762346498178276;1.5490580505452258;0.8489023116554991;0.18481457258375317,0.2,8,7192,0.8779296875,95.3801141140284,95.66143554390874,0.2813214298803359,40.201017425771575,12.562817945553617,4.8431360721588135
100,6,1.0377185834654823,1.0523819585556164,0.014663375090134156,1.0523819585556164,1023.6511969789373,1024,12,16,17.56643755755218,16;32;64;128;256;512,17.56643755755218;6.689731600972995;3.804415825991746;1.0289398496982662;1.2108184689113628;0.08053218706897264,0.2,8,7212,0.88037109375,95.66143554390874,95.68780980608426,0.026374262175522745,40.019837169424484,12.50619911544515,4.8336780071258545
102,1,0.0,0.19735734566080748,0.19735734566080748,1.0344302004808705,512.0000000535556,1024,12,16,34.02392304133327,16;32;64;128;256;512,34.02392304133327;11.28390333267504;7.472301645978046;1.8009969647479163;1.9527360967216778;0.2497029911870688,0.2,8,8040,0.9814453125,86.38404764956795,92.33582692174241,5.951779272174463,49.885083971526946,15.58908874110217,5.028847932815552
102,2,0.19735734566080748,0.4042433857569816,0.20688604009617412,1.0344302004808705,792.2001464309297,1024,12,16,32.32588881573364,16;32;64;128;256;512,32.32588881573364;13.676345803936295;9.409774745458805;2.1435972817663718;1.2347469680594625;0.40843575024054585,0.2,8,7874,0.961181640625,92.33582692174241,94.37431366718374,2.0384867454413325,46.64316939551616,14.575990436098799,4.845749855041504
102,3,0.4042433857569816,0.6111294258531557,0.20688604009617406,1.0344302004808705,898.5985946195335,1024,12,16,21.913314235004478,16;32;64;128;256;512,21.913314235004478;7.374673212588994;5.253877699821353;1.0546112361139899;1.1448450734704785;0.06769801518767439,0.2,8,7632,0.931640625,94.37431366718374,95.13148708920926,0.7571734220255166,43.652913063584094,13.64153533237003,4.879317045211792
102,4,0.6111294258531557,0.8180154659493297,0.20688604009617406,1.0344302004808705,937.3691661645049,1024,12,16,21.28169564078752,16;32;64;128;256;512,21.28169564078752;8.549234193777297;5.350423806652814;1.1353929728338064;0.4989975347080609;0.09653983289894037,0.2,8,7462,0.910888671875,95.13148708920926,95.61787136842031,0.48638427921105176,40.66756091186995,12.708612784959358,5.126125812530518
102,5,0.8180154659493297,1.0249015060455038,0.20688604009617406,1.0344302004808705,954.6529547522717,1024,12,16,21.2481161673767,16;32;64;128;256;512,21.2481161673767;10.318067998118646;4.461832679688426;1.602768084330193;0.8449829092059158;0.10637739373806666,0.2,8,7189,0.8775634765625,95.61787136842031,96.06378583447076,0.4459144660504535,39.61822398245874,12.380694994518354,5.211869955062866
102,6,1.0249015060455038,1.0344302004808705,0.009528694435366747,1.0344302004808705,1023.8750625633717,1024,12,16,12.970726410792834,16;32;64;128;256;512,12.970726410792834;5.775228635497879;3.0586245280748257;0.7890081265426638;0.6140744910326987;0.008087056535777125,0.2,8,7166,0.874755859375,96.06378583447076,95.99548014916945,-0.06830568530131131,40.022179655760965,12.506931142425302,4.881771087646484
104,1,0.0,0.20555352995324228,0.20555352995324228,1.1701881967105132,512.0000002191991,1024,12,16,24.83884019702494,16;32;64;128;256;512,24.83884019702494;9.074769918760358;5.436241185486505;1.7617688808593202;1.488446103368435;0.21346174072418228,0.2,8,8044,0.98193359375,87.07047146453988,92.97013016138226,5.89965869684238,50.187157916760846,15.683486848987764,5.076254844665527
104,2,0.20555352995324228,0.4395911692953449,0.23403763934210264,1.1701881967105132,757.1765798798697,1024,12,16,26.907254246161003,16;32;64;128;256;512,26.907254246161003;11.132075648108337;6.468342326737386;1.7883159457882887;1.5881589382014798;0.2012599745488353,0.2,8,7852,0.95849609375,92.97013016138226,94.9035010196967,1.933370858314447,45.82644832199013,14.320765100621914,4.902314901351929
104,3,0.4395911692953449,0.6736288086374476,0.23403763934210264,1.1701881967105132,882.6110955935314,1024,12,16,20.453473102172772,16;32;64;128;256;512,20.453473102172772;5.930254875253755;5.1849830192897715;2.042301323156112;0.8153444277814106;0.13207335018340066,0.2,8,7586,0.926025390625,94.9035010196967,95.6749227225082,0.7714217028114945,43.383796129051724,13.557436290328663,5.08942985534668
104,4,0.6736288086374476,0.9076664479795502,0.23403763934210264,1.1701881967105132,925.4586114944003,1024,12,16,15.577568924896394,16;32;64;128;256;512,15.577568924896394;4.311530091861317;4.322915893761319;1.0382181095818175;0.6751958898000874;0.04240673739961133,0.2,8,7357,0.8980712890625,95.6749227225082,96.19039959658403,0.51547687407583,42.53941452156542,13.293567037989193,4.743079900741577
104,5,0.9076664479795502,1.1417040873216528,0.23403763934210264,1.1701881967105132,948.7374149532245,1024,12,16,14.969663277899603,16;32;64;128;256;512,14.969663277899603;5.038587902599701;2.6172432388208122;0.7041410318668826;0.2001131367730611;0.011923993565758345,0.2,8,7069,0.8629150390625,96.19039959658403,96.6304514745716,0.44005187798757106,39.488427813940135,12.340133691856291,4.804515838623047
104,6,1.1417040873216528,1.1701881967105132,0.028484109388860368,1.1701881967105132,1022.9779182349299,1024,12,16,14.26852778425989,16;32;64;128;256;512,14.26852778425989;9.073224243599952;3.5537961559208853;0.2977185478211839;1.016373053053819;0.13589258218638878,0.2,8,7046,0.860107421875,96.6304514745716,96.65695917338599,0.02650769881438464,38.789658899097994,12.121768405968123,4.747996091842651
106,1,0.0,0.21240762957658751,0.21240762957658751,1.2972562772879075,512.0000002522111,1024,12,16,23.566621731645622,16;32;64;128;256;512,23.566621731645622;7.737809496002412;6.435837922968697;1.3973830009400234;1.5953076752612165;0.2825277632835434,0.2,8,8026,0.979736328125,87.81654578691814,93.25555509713013,5.439009310211986,47.851937869555066,14.953730584235958,4.971431016921997
106,2,0.21240762957658754,0.47185888503416906,0.2594512554575815,1.2972562772879075,737.6117725815182,1024,12,16,27.727786834482995,16;32;64;128;256;512,27.727786834482995;12.36551501804601;7.906816903836613;2.1124564460854667;1.7913527857281346;0.17622155449842875,0.2,8,7825,0.9552001953125,93.25555509713013,95.360592983081,2.1050378859508783,45.68964631552802,14.278014473602507,5.026811838150024
106,3,0.47185888503416906,0.7313101404917506,0.2594512554575815,1.2972562772879075,871.67793924031,1024,12,16,14.003486048581657,16;32;64;128;256;512,14.003486048581657;9.409992340873167;4.879332629821108;0.8821384294412563;1.5081415517968384;0.19752443337598305,0.2,8,7551,0.9217529296875,95.360592983081,96.11787224235013,0.7572792592691258,42.66016576267846,13.331301800837018,4.99503493309021
106,4,0.7313101404917506,0.9907613959493321,0.2594512554575815,1.2972562772879075,914.860127267721,1024,12,16,19.759893646555447,16;32;64;128;256;512,19.759893646555447;6.061386184068665;4.422215189704334;1.0512178056037118;0.5014656425964901;0.17532507587024782,0.2,8,7203,0.8792724609375,96.11787224235013,96.60264499962796,0.484772757277824,40.32255443819749,12.600798261936715,4.816636085510254
106,5,0.9907613959493321,1.2502126514069136,0.2594512554575815,1.2972562772879075,942.2458136684523,1024,12,16,9.83381544964662,16;32;64;128;256;512,9.83381544964662;3.9722104864310936;1.011530154953594;0.9584582131206005;0.5930513149385819;0.03237637028208333,0.2,8,6843,0.8353271484375,96.60264499962796,96.9992824755609,0.3966374759329483,38.42526523043805,12.00789538451189,4.840691089630127
106,6,1.2502126514069136,1.2972562772879075,0.04704362588099387,1.2972562772879075,1021.5433517290717,1024,12,16,9.280631983181742,16;32;64;128;256;512,9.280631983181742;6.009879032390746;2.3952064304131406;0.593450892681729;0.5158438896984737;0.042318424841507815,0.2,8,6832,0.833984375,96.9992824755609,97.04014621162787,0.04086373606696725,39.46254243020324,12.332044509438512,5.107463836669922
108,1,0.0,0.2185414135866759,0.2185414135866759,1.1513869742149572,512.0000001569879,1024,12,16,27.01567764409755,16;32;64;128;256;512,27.01567764409755;9.396593560935962;7.871029146435351;1.8137397343755657;1.6548616948961594;0.33384876608381536,0.2,8,8030,0.980224609375,87.97912671254016,93.49282720731571,5.513700494775549,49.23614285079746,15.386294640874205,5.055054187774658
108,2,0.2185414135866759,0.44881880842966737,0.23027739484299148,1.1513869742149572,774.014429703482,1024,12,16,25.936965998864867,16;32;64;128;256;512,25.936965998864867;11.46237360273421;6.470176119415748;2.280593983999565;1.2953786182450433;0.21331640369312385,0.2,8,7821,0.9547119140625,93.49282720731571,95.30692553438712,1.814098327071406,45.80641880495439,14.314505876548246,4.688792943954468
108,3,0.44881880842966737,0.6790962032726588,0.23027739484299148,1.1513869742149572,887.0487818133576,1024,12,16,19.226410198717048,16;32;64;128;256;512,19.226410198717048;9.344232166789158;3.5009660682367683;1.5655517134787726;0.7264971773111693;0.0924996630711469,0.2,8,7595,0.9271240234375,95.30692553438712,96.11276800057385,0.805842466186732,43.439165203323775,13.57473912603868,4.7297210693359375
108,4,0.6790962032726588,0.9093735981156503,0.23027739484299148,1.1513869742149572,929.6186956170702,1024,12,16,20.880590425309034,16;32;64;128;256;512,20.880590425309034;8.447232829132236;4.204531984726809;0.678711300765838;0.8569632470270586;0.04223106872483321,0.2,8,7316,0.89306640625,96.11276800057385,96.63722495257389,0.5244569520000368,41.46725115703809,12.958515986574403,4.848489999771118
108,5,0.9093735981156503,1.1396509929586418,0.23027739484299148,1.1513869742149572,954.5125157804597,1024,12,16,10.63246752170218,16;32;64;128;256;512,10.63246752170218;4.8147396023936855;2.13007707446772;1.1783818097446315;0.6721670524979584;0.06411046498761712,0.2,8,7015,0.8563232421875,96.63722495257389,96.97635241679382,0.3391274642199278,39.28953702028518,12.277980318839118,5.000760078430176
108,6,1.1396509929586418,1.1513869742149572,0.011735981256315364,1.1513869742149572,1023.811944205654,1024,12,16,15.370789852969073,16;32;64;128;256;512,15.370789852969073;6.045540726750356;2.670048963621617;0.44988449375091866;0.26586573513616685;0.08315544935543412,0.2,8,6993,0.8536376953125,96.97635241679382,97.02997555455659,0.05362313776277006,38.822614648866576,12.132067077770804,5.187464952468872
110,1,0.0,0.22304421883041023,0.22304421883041023,1.194259109659927,512.0000000092587,1024,12,16,26.76953934591822,16;32;64;128;256;512,26.76953934591822;12.480371974620713;7.598354661098618;2.0824264921581714;2.0014260683531635;0.2328228724139008,0.2,8,8045,0.9820556640625,88.48225652158726,94.22476892732084,5.742512405733578,48.99797494763405,15.31186717113564,5.022276878356934
110,2,0.22304421883041023,0.46189604076239565,0.23885182193198543,1.194259109659927,797.0790936647742,1024,12,16,21.036599672106377,16;32;64;128;256;512,21.036599672106377;9.400407055679144;2.500111431576779;2.0348886870320997;0.9302746186127653;0.1830759332562661,0.2,8,7836,0.95654296875,94.22476892732084,95.6756790378131,1.4509101104922593,45.49633592326564,14.217604976020512,5.149953126907349
110,3,0.46189604076239565,0.700747862694381,0.2388518219319854,1.194259109659927,883.148599660451,1024,12,16,16.164450542180628,16;32;64;128;256;512,16.164450542180628;6.99910437200894;3.438572707878127;1.5803839339783792;0.25828006123719816;0.1344953339146511,0.2,8,7549,0.9215087890625,95.6756790378131,96.52914011944085,0.8534610816277564,42.625210239376166,13.32037819980505,4.754719018936157
110,4,0.700747862694381,0.9395996846263664,0.2388518219319854,1.194259109659927,933.5541297960272,1024,12,16,19.754088719347646,16;32;64;128;256;512,19.754088719347646;7.668957745934529;4.074036005433466;0.9135582368332348;0.7852714120926196;0.12873544961831582,0.2,8,7285,0.8892822265625,96.52914011944085,96.94746866053902,0.41832854109816253,41.449150618398924,12.952859568249663,4.716267108917236
110,5,0.9395996846263664,1.1784515065583518,0.2388518219319854,1.194259109659927,952.1792931629378,1024,12,16,9.130346051561947,16;32;64;128;256;512,9.130346051561947;4.539473528836315;3.3908580987339056;1.2002097588257934;0.5229558644032447;0.06267996503244905,0.2,8,6946,0.847900390625,96.94746866053902,97.29705779557116,0.34958913503214717,39.18077157495603,12.24399111717376,4.792217016220093
110,6,1.1784515065583518,1.194259109659927,0.01580760310157525,1.194259109659927,1023.6457745587977,1024,12,16,10.826730235969102,16;32;64;128;256;512,10.826730235969102;6.20971968063938;3.2253530129152113;0.547508882059735;0.6091034692217878;0.0,0.2,8,6946,0.847900390625,97.29705779557116,97.36706672701985,0.07000893144868314,39.51553596065353,12.348604987704228,4.768911838531494
112,1,0.0,0.2317180692018152,0.2317180692018152,1.3104015750860805,512.000000061259,1024,12,16,28.113880134138764,16;32;64;128;256;512,28.113880134138764;13.193183182343885;8.576155175555597;2.4615686767844913;2.2099074256476783;0.38705843609833734,0.2,8,8014,0.978271484375,88.94758189597633,94.32568909635302,5.378107200376689,49.46570997425538,15.458034366954806,4.704694986343384
112,2,0.2317180692018152,0.4937983842190313,0.2620803150172161,1.3104015750860805,759.35322724878,1024,12,16,18.969230350744084,16;32;64;128;256;512,18.969230350744084;10.317526411348442;6.200216125524793;1.009086659287508;1.7412958700205783;0.1468314419356265,0.2,8,7755,0.9466552734375,94.32568909635302,96.10578335972968,1.780094263376668,44.82042083957961,14.006381512368629,4.809613943099976
112,3,0.4937983842190313,0.7558786992362474,0.26208031501721607,1.3104015750860805,875.9086893080189,1024,12,16,14.121998145930194,16;32;64;128;256;512,14.121998145930194;5.6057495089822655;4.259890386342671;1.2455332870130575;1.028575319104413;0.11552347698273344,0.2,8,7528,0.9189453125,96.10578335972968,96.86962168407626,0.7638383243465796,42.264622113460995,13.20769441045656,4.724541187286377
112,4,0.7558786992362474,1.0179590142534636,0.2620803150172162,1.3104015750860805,927.1010908052556,1024,12,16,23.752547331019382,16;32;64;128;256;512,23.752547331019382;8.267821856555617;6.06944777375825;1.7032166665018869;0.5380462747248576;0.0,0.2,8,7137,0.8712158203125,96.86962168407626,97.33503692480735,0.4654152407310903,40.91339710788528,12.785436596214149,4.741758108139038
112,5,1.0179590142534636,1.2800393292706798,0.2620803150172162,1.3104015750860805,946.1029574165182,1024,12,16,16.06122065018204,16;32;64;128;256;512,16.06122065018204;5.007750414234005;1.9672978754609778;0.9049924835940062;0.396289559489342;0.0341588282898202,0.2,8,6808,0.8310546875,97.33503692480735,97.71314839122351,0.3781114664161578,39.09250897256343,12.216409053926071,4.795862197875977
112,6,1.2800393292706798,1.3104015750860805,0.0303622458154007,1.3104015750860805,1022.9640919841812,1024,12,16,13.09010820466812,16;32;64;128;256;512,13.09010820466812;4.098980326987826;1.7148474508284912;0.5048857056162002;0.5731397221588638;0.07186800035457747,0.2,8,6769,0.8262939453125,97.71314839122351,97.71126521611586,-0.0018831751076504588,37.97753707923189,11.867980337259963,4.847690105438232
114,1,0.0,0.2399595952183423,0.2399595952183423,1.250036817351538,512.0000002417355,1024,12,16,16.73351071760675,16;32;64;128;256;512,16.73351071760675;7.418904935107284;4.960905095864014;1.5811336631172404;1.2668706465156125;0.13540741995581346,0.2,8,7987,0.9749755859375,89.33337118430063,94.65608504263218,5.322713858331554,47.80840554358017,14.940126732368803,4.799031972885132
114,2,0.23995959521834231,0.4899669586886499,0.2500073634703076,1.250036817351538,783.1607951122098,1024,12,16,19.973334217949894,16;32;64;128;256;512,19.973334217949894;8.389568736512418;3.2212934523537866;1.765185741190532;1.5770035478603206;0.23460550482398765,0.2,8,7782,0.949951171875,94.65608504263218,96.29490628815256,1.6388212455203757,44.41908703140715,13.880964697314734,4.829876184463501
114,3,0.4899669586886499,0.7399743221589575,0.2500073634703076,1.250036817351538,890.6540340639244,1024,12,16,10.767505177301137,16;32;64;128;256;512,10.767505177301137;7.372745071023747;1.6377322998519666;1.1271359061264248;0.7474311502056326;0.14713886631165862,0.2,8,7488,0.9140625,96.29490628815256,96.99548244441394,0.700576156261377,41.87295797848871,13.08529936827772,4.742701053619385
114,4,0.7399743221589575,0.9899816856292651,0.2500073634703076,1.250036817351538,929.806867724735,1024,12,16,29.05945567731659,16;32;64;128;256;512,29.05945567731659;9.11635213825483;6.126803729805412;1.4251763782780649;0.786389103800277;0.18116768349588752,0.2,8,7168,0.875,96.99548244441394,97.48445148172323,0.488969037309289,39.86045129041699,12.45639102825531,4.755133152008057
114,5,0.9899816856292651,1.2399890490995729,0.2500073634703077,1.250036817351538,951.7740029440575,1024,12,16,18.446580092858966,16;32;64;128;256;512,18.446580092858966;4.306626745245251;4.572251913627214;1.1632755787608362;0.4691340943188288;0.08680768629339433,0.2,8,6836,0.83447265625,97.48445148172323,97.77275177906267,0.28830029733944684,38.22343270986727,11.944822721833521,4.842663049697876
114,6,1.2399890490995729,1.250036817351538,0.010047768251965072,1.250036817351538,1023.8807814432113,1024,12,16,18.42305039134026,16;32;64;128;256;512,18.42305039134026;4.461284984480101;3.5229774258185844;0.7812392304711877;0.287933682759364;0.0,0.2,8,6827,0.8333740234375,97.77275177906267,97.80768317193724,0.0349313928745687,39.02705404922632,12.195954390383225,4.794539928436279
116,1,0.0,0.23883251223312263,0.23883251223312263,1.2138876859048249,512.0000002522338,1024,12,16,22.411659834130802,16;32;64;128;256;512,22.411659834130802;9.272041353244308;4.766242792804115;1.9328089328443825;0.9565629296837522;0.25767731084719847,0.2,8,8012,0.97802734375,89.57539220235776,94.81055879418273,5.235166591824964,48.22863551523417,15.071448598510676,5.197922945022583
116,2,0.23883251223312263,0.4816100494140876,0.24277753718096495,1.2138876859048249,798.9189554478265,1024,12,16,18.285141196518374,16;32;64;128;256;512,18.285141196518374;8.0999890264822;5.626204129784201;1.841904928942415;0.8411302692739139;0.13103955565510947,0.2,8,7769,0.9483642578125,94.81055879418273,96.28794014325831,1.4773813490755856,44.18180180242337,13.806813063257303,4.851835012435913
116,3,0.4816100494140876,0.7243875865950525,0.24277753718096495,1.2138876859048249,886.8992725875718,1024,12,16,21.59382303402945,16;32;64;128;256;512,21.59382303402945;9.31521190167126;3.367210968536859;1.1935763866496563;1.1498123322834888;0.12097454745258782,0.2,8,7539,0.9202880859375,96.28794014325831,97.11753823165782,0.8295980883995071,42.09524202068756,13.154763131464861,5.1611168384552
116,4,0.7243875865950525,0.9671651237760175,0.24277753718096495,1.2138876859048249,928.2357676766045,1024,12,16,23.88781814593326,16;32;64;128;256;512,23.88781814593326;9.064347013437487;6.078456199455134;1.3652570361926397;1.0567638277709852;0.13477672743108632,0.2,8,7198,0.878662109375,97.11753823165782,97.53503716632258,0.4174989346647635,40.928081900685406,12.790025593964188,5.08296799659729
116,5,0.9671651237760175,1.2099426609569826,0.24277753718096506,1.2138876859048249,952.7948220361839,1024,12,16,17.806783189412602,16;32;64;128;256;512,17.806783189412602;8.844965854279033;4.357269929172382;0.602239653533792;0.18062296203909942;0.08120775730678183,0.2,8,6829,0.8336181640625,97.53503716632258,97.91494385676924,0.3799066904466599,39.474804623056635,12.335876444705198,5.009627819061279
116,6,1.2099426609569826,1.2138876859048249,0.003945024947842324,1.2138876859048249,1023.9806060380247,1024,12,16,12.867351787496785,16;32;64;128;256;512,12.867351787496785;5.149992896835929;2.3728211079949277;1.0254853750042388;0.9083137102384107;0.06110263128592869,0.2,8,6887,0.8406982421875,97.91494385676924,97.82186986855231,-0.09307398821692914,38.6702249824614,12.084445307019186,4.995057106018066
118,1,0.0,0.24722379985851195,0.24722379985851195,1.246187385661453,512.0000001247486,1024,12,16,19.343006126122084,16;32;64;128;256;512,19.343006126122084;10.898378173122886;7.4894604160468825;2.342415062026886;1.624020415157367;0.25732201223308854,0.2,8,7996,0.97607421875,89.81947526230942,94.89230975171085,5.07283448940143,49.0009274556641,15.31278982989503,4.930815935134888
118,2,0.24722379985851195,0.49646127699080256,0.2492374771322906,1.246187385661453,786.4344703615826,1024,12,16,19.681297737837415,16;32;64;128;256;512,19.681297737837415;5.692574442121444;4.735916165017883;1.229435339140485;1.0744837514853118;0.21096706954132616,0.2,8,7766,0.947998046875,94.89230975171085,96.45597210526466,1.5636623535538092,45.57724010900684,14.242887534064636,4.863719940185547
118,3,0.49646127699080256,0.7456987541230932,0.2492374771322906,1.246187385661453,889.7834556989966,1024,12,16,20.077484027498702,16;32;64;128;256;512,20.077484027498702;5.509969275142864;4.2755126698261865;1.4256477141747026;1.112345141391539;0.05972219917247248,0.2,8,7484,0.91357421875,96.45597210526466,97.12299521220848,0.667023106943816,43.06680466654224,13.458376458294449,4.88609504699707
118,4,0.7456987541230932,0.9949362312553838,0.2492374771322906,1.246187385661453,923.070564573494,1024,12,16,10.962676896457285,16;32;64;128;256;512,10.962676896457285;6.63580615922375;2.9700576694559455;0.8000281830518341;0.7926399453769185;0.14725865863533313,0.2,8,7141,0.8717041015625,97.12299521220848,97.55835095362272,0.4353557414142415,39.870292123525864,12.459466288601831,5.052778959274292
118,5,0.9949362312553838,1.2441737083876743,0.2492374771322905,1.246187385661453,945.105565471301,1024,12,16,10.124358939173007,16;32;64;128;256;512,10.124358939173007;3.4194964006613993;3.13755976481128;0.796700395107274;0.12060786160900128;0.06477495898456469,0.2,8,6715,0.8197021484375,97.55835095362272,97.98740821436513,0.429057260742411,38.64858754467747,12.077683607711709,4.893034934997559
118,6,1.2441737083876743,1.246187385661453,0.002013677273778658,1.246187385661453,1023.9957048541204,1024,12,16,14.103906513626553,16;32;64;128;256;512,14.103906513626553;5.129745423130486;2.6483283684471686;0.4741207134148804;0.2082293303202313;0.12002073799120401,0.2,8,6778,0.827392578125,97.98740821436513,97.97672268911265,-0.010685525252483785,38.05247381499549,11.891398067186088,4.911828994750977
120,1,0.0,0.24537754322586902,0.24537754322586902,1.482564817674314,512.0000001407452,1024,12,16,21.755302258064752,16;32;64;128;256;512,21.755302258064752;7.7548366497218355;4.595552933069461;1.4976751524997727;0.828396772927863;0.15541597765438808,0.2,8,7994,0.975830078125,90.15287235192955,95.13005419680849,4.977181844878942,49.531676969917285,15.47864905309915,4.8699071407318115
120,2,0.24537754322586902,0.5418905067607318,0.2965129635348628,1.482564817674314,742.6593919582548,1024,12,16,21.380111832089003,16;32;64;128;256;512,21.380111832089003;10.896757618800114;4.44029991318092;2.055839965061336;1.1414856138336145;0.07553621690097652,0.2,8,7729,0.9434814453125,95.13005419680849,96.92173554119654,1.7916813443880528,44.422229432267535,13.881946697583604,4.798155069351196
120,3,0.5418905067607318,0.8384034702955947,0.2965129635348629,1.482564817674314,870.1340772495822,1024,12,16,20.10058558489333,16;32;64;128;256;512,20.10058558489333;7.15556957894331;2.5657213753186308;1.3728677257634065;0.384363865047276;0.1632817088945958,0.2,8,7337,0.8956298828125,96.92173554119654,97.58983950910624,0.6681039679097012,41.39515262293017,12.935985194665678,5.002879858016968
120,4,0.8384034702955947,1.1349164338304576,0.2965129635348629,1.482564817674314,912.1031053813555,1024,12,16,15.998313241261606,16;32;64;128;256;512,15.998313241261606;6.547872549310408;2.2929232536409154;0.6788265154294779;0.609750733984187;0.1132432727848285,0.2,8,6952,0.8486328125,97.58983950910624,98.03648149361834,0.44664198451209813,40.9789982899299,12.805936965603092,4.919625997543335
120,5,1.1349164338304576,1.4314293973653205,0.2965129635348629,1.482564817674314,932.0681165515241,1024,12,16,15.849008860388043,16;32;64;128;256;512,15.849008860388043;5.400507336601401;3.1012450744812057;0.5993497366168047;0.5889559638482976;0.0,0.2,8,6462,0.788818359375,98.03648149361834,98.4282352856826,0.3917537920642644,37.601895380713835,11.750592306473072,4.7791829109191895
120,6,1.4314293973653205,1.482564817674314,0.05113542030899354,1.482564817674314,1021.3875573571908,1024,12,16,11.192161315153161,16;32;64;128;256;512,11.192161315153161;3.1146341252969245;1.0129334630880578;0.7190990045266765;0.19631745968389339;0.0118417440242453,0.2,8,6429,0.7847900390625,98.4282352856826,98.51604928495362,0.0878139992710203,36.32769988428884,11.352406213840261,5.041604042053223
122,1,0.0,0.2385045220066745,0.2385045220066745,1.23535042358411,512.000000272048,1024,12,16,32.2629470886468,16;32;64;128;256;512,32.2629470886468;11.522628984164047;7.097847013087306;2.3111932747225454;1.6708709424558401;0.2468671887401601,0.2,8,8020,0.97900390625,90.04680286743678,95.14993597695138,5.1031331095146015,48.57512106648119,15.179725333275371,4.724345922470093
122,2,0.2385045220066745,0.4855746067234965,0.247070084716822,1.23535042358411,797.4360881636264,1024,12,16,22.4348768725456,16;32;64;128;256;512,22.4348768725456;7.6932690878095356;5.686132509093108;1.4988455241365375;1.8439980902002222;0.13770597481833952,0.2,8,7771,0.9486083984375,95.14993597695138,96.73170487338211,1.5817688964307308,45.01869606221894,14.06834251944342,5.22720193862915
122,3,0.4855746067234965,0.7326446914403185,0.247070084716822,1.23535042358411,893.7458485396479,1024,12,16,21.594432925322863,16;32;64;128;256;512,21.594432925322863;6.699824631218931;4.6047454173746845;1.376484055915676;1.3266245929198588;0.18145942361877013,0.2,8,7507,0.9163818359375,96.73170487338211,97.46521556482185,0.7335106914397329,42.36431402639546,13.238848133248581,5.190039873123169
122,4,0.7326446914403185,0.9797147761571405,0.247070084716822,1.23535042358411,933.6747055544043,1024,12,16,15.779957860971454,16;32;64;128;256;512,15.779957860971454;9.136886945242487;1.837988131700458;1.2044941288781696;0.6663178144452231;0.0,0.2,8,7180,0.87646484375,97.46521556482185,97.94909089873545,0.48387533391360193,39.62158805033173,12.381746265728665,4.961757183074951
122,5,0.9797147761571405,1.2267848608739627,0.24707008471682212,1.23535042358411,955.856932423826,1024,12,16,17.93468949225956,16;32;64;128;256;512,17.93468949225956;8.079748233952621;4.572220443638006;0.7970833909831174;0.7362250922066067;0.0,0.2,8,6840,0.8349609375,97.94909089873545,98.24698732211255,0.29789642337709665,37.7975230641188,11.811725957537124,4.802011013031006
122,6,1.2267848608739627,1.23535042358411,0.0085655627101473,1.23535042358411,1023.9113898730692,1024,12,16,15.291351755009796,16;32;64;128;256;512,15.291351755009796;4.586241940082353;2.643386431967397;1.4377228230984709;0.10309413548551291;0.05410857261644396,0.2,8,6827,0.8333740234375,98.24698732211255,98.22321813495364,-0.02376918715890497,38.23905337571596,11.949704179911237,4.794234991073608
124,1,0.0,0.2571035384170216,0.2571035384170216,1.3075179006907027,512.0000002851448,1024,12,16,22.022361899788468,16;32;64;128;256;512,22.022361899788468;8.829787834786154;5.046777143336765;1.753916941371583;1.3660787911133847;0.15539845036491912,0.2,8,7989,0.9752197265625,90.53641379857436,95.63273992447648,5.096326125902124,47.643369431613806,14.888552947379313,4.706439018249512
124,2,0.2571035384170216,0.5186071185551622,0.26150358013814057,1.3075179006907027,797.4373231048448,1024,12,16,21.12138109687548,16;32;64;128;256;512,21.12138109687548;7.525615268348156;5.804132061577018;1.8184861100898722;1.1859700849649224;0.15598032972801,0.2,8,7733,0.9439697265625,95.63273992447648,97.0643117086729,1.4315717841964215,44.885426684279054,14.026695838837204,4.744534015655518
124,3,0.5186071185551622,0.7801106986933027,0.26150358013814057,1.3075179006907027,894.2359982657775,1024,12,16,13.328472134574422,16;32;64;128;256;512,13.328472134574422;7.4232797686881895;4.166404902332594;0.6733759650646156;0.7582036786079208;0.21888492444034238,0.2,8,7471,0.9119873046875,97.0643117086729,97.64454561972525,0.5802339110523462,42.076157975921774,13.148799367475554,4.699670076370239
124,4,0.7801106986933027,1.0416142788314433,0.26150358013814057,1.3075179006907027,927.9204144195227,1024,12,16,23.916310442176645,16;32;64;128;256;512,23.916310442176645;6.359319272808134;5.214734237530765;0.6178084818868177;0.6750368740630169;0.05249170756673763,0.2,8,7096,0.8662109375,97.64454561972525,98.12464391859248,0.4800982988672331,39.55519068843317,12.360997090135365,4.970685005187988
124,5,1.0416142788314433,1.3031178589695838,0.26150358013814046,1.3075179006907027,945.058900123933,1024,12,16,11.341429849688655,16;32;64;128;256;512,11.341429849688655;4.714108250130679;2.5003105142227358;1.0178381183337109;0.23562923799456947;0.03765343325995927,0.2,8,6738,0.822509765625,98.12464391859248,98.49540772056207,0.3707638019695878,37.50044187180345,11.718888084938579,4.918341875076294
124,6,1.3031178589695838,1.3075179006907027,0.0044000417211189635,1.3075179006907027,1023.979067294624,1024,12,16,17.157378341848542,16;32;64;128;256;512,17.157378341848542;4.6374273462270805;2.974340953099749;0.41490821093981667;0.10990394267993094;0.13246582788898312,0.2,8,6716,0.81982421875,98.49540772056207,98.48498856078368,-0.010419159778393805,37.50734698425324,11.721045932579136,4.960590124130249
126,1,0.0,0.24576815931614993,0.24576815931614993,1.2288407965807495,521.7971180188773,1024,12,16,25.499429129951945,16;32;64;128;256;512,25.499429129951945;9.75745404479341;5.648140118088363;1.7104431866600422;0.7746688009094572;0.3326415913728963,0.2,8,7970,0.972900390625,90.46005343517754,95.4914253327297,5.031371897552162,49.88632032065364,15.589475100204261,4.623060941696167
126,2,0.24576815931614993,0.49153631863229985,0.24576815931614993,1.2288407965807495,804.2197201545381,1024,12,16,22.326232202324906,16;32;64;128;256;512,22.326232202324906;7.106509762450351;6.35507505359525;0.6258689421959169;0.9917757358607832;0.08136352161793009,0.2,8,7739,0.9447021484375,95.4914253327297,96.8328060072381,1.3413806745084003,45.02554168550651,14.070481776720785,4.8437659740448
126,3,0.49153631863229985,0.7373044779484498,0.24576815931614993,1.2288407965807495,892.2480874792611,1024,12,16,20.373751473076663,16;32;64;128;256;512,20.373751473076663;7.2403579512781535;4.598519546456896;1.501936106071549;0.8712409286507135;0.06001620681413514,0.2,8,7452,0.90966796875,96.8328060072381,97.57110131508671,0.7382953078486025,42.27815685641122,13.211924017628506,4.822979211807251
126,4,0.7373044779484498,0.9830726372645997,0.24576815931614993,1.2288407965807495,937.0297143473729,1024,12,16,17.86145262506702,16;32;64;128;256;512,17.86145262506702;5.1184623818681985;2.7029583921289695;0.5506193186583088;0.1918992480522204;0.06671931670034587,0.2,8,7129,0.8702392578125,97.57110131508671,98.03088278451469,0.4597814694279805,40.85315422330239,12.766610694781996,5.013875961303711
126,5,0.9830726372645997,1.2288407965807495,0.24576815931614981,1.2288407965807495,953.6818521906864,1024,12,16,8.627501121625055,16;32;64;128;256;512,8.627501121625055;6.479349924977679;3.8432458922956814;0.6884769796657078;0.11949895612637819;0.011718573785851092,0.2,8,6792,0.8291015625,98.03088278451469,98.2966652897885,0.26578250527381897,39.05827163902749,12.20570988719609,4.995887994766235
128,1,0.0,0.2581166311159485,0.2581166311159485,1.3226859166427367,512.0000002115326,1024,12,16,20.921987789270922,16;32;64;128;256;512,20.921987789270922;7.482636117907404;5.434257342446823;1.949356382115623;1.2602572469076356;0.18461858991209482,0.2,8,7991,0.9754638671875,90.83226223662496,95.72717725543771,4.894915018812753,48.09362088786132,15.029256527456662,4.803086042404175
128,2,0.2581166311159485,0.5226538144444959,0.26453718332854737,1.3226859166427367,785.8172502366622,1024,12,16,22.870397865642495,16;32;64;128;256;512,22.870397865642495;11.094535402968157;5.779150908334163;1.4086624708855906;1.230029510413432;0.12746955343510577,0.2,8,7741,0.9449462890625,95.72717725543771,97.1647723215865,1.4375950661487877,45.07433267349837,14.08572896046824,4.767730951309204
128,3,0.5226538144444959,0.7871909977730432,0.26453718332854737,1.3226859166427367,883.9636911861658,1024,12,16,13.954897079501169,16;32;64;128;256;512,13.954897079501169;6.065787829160159;3.248068341764686;0.8849798298886785;0.6525640839298271;0.09233797514953876,0.2,8,7448,0.9091796875,97.1647723215865,97.91139183263294,0.7466195110464469,41.442105685465116,12.950658026707847,4.778665065765381
128,4,0.7871909977730432,1.0517281811015906,0.26453718332854737,1.3226859166427367,921.0259614108634,1024,12,16,18.427828290724886,16;32;64;128;256;512,18.427828290724886;8.118967377638553;4.559811803501632;1.3532614938154601;0.8192642610143969;0.014036301318758816,0.2,8,7057,0.8614501953125,97.91139183263294,98.32958775293082,0.418195920297876,39.80013639503167,12.437542623447397,5.470253944396973
128,5,1.0517281811015906,1.316265364430138,0.2645371833285475,1.3226859166427367,951.8737932191472,1024,12,16,19.47030440631033,16;32;64;128;256;512,19.47030440631033;6.793164747009661;5.563159660815377;1.3519592315577578;0.8710611341551103;0.0,0.2,8,6688,0.81640625,98.32958775293082,98.65996986394748,0.33038211101666093,38.00336605039372,11.876051890748037,4.8439319133758545
128,6,1.316265364430138,1.3226859166427367,0.006420552212598629,1.3226859166427367,1023.9535749574629,1024,12,16,14.018448810710447,16;32;64;128;256;512,14.018448810710447;4.202328716850582;3.294073596502668;0.25698885812562033;0.3844836031556789;0.07741812823051691,0.2,8,6671,0.8143310546875,98.65996986394748,98.60255837067962,-0.05741149326786399,37.63671450698899,11.761473283434057,5.15900993347168
130,1,0.0,0.2592265579383163,0.2592265579383163,1.3555440348721184,512.0000003348096,1024,12,16,14.460408670188727,16;32;64;128;256;512,14.460408670188727;7.8931706365596215;4.2872923083978876;1.901942254665041;1.0862778076180284;0.1259339557488841,0.2,8,8003,0.9769287109375,90.95034469326492,95.92665575793944,4.976311064674519,47.3801293722142,14.806290428816936,4.783252954483032
130,2,0.2592265579383163,0.53033536491274,0.27110880697442374,1.3555440348721184,791.9012527410213,1024,12,16,27.48044275784567,16;32;64;128;256;512,27.48044275784567;9.551576810580865;4.57167511315701;1.840490212339036;1.583256993446781;0.10216000928455812,0.2,8,7718,0.942138671875,95.92665575793944,97.26487610768527,1.338220349745825,44.2563777184974,13.830118037030436,5.015872955322266
130,3,0.53033536491274,0.8014441718871637,0.27110880697442363,1.3555440348721184,880.9357180710072,1024,12,16,17.547664567545855,16;32;64;128;256;512,17.547664567545855;6.019874949866177;5.152853362002954;1.2584551319785915;1.3331533922826104;0.04652232725697952,0.2,8,7392,0.90234375,97.26487610768527,97.81631449377164,0.5514383860863745,42.46244426674496,13.269513833357799,4.957438945770264
130,4,0.8014441718871637,1.0725529788615873,0.27110880697442363,1.3555440348721184,908.0685638128166,1024,12,16,21.220289885516962,16;32;64;128;256;512,21.220289885516962;8.668615883150368;3.101057353589294;0.845227206513839;0.3003740715228877;0.17130274767143713,0.2,8,6980,0.85205078125,97.81631449377164,98.36335779016372,0.5470432963920757,40.13568663450724,12.542402073283512,4.950528144836426
130,5,1.0725529788615873,1.343661785836011,0.27110880697442363,1.3555440348721184,937.6727276748111,1024,12,16,13.75127015824477,16;32;64;128;256;512,13.75127015824477;5.836821745374592;1.9582189331357438;0.5541608857967489;0.22411778181039171;0.03141606727984103,0.2,8,6605,0.8062744140625,98.36335779016372,98.71830462105572,0.3549468308920041,36.90173235130275,11.531791359782108,4.764765977859497
130,6,1.343661785836011,1.3555440348721184,0.011882249036107462,1.3555440348721184,1023.8316921374426,1024,12,16,15.976196114177307,16;32;64;128;256;512,15.976196114177307;4.908591909420325;3.1231311832041486;1.1861098943168575;0.22168216966873955;0.0,0.2,8,6590,0.804443359375,98.71830462105572,98.76228745875414,0.04398283769842237,38.00665925645645,11.87708101764264,4.7823569774627686
132,1,0.0,0.258198114906093,0.258198114906093,1.360906322907968,512.0000001436897,1024,12,16,20.046998867478518,16;32;64;128;256;512,20.046998867478518;6.473887008735155;5.087175540228008;1.3523856961863414;1.0389803887323683;0.14753630884802743,0.2,8,8003,0.9769287109375,91.36627936735749,96.03358732152265,4.667307954165153,47.23797548864704,14.7618673402022,5.011977910995483
132,2,0.258198114906093,0.5303793794876867,0.27218126458159364,1.360906322907968,786.7373170229656,1024,12,16,17.92044496961081,16;32;64;128;256;512,17.92044496961081;6.80196853580188;4.658232419909902;1.6735066681087103;0.9625255915281267;0.14870864159161673,0.2,8,7715,0.9417724609375,96.03358732152265,97.57271822995972,1.5391309084370732,43.833443488758434,13.69795109023701,5.040965795516968
132,3,0.5303793794876867,0.8025606440692803,0.27218126458159364,1.360906322907968,885.2183890738443,1024,12,16,22.3923570642396,16;32;64;128;256;512,22.3923570642396;7.845072039270895;4.624796215919463;1.779842295917047;0.9197774771330516;0.18121167003838307,0.2,8,7412,0.90478515625,97.57271822995972,98.15120269765612,0.5784844676963985,40.710157301490376,12.721924156715742,4.772003173828125
132,4,0.8025606440692803,1.074741908650874,0.27218126458159375,1.360906322907968,926.4139764376409,1024,12,16,13.817718633249974,16;32;64;128;256;512,13.817718633249974;8.997478451635134;4.2817896340547374;1.1490867260068305;1.0358511279466458;0.0,0.2,8,7092,0.86572265625,98.15120269765612,98.64160445379093,0.4904017561348155,39.77949237889378,12.431091368404305,4.754176139831543
132,5,1.074741908650874,1.3469231732324678,0.27218126458159375,1.360906322907968,946.3464217923591,1024,12,16,12.464717875764789,16;32;64;128;256;512,12.464717875764789;3.6251241949820368;3.1935877490911126;0.3955134337444867;0.7025973632847704;0.05747646198538487,0.2,8,6644,0.81103515625,98.64160445379093,98.92442204139661,0.28281758760567755,37.87737665504151,11.836680204700471,5.017687082290649
132,6,1.3469231732324678,1.360906322907968,0.013983149675500295,1.360906322907968,1023.7833262817105,1024,12,16,11.192766339415684,16;32;64;128;256;512,11.192766339415684;1.7504702740874185;2.8880836773947647;0.0;0.0;0.02188896032291691,0.2,8,6555,0.8001708984375,98.92442204139661,98.99444728996605,0.07002524856943637,38.049358177076975,11.890424430336553,5.011262893676758
134,1,0.0,0.24976736432579363,0.24976736432579363,1.4249197891023535,512.0000003519576,1024,12,16,20.614632055580707,16;32;64;128;256;512,20.614632055580707;12.537068660652174;7.212131259028852;2.2318180949495683;1.6881158794174063;0.2595900085751395,0.2,8,7977,0.9737548828125,90.92965678195469,95.96231107180938,5.03265428985469,48.94858798926894,15.296433746646542,5.025074005126953
134,2,0.2497673643257936,0.5347513221462643,0.2849839578204707,1.4249197891023535,763.4269773282595,1024,12,16,16.963613785287183,16;32;64;128;256;512,16.963613785287183;8.400350231837809;4.02630899828021;1.0107533330872236;0.8293636033442264;0.1631223119512411,0.2,8,7722,0.942626953125,95.96231107180938,97.42492060456425,1.4626095327548683,43.68187147035845,13.650584834487015,5.042614936828613
134,3,0.5347513221462643,0.819735279966735,0.2849839578204707,1.4249197891023535,860.04112012946,1024,12,16,22.500795118424563,16;32;64;128;256;512,22.500795118424563;6.957132719597696;5.560285148519904;1.506811976733198;0.6456714562322842;0.10812067693708645,0.2,8,7439,0.9080810546875,97.42492060456425,98.20535897428636,0.7804383697221056,41.20125382089074,12.875391819028357,5.073808908462524
134,4,0.819735279966735,1.1047192377872057,0.2849839578204707,1.4249197891023535,911.0776163529526,1024,12,16,11.65166100932681,16;32;64;128;256;512,11.65166100932681;5.668982040459765;2.126832171441903;0.5388623816653318;0.465367235309585;0.02703186154977516,0.2,8,6998,0.854248046875,98.20535897428636,98.66429656581022,0.4589375915238634,39.109426368595834,12.221695740186197,4.992595911026001
134,5,1.1047192377872057,1.3897031956076764,0.2849839578204707,1.4249197891023535,941.1077066179079,1024,12,16,12.453251994330078,16;32;64;128;256;512,12.453251994330078;2.7685514113809084;2.3887996885224636;0.28950570192878755;0.3123916139747965;0.04917611001343013,0.2,8,6534,0.797607421875,98.66429656581022,98.98020548606291,0.3159089202526957,37.545378724400926,11.732930851375288,5.194843053817749
134,6,1.3897031956076764,1.4249197891023535,0.035216593494677095,1.4249197891023535,1022.6491010098839,1024,12,16,8.618288846188719,16;32;64;128;256;512,8.618288846188719;2.9410337127492983;2.0332088757046964;0.5401393177636297;0.0;0.033988242849156136,0.2,8,6489,0.7921142578125,98.98020548606291,98.98714720481075,0.006941718747839332,36.826492295265055,11.508278842270329,4.882973909378052
136,1,0.0,0.2641054910997957,0.2641054910997957,1.4882088295537672,512.0000002556931,1024,12,16,17.44884071514244,16;32;64;128;256;512,17.44884071514244;7.1731972479050485;5.5887473778413375;1.830877887944037;1.2070511127255412;0.15043067926235174,0.2,8,7959,0.9715576171875,91.49780215101782,96.12232346006203,4.624521309044212,47.01984177756492,14.693700555489038,5.06947922706604
136,2,0.2641054910997957,0.5617472570105492,0.2976417659107535,1.4882088295537672,751.7274373157296,1024,12,16,22.56139576487776,16;32;64;128;256;512,22.56139576487776;5.636793643851073;4.912905064510377;1.1076175419138719;1.3563308374193062;0.17544752104750733,0.2,8,7696,0.939453125,96.12232346006203,97.62008019245695,1.4977567323949188,43.023759891922786,13.44492496622587,4.827250003814697
136,3,0.5617472570105492,0.8593890229213026,0.2976417659107534,1.4882088295537672,865.6418612838828,1024,12,16,21.49555402236497,16;32;64;128;256;512,21.49555402236497;5.664980042177828;4.885512569132253;1.0416260161882112;0.42321079104258547;0.12364025940209661,0.2,8,7342,0.896240234375,97.62008019245695,98.33417475584429,0.7140945633873343,40.967723660721944,12.802413643975607,5.103986978530884
136,4,0.8593890229213026,1.1570307888320561,0.29764176591075353,1.4882088295537672,911.5543907385094,1024,12,16,13.423924994307917,16;32;64;128;256;512,13.423924994307917;6.692819757190869;1.9020506526811878;0.7610285228933137;0.33012112856226794;0.02189368763231764,0.2,8,6899,0.8421630859375,98.33417475584429,98.82993995351717,0.4957651976728812,38.4120037722833,12.003751178838531,5.048418998718262
136,5,1.1570307888320561,1.4546725547428097,0.29764176591075353,1.4882088295537672,936.1594021859817,1024,12,16,20.3088235125382,16;32;64;128;256;512,20.3088235125382;9.481925606702353;3.355344376467902;0.7532265526209195;0.5422268304461791;0.06679479383319051,0.2,8,6373,0.7779541015625,98.82993995351717,99.10406926856376,0.27412931504659355,36.588254491014936,11.433829528442168,4.751832008361816
136,6,1.4546725547428097,1.4882088295537672,0.033536274810957556,1.4882088295537672,1022.8768243894326,1024,12,16,21.552656402987324,16;32;64;128;256;512,21.552656402987324;4.332682608465555;4.30359083068772;0.666041156889464;0.9322972796673903;0.09458956349258002,0.2,8,6370,0.777587890625,99.10406926856376,99.11766280897427,0.013593540410511196,36.384025355537474,11.37000792360546,4.765202045440674
138,1,0.0,0.2621616940646957,0.2621616940646957,1.3479644534384427,512.0000000858763,1024,12,16,23.554202071551455,16;32;64;128;256;512,23.554202071551455;8.01040413410673;5.010590845752805;2.044958681535217;1.567224100468242;0.19795206678388041,0.2,8,7983,0.9744873046875,91.52849547727965,96.40382536046673,4.875329883187078,48.61116254435939,15.190988295112309,4.740508079528809
138,2,0.2621616940646957,0.5317545847523842,0.26959289068768855,1.3479644534384427,798.4396692880464,1024,12,16,18.95383048057889,16;32;64;128;256;512,18.95383048057889;9.306520970909329;3.942676262382304;1.4870745957985003;0.9676237386941688;0.2734647933259669,0.2,8,7687,0.9383544921875,96.40382536046673,97.72710896306671,1.323283602599986,44.13050707396566,13.790783460614268,4.992359161376953
138,3,0.5317545847523842,0.8013474754400728,0.26959289068768855,1.3479644534384427,888.927880528613,1024,12,16,12.026124688440301,16;32;64;128;256;512,12.026124688440301;5.361423520449797;2.5795588104219225;0.5302774217476881;0.4584397997817209;0.09342221854777626,0.2,8,7375,0.9002685546875,97.72710896306671,98.32838690688368,0.6012779438169673,42.368048293254276,13.240015091641961,4.949177026748657
138,4,0.8013474754400728,1.0709403661277612,0.26959289068768844,1.3479644534384427,923.7144970256306,1024,12,16,17.86432442802409,16;32;64;128;256;512,17.86432442802409;4.8921106446373;1.7295879638301055;0.6650200181876715;0.5312524804475522;0.08528170089007074,0.2,8,7017,0.8565673828125,98.32838690688368,98.80880698794499,0.48042008106131107,39.58262758055339,12.369571118922934,5.004456043243408
138,5,1.0709403661277612,1.3405332568154498,0.26959289068768855,1.3479644534384427,944.863447988455,1024,12,16,11.534882049139199,16;32;64;128;256;512,11.534882049139199;2.5819558185006612;2.348648693411478;0.5258278510723375;0.32597030819718237;0.03903122476341787,0.2,8,6623,0.8084716796875,98.80880698794499,99.13906262058299,0.33025563263799995,37.830907486115585,11.822158589411119,4.7541608810424805
138,6,1.3405332568154498,1.3479644534384427,0.007431196622992964,1.3479644534384427,1023.9376659556468,1024,12,16,12.947805649795026,16;32;64;128;256;512,12.947805649795026;5.986431630652309;1.3774059068875169;0.5007649656848189;0.4512599313336077;0.0,0.2,8,6541,0.7984619140625,99.13906262058299,99.18258282565512,0.04352020507212728,37.925551000326884,11.85173468760215,4.743790864944458
140,1,0.0,0.25864337541473115,0.25864337541473115,1.5321408859345589,512.000000100405,1024,12,16,18.980936646825374,16;32;64;128;256;512,18.980936646825374;10.453139367379382;4.585567479885206;1.6696784171229584;0.9898162561368806;0.186941276550183,0.2,8,7976,0.9736328125,91.49318414868321,96.45249871676788,4.959314568084665,47.216803201083266,14.75525100033852,4.743098020553589
140,2,0.25864337541473115,0.565071552601643,0.30642817718691184,1.5321408859345589,769.1845677161599,1024,12,16,25.799898720991514,16;32;64;128;256;512,25.799898720991514;8.487821442468674;5.967264464933164;1.310890259837754;0.39703223123735754;0.09671286543600328,0.2,8,7657,0.9346923828125,96.45249871676788,97.68104711046908,1.2285483937012032,44.086661702667314,13.777081782083535,4.734391927719116
140,3,0.565071552601643,0.8714997297885547,0.30642817718691173,1.5321408859345589,858.3280214420076,1024,12,16,23.283477171989517,16;32;64;128;256;512,23.283477171989517;6.25595235054967;4.731638503612001;1.37811874891916;0.7795719031650091;0.10825537056835431,0.2,8,7325,0.8941650390625,97.68104711046908,98.52040084206965,0.8393537316005677,41.76908947909103,13.052840462215945,4.745496988296509
140,4,0.8714997297885547,1.1779279069754665,0.30642817718691173,1.5321408859345589,911.7211878016224,1024,12,16,15.945953369646698,16;32;64;128;256;512,15.945953369646698;4.721117006958858;4.057849718418133;0.8898789786844191;0.4206982370619197;0.05759764993332515,0.2,8,6893,0.8414306640625,98.52040084206965,98.95222874323372,0.43182790116406977,38.62924021589153,12.071637567466102,5.069685935974121
140,5,1.1779279069754665,1.4843560841623782,0.30642817718691173,1.5321408859345589,939.6907741273949,1024,12,16,6.451899148978312,16;32;64;128;256;512,6.451899148978312;3.877561183237057;2.0536485658820123;0.09703165721373677;0.4593941949230031;0.045074623811049305,0.2,8,6360,0.7763671875,98.95222874323372,99.26009889109991,0.30787014786619693,36.534225384575855,11.416945432679954,4.9912638664245605
140,6,1.4843560841623782,1.5321408859345589,0.047784801772180696,1.5321408859345589,1021.9069388281799,1024,12,16,13.901242633519951,16;32;64;128;256;512,13.901242633519951;6.591940265633494;3.1712381095088005;0.3638352035162969;0.24348790536071022;0.0,0.2,8,6297,0.7686767578125,99.26009889109991,99.28170774551108,0.021608854411169887,37.231145688296436,11.634733027592636,5.232877016067505
142,1,0.0,0.27149844021411773,0.27149844021411773,1.4205260544090386,512.0000001123608,1024,12,16,25.876979663614136,16;32;64;128;256;512,25.876979663614136;9.23284289039167;6.489124797701137;1.893823356084197;1.565083374081733;0.23355071435422683,0.2,8,7940,0.96923828125,91.79262479837053,96.3463132121833,4.553688413812779,48.418288071210405,15.13071502225325,5.117447137832642
142,2,0.27149844021411773,0.5556036510959255,0.28410521088180773,1.4205260544090386,787.353675587752,1024,12,16,19.926151549036373,16;32;64;128;256;512,19.926151549036373;7.634378456646177;3.3512334484929016;1.4631815389419485;1.104345834505667;0.12975843573014023,0.2,8,7700,0.93994140625,96.3463132121833,97.76633523602504,1.4200220238417387,44.69312692275545,13.966602163361076,5.050899028778076
142,3,0.5556036510959255,0.8397088619777332,0.28410521088180773,1.4205260544090386,879.1355458375594,1024,12,16,15.92408407647485,16;32;64;128;256;512,15.92408407647485;6.147517588751402;1.9502398391504583;0.7585069378181354;0.5109679847197984;0.035026528615384835,0.2,8,7354,0.897705078125,97.76633523602504,98.49436729913577,0.7280320631107315,41.27235977067484,12.897612428335886,4.8315229415893555
142,4,0.8397088619777332,1.123814072859541,0.28410521088180773,1.4205260544090386,917.3170742992432,1024,12,16,16.49072573055724,16;32;64;128;256;512,16.49072573055724;9.550560567322794;3.0541754226320306;1.5444397380067758;0.395183629964406;0.06427942268107274,0.2,8,6982,0.852294921875,98.49436729913577,98.90196935203858,0.4076020529028028,38.667878352908716,12.083711985283973,4.8070900440216064
142,5,1.123814072859541,1.4079192837413488,0.28410521088180785,1.4205260544090386,944.6332063226407,1024,12,16,10.99207211419745,16;32;64;128;256;512,10.99207211419745;5.778029169821936;1.972905482534221;0.3030278859250665;0.0;0.0962887506044545,0.2,8,6457,0.7882080078125,98.90196935203858,99.2068672120804,0.3048978600418195,36.78435047186554,11.49510952245798,4.7313971519470215
142,6,1.4079192837413488,1.4205260544090386,0.012606770667689782,1.4205260544090386,1023.8400732264607,1024,12,16,13.374117205057447,16;32;64;128;256;512,13.374117205057447;6.66165826142156;2.249671260555547;1.0292685982514658;0.19843537476384585;0.06357570313761422,0.2,8,6524,0.79638671875,99.2068672120804,99.19908692175522,-0.0077802903251722455,36.95490253755205,11.548407042985016,4.915060997009277
144,1,0.0,0.24418943702428242,0.24418943702428242,1.220947185121412,540.6736468587734,1024,12,16,22.139220687012656,16;32;64;128;256;512,22.139220687012656;9.683642889866745;5.540264335588059;1.4231895776318617;1.3262289124988793;0.23064669786134365,0.2,8,7995,0.9759521484375,91.48651846824214,96.03814168903045,4.551623220788315,48.267822684459695,15.083694588893653,4.749925851821899
144,2,0.24418943702428242,0.48837887404856484,0.24418943702428242,1.220947185121412,810.5938797559934,1024,12,16,21.262398374480775,16;32;64;128;256;512,21.262398374480775;7.007435610562108;4.589126072684361;1.9853780220166752;1.298342890377885;0.2371892350183429,0.2,8,7759,0.9471435546875,96.03814168903045,97.48617627029307,1.4480345812626183,45.07025660057709,14.084455187680339,4.880364894866943
144,3,0.48837887404856484,0.7325683110728473,0.24418943702428242,1.220947185121412,905.3035557549442,1024,12,16,14.620602859315687,16;32;64;128;256;512,14.620602859315687;6.919488797957232;4.425780192664678;0.5303607398026442;1.0204764903265775;0.0613157221568012,0.2,8,7487,0.9139404296875,97.48617627029307,98.1250824877061,0.6389062174130231,43.24049782366207,13.512655569894395,4.876405954360962
144,4,0.7325683110728473,0.9767577480971297,0.24418943702428242,1.220947185121412,931.4875474336393,1024,12,16,19.579413647729137,16;32;64;128;256;512,19.579413647729137;5.5821624738399445;5.061165685632962;1.254397836194528;0.3237907858840928;0.02721221185645511,0.2,8,7129,0.8702392578125,98.1250824877061,98.5495890082093,0.4245065205032006,40.67930196334221,12.71228186354444,5.1240458488464355
144,5,0.9767577480971297,1.220947185121412,0.2441894370242823,1.220947185121412,954.0089835275079,1024,12,16,5.32918821464088,16;32;64;128;256;512,5.32918821464088;4.625201017510529;1.699609854008259;0.87064858921534;0.5019103784956882;0.09551567134050792,0.2,8,6751,0.8240966796875,98.5495890082093,98.88696606701706,0.3373770588077605,37.564403458716384,11.73887608084887,5.019017934799194
146,1,0.0,0.2789142058559145,0.2789142058559145,1.673601578100884,512.0000003766299,1024,12,16,25.511006715559475,16;32;64;128;256;512,25.511006715559475;9.786577756204125;5.48023863456137;1.956312079157086;1.5902927612093294;0.23841144988600316,0.2,8,7926,0.967529296875,91.94337761751376,96.6921404163586,4.748762798844837,47.6268940911971,14.883404403499094,4.721743106842041
146,2,0.2789142058559145,0.6136345214760912,0.33472031562017673,1.673601578100884,744.1235317251419,1024,12,16,16.381993894212048,16;32;64;128;256;512,16.381993894212048;8.269456856182078;5.224620488374609;1.1378991541585044;1.2456835604971068;0.08719223573956557,0.2,8,7628,0.93115234375,96.6921404163586,98.07111943885684,1.3789790224982426,43.64265627093648,13.638330084667649,5.096987962722778
146,3,0.6136345214760912,0.948354837096268,0.3347203156201768,1.673601578100884,844.9015459220534,1024,12,16,11.628077464643338,16;32;64;128;256;512,11.628077464643338;4.911291970738841;2.7625941976404893;0.2602183489163433;0.34065700355536316;0.04267537192289725,0.2,8,7226,0.882080078125,98.07111943885684,98.70697910699528,0.635859668138437,39.99849530878491,12.499529783995284,5.032221078872681
146,4,0.948354837096268,1.2830751527164448,0.3347203156201768,1.673601578100884,900.3202603300484,1024,12,16,14.309463124768175,16;32;64;128;256;512,14.309463124768175;5.769978417886479;4.081840133518146;0.0;0.20845548934325295;0.0622097452914383,0.2,8,6714,0.819580078125,98.70697910699528,99.19135120289866,0.4843720959033817,37.631493739112116,11.759841793472535,4.832920074462891
146,5,1.2830751527164448,1.6177954683366216,0.3347203156201768,1.673601578100884,925.9516789366869,1024,12,16,16.745329498142876,16;32;64;128;256;512,16.745329498142876;3.188544029626804;3.2995107547138023;0.7846695793774453;0.3167503519247682;0.0,0.2,8,6059,0.7396240234375,99.19135120289866,99.52415345446207,0.3328022515634075,35.896204249233364,11.217563827885426,4.798238039016724
146,6,1.6177954683366216,1.673601578100884,0.05580610976426237,1.673601578100884,1021.2269400731899,1024,12,16,15.308983217505267,16;32;64;128;256;512,15.308983217505267;5.00465002675792;3.3599516523193973;0.7477262646923535;0.5154716606698848;0.08684962322911788,0.2,8,6057,0.7393798828125,99.52415345446207,99.57176277891267,0.04760932445060462,35.8971796337105,11.217868635534531,4.808456897735596
148,1,0.0,0.2793358867511112,0.2793358867511112,1.4996889999514207,512.0000002629372,1024,12,16,27.504926767369973,16;32;64;128;256;512,27.504926767369973;10.569791416769293;6.473508490680487;2.304130281604981;1.7201749805058415;0.22367413547557072,0.2,8,7964,0.97216796875,91.91696106619202,96.5549579008948,4.63799683470279,47.36855729240048,14.80267415387515,5.034050941467285
148,2,0.2793358867511112,0.5792736867413953,0.29993779999028414,1.4996889999514207,763.3446113272896,1024,12,16,22.650974968203705,16;32;64;128;256;512,22.650974968203705;7.105700956515638;4.201128298107976;1.430944659175301;0.972849458227692;0.12853536997659842,0.2,8,7669,0.9361572265625,96.5549579008948,97.97179854067508,1.4168406397802755,44.64931033112558,13.952909478476743,5.179530143737793
148,3,0.5792736867413953,0.8792114867316795,0.29993779999028414,1.4996889999514207,879.9159630207757,1024,12,16,18.879869209514712,16;32;64;128;256;512,18.879869209514712;5.110547531792327;3.923889218363449;0.9930832671437184;0.8255431623862937;0.14492178414671875,0.2,8,7375,0.9002685546875,97.97179854067508,98.52061964117456,0.548821100499481,42.021608522462685,13.13175266326959,4.7686851024627686
148,4,0.8792114867316795,1.1791492867219637,0.29993779999028425,1.4996889999514207,916.7936844164078,1024,12,16,16.019940995497215,16;32;64;128;256;512,16.019940995497215;6.369289377249905;3.7136886156231617;1.0256793764449403;0.3629903802260648;0.0,0.2,8,6928,0.845703125,98.52061964117456,98.99970391427632,0.47908427310176194,39.533229885964566,12.354134339363926,4.84782600402832
148,5,1.1791492867219637,1.4790870867122479,0.29993779999028414,1.4996889999514207,936.0969237669019,1024,12,16,16.732832944089775,16;32;64;128;256;512,16.732832944089775;4.27921420016187;3.7564758158431952;0.8051509095060768;0.39223551365238307;0.06814404779483374,0.2,8,6327,0.7723388671875,98.99970391427632,99.3520448700292,0.3523409557528794,36.964576705160795,11.551430220362748,4.859068155288696
148,6,1.4790870867122479,1.4996889999514207,0.02060191323917282,1.4996889999514207,1023.5841985968968,1024,12,16,16.216453701472712,16;32;64;128;256;512,16.216453701472712;6.22624598119876;0.0;0.7815003109225127;0.14043637385041197;0.012636980642984111,0.2,8,6330,0.772705078125,99.3520448700292,99.4112882509362,0.05924338090699166,36.76952170211255,11.490475531910171,5.007431983947754
150,1,0.0,0.25366007444644756,0.25366007444644756,1.2683003722322377,559.0450580967416,1024,12,16,18.682498859582825,16;32;64;128;256;512,18.682498859582825;9.34440442462841;4.785315761977878;2.038956276059906;0.9875777050995597;0.14000663331698496,0.2,8,7988,0.97509765625,92.25949970597867,96.20227436616551,3.942774660186842,48.5655773942522,15.176742935703812,5.033923149108887
150,2,0.25366007444644756,0.5073201488928951,0.25366007444644756,1.2683003722322377,796.1152113700828,1024,12,16,26.68875661641029,16;32;64;128;256;512,26.68875661641029;6.251118044780891;6.29822468933339;1.5862347338194374;1.283364433805151;0.065340332524337,0.2,8,7742,0.945068359375,96.20227436616551,97.71720552875195,1.5149311625864357,44.684755098949076,13.963985968421586,5.05263614654541
150,3,0.5073201488928951,0.7609802233393427,0.25366007444644756,1.2683003722322377,897.9736853669381,1024,12,16,19.72368222125561,16;32;64;128;256;512,19.72368222125561;6.818845179326668;4.7524912231814;0.6935720917347558;0.6019516494403887;0.16322542201551743,0.2,8,7479,0.9129638671875,97.71720552875195,98.42753585136961,0.7103303226176649,42.70514033294499,13.34535635404531,4.981381893157959
150,4,0.7609802233393427,1.0146402977857902,0.25366007444644756,1.2683003722322377,932.4071007542912,1024,12,16,11.082579390499268,16;32;64;128;256;512,11.082579390499268;7.547629458689232;1.2136455638027737;1.4263233157232664;0.2554167456091734;0.06214626151718972,0.2,8,7065,0.8624267578125,98.42753585136961,98.84617976739537,0.4186439160257578,41.4780659398241,12.96189560619503,4.957993030548096
150,5,1.0146402977857902,1.2683003722322377,0.25366007444644745,1.2683003722322377,953.9871402661851,1024,12,16,19.187577292304756,16;32;64;128;256;512,19.187577292304756;5.177380208631781;2.253514655926932;1.2735644097784056;0.06869713653744561;0.14232910608257854,0.2,8,6735,0.8221435546875,98.84617976739537,99.14350765768904,0.2973278902936727,39.569359679076626,12.365424899711446,5.03241491317749
152,1,0.0,0.27099839637067763,0.27099839637067763,1.354991981853388,513.7640822102405,1024,12,16,23.83131788731497,16;32;64;128;256;512,23.83131788731497;8.560094037014013;6.505697873271365;1.5060695318899608;1.743408468244563;0.22428327096698278,0.2,8,7960,0.9716796875,92.24916037917137,96.70420065859798,4.455040279426612,47.492573219236945,14.841429131011544,4.790331840515137
152,2,0.27099839637067763,0.5419967927413553,0.27099839637067763,1.354991981853388,801.2147057256428,1024,12,16,20.62125703407469,16;32;64;128;256;512,20.62125703407469;6.868521789841397;3.5367128369924172;2.081876271941482;0.9426656060256977;0.13345665957394556,0.2,8,7683,0.9378662109375,96.70420065859798,98.0494209114695,1.3452202528715134,44.108892782790356,13.784028994621986,4.852089881896973
152,3,0.5419967927413553,0.8129951891120328,0.2709983963706776,1.354991981853388,884.2612613883625,1024,12,16,13.654004456708622,16;32;64;128;256;512,13.654004456708622;6.894685465678445;4.008019912085824;1.3747165635084513;1.3549214560502554;0.11120167126068704,0.2,8,7385,0.9014892578125,98.0494209114695,98.70981790975202,0.660396998282522,41.645410834430095,13.014190885759405,4.755201101303101
152,4,0.8129951891120328,1.0839935854827105,0.2709983963706777,1.354991981853388,926.7475162663727,1024,12,16,10.94843585471054,16;32;64;128;256;512,10.94843585471054;2.07585939415411;1.7080383811743916;0.9457172861524706;0.21083346404892553;0.0,0.2,8,6894,0.841552734375,98.70981790975202,99.10454203595873,0.39472412620671093,39.9465516823515,12.483297400734843,4.731987953186035
152,5,1.0839935854827105,1.354991981853388,0.27099839637067746,1.354991981853388,953.7459110625745,1024,12,16,22.128815845533776,16;32;64;128;256;512,22.128815845533776;4.630023029595424;3.193530203932516;0.44073503127701535;0.1465241112432985;0.025834628761322715,0.2,8,6508,0.79443359375,99.10454203595873,99.390909566544,0.28636753058526665,37.72582981608872,11.789321817527725,4.813129186630249
154,1,0.0,0.26945895342159487,0.26945895342159487,1.3472947671079742,516.1916479915413,1024,12,16,25.38529674839281,16;32;64;128;256;512,25.38529674839281;7.772054047858887;5.851695330564553;1.8865776774789205;1.1852600148909311;0.20985776009178211,0.2,8,7967,0.9725341796875,91.99991684558336,96.63343167700805,4.633514831424691,47.44151899105667,14.825474684705208,5.001151084899902
154,2,0.26945895342159487,0.5389179068431897,0.26945895342159487,1.3472947671079742,798.4216959446059,1024,12,16,19.32169354392464,16;32;64;128;256;512,19.32169354392464;9.39014603889114;5.195921738412104;1.3774743769658073;0.9269058793095373;0.11813502509502515,0.2,8,7716,0.94189453125,96.63343167700805,97.8388376912335,1.2054060142254457,44.021050220034034,13.756578193760635,4.860215902328491
154,3,0.5389179068431897,0.8083768602647846,0.26945895342159487,1.3472947671079742,883.6399160391398,1024,12,16,19.88792176336398,16;32;64;128;256;512,19.88792176336398;7.719886808867518;6.3906517333874735;1.9010449003707122;0.9907293462161618;0.20074007333572372,0.2,8,7350,0.897216796875,97.8388376912335,98.53829328576103,0.6994555945275351,41.66072876052166,13.018977737663016,4.751789093017578
154,4,0.8083768602647846,1.0778358136863795,0.26945895342159487,1.3472947671079742,927.7033198290138,1024,12,16,14.342897197868462,16;32;64;128;256;512,14.342897197868462;6.716239104624068;4.29434970106524;0.8683529375785698;0.8230811866933908;0.10865855011340085,0.2,8,6989,0.8531494140625,98.53829328576103,98.9128039808711,0.3745106951100752,39.26590228804444,12.270594465013886,4.726269006729126
154,5,1.0778358136863795,1.3472947671079742,0.26945895342159476,1.3472947671079742,947.1642350286347,1024,12,16,15.745546365102358,16;32;64;128;256;512,15.745546365102358;3.4215313908383127;3.816473095228808;1.2610109307855681;0.27909660594906044;0.06067901410292443,0.2,8,6629,0.8092041015625,98.9128039808711,99.27741974801756,0.3646157671464607,38.474359848711686,12.023237452722402,5.191515922546387
156,1,0.0,0.2938133424726988,0.2938133424726988,1.7816248985348513,512.0000001873759,1024,12,16,27.258540162742808,16;32;64;128;256;512,27.258540162742808;11.123868609277205;7.519175513764538;3.0085073141329888;1.7168147900213822;0.3230076171963646,0.2,8,7953,0.9708251953125,92.33636078098789,96.70921036286745,4.372849581879564,47.722859441116334,14.913393575348854,5.107326030731201
156,2,0.2938133424726988,0.650138322179669,0.35632497970697025,1.7816248985348513,727.4522796826575,1024,12,16,18.244797647353774,16;32;64;128;256;512,18.244797647353774;5.542568819683968;2.7221194764687637;1.242794726765796;0.9113816535448033;0.12855127027319013,0.2,8,7572,0.92431640625,96.70921036286745,98.20353824587073,1.4943278830032796,43.78854743712119,13.68392107410037,5.169550180435181
156,3,0.650138322179669,1.0064633018866393,0.3563249797069703,1.7816248985348513,856.9952781253029,1024,12,16,15.909195634486645,16;32;64;128;256;512,15.909195634486645;4.672138771266058;4.740430330664093;0.8329801046512234;0.28083589889370253;0.056741990951907816,0.2,8,7084,0.86474609375,98.20353824587073,98.88262789906003,0.679089653189294,39.679116704334874,12.399723970104647,5.2295520305633545
156,4,1.0064633018866393,1.3627882815936097,0.3563249797069703,1.7816248985348513,910.3701207562481,1024,12,16,23.13958064225908,16;32;64;128;256;512,23.13958064225908;8.439759348912398;6.264832480071704;1.1481454740140726;0.9022404798164897;0.0,0.2,8,6559,0.8006591796875,98.88262789906003,99.28351742948871,0.40088953042868525,37.335396997168075,11.667311561615023,4.885364055633545
156,5,1.3627882815936097,1.71911326130058,0.3563249797069703,1.7816248985348513,920.2375448800716,1024,12,16,12.821562482416361,16;32;64;128;256;512,12.821562482416361;2.4388947769392146;2.3900435115633463;0.22744384105460289;0.205212804720684;0.0,0.2,8,5847,0.7137451171875,99.28351742948871,99.63128785253502,0.3477704230463132,34.23113001967482,10.697228131148382,4.893134117126465
156,6,1.71911326130058,1.7816248985348513,0.06251163723427133,1.7816248985348513,1020.8936958084456,1024,12,16,11.721048104464522,16;32;64;128;256;512,11.721048104464522;5.918994182568684;3.3170078781533494;0.0;0.3489633618108085;0.0,0.2,8,5681,0.6934814453125,99.63128785253502,99.62481574167032,-0.0064721108647063375,34.604929023288626,10.814040319777694,5.171290159225464
158,1,0.0,0.2724802392034848,0.2724802392034848,1.4542340267622944,512.000000165981,1024,12,16,27.718631352403243,16;32;64;128;256;512,27.718631352403243;10.055772312422997;4.724806771661785;1.8399353955776339;1.6646879756494894;0.1791372578533919,0.2,8,7956,0.97119140625,91.94931276002899,96.52133834827691,4.572025588247925,49.150175725516135,15.359429914223792,5.0715131759643555
158,2,0.2724802392034848,0.5633270445559437,0.29084680535245894,1.4542340267622944,766.1652787435441,1024,12,16,24.02473206150188,16;32;64;128;256;512,24.02473206150188;8.820586660804446;5.386962109870912;1.450070443221646;1.0585887857580905;0.1024375901909773,0.2,8,7674,0.936767578125,96.52133834827691,97.95331379782874,1.4319754495518282,44.37905508520061,13.86845471412519,5.11057186126709
158,3,0.5633270445559437,0.8541738499084026,0.2908468053524589,1.4542340267622944,875.573613956232,1024,12,16,18.26903536884747,16;32;64;128;256;512,18.26903536884747;7.264543488590871;4.54708426393602;1.3775144226306746;0.5286087680470043;0.008563264819297966,0.2,8,7281,0.8887939453125,97.95331379782874,98.64574922097381,0.6924354231450707,40.0861076722733,12.526908647585406,4.920100927352905
158,4,0.8541738499084026,1.1450206552608615,0.2908468053524589,1.4542340267622944,921.3434564230868,1024,12,16,14.643448392296296,16;32;64;128;256;512,14.643448392296296;5.130412165750904;2.178178949428543;0.5803495184642419;0.4166316232034784;0.00818479430317902,0.2,8,6879,0.8397216796875,98.64574922097381,99.09476760658436,0.4490183856105432,38.61515332988829,12.067235415590089,4.8843770027160645
158,5,1.1450206552608615,1.4358674606133204,0.2908468053524589,1.4542340267622944,944.7953363809063,1024,12,16,14.31172039158526,16;32;64;128;256;512,14.31172039158526;5.580960059674632;2.9129629890115774;0.41610809705639035;0.0;0.0,0.2,8,6385,0.7794189453125,99.09476760658436,99.36065850115847,0.2658908945741132,37.76357412934548,11.801116915420462,5.235464096069336
158,6,1.4358674606133204,1.4542340267622944,0.01836656614897403,1.4542340267622944,1023.6664437246108,1024,12,16,12.248109126757663,16;32;64;128;256;512,12.248109126757663;3.874592857167883;1.7953313590467812;0.2236093614725377;0.11050618896558898;0.0,0.2,8,6357,0.7760009765625,99.36065850115847,99.38509148184676,0.024432980688288808,37.93336269634518,11.854175842607868,5.054136037826538
160,1,0.0,0.30067488377502694,0.30067488377502694,1.5443385100512605,512.0000000604241,1024,12,16,20.24181614467179,16;32;64;128;256;512,20.24181614467179;12.357829165601967;6.042406009836854;1.75984891846931;1.6622267014834173;0.2591070282709483,0.2,8,7956,0.97119140625,92.55912270047702,96.87200308847241,4.312880387995392,47.627486249606285,14.883589453001964,4.898803949356079
160,2,0.30067488377502694,0.6095425857852791,0.30886770201025215,1.5443385100512605,770.5151608389803,1024,12,16,19.720318780083684,16;32;64;128;256;512,19.720318780083684;6.64489829099072;3.151581235490599;1.5335944889137894;1.0285371982432958;0.2180620926198142,0.2,8,7631,0.9315185546875,96.87200308847241,98.14796668151394,1.2759635930415243,44.524725956624046,13.913976861445013,4.96423602104187
160,3,0.6095425857852791,0.9184102877955312,0.30886770201025215,1.5443385100512605,871.7806771524421,1024,12,16,19.019931745721724,16;32;64;128;256;512,19.019931745721724;6.09311875048187;4.27109606477134;0.8168421325850397;0.6177035702691224;0.014978078423166022,0.2,8,7271,0.8875732421875,98.14796668151394,98.7924108360894,0.6444441545754671,40.11555359233463,12.53611049760457,5.204391956329346
160,4,0.9184102877955312,1.2272779898057835,0.30886770201025227,1.5443385100512605,914.5716958492317,1024,12,16,14.70627666660049,16;32;64;128;256;512,14.70627666660049;4.145035975666162;1.8731396891287233;0.8710990560131777;0.27651058450730104;0.07188465525534189,0.2,8,6813,0.8316650390625,98.7924108360894,99.24782066384796,0.4554098277585581,38.30251312756981,11.969535352365565,4.850243091583252
160,5,1.2272779898057835,1.5361456918160357,0.30886770201025215,1.5443385100512605,935.5853845267103,1024,12,16,12.647579568569686,16;32;64;128;256;512,12.647579568569686;5.039397037011694;1.077048680019502;0.12061757109748883;0.05245508718367301;0.0,0.2,8,6232,0.7607421875,99.24782066384796,99.56832069379743,0.32050002994947135,35.683827036466724,11.15119594889585,5.314692974090576
160,6,1.5361456918160357,1.5443385100512605,0.008192818235224886,1.5443385100512605,1023.9357530891159,1024,12,16,16.31702883543288,16;32;64;128;256;512,16.31702883543288;3.4926921931714596;0.6225717289575158;0.3629157132156439;0.0;0.05728369986662325,0.2,8,6234,0.760986328125,99.56832069379743,99.62213968485594,0.05381899105850607,36.90240047025455,11.532000146954546,5.200933933258057
162,1,0.0,0.2680542854558513,0.2680542854558513,1.3501944202015954,512.0000002604315,1024,12,16,24.500843741339217,16;32;64;128;256;512,24.500843741339217;9.168933227794152;5.3632535842456575;1.5003561593008485;1.0961373294168384;0.21104561622088222,0.2,8,7995,0.9759521484375,91.84977848781273,96.53688893129583,4.687110443483107,47.873312593454656,14.96041018545458,5.332728862762451
162,2,0.2680542854558513,0.5380931694961704,0.27003888404031906,1.3501944202015954,803.6145866664833,1024,12,16,26.65222875526961,16;32;64;128;256;512,26.65222875526961;9.134361198680692;3.48034938183558;1.2627246101688234;1.0117679766613448;0.11718334018097092,0.2,8,7705,0.9405517578125,96.53688893129583,98.01547953276895,1.4785906014731154,43.730403215981596,13.665751004994249,5.1230149269104
162,3,0.5380931694961704,0.8081320535364895,0.27003888404031917,1.3501944202015954,899.3061900577891,1024,12,16,28.80524386330628,16;32;64;128;256;512,28.80524386330628;10.499160093084313;6.355060131598509;1.5065241515513788;1.4616454747815948;0.20180529375857634,0.2,8,7372,0.89990234375,98.01547953276895,98.52883944672067,0.5133599139517173,42.653303840811226,13.329157450253508,4.981745004653931
162,4,0.8081320535364895,1.0781709375768087,0.27003888404031917,1.3501944202015954,925.8445360321042,1024,12,16,10.250510395785053,16;32;64;128;256;512,10.250510395785053;5.813762823136906;2.787368373544433;1.1833168105425624;0.6312333273008081;0.06574205209159231,0.2,8,7029,0.8580322265625,98.52883944672067,99.0193133901339,0.49047394341323525,38.68428095195429,12.088837797485716,4.974949836730957
162,5,1.0781709375768087,1.3482098216171279,0.27003888404031917,1.3501944202015954,946.0701114875969,1024,12,16,14.562710695707283,16;32;64;128;256;512,14.562710695707283;3.8663946562820595;3.9659893812162994;1.2018700956120343;0.26734688987428273;0.02735050071908904,0.2,8,6589,0.8043212890625,99.0193133901339,99.34941859263927,0.330105202505365,37.49132355134912,11.716038609796598,5.1003711223602295
162,6,1.3482098216171279,1.3501944202015954,0.001984598584467534,1.3501944202015954,1023.9954731739023,1024,12,16,12.557973558521974,16;32;64;128;256;512,12.557973558521974;4.194948076484553;3.34574806447817;0.5637414600221904;0.36615086857329787;0.034638121930982445,0.2,8,6604,0.80615234375,99.34941859263927,99.3023589606164,-0.04705963202286512,37.530105549335346,11.728157984167295,5.166785955429077
164,1,0.0,0.25928334353768107,0.25928334353768107,1.2964167176884052,531.6718573249201,1024,12,16,25.79177485218319,16;32;64;128;256;512,25.79177485218319;11.088347692985451;4.709145420820763;2.0468494943950875;1.2788204000930796;0.3859946673162046,0.2,8,7957,0.9713134765625,92.1227230518125,96.3914449895965,4.268721937783994,47.020122142226214,14.69378816944569,4.87028694152832
164,2,0.25928334353768107,0.5185666870753621,0.25928334353768107,1.2964167176884052,791.445747093116,1024,12,16,27.943587958108075,16;32;64;128;256;512,27.943587958108075;9.641507989870822;6.67656817292932;1.8900002470755508;1.0422293901142612;0.16543272789013255,0.2,8,7706,0.940673828125,96.3914449895965,97.88965135545004,1.498206365853548,45.51718002683501,14.22411875838594,4.933856010437012
164,3,0.5185666870753621,0.7778500306130431,0.259283343537681,1.2964167176884052,895.1865994881789,1024,12,16,14.43405026611499,16;32;64;128;256;512,14.43405026611499;4.106797373792002;3.849369059863628;0.8933735151612506;0.38884440869002873;0.08499872247723336,0.2,8,7467,0.9114990234375,97.88965135545004,98.59139607392717,0.7017447184771299,43.50714477104584,13.595982740951824,5.161919116973877
164,4,0.7778500306130431,1.0371333741507243,0.2592833435376811,1.2964167176884052,928.4230300859252,1024,12,16,17.448697440048598,16;32;64;128;256;512,17.448697440048598;5.503032021919845;5.087985943153189;1.08934955121123;0.5482061634293289;0.09262775325774003,0.2,8,7091,0.8656005859375,98.59139607392717,99.03140194376465,0.4400058698374778,40.35822580679827,12.61194556462446,5.237415075302124
164,5,1.0371333741507243,1.2964167176884052,0.2592833435376809,1.2964167176884052,949.4208881915043,1024,12,16,17.57492510160065,16;32;64;128;256;512,17.57492510160065;4.83538786149844;2.1723798333394035;0.8370137916287719;0.1982149626687624;0.06327347238418847,0.2,8,6734,0.822021484375,99.03140194376465,99.30425989860669,0.27285795484203845,38.3959751086895,11.998742221465468,4.932004928588867
166,1,0.0,0.28379805660720925,0.28379805660720925,1.4315175199144383,512.0000000071377,1024,12,16,24.912312365493023,16;32;64;128;256;512,24.912312365493023;10.639033787097336;4.862496612324477;1.625627973653223;1.4811032015970444;0.270786745145061,0.2,8,7961,0.9718017578125,92.47957512631547,96.60402051114943,4.124445384833962,46.50634174595199,14.533231795609996,5.170468807220459
166,2,0.28379805660720925,0.570101560590097,0.28630350398288773,1.4315175199144383,776.9528315388501,1024,12,16,20.08786107430856,16;32;64;128;256;512,20.08786107430856;4.941445793725137;3.8448094338848082;1.646241265576071;1.0896901018943324;0.11770403904852612,0.2,8,7703,0.9403076171875,96.60402051114943,98.13985232973937,1.5358318185899407,44.28181161718884,13.838066130371512,5.038706064224243
166,3,0.570101560590097,0.8564050645729846,0.2863035039828876,1.4315175199144383,892.2655649259241,1024,12,16,20.604648778498593,16;32;64;128;256;512,20.604648778498593;9.315416059266642;2.9663306864816485;0.8840814953571742;0.8569621973367132;0.1467256579587774,0.2,8,7343,0.8963623046875,98.13985232973937,98.68368431029376,0.543831980554387,41.873686699660674,13.08552709364396,4.865557909011841
166,4,0.8564050645729846,1.1427085685558722,0.2863035039828876,1.4315175199144383,924.7763153869151,1024,12,16,11.625404362753624,16;32;64;128;256;512,11.625404362753624;2.5855360235677005;3.617979149022114;0.3468072694471962;0.13445961820707528;0.04291683805971454,0.2,8,6988,0.85302734375,98.68368431029376,99.1342379587004,0.4505536484066397,39.44682671851309,12.32713334953534,4.992295980453491
166,5,1.1427085685558722,1.4290120725387598,0.2863035039828876,1.4315175199144383,943.0914451998777,1024,12,16,17.88653529869344,16;32;64;128;256;512,17.88653529869344;5.653639169494677;4.341703278622228;0.8199308498815239;0.7357246441894746;0.0,0.2,8,6485,0.7916259765625,99.1342379587004,99.42665036581457,0.2924124071141705,38.38061694915621,11.993942796611316,4.982255935668945
166,6,1.4290120725387598,1.4315175199144383,0.0025054473756784823,1.4315175199144383,1023.9934973992858,1024,12,16,11.579010006114823,16;32;64;128;256;512,11.579010006114823;5.462459365519392;4.1985778184797855;0.6766623910545095;0.26993941771507696;0.03647099155011012,0.2,8,6550,0.799560546875,99.42665036581457,99.45152265764773,0.024872291833162308,37.12558846483311,11.601746395260346,4.956081867218018
