stride_idx,level,beta_pre,beta_post,delta_beta,beta_max,ess_at_dbeta_chosen,n_smc,theta_dim,chees_L_chosen,chees_score_best,chees_L_candidates,chees_scores,eps_step_size,n_mcmc_moves,total_accepts,accept_frac,log_density_pre_mean,log_density_post_mean,delta_log_density,esjd_total,esjd_per_eps_L,wall_seconds_level
2,1,0.0,0.009088446309121537,0.009088446309121537,0.048486329346598904,64.00000000928551,128,16,16,30.71857898452814,16;32;64;128,30.71857898452814;6.054117165766644;3.115379452173204;1.5967362092490538,0.2,2,240,0.9375,-83.60104473750107,37.5417685857974,121.14281332329847,45.721337884889785,14.287918089028057,6.811050891876221
2,2,0.009088446309121537,0.01878571217844132,0.009697265869319783,0.048486329346598904,98.62335704596512,128,16,16,32.08069280120515,16;32;64;128,32.08069280120515;9.795512862458363;4.561344712872965;0.9205146843404741,0.2,2,227,0.88671875,37.5417685857974,91.80093180853873,54.259163222741336,46.99002962446628,14.684384257645712,6.453649997711182
2,3,0.01878571217844132,0.0284829780477611,0.00969726586931978,0.048486329346598904,120.87364925348183,128,16,16,19.658039172274275,16;32;64;128,19.658039172274275;7.805287099410281;4.119691837605417;0.3026244016796476,0.2,2,217,0.84765625,91.80093180853873,97.29278860869817,5.4918568001594394,41.96143912657034,13.11294972705323,6.489552021026611
2,4,0.0284829780477611,0.03818024391708088,0.00969726586931978,0.048486329346598904,122.20708502850357,128,16,16,28.15813669397267,16;32;64;128,28.15813669397267;4.057392388753159;3.9578465677080543;0.45363824819457677,0.2,2,213,0.83203125,97.29278860869817,102.32478128816001,5.031992679461837,46.43911160330141,14.51222237603169,6.318624973297119
2,5,0.03818024391708088,0.04787750978640066,0.00969726586931978,0.048486329346598904,124.27277570395384,128,16,16,30.978819087425045,16;32;64;128,30.978819087425045;9.609662000078684;5.036709261165351;1.2300957980409108,0.2,2,219,0.85546875,102.32478128816001,105.52733400790021,3.202552719740197,42.71586915053958,13.348709109543618,6.311831951141357
2,6,0.04787750978640066,0.048486329346598904,0.0006088195601982455,0.048486329346598904,127.9892392072145,128,16,16,28.312793269503093,16;32;64;128,28.312793269503093;7.518306970465978;3.85245614519076;0.7179935454342066,0.2,2,223,0.87109375,105.52733400790021,105.09414420509711,-0.43318980280309916,44.6185864031455,13.943308250982968,6.383861064910889
4,1,0.0,0.00853877747530476,0.00853877747530476,0.04385688844141386,64.00000003481532,128,16,16,30.452995966788187,16;32;64;128,30.452995966788187;8.281346508836199;6.71235185334139;1.0550437323542623,0.2,2,239,0.93359375,-102.06319164531305,34.07600169745274,136.1391933427658,46.98873825928368,14.68398070602615,6.345392942428589
4,2,0.00853877747530476,0.017310155163587533,0.008771377688282773,0.04385688844141386,100.59464894084991,128,16,16,30.79847661036425,16;32;64;128,30.79847661036425;7.501946640598898;2.8635289191761015;2.5338166538091142,0.2,2,225,0.87890625,34.07600169745274,77.92465058236849,43.84864888491575,47.89498741920806,14.967183568502517,6.579919099807739
4,3,0.017310155163587533,0.026081532851870308,0.008771377688282775,0.04385688844141386,115.16235992934462,128,16,16,11.809710548208985,16;32;64;128,11.809710548208985;5.414530967943025;2.801840275924974;1.1556127417745259,0.2,2,225,0.87890625,77.92465058236849,97.5620757327415,19.63742515037302,47.33433071261483,14.791978347692133,6.340865850448608
4,4,0.026081532851870308,0.03485291054015308,0.008771377688282775,0.04385688844141386,123.17892674917893,128,16,16,20.87430621589921,16;32;64;128,20.87430621589921;6.851652814135033;3.0399709145099543;0.8985454097407828,0.2,2,224,0.875,97.5620757327415,101.3393037780188,3.7772280452772975,47.48584927802986,14.839327899384331,6.322203874588013
4,5,0.03485291054015308,0.04362428822843586,0.008771377688282775,0.04385688844141386,124.54819388254454,128,16,16,26.12202929941437,16;32;64;128,26.12202929941437;5.866929625907776;2.8696666996771922;1.577581886661971,0.2,2,223,0.87109375,101.3393037780188,105.1825444069691,3.843240628950298,47.40475185297446,14.813984954054517,6.365779876708984
4,6,0.04362428822843586,0.04385688844141386,0.00023260021297800276,0.04385688844141386,127.99696585301889,128,16,16,25.102894678904022,16;32;64;128,25.102894678904022;4.848208907233996;4.24763350576737;0.6949076906581505,0.2,2,227,0.88671875,105.1825444069691,106.51769788516685,1.3351534781977534,44.0333121750332,13.760410054697875,6.448855876922607
6,1,0.0,0.008665168106739857,0.008665168106739857,0.05277858512427203,64.0000000021395,128,16,16,25.50517315698731,16;32;64;128,25.50517315698731;8.664619131917577;4.5163762424217735;1.287168983097301,0.2,2,232,0.90625,-83.05104712839238,57.892954248702154,140.94400137709454,45.72683511542145,14.289635973569203,6.541414022445679
6,2,0.008665168106739857,0.019220885131594263,0.010555717024854406,0.05277858512427203,100.49165050115342,128,16,16,31.834209558568343,16;32;64;128,31.834209558568343;7.027131208999304;3.679746263332798;1.2302486019605519,0.2,2,217,0.84765625,57.892954248702154,99.95722828852013,42.064274039817974,43.99005453588658,13.746892042464555,6.636389970779419
6,3,0.019220885131594263,0.029776602156448673,0.01055571702485441,0.05277858512427203,117.7749298260273,128,16,16,23.258177700627172,16;32;64;128,23.258177700627172;6.647113655539796;3.3566469891780386;0.6946426327773231,0.2,2,214,0.8359375,99.95722828852013,111.33368764910847,11.376459360588342,50.5495386269042,15.796730820907563,6.431351900100708
6,4,0.029776602156448673,0.04033231918130308,0.01055571702485441,0.05277858512427203,123.48426832897836,128,16,16,20.810029306083948,16;32;64;128,20.810029306083948;10.009917079791476;4.019027400825504;1.1514961577883203,0.2,2,223,0.87109375,111.33368764910847,115.71868919488043,4.385001545771956,46.08958003230353,14.402993760094853,6.447052001953125
6,5,0.04033231918130308,0.05088803620615749,0.01055571702485441,0.05277858512427203,125.9276573894994,128,16,16,23.476694115269392,16;32;64;128,23.476694115269392;6.7816572876292165;3.7114420516417947;1.094632337337529,0.2,2,226,0.8828125,115.71868919488043,116.43756627105176,0.7188770761713386,43.13804910937046,13.48064034667827,6.496352910995483
6,6,0.05088803620615749,0.05277858512427203,0.0018905489181145416,0.05277858512427203,127.9151128735955,128,16,16,26.293685593463913,16;32;64;128,26.293685593463913;6.211403034656849;3.1453523383368474;0.7751133549259022,0.2,2,219,0.85546875,116.43756627105176,116.23732616845518,-0.20024010259658098,44.15489938483962,13.79840605776238,6.358048915863037
8,1,0.0,0.009098778619136062,0.009098778619136062,0.047354317008681555,64.00000001114009,128,16,16,28.69704138814118,16;32;64;128,28.69704138814118;10.82798968486904;8.071770803317808;0.4916803623752489,0.2,2,229,0.89453125,-87.72660957626067,39.9953161298763,127.72192570613697,51.36167181555858,16.050522442362055,6.432199001312256
8,2,0.009098778619136062,0.018569642020872374,0.009470863401736312,0.047354317008681555,100.47474876930089,128,16,16,20.397503979308524,16;32;64;128,20.397503979308524;7.602583696226537;2.8470400182916555;0.8548145133714041,0.2,2,218,0.8515625,39.9953161298763,85.33354769065045,45.33823156077415,50.36676701400189,15.73961469187559,6.327528953552246
8,3,0.018569642020872374,0.028040505422608684,0.00947086340173631,0.047354317008681555,119.16439261709208,128,16,16,20.418183726311803,16;32;64;128,20.418183726311803;5.405620549865537;2.435947351641833;1.2138176404872254,0.2,2,211,0.82421875,85.33354769065045,92.12471415754408,6.791166466893628,53.1565974370323,16.611436699072595,6.323498964309692
8,4,0.028040505422608684,0.037511368824345,0.009470863401736314,0.047354317008681555,120.90507256843354,128,16,16,23.51252093362324,16;32;64;128,23.51252093362324;6.2983072512681755;1.8229319009386125;1.4012738225426202,0.2,2,218,0.8515625,92.12471415754408,103.84174739685841,11.717033239314333,52.72018495627523,16.47505779883601,6.3820061683654785
8,5,0.037511368824345,0.04698223222608131,0.009470863401736314,0.047354317008681555,125.21046996737364,128,16,16,20.361341030167395,16;32;64;128,20.361341030167395;5.1450528636664545;3.578664970528708;0.7317380755427394,0.2,2,214,0.8359375,103.84174739685841,105.66293155681342,1.8211841599550098,41.831670670793955,13.07239708462311,6.321058988571167
8,6,0.04698223222608131,0.047354317008681555,0.00037208478260024325,0.047354317008681555,127.99682993955993,128,16,16,25.718641601860508,16;32;64;128,25.718641601860508;8.635740202677024;4.935426235455777;0.7491597710459208,0.2,2,217,0.84765625,105.66293155681342,106.3222802374512,0.6593486806377769,49.58080791243633,15.494002472636351,6.326559066772461
10,1,0.0,0.009157501644334704,0.009157501644334704,0.053691185826202324,64.00000002741959,128,16,16,39.594147166556226,16;32;64;128,39.594147166556226;11.285732326894454;5.897799395290044;1.7115838319428593,0.2,2,235,0.91796875,-84.31737280730158,40.092615076107904,124.40998788340949,52.374805693883935,16.36712677933873,6.317011117935181
10,2,0.009157501644334704,0.019895738809575167,0.010738237165240463,0.053691185826202324,99.73788511427614,128,16,16,21.64567318900416,16;32;64;128,21.64567318900416;8.411002055060441;4.04055415340774;0.3167414928047388,0.2,2,224,0.875,40.092615076107904,82.24314032192342,42.150525245815516,48.807129859465974,15.252228081083116,6.326117038726807
10,3,0.019895738809575167,0.030633975974815632,0.010738237165240465,0.053691185826202324,116.73795348040183,128,16,16,22.115638025805843,16;32;64;128,22.115638025805843;9.013842680710523;4.879922118335936;0.24115778348205497,0.2,2,218,0.8515625,82.24314032192342,95.41297495388426,13.169834631960839,48.09924072514436,15.031012726607612,6.403815031051636
10,4,0.030633975974815632,0.0413722131400561,0.010738237165240465,0.053691185826202324,122.20463636854437,128,16,16,32.17632238743372,16;32;64;128,32.17632238743372;9.472289752668175;4.182707058469422;1.3730270234851645,0.2,2,225,0.87890625,95.41297495388426,100.20858517487068,4.795610220986418,48.11527005626904,15.036021892584074,6.383612871170044
10,5,0.0413722131400561,0.05211045030529656,0.010738237165240465,0.053691185826202324,124.40609327982075,128,16,16,25.269531377376946,16;32;64;128,25.269531377376946;9.669997636481616;5.120987532547665;1.1475194633721313,0.2,2,224,0.875,100.20858517487068,104.26685104612261,4.058265871251933,46.021797910525486,14.381811847039213,6.3310768604278564
10,6,0.05211045030529656,0.053691185826202324,0.0015807355209057627,0.053691185826202324,127.94908986747866,128,16,16,29.192967538504615,16;32;64;128,29.192967538504615;8.055549370521632;2.9818084431175076;1.0716535978588473,0.2,2,224,0.875,104.26685104612261,106.20641463529319,1.9395635891705751,46.89551117278918,14.654847241496617,6.383527040481567
12,1,0.0,0.009192609491914742,0.009192609491914742,0.04764018218668096,64.00000001527334,128,16,16,28.137951752102268,16;32;64;128,28.137951752102268;4.205194375395013;4.51146180481889;1.4668394087572618,0.2,2,237,0.92578125,-66.00068175198976,64.41786480310839,130.41854655509815,44.28945071093214,13.840453347166292,6.386879920959473
12,2,0.009192609491914742,0.018720645929250934,0.009528036437336192,0.04764018218668096,102.11340375045937,128,16,16,27.70582456376616,16;32;64;128,27.70582456376616;8.744497912788537;5.557033278012233;1.9808682968775604,0.2,2,221,0.86328125,64.41786480310839,106.52730588032864,42.109441077220254,49.41213631970925,15.44129259990914,6.4137208461761475
12,3,0.018720645929250934,0.028248682366587126,0.009528036437336192,0.04764018218668096,118.8742994271573,128,16,16,20.002571978199224,16;32;64;128,20.002571978199224;7.802902902744977;5.109891941563759;0.8409615796717402,0.2,2,225,0.87890625,106.52730588032864,119.50187853304669,12.974572652718052,43.64598894909459,13.639371546592058,6.344136953353882
12,4,0.028248682366587126,0.03777671880392332,0.009528036437336192,0.04764018218668096,124.31501204195003,128,16,16,16.8320394937854,16;32;64;128,16.8320394937854;9.754761846558212;4.7096897172875245;0.728570426000239,0.2,2,218,0.8515625,119.50187853304669,124.07100488105789,4.569126348011196,46.476584513494146,14.52393266046692,6.420897006988525
12,5,0.03777671880392332,0.04730475524125951,0.009528036437336192,0.04764018218668096,125.67916068434758,128,16,16,21.123871835362763,16;32;64;128,21.123871835362763;7.121315699483144;3.8529552557323212;1.3918941918503482,0.2,2,227,0.88671875,124.07100488105789,126.45350823085755,2.382503349799663,46.884520062131436,14.651412519416073,6.348122835159302
12,6,0.04730475524125951,0.04764018218668096,0.00033542694542144924,0.04764018218668096,127.9973954113191,128,16,16,26.85591314281161,16;32;64;128,26.85591314281161;7.4816361060838386;3.867419175728742;1.2972341899953879,0.2,2,231,0.90234375,126.45350823085755,124.27594706509262,-2.177561165764928,42.3391221658935,13.230975676841718,6.452160120010376
14,1,0.0,0.008157279626688267,0.008157279626688267,0.04938394397467591,64.00000002278276,128,16,16,15.460213434048708,16;32;64;128,15.460213434048708;6.671911262402481;3.8515392679047644;1.3981573835164098,0.2,2,244,0.953125,-99.19582871021703,31.268618918024004,130.46444762824103,42.9208742297154,13.412773196786063,6.398393869400024
14,2,0.008157279626688267,0.018034068421623452,0.009876788794935185,0.04938394397467591,98.32833797291417,128,16,16,19.779706830033803,16;32;64;128,19.779706830033803;8.82698148055324;6.051287868348581;1.1015379036909907,0.2,2,233,0.91015625,31.268618918024004,83.65847814129665,52.38985922327265,46.45904038646713,14.518450120770977,6.359528064727783
14,3,0.018034068421623452,0.027910857216558636,0.009876788794935185,0.04938394397467591,118.73446784442794,128,16,16,26.24535775855687,16;32;64;128,26.24535775855687;7.798903204769276;4.567878496868462;0.6828528295036774,0.2,2,231,0.90234375,83.65847814129665,96.35005882475525,12.691580683458596,45.0337098571313,14.073034330353531,6.35279393196106
14,4,0.027910857216558636,0.03778764601149382,0.009876788794935185,0.04938394397467591,123.16398594838738,128,16,16,30.7743914427226,16;32;64;128,30.7743914427226;8.187933295029286;2.095589280115638;1.2017357014902998,0.2,2,220,0.859375,96.35005882475525,100.6923242348712,4.342265410115942,47.049793588435,14.703060496385937,6.471369981765747
14,5,0.03778764601149382,0.047664434806429005,0.009876788794935185,0.04938394397467591,124.87320278656239,128,16,16,19.942500051018495,16;32;64;128,19.942500051018495;9.118076717874294;5.203553366787152;1.2316961920791698,0.2,2,224,0.875,100.6923242348712,101.23364503541961,0.5413208005484194,46.320632477234746,14.475197649135858,6.424026966094971
14,6,0.047664434806429005,0.04938394397467591,0.0017195091682469035,0.04938394397467591,127.87772406419604,128,16,16,27.53385054536165,16;32;64;128,27.53385054536165;7.502170700991227;4.745887325301099;1.1620977881422234,0.2,2,226,0.8828125,101.23364503541961,104.4873404786922,3.2536954432725906,44.030678557021055,13.75958704906908,6.359424829483032
16,1,0.0,0.009057850777063003,0.009057850777063003,0.05372362367058614,64.00000003965138,128,16,16,26.841659672591003,16;32;64;128,26.841659672591003;6.25899220745962;3.398386620463473;1.7398962101766882,0.2,2,241,0.94140625,-92.96320344670676,42.94359428307507,135.90679772978183,44.930435409985755,14.040761065620547,6.406693935394287
16,2,0.009057850777063003,0.019802575511180233,0.01074472473411723,0.05372362367058614,100.69460730759135,128,16,16,20.888330845808067,16;32;64;128,20.888330845808067;10.692440091190264;2.5023144347239112;2.03401397077281,0.2,2,231,0.90234375,42.94359428307507,90.07847354281694,47.134879259741865,46.48914221346156,14.527856941706737,6.393161058425903
16,3,0.019802575511180233,0.030547300245297462,0.01074472473411723,0.05372362367058614,119.82050645776964,128,16,16,20.017918197114305,16;32;64;128,20.017918197114305;9.167219460376028;5.863816876893504;0.6918504054814476,0.2,2,235,0.91796875,90.07847354281694,92.62679267395288,2.5483191311359406,42.53987819806762,13.29371193689613,6.434468984603882
16,4,0.030547300245297462,0.04129202497941469,0.01074472473411723,0.05372362367058614,121.60636384559564,128,16,16,18.271280723805337,16;32;64;128,18.271280723805337;5.702093967070927;3.8410230118308246;1.0684789269255117,0.2,2,239,0.93359375,92.62679267395288,100.81488673877902,8.188094064826146,35.63959884119381,11.137374637873064,6.359586000442505
16,5,0.04129202497941469,0.05203674971353192,0.01074472473411723,0.05372362367058614,124.26930942028014,128,16,16,28.739747997501574,16;32;64;128,28.739747997501574;8.402265511467224;5.918523707634385;1.5130634117131039,0.2,2,234,0.9140625,100.81488673877902,105.59236055146903,4.777473812690005,41.9289284649346,13.102790145292062,6.373023986816406
16,6,0.05203674971353192,0.05372362367058614,0.001686873957054219,0.05372362367058614,127.9456525487712,128,16,16,26.650676965723743,16;32;64;128,26.650676965723743;6.3577222726873;4.727189312977367;1.1839845534590097,0.2,2,235,0.91796875,105.59236055146903,105.85179854929447,0.25943799782544374,42.681511857374716,13.337972455429599,6.419313907623291
18,1,0.0,0.010264095727232662,0.010264095727232662,0.051320478636163305,65.73701029145778,128,16,16,24.25170667166715,16;32;64;128,24.25170667166715;7.509502343750086;6.391616652649242;1.9039536189716884,0.2,2,229,0.89453125,-72.14711376628838,53.13676436181413,125.28387812810251,51.10087339401305,15.969022935629077,6.312816858291626
18,2,0.010264095727232662,0.020528191454465324,0.010264095727232662,0.051320478636163305,104.5438040909594,128,16,16,19.31878194082029,16;32;64;128,19.31878194082029;7.68427481655094;4.242236163202795;1.4937025409266538,0.2,2,235,0.91796875,53.13676436181413,89.54947535833344,36.41271099651931,46.610094172728466,14.565654428977645,6.314620018005371
18,3,0.020528191454465324,0.030792287181697985,0.01026409572723266,0.051320478636163305,120.00893811555005,128,16,16,32.40633794156425,16;32;64;128,32.40633794156425;10.223527012578707;5.611110932914563;1.228582901468079,0.2,2,232,0.90625,89.54947535833344,104.35640753665939,14.806932178325951,46.06587298391149,14.39558530747234,6.314217805862427
18,4,0.030792287181697985,0.04105638290893065,0.010264095727232664,0.051320478636163305,123.75606350325641,128,16,16,27.164159361959026,16;32;64;128,27.164159361959026;6.399009010312335;8.461498741573227;1.6096950825529115,0.2,2,227,0.88671875,104.35640753665939,110.83523782202974,6.47883028537035,41.7451726427024,13.045366450844499,6.330348968505859
18,5,0.04105638290893065,0.051320478636163305,0.010264095727232657,0.051320478636163305,125.74552203803883,128,16,16,19.160670584191546,16;32;64;128,19.160670584191546;6.158943820799033;4.537958413465106;0.5876806529166062,0.2,2,233,0.91015625,110.83523782202974,114.5216933246702,3.686455502640456,40.611714339034876,12.691160730948399,6.543061971664429
20,1,0.0,0.010027821697054257,0.010027821697054257,0.05326503929910478,64.0000000359602,128,16,16,28.090557914894568,16;32;64;128,28.090557914894568;7.960549225659742;7.02196766795274;1.51032266723414,0.2,2,234,0.9140625,-68.38090924138669,54.03707096283324,122.41798020421993,50.41877465135315,15.755867078547858,6.4651038646698
20,2,0.010027821697054257,0.020680829556875214,0.010653007859820957,0.05326503929910478,105.04983344197616,128,16,16,25.459701710678438,16;32;64;128,25.459701710678438;10.766154506503451;5.051215241400684;2.2273902791559945,0.2,2,229,0.89453125,54.03707096283324,85.73087060684338,31.69379964401014,42.88454545532039,13.401420454787623,6.432511806488037
20,3,0.020680829556875214,0.03133383741669617,0.010653007859820953,0.05326503929910478,118.71800446475274,128,16,16,23.556704138111318,16;32;64;128,23.556704138111318;4.192019741917045;4.019937414221144;2.1959541125756386,0.2,2,232,0.90625,85.73087060684338,99.32417758088559,13.593306974042207,43.90283369896762,13.71963553092738,6.394248962402344
20,4,0.03133383741669617,0.041986845276517124,0.010653007859820957,0.05326503929910478,124.91885947992813,128,16,16,25.60256936072615,16;32;64;128,25.60256936072615;6.574959152611058;5.975214839025458;1.0367876429403822,0.2,2,233,0.91015625,99.32417758088559,103.4739606231451,4.149783042259514,43.30350987682099,13.532346836506559,6.490195035934448
20,5,0.041986845276517124,0.05263985313633808,0.010653007859820957,0.05326503929910478,126.2735635166635,128,16,16,31.628976736883345,16;32;64;128,31.628976736883345;5.851757635565535;3.9200255084920634;1.1164856707039645,0.2,2,235,0.91796875,103.4739606231451,103.87787052011117,0.40390989696606994,40.89003690685519,12.778136533392246,6.323013067245483
20,6,0.05263985313633808,0.05326503929910478,0.0006251861627667027,0.05326503929910478,127.99340871524885,128,16,16,29.0680408832636,16;32;64;128,29.0680408832636;10.110216569452938;4.3959424538589635;1.0302287776817127,0.2,2,229,0.89453125,103.87787052011117,104.42267027776688,0.54479975765571,43.33721998137882,13.542881244180881,6.32193398475647
22,1,0.0,0.009981958492188008,0.009981958492188008,0.06084377725764034,64.00000002840264,128,16,16,20.147883119028766,16;32;64;128,20.147883119028766;6.641658275525085;5.020475431331951;1.5607257668831878,0.2,2,237,0.92578125,-62.809236912755296,64.63938887533732,127.44862578809261,48.21128885557361,15.066027767366753,6.448872089385986
22,2,0.009981958492188008,0.022150713943716076,0.012168755451528068,0.06084377725764034,102.55457842182919,128,16,16,22.46219483779895,16;32;64;128,22.46219483779895;8.132959699336915;3.716546739756159;1.0327278520670582,0.2,2,227,0.88671875,64.63938887533732,100.48532292630989,35.84593405097257,45.0305064777337,14.072033274291782,6.429152965545654
22,3,0.022150713943716076,0.03431946939524415,0.012168755451528072,0.06084377725764034,118.67535731821783,128,16,16,27.850745920758257,16;32;64;128,27.850745920758257;7.262855811413981;5.332258967365413;1.2445805025938066,0.2,2,228,0.890625,100.48532292630989,108.27187217306346,7.786549246753566,44.70850705494057,13.971408454668927,6.435196161270142
22,4,0.03431946939524415,0.046488224846772216,0.012168755451528068,0.06084377725764034,123.45627831994139,128,16,16,27.456979588388894,16;32;64;128,27.456979588388894;9.744638892363874;3.647029944719798;1.4882484882618374,0.2,2,228,0.890625,108.27187217306346,115.04379073344171,6.7719185603782535,43.25164018424296,13.516137557575924,6.4159839153289795
22,5,0.046488224846772216,0.058656980298300285,0.012168755451528068,0.06084377725764034,126.11092121307011,128,16,16,21.01751688170295,16;32;64;128,21.01751688170295;4.932936386145891;3.101450860446963;1.698382067967081,0.2,2,231,0.90234375,115.04379073344171,113.33068938669749,-1.7131013467442244,40.89050673808952,12.778283355652974,6.321962833404541
22,6,0.058656980298300285,0.06084377725764034,0.0021867969593400566,0.06084377725764034,127.85158543033153,128,16,16,23.81120822879275,16;32;64;128,23.81120822879275;4.951059840192228;5.121742552903147;0.935984087184161,0.2,2,229,0.89453125,113.33068938669749,115.22983465832658,1.899145271629095,39.753032706722756,12.42282272085086,6.3270299434661865
24,1,0.0,0.008684501588879987,0.008684501588879987,0.055361128345338094,64.0000000472958,128,16,16,37.70918654410342,16;32;64;128,37.70918654410342;13.210119537566236;8.615839574339432;1.5207276910964664,0.2,2,226,0.8828125,-83.51079161791131,49.24266642564908,132.75345804356039,59.71982342067743,18.662444818961696,6.326435089111328
24,2,0.008684501588879987,0.019756727257947606,0.011072225669067619,0.055361128345338094,100.50471018999175,128,16,16,19.55497699408978,16;32;64;128,19.55497699408978;8.621070036050627;3.907300245515993;0.9513608548109942,0.2,2,225,0.87890625,49.24266642564908,90.41689933976158,41.17423291411251,48.03602336310672,15.01125730097085,6.339108943939209
24,3,0.019756727257947606,0.030828952927015225,0.011072225669067619,0.055361128345338094,117.63485458710859,128,16,16,23.045966621106963,16;32;64;128,23.045966621106963;6.917024935654939;3.8170288335764804;0.6880794475860452,0.2,2,226,0.8828125,90.41689933976158,100.23284844844602,9.815949108684435,40.92408267775889,12.788775836799653,6.327831029891968
24,4,0.030828952927015225,0.04190117859608285,0.011072225669067622,0.055361128345338094,122.93234726501981,128,16,16,20.390484898752284,16;32;64;128,20.390484898752284;14.04682108889794;8.28954548629046;0.6038240570867384,0.2,2,226,0.8828125,100.23284844844602,103.465960185742,3.233111737295985,45.281439456928716,14.150449830290222,6.320178985595703
24,5,0.04190117859608285,0.052973404265150466,0.011072225669067619,0.055361128345338094,124.2064192426015,128,16,16,24.57705188179787,16;32;64;128,24.57705188179787;5.870049922438977;5.073740669567985;1.4901226182701437,0.2,2,229,0.89453125,103.465960185742,109.01502266712487,5.549062481382862,47.92646511334289,14.977020347919654,6.334115028381348
24,6,0.052973404265150466,0.055361128345338094,0.002387724080187628,0.055361128345338094,127.86995756476327,128,16,16,21.033246167979147,16;32;64;128,21.033246167979147;6.602017757899423;5.524150660659986;0.6257299612586817,0.2,2,220,0.859375,109.01502266712487,111.10992970131338,2.094907034188509,45.52393200466391,14.226228751457471,6.333059072494507
26,1,0.0,0.009274388317298961,0.009274388317298961,0.05234733937056333,64.00000002539949,128,16,16,29.655010212623687,16;32;64;128,29.655010212623687;14.294779511263119;5.9958088040275666;1.6754949454016994,0.2,2,230,0.8984375,-82.22081641550176,60.070453554042615,142.29126996954437,43.70743711670783,13.658574098971195,6.5231828689575195
26,2,0.009274388317298961,0.019743856191411627,0.010469467874112666,0.05234733937056333,105.80671112647426,128,16,16,26.701533828620267,16;32;64;128,26.701533828620267;8.5504255593535;6.27368397827127;0.10785079327794389,0.2,2,224,0.875,60.070453554042615,86.62932416552212,26.558870611479506,47.69000928146377,14.903127900457429,6.450278043746948
26,3,0.019743856191411627,0.030213324065524294,0.010469467874112667,0.05234733937056333,118.84058759394149,128,16,16,26.24906521946582,16;32;64;128,26.24906521946582;7.422471499904089;6.060048424940449;1.5108143185231755,0.2,2,228,0.890625,86.62932416552212,96.89690049760975,10.267576332087629,46.03334025825754,14.38541883070548,6.492250919342041
26,4,0.030213324065524294,0.04068279193963696,0.010469467874112667,0.05234733937056333,123.07135222143378,128,16,16,29.303062734053007,16;32;64;128,29.303062734053007;10.133955769921918;8.048555555814126;1.4226921450124876,0.2,2,214,0.8359375,96.89690049760975,107.67690744996071,10.78000695235096,47.81402784310934,14.941883700971669,6.518001079559326
26,5,0.04068279193963696,0.05115225981374963,0.010469467874112667,0.05234733937056333,126.5787379061245,128,16,16,22.879613198258923,16;32;64;128,22.879613198258923;4.065087041580504;2.8904502909453136;1.083883738985338,0.2,2,229,0.89453125,107.67690744996071,106.77745800372213,-0.8994494462385774,40.250720410330935,12.578350128228417,6.318196058273315
26,6,0.05115225981374963,0.05234733937056333,0.001195079556813701,0.05234733937056333,127.9744018739562,128,16,16,26.215024133341476,16;32;64;128,26.215024133341476;8.06648066827651;4.718669805745198;0.70237688568184,0.2,2,223,0.87109375,106.77745800372213,107.6708391783759,0.8933811746537685,44.71393318790062,13.973104121218944,6.321180105209351
28,1,0.0,0.00907349480752443,0.00907349480752443,0.045396068472593656,64.00000000288244,128,16,16,32.79898952414263,16;32;64;128,32.79898952414263;12.002393054596011;8.528322616367955;1.8638520882404686,0.2,2,240,0.9375,-93.64849646744551,46.83600327093154,140.48449973837705,41.2513600510905,12.891050015965781,6.382318019866943
28,2,0.00907349480752443,0.01815270850204316,0.00907921369451873,0.045396068472593656,106.90604229830316,128,16,16,27.415501039974313,16;32;64;128,27.415501039974313;8.812028072338808;6.828270253539523;1.4197275268160998,0.2,2,231,0.90234375,46.83600327093154,78.00859341304749,31.17259014211595,42.996707024303355,13.436470945094797,6.349593162536621
28,3,0.01815270850204316,0.02723192219656189,0.00907921369451873,0.045396068472593656,117.67578834068595,128,16,16,22.079198400426627,16;32;64;128,22.079198400426627;8.611798454549243;5.816030788627315;1.1797617062448547,0.2,2,235,0.91796875,78.00859341304749,91.71508753695525,13.70649412390776,41.23141565880085,12.884817393375265,6.3336920738220215
28,4,0.02723192219656189,0.03631113589108062,0.00907921369451873,0.045396068472593656,122.40799229404894,128,16,16,27.40104008389189,16;32;64;128,27.40104008389189;7.81726102224036;5.828964487008577;1.6970584495074228,0.2,2,232,0.90625,91.71508753695525,96.0928440738935,4.37775653693825,46.47776100658283,14.524300314557134,6.398180961608887
28,5,0.03631113589108062,0.04539034958559935,0.00907921369451873,0.045396068472593656,124.07534852363591,128,16,16,22.891804895324654,16;32;64;128,22.891804895324654;8.42580938018672;4.479676749711215;0.5428140469909384,0.2,2,236,0.921875,96.0928440738935,100.50148861389607,4.40864454000257,40.30158141414431,12.594244191920096,6.363540172576904
28,6,0.04539034958559935,0.045396068472593656,5.7188869943061715e-6,0.045396068472593656,127.99999880709126,128,16,16,21.604708686942764,16;32;64;128,21.604708686942764;7.365532310103604;4.323825616486761;0.8222606852206491,0.2,2,232,0.90625,100.50148861389607,102.00323368469253,1.50174507079646,43.41840210926424,13.568250659145075,6.342320919036865
30,1,0.0,0.011007831011771795,0.011007831011771795,0.05759140490044233,64.00000001228724,128,16,16,30.337974263196994,16;32;64;128,30.337974263196994;9.535610032655304;6.9131994289319625;0.7054817367424724,0.2,2,241,0.94140625,-70.8811434477102,56.474272931343876,127.35541637905408,45.214873610277806,14.129648003211814,6.368649005889893
30,2,0.011007831011771795,0.022526111991860262,0.011518280980088468,0.05759140490044233,104.95430497664086,128,16,16,28.614509372341892,16;32;64;128,28.614509372341892;7.604053647118154;4.347021836288287;1.2877615804146971,0.2,2,222,0.8671875,56.474272931343876,87.49000886897556,31.01573593763169,46.448593530450644,14.515185478265826,6.356837034225464
30,3,0.022526111991860262,0.03404439297194873,0.011518280980088468,0.05759140490044233,119.05937094294846,128,16,16,20.00303993022804,16;32;64;128,20.00303993022804;8.43273709046913;2.549966122319323;0.5829671483025115,0.2,2,225,0.87890625,87.49000886897556,93.3607810777612,5.870772208785638,43.27787812002021,13.524336912506316,6.442080974578857
30,4,0.03404439297194873,0.0455626739520372,0.011518280980088468,0.05759140490044233,121.84695101085333,128,16,16,31.908080178102775,16;32;64;128,31.908080178102775;8.62184752568659;4.042491264467329;1.3518891853624264,0.2,2,221,0.86328125,93.3607810777612,101.99658920010552,8.635808122344315,47.14658901433306,14.73330906697908,6.4459521770477295
30,5,0.0455626739520372,0.057080954932125665,0.011518280980088468,0.05759140490044233,125.6783111480282,128,16,16,27.049659825598948,16;32;64;128,27.049659825598948;6.757829309201133;5.4445568644050075;0.737988350358371,0.2,2,219,0.85546875,101.99658920010552,105.55342463683337,3.5568354367278516,47.030559865395546,14.697049957936107,6.567935943603516
30,6,0.057080954932125665,0.05759140490044233,0.0005104499683166661,0.05759140490044233,127.99692745289742,128,16,16,23.17340180080028,16;32;64;128,23.17340180080028;7.293975967420231;3.215470289229746;0.8113534829545673,0.2,2,219,0.85546875,105.55342463683337,104.07370181102306,-1.4797228258103132,48.83321887836496,15.26038089948905,6.631202936172485
32,1,0.0,0.008023553683115844,0.008023553683115844,0.0455827057397457,64.0000000038298,128,16,16,28.97124759747622,16;32;64;128,28.97124759747622;12.366290943550236;3.9349833560877334;1.928263050366832,0.2,2,231,0.90234375,-106.14476832468063,20.849094719975255,126.99386304465588,52.640350404454395,16.450109501391996,6.425552845001221
32,2,0.008023553683115844,0.017140094831064986,0.009116541147949141,0.0455827057397457,96.53036561990605,128,16,16,26.472883849061652,16;32;64;128,26.472883849061652;8.837548676640731;4.886929226850356;1.7019357179473826,0.2,2,226,0.8828125,20.849094719975255,80.38061670260504,59.53152198262978,44.50314335069863,13.907232297093321,6.342268943786621
32,3,0.017140094831064986,0.026256635979014127,0.009116541147949141,0.0455827057397457,117.55813478383944,128,16,16,17.5795252199917,16;32;64;128,17.5795252199917;5.035326934068569;2.410380565300001;1.4841399454764699,0.2,2,215,0.83984375,80.38061670260504,92.31930081732571,11.938684114720672,48.572811924992074,15.179003726560023,6.456172943115234
32,4,0.026256635979014127,0.035373177126963265,0.009116541147949138,0.0455827057397457,122.74066874866081,128,16,16,24.658694798914524,16;32;64;128,24.658694798914524;9.3054373271437;3.6885985261954373;1.130303384147936,0.2,2,214,0.8359375,92.31930081732571,97.52732535684481,5.208024539519101,54.10188933385949,16.906840416831088,6.36060094833374
32,5,0.035373177126963265,0.04448971827491241,0.009116541147949145,0.0455827057397457,124.6152861022099,128,16,16,23.936999801577436,16;32;64;128,23.936999801577436;9.514882447497474;3.4761164382149814;1.508943115374211,0.2,2,216,0.84375,97.52732535684481,101.79987180605531,4.272546449210495,48.85215003840704,15.266296887002198,6.382889032363892
32,6,0.04448971827491241,0.0455827057397457,0.0010929874648332935,0.0455827057397457,127.95376693549765,128,16,16,13.725502373720259,16;32;64;128,13.725502373720259;6.876865078336888;4.414968206285284;1.1665341739254431,0.2,2,221,0.86328125,101.79987180605531,102.99554623709992,1.1956744310446084,47.615143275404606,14.879732273563938,6.398258924484253
34,1,0.0,0.009125738125674906,0.009125738125674906,0.04868613213752345,64.00000001185819,128,16,16,21.553622767992426,16;32;64;128,21.553622767992426;8.268983322720421;4.667186461557027;1.852808423367449,0.2,2,236,0.921875,-101.8006743232254,27.897138245170936,129.69781256839633,42.00985342201799,13.128079194380621,6.350466966629028
34,2,0.009125738125674906,0.018862964553179595,0.00973722642750469,0.04868613213752345,98.64218297298264,128,16,16,20.967349606395953,16;32;64;128,20.967349606395953;6.713838165159012;5.18526905030922;1.1006263629723294,0.2,2,221,0.86328125,27.897138245170936,73.56394858378917,45.666810338618234,47.247288000568396,14.764777500177622,6.357116937637329
34,3,0.018862964553179595,0.02860019098068429,0.009737226427504693,0.04868613213752345,118.8067049530756,128,16,16,31.659520457804224,16;32;64;128,31.659520457804224;11.49373991340069;6.56835545254436;0.6557379153049006,0.2,2,218,0.8515625,73.56394858378917,87.5048302190844,13.940881635295227,47.43598374681324,14.823744920879138,6.346673965454102
34,4,0.02860019098068429,0.03833741740818898,0.009737226427504693,0.04868613213752345,122.76265959094407,128,16,16,22.42713625101076,16;32;64;128,22.42713625101076;6.875402645812679;4.355286989188474;1.407220775902215,0.2,2,230,0.8984375,87.5048302190844,93.75377319834661,6.24894297926221,47.40513797863904,14.8141056183247,6.415585994720459
34,5,0.03833741740818898,0.048074643835693674,0.009737226427504693,0.04868613213752345,124.77554532542491,128,16,16,20.03619815737141,16;32;64;128,20.03619815737141;7.5765700785287535;2.9221237216962814;0.6161451119320741,0.2,2,221,0.86328125,93.75377319834661,97.5412186528556,3.7874454545089975,49.520854022438634,15.475266882012072,6.339578866958618
34,6,0.048074643835693674,0.04868613213752345,0.0006114883018297768,0.04868613213752345,127.99178763403133,128,16,16,28.4998020103069,16;32;64;128,28.4998020103069;6.049827434898279;3.9962493752652954;0.6184559777976179,0.2,2,227,0.88671875,97.5412186528556,99.55421974044293,2.0130010875873268,44.021640729874186,13.756762728085683,6.339004039764404
36,1,0.0,0.008645575374943232,0.008645575374943232,0.04391479834201661,64.00000003778237,128,16,16,19.289008979955735,16;32;64;128,19.289008979955735;10.341524058671487;6.678677786010085;1.1333394341574692,0.2,2,250,0.9765625,-97.95346338674426,36.043797969352454,133.99726135609671,37.71781426441917,11.78681695763099,6.326851844787598
36,2,0.008645575374943232,0.017428535043346554,0.008782959668403322,0.04391479834201661,104.15919685856343,128,16,16,30.092976817397975,16;32;64;128,30.092976817397975;8.614279288632078;8.013529791795376;0.6403843018052303,0.2,2,239,0.93359375,36.043797969352454,77.95079087885097,41.90699290949851,43.472709885026326,13.585221839070726,6.407679080963135
36,3,0.017428535043346554,0.026211494711749876,0.008782959668403322,0.04391479834201661,120.87742503248649,128,16,16,20.589671691327375,16;32;64;128,20.589671691327375;10.42163288916654;7.4406254421583;0.949637960486634,0.2,2,227,0.88671875,77.95079087885097,88.26067912136205,10.309888242511079,42.48656539127139,13.277051684772308,6.543724060058594
36,4,0.026211494711749876,0.034994454380153195,0.008782959668403319,0.04391479834201661,123.9513510690971,128,16,16,17.34138759061713,16;32;64;128,17.34138759061713;5.924423950382326;3.774896023138715;0.8826480237402754,0.2,2,219,0.85546875,88.26067912136205,92.1561007394921,3.895421618130058,43.63248026359777,13.635150082374302,6.479228973388672
36,5,0.034994454380153195,0.04377741404855652,0.008782959668403326,0.04391479834201661,125.35201694153234,128,16,16,18.578935125749176,16;32;64;128,18.578935125749176;5.748365580430524;3.8430660465213564;0.7970562753988776,0.2,2,227,0.88671875,92.1561007394921,93.76908692042343,1.6129861809313297,42.90059589263088,13.40643621644715,6.337203025817871
36,6,0.04377741404855652,0.04391479834201661,0.0001373842934600869,0.04391479834201661,127.99912795287415,128,16,16,23.476976100769235,16;32;64;128,23.476976100769235;6.366574294764356;1.8324310031210416;1.2291142738603524,0.2,2,232,0.90625,93.76908692042343,93.3023556531407,-0.4667312672827393,42.2405767020924,13.200180219403874,6.4154582023620605
38,1,0.0,0.00891339189964754,0.00891339189964754,0.05847247241603242,64.00000001414244,128,16,16,39.209573508793916,16;32;64;128,39.209573508793916;8.152392442976558;9.8084052607532;1.9693251761480894,0.2,2,239,0.93359375,-99.72466016095132,41.16009214671794,140.88475230766926,49.08456876237885,15.33892773824339,6.487051963806152
38,2,0.00891339189964754,0.020607886382854025,0.011694494483206485,0.05847247241603242,100.16348356846265,128,16,16,13.255829823499182,16;32;64;128,13.255829823499182;6.159955095862279;6.4329910460740845;0.810226682786751,0.2,2,219,0.85546875,41.16009214671794,84.86340640531853,43.703314258600585,46.184459167503746,14.43264348984492,6.436141014099121
38,3,0.020607886382854025,0.03230238086606051,0.011694494483206481,0.05847247241603242,119.32076064735269,128,16,16,21.48100651707173,16;32;64;128,21.48100651707173;5.76696540335442;3.846278456889759;0.6351231315151399,0.2,2,231,0.90234375,84.86340640531853,92.00974312843755,7.1463367231190205,41.85129723306774,13.078530385333668,6.4246978759765625
38,4,0.03230238086606051,0.043996875349266995,0.011694494483206488,0.05847247241603242,122.97101143977643,128,16,16,23.064949132087133,16;32;64;128,23.064949132087133;5.890191774965263;4.364551762927968;1.1104553888214785,0.2,2,221,0.86328125,92.00974312843755,98.99720735475421,6.987464226316661,44.65339536554722,13.954186051733505,6.395109176635742
38,5,0.043996875349266995,0.055691369832473483,0.011694494483206488,0.05847247241603242,125.21360126971975,128,16,16,24.81940510414148,16;32;64;128,24.81940510414148;6.733458554326438;4.259069456531696;0.8659706209965757,0.2,2,239,0.93359375,98.99720735475421,102.49253287771717,3.4953255229629576,37.31737392685698,11.661679352142805,6.482043981552124
38,6,0.055691369832473483,0.05847247241603242,0.002781102583558938,0.05847247241603242,127.87047316037975,128,16,16,28.726294016692155,16;32;64;128,28.726294016692155;5.4889906821177235;5.983324263723905;1.0359249101370347,0.2,2,215,0.83984375,102.49253287771717,102.48571125091985,-0.0068216267973184586,48.05219964689496,15.016312389654676,6.295464038848877
40,1,0.0,0.009338957644634783,0.009338957644634783,0.04669478822317392,64.49078234862273,128,16,16,31.17990010573879,16;32;64;128,31.17990010573879;10.636142120699123;3.9390145905413054;1.6254441381431994,0.2,2,233,0.91015625,-94.58419531653635,26.641535707749426,121.22573102428578,48.24717524075787,15.077242262736833,6.443276882171631
40,2,0.009338957644634783,0.018677915289269566,0.009338957644634783,0.04669478822317392,102.18589577787284,128,16,16,23.40394604705301,16;32;64;128,23.40394604705301;7.076678350426215;5.768460872967454;1.5425938328560986,0.2,2,227,0.88671875,26.641535707749426,66.00898117257748,39.36744546482805,48.24786219235534,15.077456935111044,6.441152095794678
40,3,0.018677915289269566,0.028016872933904348,0.009338957644634781,0.04669478822317392,116.66348469088423,128,16,16,35.773832597734824,16;32;64;128,35.773832597734824;9.065233942303973;4.671361364713341;1.0867800790134374,0.2,2,221,0.86328125,66.00898117257748,84.36367981275544,18.354698640177958,47.173166794725724,14.741614623351788,6.497066020965576
40,4,0.028016872933904348,0.03735583057853913,0.009338957644634785,0.04669478822317392,123.78642742712972,128,16,16,20.042046765626836,16;32;64;128,20.042046765626836;8.961463336268269;6.452356360511929;1.7888067325411443,0.2,2,230,0.8984375,84.36367981275544,90.64108628383838,6.277406471082941,42.531574707427325,13.291117096071039,6.512082099914551
40,5,0.03735583057853913,0.04669478822317392,0.009338957644634785,0.04669478822317392,125.5987762417486,128,16,16,23.804933441593843,16;32;64;128,23.804933441593843;10.525221654947265;6.094891818404194;1.3959817149222413,0.2,2,221,0.86328125,90.64108628383838,92.4094444187358,1.7683581348974258,48.122141108074075,15.038169096273148,6.4674131870269775
42,1,0.0,0.00889257541292442,0.00889257541292442,0.058762719089748915,64.0000000388707,128,16,16,31.50729948390591,16;32;64;128,31.50729948390591;8.132777095365032;7.871890676633535;1.3776479529887289,0.2,2,236,0.921875,-98.23973042506259,25.293896459508687,123.53362688457128,47.0129625910312,14.69155080969725,6.3910369873046875
42,2,0.00889257541292442,0.020645119230874205,0.011752543817949785,0.058762719089748915,92.327503705087,128,16,16,17.22890172114776,16;32;64;128,17.22890172114776;12.573010044716684;8.713026609931452;1.6765754830171153,0.2,2,208,0.8125,25.293896459508687,76.78873896459118,51.49484250508249,53.333527858334214,16.66672745572944,6.400588035583496
42,3,0.020645119230874205,0.03239766304882399,0.011752543817949782,0.058762719089748915,116.43784588139219,128,16,16,26.153314166453743,16;32;64;128,26.153314166453743;4.92145798255224;3.0784061973400694;1.0341462760099491,0.2,2,221,0.86328125,76.78873896459118,91.70807006116956,14.91933109657839,46.79243219550741,14.622635061096064,6.409569978713989
42,4,0.03239766304882399,0.04415020686677377,0.011752543817949782,0.058762719089748915,122.59352526095378,128,16,16,16.74197450553097,16;32;64;128,16.74197450553097;8.038493226862496;2.1419743111649994;0.8558405646888037,0.2,2,217,0.84765625,91.70807006116956,100.29237109515816,8.584301033988595,44.15686545900482,13.799020455939006,6.365952968597412
42,5,0.04415020686677377,0.05590275068472355,0.011752543817949782,0.058762719089748915,126.19040131628297,128,16,16,30.76447519317487,16;32;64;128,30.76447519317487;6.713866729489036;3.818987464865046;0.4574072745077011,0.2,2,222,0.8671875,100.29237109515816,101.49125446472317,1.19888336956501,48.78998095712681,15.246869049102127,6.338623046875
42,6,0.05590275068472355,0.058762719089748915,0.002859968405025365,0.058762719089748915,127.86893583040397,128,16,16,14.703932999636121,16;32;64;128,14.703932999636121;6.697308726565326;2.8779149742873544;0.8384322589579533,0.2,2,218,0.8515625,101.49125446472317,100.86908077588305,-0.622173688840121,42.948629432671666,13.421446697709895,6.340985059738159
44,1,0.0,0.009285058134687517,0.009285058134687517,0.04669621020978045,64.00000002837842,128,16,16,38.0926138581915,16;32;64;128,38.0926138581915;11.235165665213115;8.603908956803089;1.865575809561654,0.2,2,240,0.9375,-95.49615496653132,43.67742574494332,139.17358071147464,41.97378932263099,13.116809163322184,6.329789161682129
44,2,0.009285058134687517,0.018624300176643606,0.009339242041956089,0.04669621020978045,105.04298352813461,128,16,16,30.275453586889007,16;32;64;128,30.275453586889007;8.805966203719592;4.337491943945436;1.3226062719007883,0.2,2,224,0.875,43.67742574494332,83.20308791892603,39.52566217398271,43.14107573462543,13.481586167070446,6.380995988845825
44,3,0.018624300176643606,0.027963542218599695,0.009339242041956089,0.04669621020978045,120.00757456303985,128,16,16,23.230087114919282,16;32;64;128,23.230087114919282;10.740511067537907;7.461925558879718;1.35399546063738,0.2,2,231,0.90234375,83.20308791892603,93.94649833289441,10.743410413968377,44.065557941899115,13.770486856843473,6.450538873672485
44,4,0.027963542218599695,0.037302784260555784,0.009339242041956089,0.04669621020978045,124.05030042140906,128,16,16,19.584922989204543,16;32;64;128,19.584922989204543;8.858268979766564;3.018371605641913;1.734922020800378,0.2,2,228,0.890625,93.94649833289441,98.92676906427369,4.980270731379278,44.17454077315039,13.804543991609496,6.455986976623535
44,5,0.037302784260555784,0.04664202630251187,0.009339242041956089,0.04669621020978045,125.12769420840313,128,16,16,26.959618135115637,16;32;64;128,26.959618135115637;8.492219667422729;5.543171278039341;0.9721182747543862,0.2,2,233,0.91015625,98.92676906427369,101.4968614676036,2.570092403329909,41.14498497519903,12.857807804749696,6.624361038208008
44,6,0.04664202630251187,0.04669621020978045,5.4183907268579024e-5,0.04669621020978045,127.99993295510548,128,16,16,30.96805729379437,16;32;64;128,30.96805729379437;4.721848326037896;4.445607264824376;1.9436312560501878,0.2,2,238,0.9296875,101.4968614676036,101.32003778638318,-0.17682368122041225,40.06224596204592,12.51945186313935,6.582131862640381
46,1,0.0,0.01072165887737582,0.01072165887737582,0.05360829438687909,67.6233296008603,128,16,16,24.046982545131375,16;32;64;128,24.046982545131375;7.506515102403037;5.739255158318993;1.2133876172342244,0.2,2,238,0.9296875,-61.79825819970574,57.59339623802225,119.391654437728,47.275219091142766,14.773505965982114,6.3985137939453125
46,2,0.01072165887737582,0.02144331775475164,0.01072165887737582,0.05360829438687909,107.55624763991436,128,16,16,22.179701136427923,16;32;64;128,22.179701136427923;10.370060988919958;7.408879347210982;1.1289557089977875,0.2,2,225,0.87890625,57.59339623802225,86.32375831645913,28.730362078436883,47.339310102849666,14.79353440714052,6.391793966293335
46,3,0.02144331775475164,0.03216497663212746,0.01072165887737582,0.05360829438687909,120.07934247726811,128,16,16,31.276687146137043,16;32;64;128,31.276687146137043;5.325859879279586;3.347748981787458;1.5912894396778112,0.2,2,228,0.890625,86.32375831645913,98.53159020654857,12.207831890089437,42.97934501451105,13.431045317034702,6.385261058807373
46,4,0.03216497663212746,0.04288663550950328,0.01072165887737582,0.05360829438687909,124.78992879392261,128,16,16,16.289378856370302,16;32;64;128,16.289378856370302;8.310611548386758;4.601078581240985;1.697606387301012,0.2,2,230,0.8984375,98.53159020654857,100.30289577227086,1.7713055657222867,44.2456125911601,13.826753934737532,6.817928075790405
46,5,0.04288663550950328,0.05360829438687909,0.010721658877375813,0.05360829438687909,125.22683340643793,128,16,16,20.69736520622321,16;32;64;128,20.69736520622321;8.389118054326069;6.1787154167245895;2.377531337394149,0.2,2,233,0.91015625,100.30289577227086,100.82117557351012,0.5182798012392595,43.16509546036829,13.489092331365091,6.71581506729126
48,1,0.0,0.009353259868338928,0.009353259868338928,0.05660936314515075,64.0000000051987,128,16,16,32.06982369561615,16;32;64;128,32.06982369561615;12.471033861824731;5.808217775467992;0.8104059210231936,0.2,2,234,0.9140625,-102.89871609577676,28.033180754166096,130.93189684994286,46.79004662269568,14.621889569592398,6.335369110107422
48,2,0.009353259868338928,0.02067513249736908,0.011321872629030151,0.05660936314515075,99.68947095012291,128,16,16,32.189498990932236,16;32;64;128,32.189498990932236;9.470750684056151;4.640948184212952;1.010304506884572,0.2,2,230,0.8984375,28.033180754166096,62.773165069986135,34.73998431582004,47.299290567804526,14.781028302438914,6.3371970653533936
48,3,0.02067513249736908,0.03199700512639923,0.011321872629030155,0.05660936314515075,115.6251175055823,128,16,16,18.385072543862584,16;32;64;128,18.385072543862584;6.525304227719979;4.384343878338928;0.9455156094662709,0.2,2,225,0.87890625,62.773165069986135,76.88546287128702,14.112297801300883,46.159738677082395,14.424918336588247,6.600667953491211
48,4,0.03199700512639923,0.043318877755429384,0.011321872629030151,0.05660936314515075,120.60801711327413,128,16,16,24.429721224567526,16;32;64;128,24.429721224567526;9.521783579788927;4.5901124048435875;1.7530511249117278,0.2,2,215,0.83984375,76.88546287128702,86.41508992447052,9.529627053183503,44.554693786855836,13.923341808392449,6.549896955490112
48,5,0.043318877755429384,0.054640750384459535,0.011321872629030151,0.05660936314515075,124.37447399063853,128,16,16,27.629302459063787,16;32;64;128,27.629302459063787;6.278904178058712;5.8940615107918255;0.584370665564203,0.2,2,215,0.83984375,86.41508992447052,88.09583918983117,1.680749265360646,45.26824655508644,14.146327048464512,6.462990999221802
48,6,0.054640750384459535,0.05660936314515075,0.001968612760691213,0.05660936314515075,127.91783085296316,128,16,16,16.57455633852673,16;32;64;128,16.57455633852673;4.85007854865958;3.8604796714943355;0.783047853489676,0.2,2,227,0.88671875,88.09583918983117,87.22782481880859,-0.868014371022582,42.2337615330143,13.19805047906697,6.493911981582642
50,1,0.0,0.010396109729082226,0.010396109729082226,0.05510206457554911,64.00000001388665,128,16,16,28.49293450164156,16;32;64;128,28.49293450164156;10.904843770766412;8.575296820734762;1.5481946405744655,0.2,2,243,0.94921875,-89.16530104517005,19.509131823899224,108.67443286906928,43.31194842986311,13.53498388433222,6.334470987319946
50,2,0.010396109729082226,0.021416522644192047,0.011020412915109822,0.05510206457554911,97.87434247205074,128,16,16,31.896495486923914,16;32;64;128,31.896495486923914;8.318828599008347;3.6632026528233577;0.8868044037827718,0.2,2,226,0.8828125,19.509131823899224,65.413436855888,45.90430503198877,46.66632222333744,14.583225694792949,6.338449001312256
50,3,0.021416522644192047,0.03243693555930187,0.011020412915109822,0.05510206457554911,119.6883476075238,128,16,16,22.98229155825539,16;32;64;128,22.98229155825539;5.596642778192164;2.1989670005645694;0.6483876104870613,0.2,2,211,0.82421875,65.413436855888,74.09890379884746,8.685466942959465,48.76051249382397,15.23766015431999,6.349142074584961
50,4,0.03243693555930187,0.04345734847441169,0.011020412915109822,0.05510206457554911,123.63537713241934,128,16,16,42.938050905835276,16;32;64;128,42.938050905835276;12.00525447057666;9.097520459960752;1.4138417690829204,0.2,2,223,0.87109375,74.09890379884746,75.33942166762426,1.2405178687768057,48.47547015978665,15.148584424933329,6.338334083557129
50,5,0.04345734847441169,0.05447776138952151,0.011020412915109822,0.05510206457554911,124.65537076160307,128,16,16,27.555215208885823,16;32;64;128,27.555215208885823;8.067194011596879;2.993033122709098;0.9040426749607061,0.2,2,204,0.796875,75.33942166762426,78.10663002170622,2.7672083540819585,52.48383004770573,16.40119688990804,6.357381105422974
50,6,0.05447776138952151,0.05510206457554911,0.0006243031860275958,0.05510206457554911,127.9893967560475,128,16,16,23.546828396424946,16;32;64;128,23.546828396424946;5.317764081714205;0.6872938025078347;0.2661280859457946,0.2,2,218,0.8515625,78.10663002170622,80.55322013702244,2.446590115316212,46.34015159226238,14.481297372581993,6.337148904800415
52,1,0.0,0.009052777516705645,0.009052777516705645,0.05085222339838358,64.00000005037865,128,16,16,20.504521977264687,16;32;64;128,20.504521977264687;9.272025938970337;3.9851167475144136;1.2577748137502647,0.2,2,239,0.93359375,-92.81543369442807,39.92320529918652,132.7386389936146,43.30159239699264,13.531747624060198,6.323314905166626
52,2,0.009052777516705645,0.01922322219638236,0.010170444679676715,0.05085222339838358,101.7609247198865,128,16,16,22.00795834708427,16;32;64;128,22.00795834708427;6.090297982970497;4.5197390097593;1.1452752558032249,0.2,2,218,0.8515625,39.92320529918652,76.60101796127856,36.67781266209204,50.54182118766417,15.794319121145053,6.317202091217041
52,3,0.01922322219638236,0.02939366687605908,0.010170444679676718,0.05085222339838358,117.49796017486025,128,16,16,24.010091042241193,16;32;64;128,24.010091042241193;7.974174683174984;3.5690116668825924;0.9237116656201497,0.2,2,221,0.86328125,76.60101796127856,95.57732669683173,18.976308735553175,50.20890949579532,15.690284217436036,6.322772026062012
52,4,0.02939366687605908,0.0395641115557358,0.010170444679676718,0.05085222339838358,125.25865518942973,128,16,16,19.05256662712345,16;32;64;128,19.05256662712345;8.166238095216354;3.900799727145231;1.607083407903175,0.2,2,220,0.859375,95.57732669683173,99.09318076679483,3.5158540699630976,49.082837074181796,15.33838658568181,6.33110785484314
52,5,0.0395641115557358,0.049734556235412515,0.010170444679676718,0.05085222339838358,125.57160232771173,128,16,16,23.91076032420037,16;32;64;128,23.91076032420037;8.059328996716427;5.995942617174871;1.3339516402692255,0.2,2,223,0.87109375,99.09318076679483,103.04899871489033,3.9558179480955005,46.885523751881664,14.65172617246302,6.287441968917847
52,6,0.049734556235412515,0.05085222339838358,0.001117667162971063,0.05085222339838358,127.97481483741471,128,16,16,25.3461583872389,16;32;64;128,25.3461583872389;5.847143837469493;2.328077596579503;1.1956912328072742,0.2,2,228,0.890625,103.04899871489033,102.12282631220296,-0.9261724026873708,43.385382225001614,13.557931945313003,6.3238019943237305
54,1,0.0,0.010350498230820338,0.010350498230820338,0.05674885383057286,64.00000002850246,128,16,16,28.697117746275342,16;32;64;128,28.697117746275342;8.387412099735755;8.271280862630913;1.0660554771129493,0.2,2,240,0.9375,-80.81697470112704,23.63644954795018,104.45342424907722,43.92447289938462,13.726397781057692,6.330026149749756
54,2,0.010350498230820338,0.02170026899693491,0.011349770766114573,0.05674885383057286,95.10756436158859,128,16,16,28.644288292041477,16;32;64;128,28.644288292041477;5.290333803232164;4.774522315328293;1.5660298287564118,0.2,2,225,0.87890625,23.63644954795018,67.84212347562425,44.20567392767407,45.545234936383835,14.232885917619948,6.322873115539551
54,3,0.02170026899693491,0.03305003976304949,0.011349770766114577,0.05674885383057286,115.35248896096985,128,16,16,19.299948220564474,16;32;64;128,19.299948220564474;5.2045311269210925;3.66471096524173;1.4075810241554858,0.2,2,219,0.85546875,67.84212347562425,82.51114279241301,14.669019316788763,44.1978834688981,13.811838584030655,6.317438125610352
54,4,0.03305003976304949,0.04439981052916406,0.01134977076611457,0.05674885383057286,121.37153209418787,128,16,16,32.10297287314048,16;32;64;128,32.10297287314048;7.247298421592491;7.453775404528947;1.0280109252040794,0.2,2,228,0.890625,82.51114279241301,87.45796933723614,4.946826544823125,41.27047609067721,12.897023778336626,6.340398073196411
54,5,0.04439981052916406,0.05574958129527863,0.01134977076611457,0.05674885383057286,123.63437052277509,128,16,16,30.3026629309856,16;32;64;128,30.3026629309856;8.433383280555267;4.482181243014545;1.0421997138333334,0.2,2,222,0.8671875,87.45796933723614,89.29397788178176,1.8360085445456207,47.53716790637031,14.85536497074072,6.321157932281494
54,6,0.05574958129527863,0.05674885383057286,0.000999272535294235,0.05674885383057286,127.96427879589777,128,16,16,19.111439349529945,16;32;64;128,19.111439349529945;6.031473721404635;4.292915190163341;1.206810636976876,0.2,2,213,0.83203125,89.29397788178176,91.58172997273505,2.2877520909532905,48.20455556253794,15.063923613293106,6.339141130447388
56,1,0.0,0.008634243956768827,0.008634243956768827,0.07093261778518689,64.00000001246158,128,16,16,33.291860059127366,16;32;64;128,33.291860059127366;10.775301970281848;8.773831324954653;1.4823852677626508,0.2,2,244,0.953125,-116.78957753465511,23.632076698937453,140.42165423359256,42.06977894006374,13.14680591876992,6.333438873291016
56,2,0.008634243956768827,0.022820767513806205,0.014186523557037378,0.07093261778518689,94.38283152344782,128,16,16,30.680232053505925,16;32;64;128,30.680232053505925;7.479332292188491;3.5415644374779562;1.6211196972059585,0.2,2,234,0.9140625,23.632076698937453,71.13303870335221,47.50096200441476,44.19289503394559,13.810279698107996,6.326210975646973
56,3,0.022820767513806205,0.037007291070843586,0.014186523557037381,0.07093261778518689,118.6672043471936,128,16,16,25.6341830915045,16;32;64;128,25.6341830915045;5.970434203034448;4.239718969886008;0.9049377562559902,0.2,2,234,0.9140625,71.13303870335221,79.0742452556733,7.941206552321091,42.76550237395715,13.364219491861608,6.3367249965667725
56,4,0.037007291070843586,0.05119381462788097,0.014186523557037381,0.07093261778518689,121.51907391488889,128,16,16,27.380127135738547,16;32;64;128,27.380127135738547;5.944656775138913;5.751611694395109;1.3951249431853574,0.2,2,231,0.90234375,79.0742452556733,81.51824042992666,2.4439951742533594,42.206641390960016,13.189575434675005,6.34380316734314
56,5,0.05119381462788097,0.06538033818491834,0.014186523557037374,0.07093261778518689,123.01839407082542,128,16,16,23.00928614705965,16;32;64;128,23.00928614705965;7.908152255933567;8.22686429381834;0.9764914986278712,0.2,2,224,0.875,81.51824042992666,86.68589630303904,5.1676558731123805,42.228112987630304,13.196285308634469,6.339181184768677
56,6,0.06538033818491834,0.07093261778518689,0.00555227960026855,0.07093261778518689,127.55966001375937,128,16,16,24.67516885756214,16;32;64;128,24.67516885756214;8.630248559858488;4.411262455083045;1.3321547024655562,0.2,2,227,0.88671875,86.68589630303904,87.6205720170401,0.9346757140010595,42.1821618306012,13.181925572062875,6.337524175643921
58,1,0.0,0.00938908745826199,0.00938908745826199,0.04694543729130995,65.33758709462606,128,16,16,23.37313766031504,16;32;64;128,23.37313766031504;10.15705792596306;7.137867632520976;1.1844366531328527,0.2,2,238,0.9296875,-90.86904820112977,11.723052208311856,102.59210040944163,48.55006454279734,15.171895169624166,6.33502197265625
58,2,0.00938908745826199,0.01877817491652398,0.00938908745826199,0.04694543729130995,96.58369335275037,128,16,16,29.040428487754795,16;32;64;128,29.040428487754795;9.58765796123271;4.556945944520987;0.823881751272096,0.2,2,223,0.87109375,11.723052208311856,70.48284276505001,58.75979055673815,48.2435604521972,15.076112641311624,6.345952987670898
58,3,0.01877817491652398,0.02816726237478597,0.009389087458261992,0.04694543729130995,119.58588416008041,128,16,16,25.507897625143336,16;32;64;128,25.507897625143336;3.885210536095375;5.221936025435353;1.0726525675156644,0.2,2,219,0.85546875,70.48284276505001,76.61016518855467,6.1273224235046655,50.40982469381375,15.753070216816797,6.332610845565796
58,4,0.02816726237478597,0.03755634983304796,0.009389087458261988,0.04694543729130995,121.39978781381548,128,16,16,28.962172285014525,16;32;64;128,28.962172285014525;6.0833120266744745;3.1805817630605846;0.9513705494638511,0.2,2,216,0.84375,76.61016518855467,84.98820510972291,8.378039921168238,42.98684185282251,13.433388079007033,6.336391925811768
58,5,0.03755634983304796,0.04694543729130995,0.009389087458261988,0.04694543729130995,124.92596942788498,128,16,16,28.816834868438107,16;32;64;128,28.816834868438107;6.4242826991736806;3.761715871884799;1.623280954412656,0.2,2,237,0.92578125,84.98820510972291,89.43195101688616,4.4437459071632475,39.76788640537055,12.427464501678296,6.337028980255127
60,1,0.0,0.009103399509924517,0.009103399509924517,0.05559209772768114,64.0000000399123,128,16,16,31.492576010656492,16;32;64;128,31.492576010656492;8.396207503070977;8.013343318290506;2.021266874021609,0.2,2,235,0.91796875,-100.59279939427506,33.26258852117462,133.85538791544968,46.50641042339414,14.533253257310669,6.323765993118286
60,2,0.009103399509924517,0.020221819055460746,0.011118419545536228,0.05559209772768114,99.37043975753109,128,16,16,33.49661576760668,16;32;64;128,33.49661576760668;9.470863674209653;4.981226364765993;1.5040811857459737,0.2,2,224,0.875,33.26258852117462,76.01760519361414,42.755016672439524,47.73044071396356,14.915762723113613,6.293529033660889
60,3,0.020221819055460746,0.031340238600996974,0.011118419545536228,0.05559209772768114,115.45095501593293,128,16,16,29.58758181945017,16;32;64;128,29.58758181945017;6.3367265615891695;2.413531518903773;1.2349435988835311,0.2,2,225,0.87890625,76.01760519361414,90.38455597287975,14.366950779265608,44.45161463432142,13.891129573225443,6.28403377532959
60,4,0.031340238600996974,0.0424586581465332,0.011118419545536225,0.05559209772768114,122.95567455287264,128,16,16,20.810676531167875,16;32;64;128,20.810676531167875;7.839702347168412;5.8382799325033;1.2627772903528414,0.2,2,229,0.89453125,90.38455597287975,95.87075718166307,5.486201208783314,43.801198405618216,13.687874501755692,6.275743007659912
60,5,0.0424586581465332,0.05357707769206943,0.011118419545536232,0.05559209772768114,125.62041424986171,128,16,16,23.46371857934436,16;32;64;128,23.46371857934436;7.087084750762125;5.141710811964893;1.8464552030693382,0.2,2,231,0.90234375,95.87075718166307,97.23579719802365,1.365040016360581,42.82102573641483,13.381570542629634,6.279077053070068
60,6,0.05357707769206943,0.05559209772768114,0.0020150200356117073,0.05559209772768114,127.90150497528452,128,16,16,22.07295582823508,16;32;64;128,22.07295582823508;5.698223889160676;5.275642499618878;1.0579130143704996,0.2,2,231,0.90234375,97.23579719802365,97.43707889737561,0.20128169935196638,41.50269911558175,12.969593473619296,6.355463027954102
62,1,0.0,0.00953444955707888,0.00953444955707888,0.04902166265615715,64.0000000161912,128,16,16,30.760962404413252,16;32;64;128,30.760962404413252;10.569294199228498;7.299626962336184;1.7297950257918218,0.2,2,239,0.93359375,-97.75815879867878,30.644280586973764,128.40243938565254,44.48676460881626,13.90211394025508,6.343432188034058
62,2,0.00953444955707888,0.01933878208831031,0.00980433253123143,0.04902166265615715,104.04488335976697,128,16,16,27.269959974770934,16;32;64;128,27.269959974770934;7.577141884928951;4.227418490505845;1.1774432816254272,0.2,2,229,0.89453125,30.644280586973764,76.07505861995742,45.43077803298365,50.433630175716246,15.760509429911327,6.349895000457764
62,3,0.01933878208831031,0.029143114619541742,0.009804332531231433,0.04902166265615715,122.6568200185182,128,16,16,26.56583258150843,16;32;64;128,26.56583258150843;7.3517615508619825;7.550621875536907;1.6271601225778767,0.2,2,238,0.9296875,76.07505861995742,81.29508295841515,5.220024338457733,41.21596532725531,12.879989164767284,6.323379039764404
62,4,0.029143114619541742,0.038947447150773175,0.009804332531231433,0.04902166265615715,124.28777006605313,128,16,16,18.507179560375317,16;32;64;128,18.507179560375317;5.331041251398557;3.9266294679667926;1.2558263357828028,0.2,2,239,0.93359375,81.29508295841515,87.29952309699729,6.00444013858214,40.526080357240744,12.664400111637732,6.323231935501099
62,5,0.038947447150773175,0.04875177968200461,0.009804332531231433,0.04902166265615715,125.8594751433297,128,16,16,21.767289469702344,16;32;64;128,21.767289469702344;5.593717047727749;4.983433159627779;1.270271829844475,0.2,2,224,0.875,87.29952309699729,86.86873487662524,-0.430788220372051,43.25379417289776,13.51681067903055,6.336159944534302
62,6,0.04875177968200461,0.04902166265615715,0.0002698829741525424,0.04902166265615715,127.99631876240085,128,16,16,24.30534142074237,16;32;64;128,24.30534142074237;9.154027632230731;5.9008966630319275;0.8924822360577578,0.2,2,231,0.90234375,86.86873487662524,87.69733961252496,0.8286047358997166,43.57572517918793,13.617414118496226,6.338746786117554
64,1,0.0,0.00892979301357043,0.00892979301357043,0.059304568412885714,64.00000000016618,128,16,16,28.86794952796888,16;32;64;128,28.86794952796888;7.531905477560523;4.92334898460586;1.1426004240086236,0.2,2,229,0.89453125,-95.25962371297646,32.18352200114168,127.44314571411815,47.803825254042295,14.938695391888217,6.333946943283081
64,2,0.00892979301357043,0.020790706696147573,0.011860913682577143,0.059304568412885714,98.80850184858993,128,16,16,24.331490522201506,16;32;64;128,24.331490522201506;11.287333525144023;1.4397729972327256;0.6150739834794285,0.2,2,226,0.8828125,32.18352200114168,73.38969167612959,41.206169674987905,45.045816168335065,14.076817552604707,6.3258302211761475
64,3,0.020790706696147573,0.03265162037872472,0.011860913682577145,0.059304568412885714,119.07239197962365,128,16,16,26.381281565330916,16;32;64;128,26.381281565330916;5.029232636561751;3.869425992802149;1.721341349309321,0.2,2,219,0.85546875,73.38969167612959,79.31347042170819,5.923778745578602,47.89544091825648,14.96732528695515,6.291177988052368
64,4,0.03265162037872472,0.04451253406130186,0.011860913682577141,0.059304568412885714,121.2817355031441,128,16,16,21.393617106194753,16;32;64;128,21.393617106194753;9.618451150275638;4.152819343238616;0.3480440786094363,0.2,2,214,0.8359375,79.31347042170819,86.73502227384597,7.421551852137782,48.95261600875373,15.29769250273554,6.298295021057129
64,5,0.04451253406130186,0.056373447743879,0.011860913682577141,0.059304568412885714,124.38286632068187,128,16,16,33.13801684514648,16;32;64;128,33.13801684514648;9.45675563380871;4.01137968646486;1.110724729962831,0.2,2,218,0.8515625,86.73502227384597,90.81685668416321,4.081834410317242,41.89767547481005,13.09302358587814,6.306603193283081
64,6,0.056373447743879,0.059304568412885714,0.0029311206690067135,0.059304568412885714,127.85714840011521,128,16,16,31.490772273815992,16;32;64;128,31.490772273815992;7.19945605065743;5.08292997913349;0.352005349192022,0.2,2,225,0.87890625,90.81685668416321,90.86016271496192,0.04330603079870343,42.39296824270511,13.247802575845347,6.320759057998657
66,1,0.0,0.00974801702952612,0.00974801702952612,0.0487400851476306,67.08889479306548,128,16,16,36.1235388427169,16;32;64;128,36.1235388427169;6.653880718544634;5.377244270804494;1.121289381229037,0.2,2,235,0.91796875,-88.31036877271254,15.09807754389476,103.4084463166073,46.234872297513476,14.448397592972961,6.341478109359741
66,2,0.00974801702952612,0.01949603405905224,0.00974801702952612,0.0487400851476306,99.0534108547323,128,16,16,23.292672229657718,16;32;64;128,23.292672229657718;8.442599346786443;4.032197438697563;0.5127190955512382,0.2,2,228,0.890625,15.09807754389476,61.07271795673296,45.9746404128382,46.34740652660697,14.483564539564677,6.3248279094696045
66,3,0.01949603405905224,0.02924405108857836,0.009748017029526119,0.0487400851476306,116.5911736174568,128,16,16,23.571904425578794,16;32;64;128,23.571904425578794;9.813028733681312;3.696699919795802;0.5805753083674359,0.2,2,223,0.87109375,61.07271795673296,81.13012636266649,20.05740840593353,49.22171758209116,15.381786744403486,6.338598966598511
66,4,0.02924405108857836,0.03899206811810448,0.009748017029526122,0.0487400851476306,124.11042332796653,128,16,16,27.38531816827404,16;32;64;128,27.38531816827404;5.886351728529584;6.906884312647669;0.4468762153370769,0.2,2,230,0.8984375,81.13012636266649,83.51665232353844,2.38652596087195,45.38611788114776,14.183161837858675,6.34250283241272
66,5,0.03899206811810448,0.0487400851476306,0.009748017029526115,0.0487400851476306,124.83302498279895,128,16,16,30.200074760963318,16;32;64;128,30.200074760963318;7.122731773932338;4.005367381361156;0.8519712824762724,0.2,2,226,0.8828125,83.51665232353844,85.49058811552823,1.9739357919897884,45.45906306470943,14.205957207721697,6.337836980819702
68,1,0.0,0.00847117302364352,0.00847117302364352,0.05379895106309048,64.00000000975413,128,16,16,33.13445712460607,16;32;64;128,33.13445712460607;10.31934391895952;8.582050905943637;1.7961154768989764,0.2,2,236,0.921875,-120.79263058898505,12.247272452921607,133.03990304190665,47.28367633214736,14.776148853796048,6.341309070587158
68,2,0.00847117302364352,0.019230963236261618,0.010759790212618098,0.05379895106309048,93.8683656547235,128,16,16,35.25265820200244,16;32;64;128,35.25265820200244;9.419723541934696;7.698771398039925;1.5299560345669798,0.2,2,215,0.83984375,12.247272452921607,64.1650747130625,51.91780226014089,53.54513178569504,16.7328536830297,6.3419740200042725
68,3,0.019230963236261618,0.029990753448879713,0.010759790212618095,0.05379895106309048,116.53365703739661,128,16,16,22.778838772375817,16;32;64;128,22.778838772375817;7.306946074817002;1.1120750631937917;0.9196725983295742,0.2,2,214,0.8359375,64.1650747130625,78.56783590489067,14.402761191828176,48.90316733134117,15.282239791044116,6.341551065444946
68,4,0.029990753448879713,0.04075054366149781,0.010759790212618095,0.05379895106309048,123.2293128411298,128,16,16,23.04407199773709,16;32;64;128,23.04407199773709;6.358269838042201;4.292831642009969;0.27835407774274395,0.2,2,206,0.8046875,78.56783590489067,84.02429378312081,5.45645787823014,51.6990562197332,16.155955068666625,6.338146924972534
68,5,0.04075054366149781,0.0515103338741159,0.010759790212618095,0.05379895106309048,125.3377523885303,128,16,16,20.118956181591408,16;32;64;128,20.118956181591408;7.27333320064304;3.3292405716083744;0.5856535592810641,0.2,2,215,0.83984375,84.02429378312081,86.71223842725158,2.6879446441307664,42.33796790626767,13.230614970708647,6.342617988586426
68,6,0.0515103338741159,0.05379895106309048,0.0022886171889745788,0.05379895106309048,127.90285529345391,128,16,16,14.584994331903234,16;32;64;128,14.584994331903234;8.46900099462068;1.3056845273366524;1.276311528316501,0.2,2,206,0.8046875,86.71223842725158,85.71453791065142,-0.9977005166001618,51.494249816593744,16.091953067685544,6.337127923965454
70,1,0.0,0.008927767500286747,0.008927767500286747,0.04805569176824715,64.0000000428785,128,16,16,28.74376366214929,16;32;64;128,28.74376366214929;13.464399589883985;6.957039247458311;2.0061459892692115,0.2,2,237,0.92578125,-116.26121737656649,5.962445038952865,122.22366241551936,52.865695309748865,16.52052978429652,6.3492889404296875
70,2,0.008927767500286747,0.01853890585393618,0.009611138353649433,0.04805569176824715,97.41347058342411,128,16,16,28.96299048810737,16;32;64;128,28.96299048810737;5.391910928110399;8.449561940647135;1.292840481566085,0.2,2,234,0.9140625,5.962445038952865,53.821166024776176,47.85872098582331,47.09946531154384,14.71858290985745,6.342782020568848
70,3,0.01853890585393618,0.02815004420758561,0.009611138353649431,0.04805569176824715,116.7045536797773,128,16,16,37.77669312099482,16;32;64;128,37.77669312099482;8.339467136410185;4.1252027365409445;0.7356177347923474,0.2,2,209,0.81640625,53.821166024776176,63.85628984950017,10.035123824723996,46.5896514647935,14.559266082747968,6.340245962142944
70,4,0.02815004420758561,0.03776118256123504,0.009611138353649431,0.04805569176824715,120.92410427287936,128,16,16,18.2519658929485,16;32;64;128,18.2519658929485;5.951029513860487;4.946474898695294;1.233609248769329,0.2,2,220,0.859375,63.85628984950017,75.18471835495438,11.328428505454212,50.25311843073305,15.70409950960408,6.343670129776001
70,5,0.03776118256123504,0.04737232091488447,0.009611138353649427,0.04805569176824715,125.27453838283883,128,16,16,27.443294679131437,16;32;64;128,27.443294679131437;3.9101781178414896;3.9159926879165834;1.110657137139875,0.2,2,212,0.828125,75.18471835495438,78.9162982669659,3.7315799120115116,50.49623008592006,15.780071901850018,6.362716913223267
70,6,0.04737232091488447,0.04805569176824715,0.0006833708533626817,0.04805569176824715,127.98804299173958,128,16,16,27.11201070129843,16;32;64;128,27.11201070129843;7.030153818824094;3.913144497285801;0.5712015544173533,0.2,2,219,0.85546875,78.9162982669659,80.62949152686633,1.7131932599004358,47.56688965216472,14.864653016301475,6.339824914932251
72,1,0.0,0.009257743827775822,0.009257743827775822,0.055347448736808816,64.00000004253914,128,16,16,29.761331341104356,16;32;64;128,29.761331341104356;7.473270406015322;6.7492678517486935;1.4179363368681068,0.2,2,237,0.92578125,-96.70841023651883,27.66311261150986,124.37152284802869,47.67049949577761,14.897031092430502,6.340698003768921
72,2,0.009257743827775822,0.020327233575137587,0.011069489747361765,0.055347448736808816,100.69037443338154,128,16,16,24.34951564377679,16;32;64;128,24.34951564377679;6.313310257785687;5.209326182835088;1.1700386340132078,0.2,2,221,0.86328125,27.66311261150986,67.08952656341717,39.42641395190731,49.96774132561205,15.614919164253767,6.336815118789673
72,3,0.020327233575137587,0.03139672332249935,0.011069489747361761,0.055347448736808816,118.09469270652068,128,16,16,26.163528499147642,16;32;64;128,26.163528499147642;7.2421642623497435;4.328653707854229;1.3717534342576871,0.2,2,221,0.86328125,67.08952656341717,71.32464494556189,4.235118382144719,46.56201748343081,14.550630463572126,6.336292028427124
72,4,0.03139672332249935,0.04246621306986111,0.011069489747361765,0.055347448736808816,120.05029852391034,128,16,16,30.205685019190955,16;32;64;128,30.205685019190955;7.220576810015269;4.975163108839725;1.0037176011530773,0.2,2,207,0.80859375,71.32464494556189,81.39177136542276,10.06712641986087,50.38534251990984,15.745419537471825,6.321119785308838
72,5,0.04246621306986111,0.05353570281722288,0.011069489747361765,0.055347448736808816,124.60148827847043,128,16,16,30.505874280628976,16;32;64;128,30.505874280628976;8.559210546515905;4.590529904468921;0.3354554946468811,0.2,2,224,0.875,81.39177136542276,83.93890681304038,2.5471354476176202,50.56765679355776,15.802392747986799,6.583513975143433
72,6,0.05353570281722288,0.055347448736808816,0.0018117459195859387,0.055347448736808816,127.89543429175724,128,16,16,25.661996662494467,16;32;64;128,25.661996662494467;8.361481408803387;2.544502240420913;1.0820320772215242,0.2,2,209,0.81640625,83.93890681304038,84.90830298606306,0.9693961730226874,52.74060153856471,16.48143798080147,6.498612880706787
74,1,0.0,0.00771657667816451,0.00771657667816451,0.05671104369317785,64.00000005276686,128,16,16,21.259806340104202,16;32;64;128,21.259806340104202;13.679029620215816;6.295679407148153;1.2855842694505737,0.2,2,245,0.95703125,-133.59460657741874,4.239437137846835,137.83404371526558,43.86844113150266,13.708887853594579,6.2897279262542725
74,2,0.00771657667816451,0.019058785416800082,0.011342208738635572,0.05671104369317785,91.54629251111126,128,16,16,24.91799595397015,16;32;64;128,24.91799595397015;7.247555852593093;5.65344151378951;1.4606843627729682,0.2,2,219,0.85546875,4.239437137846835,65.44265840167645,61.20322126382962,50.597129363376666,15.811602926055208,6.283267974853516
74,3,0.019058785416800082,0.03040099415543565,0.011342208738635569,0.05671104369317785,118.22254736670037,128,16,16,23.131423368194753,16;32;64;128,23.131423368194753;6.8569857992116505;4.675286468573419;0.7115332635974078,0.2,2,223,0.87109375,65.44265840167645,71.94004326197319,6.497384860296734,46.27402141665364,14.460631692704261,6.321403980255127
74,4,0.03040099415543565,0.04174320289407122,0.011342208738635569,0.05671104369317785,120.83212706817656,128,16,16,28.50930503242992,16;32;64;128,28.50930503242992;4.045686377202762;5.506557891673156;0.568495661637983,0.2,2,217,0.84765625,71.94004326197319,79.90184897184372,7.961805709870532,42.803739134101846,13.376168479406827,6.316075801849365
74,5,0.04174320289407122,0.05308541163270679,0.011342208738635569,0.05671104369317785,125.01645793455006,128,16,16,21.96755994557848,16;32;64;128,21.96755994557848;4.79472941755318;5.830850580241282;0.4611208175064653,0.2,2,221,0.86328125,79.90184897184372,83.27380725322291,3.371958281379193,45.3549310607569,14.17341595648653,6.320209980010986
74,6,0.05308541163270679,0.05671104369317785,0.0036256320604710623,0.05671104369317785,127.72748727858209,128,16,16,23.204637253381684,16;32;64;128,23.204637253381684;6.725367110789097;3.621567040674567;0.7583838985376501,0.2,2,222,0.8671875,83.27380725322291,84.01843113545328,0.7446238822303712,47.873614612353805,14.960504566360564,6.318979978561401
76,1,0.0,0.009730546790156225,0.009730546790156225,0.05688777279013614,64.00000001564777,128,16,16,36.10119774977898,16;32;64;128,36.10119774977898;11.587720160006523;9.210162567497502;0.9669541332337636,0.2,2,239,0.93359375,-108.35321065562312,10.833668383420445,119.18687903904356,42.45075521130879,13.265861003533995,6.3153440952301025
76,2,0.009730546790156225,0.02110810134818345,0.011377554558027227,0.05688777279013614,95.56612465141176,128,16,16,30.693278367762357,16;32;64;128,30.693278367762357;10.321945577117365;5.70775281587802;1.1717320574805519,0.2,2,220,0.859375,10.833668383420445,54.60180534236133,43.768136958940886,46.958924474167745,14.67466389817742,6.327463150024414
76,3,0.02110810134818345,0.03248565590621068,0.011377554558027227,0.05688777279013614,114.03403972846783,128,16,16,27.281286051000883,16;32;64;128,27.281286051000883;7.710899188333507;6.013512565272322;1.2627837289450812,0.2,2,235,0.91796875,54.60180534236133,72.89544952427968,18.293644181918353,40.40210529281856,12.6256579040058,6.325678110122681
76,4,0.03248565590621068,0.043863210464237905,0.011377554558027227,0.05688777279013614,122.4036870520695,128,16,16,19.571448928524656,16;32;64;128,19.571448928524656;7.058515668944929;5.603614928515599;0.9449859015205792,0.2,2,218,0.8515625,72.89544952427968,77.82301805703901,4.927568532759324,43.05625163046534,13.455078634520419,6.3246119022369385
76,5,0.043863210464237905,0.05524076502226513,0.011377554558027227,0.05688777279013614,124.28118025439831,128,16,16,19.06130728996322,16;32;64;128,19.06130728996322;4.107355632174152;1.7457881757818132;1.09701330163195,0.2,2,223,0.87109375,77.82301805703901,81.4941277904436,3.6711097334045917,46.225895973016726,14.445592491567727,6.322514057159424
76,6,0.05524076502226513,0.05688777279013614,0.0016470077678710088,0.05688777279013614,127.93672529901833,128,16,16,15.648646347654612,16;32;64;128,15.648646347654612;6.430022877288108;5.151988196306874;0.983429574492898,0.2,2,224,0.875,81.4941277904436,81.00312588678207,-0.49100190366152674,43.525755232053235,13.601798510016636,6.303861141204834
78,1,0.0,0.008437790884306748,0.008437790884306748,0.05234952667908071,64.00000005060824,128,16,16,24.405744818789152,16;32;64;128,24.405744818789152;6.64134844734549;4.515253084684618;1.327605728784014,0.2,2,230,0.8984375,-111.11479723558296,25.67443465080578,136.78923188638873,49.29237971938932,15.403868662309161,6.322548151016235
78,2,0.008437790884306748,0.01890769622012289,0.010469905335816142,0.05234952667908071,96.80707742248637,128,16,16,33.120090297984696,16;32;64;128,33.120090297984696;6.6345629832645;6.0338417400705024;1.3982434518055382,0.2,2,219,0.85546875,25.67443465080578,64.83189773489721,39.15746308409143,49.08785265959931,15.339953956124782,6.325021028518677
78,3,0.01890769622012289,0.029377601555939034,0.010469905335816144,0.05234952667908071,115.20479474524254,128,16,16,22.494972981952202,16;32;64;128,22.494972981952202;9.765376389170227;2.7224905149438903;0.7483723331780429,0.2,2,222,0.8671875,64.83189773489721,83.63359837885946,18.80170064396225,49.747817221099076,15.546192881593461,6.316560983657837
78,4,0.029377601555939034,0.039847506891755174,0.01046990533581614,0.05234952667908071,123.82620147309557,128,16,16,22.92134385072391,16;32;64;128,22.92134385072391;5.974660419010137;3.1687079924254284;0.6142743498213188,0.2,2,220,0.859375,83.63359837885946,89.72129325196147,6.087694873102009,48.09263186170483,15.02894745678276,6.324589014053345
78,5,0.039847506891755174,0.050317412227571315,0.01046990533581614,0.05234952667908071,125.32991151664906,128,16,16,22.540000774127737,16;32;64;128,22.540000774127737;4.122867305339879;2.947847630750197;0.467193658670844,0.2,2,232,0.90625,89.72129325196147,89.69123521680012,-0.030058035161346197,41.46956372855138,12.959238665172306,6.31914210319519
78,6,0.050317412227571315,0.05234952667908071,0.002032114451509394,0.05234952667908071,127.8957335341387,128,16,16,16.511212527528524,16;32;64;128,16.511212527528524;4.2720975020899195;4.184488811446103;1.4576856974723529,0.2,2,223,0.87109375,89.69123521680012,89.61179850948974,-0.07943670731037855,45.75277939884063,14.297743562137697,6.31145715713501
80,1,0.0,0.009351126731927062,0.009351126731927062,0.04694207505539716,64.00000000620517,128,16,16,27.26548368294369,16;32;64;128,27.26548368294369;9.065440030760659;4.911959255127401;1.596345173742707,0.2,2,240,0.9375,-113.3446553396061,-0.6092576724477112,112.7353976671584,44.63378418710411,13.948057558470035,6.305932998657227
80,2,0.009351126731927062,0.018739541743006495,0.009388415011079433,0.04694207505539716,95.73204169283066,128,16,16,22.584174822340675,16;32;64;128,22.584174822340675;7.257188093591732;4.523700009383226;1.2650648692615947,0.2,2,222,0.8671875,-0.6092576724477112,41.24200238776393,41.851260060211644,51.75559024237992,16.173621950743723,6.30705714225769
80,3,0.018739541743006495,0.028127956754085928,0.009388415011079433,0.04694207505539716,112.12245225638975,128,16,16,25.09957456706252,16;32;64;128,25.09957456706252;5.774203936963788;3.29518498825834;1.1514226937067191,0.2,2,217,0.84765625,41.24200238776393,67.80623896978796,26.564236582024023,47.80892759924494,14.940289874764042,6.289737939834595
80,4,0.028127956754085928,0.03751637176516536,0.009388415011079433,0.04694207505539716,122.87634504842994,128,16,16,23.387499099005467,16;32;64;128,23.387499099005467;4.230056484324997;2.3409551320736854;0.9026153951942447,0.2,2,219,0.85546875,67.80623896978796,73.2779037435539,5.471664773765951,48.994201510390035,15.310687971996884,6.289299964904785
80,5,0.03751637176516536,0.046904786776244795,0.009388415011079433,0.04694207505539716,124.97218138368993,128,16,16,21.557576746047626,16;32;64;128,21.557576746047626;8.786506945108316;4.093582743763961;0.9886373494348344,0.2,2,197,0.76953125,73.2779037435539,74.41100752353668,1.1331037799827754,49.767941946406815,15.55248185825213,6.314497947692871
80,6,0.046904786776244795,0.04694207505539716,3.728827915236432e-5,0.04694207505539716,127.99991112083275,128,16,16,20.736379337225976,16;32;64;128,20.736379337225976;7.25087908449011;4.949587995043607;0.0,0.2,2,214,0.8359375,74.41100752353668,75.82709918171167,1.4160916581749916,49.639231378659815,15.512259805831192,6.346138954162598
82,1,0.0,0.009254868198608561,0.009254868198608561,0.046274340993042805,68.35853321926572,128,16,16,18.342776143004983,16;32;64;128,18.342776143004983;10.313499953679168;8.273969997539881;1.678974979454776,0.2,2,246,0.9609375,-94.99822833278449,9.882340121432208,104.8805684542167,46.1824526312531,14.432016447266593,6.335184097290039
82,2,0.009254868198608561,0.018509736397217123,0.009254868198608561,0.046274340993042805,100.55861863248153,128,16,16,31.472392692824144,16;32;64;128,31.472392692824144;9.708765661231576;7.911738688187502;2.3915781248358634,0.2,2,227,0.88671875,9.882340121432208,52.59174141008407,42.70940128865186,46.6171463207714,14.56785822524106,6.334322929382324
82,3,0.018509736397217123,0.027764604595825686,0.009254868198608563,0.046274340993042805,118.95083884941012,128,16,16,34.41908779680945,16;32;64;128,34.41908779680945;9.569564666674589;6.135899048672086;1.974147630110842,0.2,2,222,0.8671875,52.59174141008407,64.97927409643307,12.387532686349005,51.33190437872938,16.04122011835293,6.342267990112305
82,4,0.027764604595825686,0.037019472794434245,0.00925486819860856,0.046274340993042805,123.40112199735964,128,16,16,18.613337465351343,16;32;64;128,18.613337465351343;6.648385047952085;4.243655815053914;0.45187906249028476,0.2,2,220,0.859375,64.97927409643307,70.48546745581552,5.506193359382451,46.59632579839543,14.561351811998572,6.343173027038574
82,5,0.037019472794434245,0.046274340993042805,0.00925486819860856,0.046274340993042805,124.97940625906963,128,16,16,19.254485204552434,16;32;64;128,19.254485204552434;6.3750705866946555;3.975494839045741;0.4289649353059625,0.2,2,203,0.79296875,70.48546745581552,73.08691641781479,2.6014489619992673,45.44205609868638,14.200642530839493,6.340687036514282
84,1,0.0,0.00998159850573679,0.00998159850573679,0.058925953581152594,64.00000000705373,128,16,16,21.54027148942574,16;32;64;128,21.54027148942574;8.048531248364519;5.778337943802854;1.8187318029347825,0.2,2,239,0.93359375,-99.03661829791963,28.345712954585906,127.38233125250554,47.378925491620414,14.805914216131379,6.321341037750244
84,2,0.00998159850573679,0.02176678922196731,0.01178519071623052,0.058925953581152594,99.72450165955537,128,16,16,33.57653236062131,16;32;64;128,33.57653236062131;10.647088634968318;5.959907654211752;2.0770680054672828,0.2,2,224,0.875,28.345712954585906,64.03863899759017,35.69292604300426,54.42647578462412,17.008273682695034,6.326787948608398
84,3,0.02176678922196731,0.033551979938197835,0.011785190716230524,0.058925953581152594,117.3872784045023,128,16,16,15.41217260638746,16;32;64;128,15.41217260638746;11.322768391690634;6.077374184267268;1.2223725660291462,0.2,2,214,0.8359375,64.03863899759017,76.84496517619118,12.806326178601012,47.15041989789259,14.734506218091434,6.32439398765564
84,4,0.033551979938197835,0.045337170654428355,0.01178519071623052,0.058925953581152594,123.26946243197568,128,16,16,29.944835967715406,16;32;64;128,29.944835967715406;6.063071540358874;3.177633300065568;1.1984597615327057,0.2,2,226,0.8828125,76.84496517619118,80.04930298752151,3.2043378113303334,46.7877232281576,14.62116350879925,6.321171045303345
84,5,0.045337170654428355,0.057122361370658875,0.01178519071623052,0.058925953581152594,124.58366989263513,128,16,16,28.19136771302939,16;32;64;128,28.19136771302939;7.188645629124177;2.0242994593822723;1.1160485434612957,0.2,2,232,0.90625,80.04930298752151,84.06664874590933,4.017345758387819,38.76446093917116,12.113894043490987,6.323467969894409
84,6,0.057122361370658875,0.058925953581152594,0.0018035922104937194,0.058925953581152594,127.94203131272742,128,16,16,26.205523650247933,16;32;64;128,26.205523650247933;8.033889759428554;5.56281873135472;0.8478680845684069,0.2,2,231,0.90234375,84.06664874590933,83.8064028781373,-0.26024586777202785,41.344244310174574,12.920076346929553,6.325894832611084
86,1,0.0,0.008381613200076132,0.008381613200076132,0.0581502081086529,64.00000000786284,128,16,16,33.62669450400669,16;32;64;128,33.62669450400669;10.043812295950493;7.66663306383527;1.1225381463237374,0.2,2,236,0.921875,-117.09508885582909,21.94626424089074,139.04135309671983,48.294549901459206,15.092046844206001,6.319267988204956
86,2,0.008381613200076132,0.020011654821806713,0.011630041621730581,0.0581502081086529,96.75962938034135,128,16,16,16.99989643852452,16;32;64;128,16.99989643852452;4.888157286911555;4.617640280694945;1.317079896598843,0.2,2,227,0.88671875,21.94626424089074,64.91287499654572,42.96661075565498,43.65776390247926,13.643051219524768,6.320199966430664
86,3,0.020011654821806713,0.031641696443537294,0.011630041621730581,0.0581502081086529,115.60284872258183,128,16,16,22.41715961378784,16;32;64;128,22.41715961378784;3.601331484803133;5.525988355822543;1.1920547083854993,0.2,2,221,0.86328125,64.91287499654572,79.49075109354453,14.577876096998807,48.62126429215892,15.194145091299662,6.321468114852905
86,4,0.031641696443537294,0.04327173806526788,0.011630041621730584,0.0581502081086529,122.36400355674479,128,16,16,21.2028401950934,16;32;64;128,21.2028401950934;6.098511176958756;3.4959958381625866;1.2373403658838058,0.2,2,219,0.85546875,79.49075109354453,84.63293839734979,5.142187303805258,47.317468083748835,14.78670877617151,6.320298910140991
86,5,0.04327173806526788,0.054901779686998456,0.011630041621730577,0.0581502081086529,124.0141247373535,128,16,16,21.94149200656953,16;32;64;128,21.94149200656953;5.96322541878801;3.603013606898211;0.7579867057850374,0.2,2,224,0.875,84.63293839734979,88.12016862863675,3.487230231286958,44.58395938052553,13.932487306414227,6.325484991073608
86,6,0.054901779686998456,0.0581502081086529,0.003248428421654445,0.0581502081086529,127.7613480554909,128,16,16,22.737601275536463,16;32;64;128,22.737601275536463;5.836028870721422;5.708456541010332;0.4282673007267038,0.2,2,228,0.890625,88.12016862863675,88.51226234482601,0.39209371618926525,40.41561400927641,12.629879377898877,6.333822965621948
88,1,0.0,0.009093466685521965,0.009093466685521965,0.05897502568950137,64.00000000359981,128,16,16,29.82760161885143,16;32;64;128,29.82760161885143;11.719535852355095;8.099282043193439;1.401816341072101,0.2,2,238,0.9296875,-131.9929885707097,-2.42149300663732,129.5714955640724,44.382121527120404,13.869412977225126,6.338423013687134
88,2,0.009093466685521965,0.02088847182342224,0.011795005137900274,0.05897502568950137,90.30752198286432,128,16,16,31.559737840384383,16;32;64;128,31.559737840384383;5.616485490186444;6.294139535482786;0.8055767890889188,0.2,2,229,0.89453125,-2.42149300663732,53.637340758461505,56.058833765098825,46.572054063991395,14.55376689499731,6.343595027923584
88,3,0.02088847182342224,0.03268347696132251,0.011795005137900272,0.05897502568950137,115.24986596104104,128,16,16,19.297711010108234,16;32;64;128,19.297711010108234;6.200708840812652;3.152637135771655;1.382349876533349,0.2,2,208,0.8125,53.637340758461505,64.24779988382943,10.610459125367925,49.006933440960616,15.314666700300192,6.3406689167022705
88,4,0.03268347696132251,0.04447848209922278,0.011795005137900272,0.05897502568950137,121.05060442821639,128,16,16,24.851617829967143,16;32;64;128,24.851617829967143;8.428153895313896;5.81421163939877;0.5248702427840174,0.2,2,207,0.80859375,64.24779988382943,68.76203333167359,4.514233447844163,45.17185087001857,14.1162033968808,6.3342039585113525
88,5,0.04447848209922278,0.056273487237123054,0.011795005137900272,0.05897502568950137,123.51859304035759,128,16,16,16.666001434817677,16;32;64;128,16.666001434817677;5.984337729709544;4.2394219332291385;0.7486227708961425,0.2,2,202,0.7890625,68.76203333167359,74.53084845445119,5.768815122777596,42.89059409015617,13.403310653173802,6.319243907928467
88,6,0.056273487237123054,0.05897502568950137,0.0027015384523783187,0.05897502568950137,127.84248122639517,128,16,16,21.275262158299196,16;32;64;128,21.275262158299196;3.839300228505563;2.676459197185369;1.0407403553769201,0.2,2,212,0.828125,74.53084845445119,72.27560027409345,-2.2552481803577393,47.3589398671727,14.799668708491469,6.318075895309448
90,1,0.0,0.009844059358932011,0.009844059358932011,0.05348103512611726,64.00000002729942,128,16,16,23.22277911297372,16;32;64;128,23.22277911297372;9.195853626254271;5.1213542614269265;1.557417879434321,0.2,2,231,0.90234375,-105.3059093990596,19.962128354236484,125.26803775329608,48.76477865317569,15.238993329117402,6.323426961898804
90,2,0.009844059358932011,0.020540266384155466,0.010696207025223455,0.05348103512611726,102.54475212671554,128,16,16,17.2351835876765,16;32;64;128,17.2351835876765;6.599153619004619;2.9830843062416332;0.41300061364949125,0.2,2,225,0.87890625,19.962128354236484,54.56630981969647,34.60418146545999,39.6704510342708,12.397015948209624,6.318452835083008
90,3,0.020540266384155466,0.03123647340937892,0.010696207025223455,0.05348103512611726,117.2176627830472,128,16,16,26.620891297608775,16;32;64;128,26.620891297608775;7.469485915029166;2.972169665796381;1.317533181467529,0.2,2,226,0.8828125,54.56630981969647,64.96721243835054,10.400902618654072,44.787257753193806,13.996018047873063,6.321131944656372
90,4,0.03123647340937892,0.041932680434602375,0.010696207025223455,0.05348103512611726,122.38809193156168,128,16,16,14.918523488282617,16;32;64;128,14.918523488282617;6.821021376751431;3.0760996301397046;1.068590160471558,0.2,2,201,0.78515625,64.96721243835054,70.63143891841173,5.664226480061188,53.064500438213784,16.582656386941807,6.325078964233398
90,5,0.041932680434602375,0.05262888745982583,0.010696207025223455,0.05348103512611726,124.64121297634092,128,16,16,16.450044168550455,16;32;64;128,16.450044168550455;5.970623234730324;5.451673139328235;0.21851276193255678,0.2,2,218,0.8515625,70.63143891841173,71.78881970141083,1.1573807829990983,45.763274606897134,14.301023314655353,6.320643901824951
90,6,0.05262888745982583,0.05348103512611726,0.0008521476662914293,0.05348103512611726,127.97976309223229,128,16,16,17.32689049411018,16;32;64;128,17.32689049411018;7.139405734318267;5.147482026343074;0.2920465343227765,0.2,2,218,0.8515625,71.78881970141083,73.66103069111705,1.8722109897062182,47.13109701061499,14.728467815817183,6.317152976989746
92,1,0.0,0.008572982561450969,0.008572982561450969,0.05455337750705882,64.00000001618466,128,16,16,32.7382090997626,16;32;64;128,32.7382090997626;10.852246989376138;7.506944478229467;1.5409976713126794,0.2,2,235,0.91796875,-127.12497576343594,7.983301932887116,135.10827769632306,48.93796318912969,15.293113496603027,6.324916839599609
92,2,0.008572982561450969,0.019483658062862733,0.010910675501411764,0.05455337750705882,96.72782269792997,128,16,16,27.29978001562678,16;32;64;128,27.29978001562678;12.737019597875458;5.214541018650893;1.2908012915005858,0.2,2,232,0.90625,7.983301932887116,57.24110745388316,49.257805520996044,44.81735438802915,14.00542324625911,6.333081960678101
92,3,0.019483658062862733,0.030394333564274498,0.010910675501411764,0.05455337750705882,118.95981894292322,128,16,16,32.894249729667386,16;32;64;128,32.894249729667386;6.533388734097394;4.269055170575147;0.6348957749711631,0.2,2,224,0.875,57.24110745388316,66.03508895577397,8.793981501890812,45.43279075036614,14.197747109489418,6.334009885787964
92,4,0.030394333564274498,0.041305009065686266,0.010910675501411768,0.05455337750705882,122.5377417628939,128,16,16,27.80292870199485,16;32;64;128,27.80292870199485;9.967154448395341;3.3920577999291233;0.6895589380734021,0.2,2,220,0.859375,66.03508895577397,70.86339470429812,4.828305748524144,45.218233335976784,14.130697917492745,6.334151983261108
92,5,0.041305009065686266,0.052215684567098034,0.010910675501411768,0.05455337750705882,125.08779320062075,128,16,16,26.049428489243247,16;32;64;128,26.049428489243247;7.48129340959612;5.103635053040907;1.0974282733315321,0.2,2,227,0.88671875,70.86339470429812,72.19601947511546,1.3326247708173469,46.69963065616274,14.593634580050855,6.339379072189331
92,6,0.052215684567098034,0.05455337750705882,0.002337692939960785,0.05455337750705882,127.82191475374705,128,16,16,34.21361277683847,16;32;64;128,34.21361277683847;6.987200080436377;6.173103978291789;1.1229747734846347,0.2,2,227,0.88671875,72.19601947511546,74.18990035000024,1.9938808748847805,39.47556308416611,12.33611346380191,6.302974224090576
94,1,0.0,0.009164807834619475,0.009164807834619475,0.05140710376096599,64.00000001559462,128,16,16,22.005660058962253,16;32;64;128,22.005660058962253;7.934347201142435;5.529218735530775;1.7361800328332901,0.2,2,231,0.90234375,-104.08940325871663,10.0228776713775,114.11228093009413,45.720462678291206,14.287644586966001,6.343914031982422
94,2,0.009164807834619475,0.01944622858681267,0.010281420752193196,0.05140710376096599,98.52249998496436,128,16,16,21.9021901374269,16;32;64;128,21.9021901374269;4.440098257502298;4.6908166065545815;0.7797005150308042,0.2,2,226,0.8828125,10.0228776713775,46.04694216157077,36.02406449019327,48.831948768386425,15.259983990120757,6.336385011672974
94,3,0.01944622858681267,0.029727649339005867,0.010281420752193196,0.05140710376096599,113.59750144308535,128,16,16,29.440568950942584,16;32;64;128,29.440568950942584;7.6054201270756066;5.444581093029545;0.8669393959298208,0.2,2,223,0.87109375,46.04694216157077,68.18748508556746,22.14054292399669,51.924937550870865,16.226542984647143,6.340317010879517
94,4,0.029727649339005867,0.04000907009119906,0.010281420752193196,0.05140710376096599,122.44469684810069,128,16,16,25.100810751385602,16;32;64;128,25.100810751385602;8.865656477797947;2.068557604671531;1.0371969313738865,0.2,2,216,0.84375,68.18748508556746,75.03735859540757,6.8498735098401085,50.941423602790145,15.91919487587192,6.344419002532959
94,5,0.04000907009119906,0.05029049084339226,0.010281420752193196,0.05140710376096599,124.55156364830665,128,16,16,25.01319161226487,16;32;64;128,25.01319161226487;7.559202201616855;5.474410131863192;1.6218516057129535,0.2,2,229,0.89453125,75.03735859540757,78.94871846598107,3.9113598705735058,40.80712623965543,12.752226949892322,6.334496974945068
94,6,0.05029049084339226,0.05140710376096599,0.0011166129175737283,0.05140710376096599,127.97165016257395,128,16,16,19.508213003855534,16;32;64;128,19.508213003855534;8.125913756924232;3.4584554115669333;0.8342394485244318,0.2,2,230,0.8984375,78.94871846598107,78.54453785065562,-0.40418061532545835,40.624829220547916,12.695259131421222,6.347218990325928
96,1,0.0,0.009534526766130424,0.009534526766130424,0.05352531947334979,64.00000002515068,128,16,16,44.25040935963762,16;32;64;128,44.25040935963762;11.310562079408083;6.136325252222204;2.5538700147610265,0.2,2,238,0.9296875,-109.04689470073208,12.70039805630222,121.7472927570343,48.41609594890266,15.13002998403208,6.322288990020752
96,2,0.009534526766130424,0.02023959066080038,0.010705063894669957,0.05352531947334979,99.74189370968799,128,16,16,26.922812887552734,16;32;64;128,26.922812887552734;6.033149558655994;4.129785919506674;0.8654732801028758,0.2,2,238,0.9296875,12.70039805630222,45.266932416241616,32.566534359939396,46.4924577994179,14.528893062318092,6.299005031585693
96,3,0.02023959066080038,0.03094465455547034,0.010705063894669957,0.05352531947334979,114.71611155054208,128,16,16,30.448473964633095,16;32;64;128,30.448473964633095;8.936907244775476;3.4687756309532514;0.7993700429541989,0.2,2,223,0.87109375,45.266932416241616,62.35461695428239,17.087684538040776,49.53334867439252,15.479171460747661,6.333195924758911
96,4,0.03094465455547034,0.041649718450140295,0.010705063894669957,0.05352531947334979,120.7660964184934,128,16,16,19.679165811767223,16;32;64;128,19.679165811767223;3.0210932414159055;3.0843196325050672;0.793888526038998,0.2,2,225,0.87890625,62.35461695428239,70.44830414629541,8.093687192013022,45.492327364938596,14.21635230154331,6.3183488845825195
96,5,0.041649718450140295,0.05235478234481025,0.010705063894669957,0.05352531947334979,124.82739382077723,128,16,16,21.36784359325044,16;32;64;128,21.36784359325044;3.0227328676132514;3.622145793752392;0.8031992108352063,0.2,2,214,0.8359375,70.44830414629541,70.82493365905248,0.3766295127570629,45.574561614936584,14.242050504667683,6.321496963500977
96,6,0.05235478234481025,0.05352531947334979,0.0011705371285395394,0.05352531947334979,127.92689492348254,128,16,16,29.623626901140753,16;32;64;128,29.623626901140753;9.46430091237126;2.408950357246498;1.1061629295319033,0.2,2,219,0.85546875,70.82493365905248,74.64613738236949,3.821203723317012,50.618488439079215,15.818277637212255,6.293601036071777
98,1,0.0,0.008228204363637113,0.008228204363637113,0.05583953476063823,64.00000002504456,128,16,16,34.57471471979551,16;32;64;128,34.57471471979551;13.364492125414897;5.448885526960765;1.687080870752028,0.2,2,241,0.94140625,-154.59465944441035,-12.908235075272387,141.68642436913797,45.401226069546816,14.187883146733379,6.328794002532959
98,2,0.008228204363637113,0.01939611131576476,0.011167906952127646,0.05583953476063823,92.15812671263745,128,16,16,25.260426111692784,16;32;64;128,25.260426111692784;4.785235707780028;4.866399177843383;1.265482287149874,0.2,2,231,0.90234375,-12.908235075272387,39.79304796643555,52.70128304170794,46.87477648044611,14.648367650139408,6.326462030410767
98,3,0.01939611131576476,0.030564018267892405,0.011167906952127646,0.05583953476063823,112.84311063274428,128,16,16,30.909103504699605,16;32;64;128,30.909103504699605;6.378805712536659;5.442566034672787;1.6066225502378666,0.2,2,221,0.86328125,39.79304796643555,55.9394075962482,16.14635962981265,48.080427599305125,15.025133624782852,6.344172954559326
98,4,0.030564018267892405,0.04173192522002005,0.011167906952127642,0.05583953476063823,120.62529923537647,128,16,16,20.680372535676764,16;32;64;128,20.680372535676764;4.0154765802303345;5.409363847410594;0.30837574864259604,0.2,2,218,0.8515625,55.9394075962482,64.76652943444788,8.827121838199673,46.03835227576826,14.386985086177582,6.337710857391357
98,5,0.04173192522002005,0.05289983217214769,0.011167906952127646,0.05583953476063823,124.01431046258271,128,16,16,25.066871674731072,16;32;64;128,25.066871674731072;5.7201757911518865;3.285460289480505;0.6791067061188405,0.2,2,216,0.84375,64.76652943444788,68.30090507748537,3.5343756430374924,46.012675006443644,14.378960939513638,6.3416359424591064
98,6,0.05289983217214769,0.05583953476063823,0.0029397025884905365,0.05583953476063823,127.80143686330113,128,16,16,28.912497714816094,16;32;64;128,28.912497714816094;6.007845362549052;2.4539122008851493;0.8749630201147226,0.2,2,216,0.84375,68.30090507748537,68.02320480113849,-0.2777002763468772,45.83547312317172,14.323585350991161,6.339223146438599
100,1,0.0,0.010377534799702999,0.010377534799702999,0.05272088728488685,64.00000003217943,128,16,16,35.91362234936748,16;32;64;128,35.91362234936748;6.5938210091503935;7.089808103283161;2.401394270181254,0.2,2,235,0.91796875,-94.22830543422242,35.68474041647278,129.9130458506952,47.91920486295759,14.974751519674246,6.284780025482178
100,2,0.010377534799702999,0.02092171225668037,0.010544177456977371,0.05272088728488685,103.74073570078494,128,16,16,28.23163960089177,16;32;64;128,28.23163960089177;11.496040803837337;7.242595613526069;1.4720939782162248,0.2,2,233,0.91015625,35.68474041647278,67.51352014765143,31.828779731178656,48.303952060663065,15.094985018957207,6.275298833847046
100,3,0.02092171225668037,0.03146588971365774,0.010544177456977371,0.05272088728488685,117.35788118455606,128,16,16,21.06287034988484,16;32;64;128,21.06287034988484;7.988813652511289;6.400293828940914;1.2276120268152295,0.2,2,237,0.92578125,67.51352014765143,83.33335546019953,15.819835312548093,41.63961303709282,13.012379074091506,6.313992977142334
100,4,0.03146588971365774,0.042010067170635115,0.010544177456977374,0.05272088728488685,124.25971533165303,128,16,16,29.809653155421273,16;32;64;128,29.809653155421273;7.6271274644289555;5.117444988053574;0.824370790695387,0.2,2,239,0.93359375,83.33335546019953,86.6856546276249,3.3522991674253717,38.535985763877356,12.042495551211672,6.284235000610352
100,5,0.042010067170635115,0.05255424462761249,0.010544177456977374,0.05272088728488685,125.30722625061418,128,16,16,30.1154305914355,16;32;64;128,30.1154305914355;6.635831144149207;7.488542482720504;0.875198480216397,0.2,2,220,0.859375,86.6856546276249,89.45707487687469,2.771420249249786,44.73614820435429,13.980046313860717,6.323362112045288
100,6,0.05255424462761249,0.05272088728488685,0.0001666426572743615,0.05272088728488685,127.99951417554672,128,16,16,29.849354619353115,16;32;64;128,29.849354619353115;4.971579759944948;7.592765062329312;0.882139818969236,0.2,2,241,0.94140625,89.45707487687469,87.23051317338832,-2.226561703486368,38.80306860594885,12.125958939359016,6.3048012256622314
102,1,0.0,0.008685177525400819,0.008685177525400819,0.04342588762700409,66.05287719995009,128,16,16,26.996831026976036,16;32;64;128,26.996831026976036;7.4430279368723635;6.620780312467086;1.101692273641267,0.2,2,252,0.984375,-113.79737322940491,8.27601514593698,122.07338837534189,40.30303884188715,12.594699638089734,6.323383092880249
102,2,0.008685177525400819,0.017370355050801638,0.008685177525400819,0.04342588762700409,102.59748556276146,128,16,16,17.096427287568705,16;32;64;128,17.096427287568705;6.23475261467656;4.15180878907902;1.1196564803719302,0.2,2,229,0.89453125,8.27601514593698,36.63519955816446,28.359184412227478,47.96077103127419,14.987740947273185,6.324048042297363
102,3,0.017370355050801638,0.026055532576202457,0.008685177525400819,0.04342588762700409,112.6724522782231,128,16,16,26.353206015083988,16;32;64;128,26.353206015083988;9.834697153077462;3.2051587828423203;1.2064868030883915,0.2,2,220,0.859375,36.63519955816446,58.65472996945027,22.019530411285814,48.73118154783102,15.228494233697193,6.327297925949097
102,4,0.026055532576202457,0.034740710101603275,0.008685177525400819,0.04342588762700409,121.0624316710118,128,16,16,20.593514136525215,16;32;64;128,20.593514136525215;6.892116069911334;6.7510995557358076;0.8315027889383034,0.2,2,228,0.890625,58.65472996945027,67.26079529157141,8.60606532212114,50.781799599410014,15.869312374815628,6.338505983352661
102,5,0.034740710101603275,0.04342588762700409,0.008685177525400815,0.04342588762700409,123.96513631850257,128,16,16,33.03621771865829,16;32;64;128,33.03621771865829;9.552890450560664;4.1163256203199765;1.110780085570534,0.2,2,231,0.90234375,67.26079529157141,74.23599188355729,6.975196591985878,44.48383238994037,13.901197621856364,6.3319478034973145
104,1,0.0,0.0097557080829919,0.0097557080829919,0.05504376726492137,64.00000003141136,128,16,16,22.70605171858348,16;32;64;128,22.70605171858348;11.158481075211188;6.678083434587891;1.0700375618048874,0.2,2,228,0.890625,-104.58249279973097,-2.543793703778647,102.03869909595232,49.58417383698875,15.495054324058982,6.327553033828735
104,2,0.0097557080829919,0.020764461535976175,0.011008753452984275,0.05504376726492137,91.72652240025627,128,16,16,21.043215763694242,16;32;64;128,21.043215763694242;5.126418609487247;3.8471285571239044;1.5028619854010046,0.2,2,226,0.8828125,-2.543793703778647,56.058012237073854,58.6018059408525,47.15387922612901,14.735587258165314,6.327607154846191
104,3,0.020764461535976175,0.03177321498896045,0.011008753452984275,0.05504376726492137,118.57414353481724,128,16,16,31.40003953152694,16;32;64;128,31.40003953152694;1.4101177081702836;5.824050247218113;0.6551648538412025,0.2,2,224,0.875,56.058012237073854,66.43049129343126,10.372479056357406,44.52802977213762,13.915009303793006,6.317437171936035
104,4,0.03177321498896045,0.04278196844194472,0.011008753452984271,0.05504376726492137,122.50956027431992,128,16,16,22.567844355873834,16;32;64;128,22.567844355873834;7.379075349594668;3.914300638665647;0.7834299818752778,0.2,2,217,0.84765625,66.43049129343126,72.07487222133204,5.644380927900784,48.98681571789174,15.308379911841167,6.323392868041992
104,5,0.04278196844194472,0.05379072189492899,0.011008753452984271,0.05504376726492137,124.65106108167478,128,16,16,24.639519271970627,16;32;64;128,24.639519271970627;8.873429943719582;4.175006378509498;0.6841908789262059,0.2,2,223,0.87109375,72.07487222133204,75.4135352387093,3.3386630173772573,46.65128205802713,14.578525643133476,6.31810998916626
104,6,0.05379072189492899,0.05504376726492137,0.0012530453699923783,0.05504376726492137,127.9364053551026,128,16,16,19.210761197268447,16;32;64;128,19.210761197268447;3.578380630171684;3.525546937871805;1.612026995254476,0.2,2,206,0.8046875,75.4135352387093,73.57313889916986,-1.8403963395394385,47.272005184886964,14.772501620277176,6.339935064315796
106,1,0.0,0.009835890630551368,0.009835890630551368,0.05486486702477766,64.00000003660219,128,16,16,32.04119930865973,16;32;64;128,32.04119930865973;13.718976331431456;8.573632808238036;1.7375114449344387,0.2,2,244,0.953125,-106.81340304412879,13.337562398846785,120.15096544297558,41.70667308276078,13.033335338362743,6.334231853485107
106,2,0.009835890630551368,0.0208088640355069,0.010972973404955531,0.05486486702477766,100.91895052643542,128,16,16,23.511566099205574,16;32;64;128,23.511566099205574;8.996176438814402;5.544131871410883;1.0255882937886878,0.2,2,233,0.91015625,13.337562398846785,50.757424421433825,37.41986202258704,44.76976142700414,13.990550445938794,6.33979606628418
106,3,0.0208088640355069,0.03178183744046243,0.010972973404955531,0.05486486702477766,119.11879646745223,128,16,16,26.734452255051593,16;32;64;128,26.734452255051593;6.9264549078087;4.431993675871568;0.7564062458029175,0.2,2,235,0.91796875,50.757424421433825,63.54624199331738,12.788817571883556,44.63468475813749,13.948338986917964,6.339720010757446
106,4,0.03178183744046243,0.04275481084541796,0.010972973404955531,0.05486486702477766,124.25705290626041,128,16,16,12.341922750894966,16;32;64;128,12.341922750894966;4.885512337031993;3.28870722976122;0.5095657460119751,0.2,2,226,0.8828125,63.54624199331738,65.46789846452884,1.9216564712114632,44.357692433112014,13.861778885347503,6.34089994430542
106,5,0.04275481084541796,0.05372778425037349,0.010972973404955531,0.05486486702477766,124.90607008872375,128,16,16,24.793556173990442,16;32;64;128,24.793556173990442;8.835304171490957;6.363504183934954;0.7697452916719463,0.2,2,230,0.8984375,65.46789846452884,71.38452990213409,5.916631437605247,41.396599299557586,12.936437281111745,6.340986967086792
106,6,0.05372778425037349,0.05486486702477766,0.0011370827744041634,0.05486486702477766,127.98222314478724,128,16,16,24.36252588827252,16;32;64;128,24.36252588827252;6.610750045525654;2.083083427695187;1.1133772448282349,0.2,2,228,0.890625,71.38452990213409,70.83128686627606,-0.5532430358580314,40.477712511369326,12.649285159802913,6.339540004730225
108,1,0.0,0.008739206501790131,0.008739206501790131,0.05290983712757675,64.00000005104945,128,16,16,30.017012854982806,16;32;64;128,30.017012854982806;10.954920493231871;6.814361444393506;1.2308380442277773,0.2,2,236,0.921875,-128.31859713525046,1.1921511503169313,129.5107482855674,48.297547208677514,15.092983502711723,6.328389883041382
108,2,0.008739206501790131,0.01932117392730548,0.010581967425515348,0.05290983712757675,97.49033275661803,128,16,16,26.298146955002085,16;32;64;128,26.298146955002085;3.926556823269863;2.6871524797640225;0.7730563420999232,0.2,2,215,0.83984375,1.1921511503169313,47.6289921773714,46.43684102705447,49.645058027996726,15.514080633748977,6.3375890254974365
108,3,0.01932117392730548,0.02990314135282083,0.01058196742551535,0.05290983712757675,116.07640380911644,128,16,16,20.928864462702155,16;32;64;128,20.928864462702155;7.0295710073664575;3.636381783171946;0.975213390842849,0.2,2,217,0.84765625,47.6289921773714,60.15539469476789,12.526402517396491,48.29596338480097,15.092488557750302,6.324853181838989
108,4,0.02990314135282083,0.04048510877833618,0.01058196742551535,0.05290983712757675,121.8091324833917,128,16,16,24.732209369068737,16;32;64;128,24.732209369068737;7.339942228947663;2.060143928449453;0.6767444449402162,0.2,2,221,0.86328125,60.15539469476789,64.98888504120987,4.833490346441977,47.64648222202492,14.889525694382787,6.31797194480896
108,5,0.04048510877833618,0.05106707620385153,0.01058196742551535,0.05290983712757675,124.00277024121942,128,16,16,24.23000425275403,16;32;64;128,24.23000425275403;9.052506498778667;5.665004571645764;1.680909237470397,0.2,2,212,0.828125,64.98888504120987,71.50623328168876,6.517348240478896,45.49641802506169,14.217630632831778,6.316992998123169
108,6,0.05106707620385153,0.05290983712757675,0.0018427609237252202,0.05290983712757675,127.91041061807415,128,16,16,22.407555214336377,16;32;64;128,22.407555214336377;7.395184199495171;2.634366357672241;1.062297056047637,0.2,2,219,0.85546875,71.50623328168876,72.84428604878485,1.3380527670960873,44.3586209400571,13.862069043767843,6.331226110458374
110,1,0.0,0.009350275929306649,0.009350275929306649,0.066301529521729,64.00000005578923,128,16,16,29.49771289371121,16;32;64;128,29.49771289371121;12.719244749068089;5.178112212588313;2.0599774674298765,0.2,2,242,0.9453125,-133.41602101293392,-17.754491475061513,115.66152953787241,44.98867165973937,14.058959893668552,6.352417945861816
110,2,0.009350275929306649,0.02261058183365245,0.013260305904345801,0.066301529521729,88.11997617531512,128,16,16,23.379563199208526,16;32;64;128,23.379563199208526;8.122291723090214;6.382002087348713;1.2119280252237814,0.2,2,225,0.87890625,-17.754491475061513,41.351345142233185,59.1058366172947,45.29271478877827,14.153973371493208,6.3392250537872314
110,3,0.02261058183365245,0.03587088773799825,0.0132603059043458,0.066301529521729,115.62477543725747,128,16,16,20.071780320224878,16;32;64;128,20.071780320224878;4.02452855265331;3.649449623499985;1.2956255815709838,0.2,2,214,0.8359375,41.351345142233185,53.88164510435308,12.530299962119898,47.33127866994433,14.791024584357602,6.34385085105896
110,4,0.03587088773799825,0.04913119364234405,0.0132603059043458,0.066301529521729,121.30054904185236,128,16,16,26.700346391863743,16;32;64;128,26.700346391863743;6.899984329893154;2.551437928522992;0.4499004895249598,0.2,2,218,0.8515625,53.88164510435308,59.77597940911073,5.894334304757649,43.450988372728446,13.578433866477639,6.33760404586792
110,5,0.04913119364234405,0.06239149954668985,0.0132603059043458,0.066301529521729,124.91728614647273,128,16,16,24.49115813486029,16;32;64;128,24.49115813486029;6.183214710758357;4.563569524604795;1.131423364697296,0.2,2,223,0.87109375,59.77597940911073,60.88707919337321,1.1110997842624784,40.81544508790463,12.754826589970195,6.344877004623413
110,6,0.06239149954668985,0.066301529521729,0.003910029975039156,0.066301529521729,127.62262641403261,128,16,16,24.57041088516914,16;32;64;128,24.57041088516914;8.191962087952065;4.447750280268328;0.4868742821235603,0.2,2,212,0.828125,60.88707919337321,63.78549787704833,2.898418683675118,49.53288046502119,15.47902514531912,6.335943937301636
112,1,0.0,0.00988881944433892,0.00988881944433892,0.04944409722169459,65.16006649289402,128,16,16,31.79494685164866,16;32;64;128,31.79494685164866;11.25425574698073;8.44027874850429;1.781370427338186,0.2,2,236,0.921875,-106.13707514764974,0.3381458056392148,106.47522095328895,47.323728347960554,14.788665108737673,6.322793006896973
112,2,0.00988881944433892,0.01977763888867784,0.00988881944433892,0.04944409722169459,98.22284410590383,128,16,16,28.83530429805289,16;32;64;128,28.83530429805289;7.887256809425305;5.2040638015897205;1.2579566409131675,0.2,2,222,0.8671875,0.3381458056392148,55.918528904323466,55.58038309868425,48.598317012953444,15.18697406654795,6.321962118148804
112,3,0.01977763888867784,0.02966645833301676,0.00988881944433892,0.04944409722169459,118.96829029313064,128,16,16,19.268413703724683,16;32;64;128,19.268413703724683;3.2399295282947516;3.8309049618964983;1.2698343068111198,0.2,2,222,0.8671875,55.918528904323466,64.43565247976221,8.517123575438745,44.250247280140705,13.828202275043969,6.322832822799683
112,4,0.02966645833301676,0.03955527777735568,0.00988881944433892,0.04944409722169459,124.41343003419321,128,16,16,17.190938736218975,16;32;64;128,17.190938736218975;4.412282498127014;0.8996914873878267;0.6225671984398838,0.2,2,213,0.83203125,64.43565247976221,68.25756515708053,3.8219126773183234,47.79846369776949,14.937019905552965,6.338709831237793
112,5,0.03955527777735568,0.04944409722169459,0.009888819444338913,0.04944409722169459,125.35477701766197,128,16,16,20.153254385177853,16;32;64;128,20.153254385177853;4.759650815380134;2.3958836243777584;0.3565965543578695,0.2,2,212,0.828125,68.25756515708053,71.4671315480955,3.2095663910149597,50.70219896650822,15.844437177033818,6.339689016342163
114,1,0.0,0.010806366273778874,0.010806366273778874,0.05403183136889437,66.12609159001582,128,16,16,25.108128422206804,16;32;64;128,25.108128422206804;8.980880016194034;6.002759260460189;1.6711225416827569,0.2,2,239,0.93359375,-94.14931691775564,11.650416854652576,105.79973377240822,40.824056858667106,12.75751776833347,6.3305230140686035
114,2,0.010806366273778874,0.021612732547557748,0.010806366273778874,0.05403183136889437,100.8537828527283,128,16,16,21.46954779246318,16;32;64;128,21.46954779246318;7.491889525919782;4.743987701439336;1.2449816396577045,0.2,2,227,0.88671875,11.650416854652576,50.2140391242574,38.56362226960482,50.737427781506966,15.855446181720927,6.293534994125366
114,3,0.021612732547557748,0.032419098821336624,0.010806366273778876,0.05403183136889437,119.34458160130075,128,16,16,29.936936151358164,16;32;64;128,29.936936151358164;8.498726911679803;3.8196519501563344;2.1682025394190587,0.2,2,221,0.86328125,50.2140391242574,58.24676037975587,8.032721255498473,49.438864977658646,15.449645305518326,6.319793939590454
114,4,0.032419098821336624,0.043225465095115496,0.010806366273778872,0.05403183136889437,122.38080179652525,128,16,16,22.60551784715466,16;32;64;128,22.60551784715466;7.3713200403563715;3.3446600077422266;1.397944159462522,0.2,2,217,0.84765625,58.24676037975587,64.1860477863811,5.939287406625226,50.06612363464636,15.645663635826986,6.344282865524292
114,5,0.043225465095115496,0.05403183136889437,0.010806366273778872,0.05403183136889437,124.45064813050814,128,16,16,29.488937566369444,16;32;64;128,29.488937566369444;7.817459445568199;7.112896385246719;0.7907556616770031,0.2,2,217,0.84765625,64.1860477863811,68.19188286864664,4.005835082265548,46.98146477538666,14.681707742308332,6.327697992324829
116,1,0.0,0.008843791314759574,0.008843791314759574,0.05397212159204366,64.00000002551846,128,16,16,19.23525953959869,16;32;64;128,19.23525953959869;7.272626552849602;7.594744981948636;1.2369917889200417,0.2,2,239,0.93359375,-121.87432096456178,7.030619954573922,128.9049409191357,44.6029858834155,13.938433088567344,6.326307058334351
116,2,0.008843791314759574,0.01963821563316831,0.010794424318408736,0.05397212159204366,96.4725412775072,128,16,16,24.76538797063575,16;32;64;128,24.76538797063575;7.875179392710872;5.638212642213629;0.7493827974689021,0.2,2,223,0.87109375,7.030619954573922,56.24298656359315,49.21236660901923,46.757181378697865,14.611619180843082,6.33559513092041
116,3,0.01963821563316831,0.030432639951577044,0.010794424318408734,0.05397212159204366,116.75142874019146,128,16,16,26.418616704949137,16;32;64;128,26.418616704949137;8.262729156156368;6.54149352889859;0.6465433785749836,0.2,2,220,0.859375,56.24298656359315,67.49265913106501,11.249672567471862,45.53029262060127,14.228216443937898,6.343909978866577
116,4,0.030432639951577044,0.04122706426998578,0.010794424318408734,0.05397212159204366,120.66421613346867,128,16,16,14.67100149732633,16;32;64;128,14.67100149732633;5.159257178601606;3.797254555040153;0.7660937891942793,0.2,2,216,0.84375,67.49265913106501,74.86495408113115,7.372294950066134,45.128534092130984,14.102666903790931,6.326062202453613
116,5,0.04122706426998578,0.05202148858839451,0.010794424318408734,0.05397212159204366,124.1911465593195,128,16,16,25.950554785750217,16;32;64;128,25.950554785750217;3.9000711621738637;4.485681657997404;0.968810651711691,0.2,2,208,0.8125,74.86495408113115,81.44909167056903,6.584137589437887,47.8955378859342,14.967355589354439,6.336961030960083
116,6,0.05202148858839451,0.05397212159204366,0.0019506330036491507,0.05397212159204366,127.95355969382481,128,16,16,17.792142488949906,16;32;64;128,17.792142488949906;5.5927979362097355;5.137895470245055;0.3814854195310399,0.2,2,212,0.828125,81.44909167056903,79.92223161016591,-1.5268600604031235,46.025182416610456,14.382869505190767,6.341363906860352
118,1,0.0,0.008776675934082339,0.008776675934082339,0.050670725998011236,64.00000000089122,128,16,16,39.43780504242146,16;32;64;128,39.43780504242146;12.825977144052526;9.467579784069489;2.4264445984719076,0.2,2,236,0.921875,-112.40220534405671,3.884761718858499,116.28696706291521,49.77573394646003,15.554916858268758,6.339290142059326
118,2,0.008776675934082339,0.018910821133684586,0.010134145199602247,0.050670725998011236,97.54648937524661,128,16,16,35.22587806514869,16;32;64;128,35.22587806514869;11.068788543596302;6.1875513365725014;1.0241374039039712,0.2,2,228,0.890625,3.884761718858499,46.87550509546418,42.99074337660568,45.11805197889188,14.09939124340371,6.321931838989258
118,3,0.018910821133684586,0.029044966333286834,0.010134145199602249,0.050670725998011236,113.71445437269705,128,16,16,20.23315840555885,16;32;64;128,20.23315840555885;8.351040023276383;4.480429096840395;0.7916000083656094,0.2,2,229,0.89453125,46.87550509546418,68.00122534518596,21.12572024972178,43.468616161466805,13.583942550458376,6.318619012832642
118,4,0.029044966333286834,0.03917911153288908,0.010134145199602249,0.050670725998011236,123.29403585554508,128,16,16,33.12362916469481,16;32;64;128,33.12362916469481;6.227292128733792;6.754793553528316;0.7145699360909857,0.2,2,226,0.8828125,68.00122534518596,73.02571794297546,5.024492597789504,46.74350361875165,14.607344880859891,6.322373151779175
118,5,0.03917911153288908,0.04931325673249133,0.010134145199602249,0.050670725998011236,125.27171560609622,128,16,16,24.402722446285104,16;32;64;128,24.402722446285104;5.981311545438773;4.074912008754183;0.3223428465229151,0.2,2,230,0.8984375,73.02571794297546,74.99761316669174,1.971895223716274,43.974331645984996,13.741978639370311,6.333616018295288
118,6,0.04931325673249133,0.050670725998011236,0.0013574692655199047,0.050670725998011236,127.96147516698129,128,16,16,24.895562623623057,16;32;64;128,24.895562623623057;6.765489360933277;4.186271114827044;0.8850718038274114,0.2,2,228,0.890625,74.99761316669174,76.0147556529846,1.0171424862928689,42.671742550248865,13.33491954695277,6.3466010093688965
120,1,0.0,0.008619344878204666,0.008619344878204666,0.05390884475159804,64.00000004978043,128,16,16,23.836860268009588,16;32;64;128,23.836860268009588;8.631449764783822;7.94234354396489;1.104448621522032,0.2,2,241,0.94140625,-122.2924089373555,-5.72108785470482,116.57132108265068,45.95282094700091,14.360256545937784,6.328865051269531
120,2,0.008619344878204666,0.019401113828524275,0.010781768950319608,0.05390884475159804,92.5694919387232,128,16,16,30.13710267816411,16;32;64;128,30.13710267816411;7.3860338158923176;7.044632843718747;1.3662038947065809,0.2,2,226,0.8828125,-5.72108785470482,46.56429272098467,52.28538057568949,50.57563065013274,15.80488457816648,6.331479072570801
120,3,0.019401113828524275,0.030182882778843883,0.010781768950319608,0.05390884475159804,113.62998434290863,128,16,16,23.02586400266382,16;32;64;128,23.02586400266382;7.843963355607739;4.004322400394863;0.6611235568660441,0.2,2,226,0.8828125,46.56429272098467,66.14077277528122,19.576480054296553,45.98928837744838,14.371652617952618,6.317471027374268
120,4,0.030182882778843883,0.04096465172916349,0.010781768950319608,0.05390884475159804,122.22479771939523,128,16,16,27.174038973506836,16;32;64;128,27.174038973506836;5.720290956240533;2.9700789725908896;0.862953415279703,0.2,2,206,0.8046875,66.14077277528122,73.22606124496087,7.085288469679654,52.0935282513373,16.279227578542905,6.321965932846069
120,5,0.04096465172916349,0.051746420679483096,0.010781768950319605,0.05390884475159804,124.70025417885672,128,16,16,27.03454375234904,16;32;64;128,27.03454375234904;7.796606088395796;5.0380793951209375;0.487405188944144,0.2,2,212,0.828125,73.22606124496087,75.49038514401764,2.2643238990567625,47.01623643432088,14.692573885725274,6.336808919906616
120,6,0.051746420679483096,0.05390884475159804,0.002162424072114942,0.05390884475159804,127.90249382815641,128,16,16,19.579241442334748,16;32;64;128,19.579241442334748;2.7188619618370407;3.1756159680539;0.37807604730420996,0.2,2,215,0.83984375,75.49038514401764,76.34283288591541,0.8524477418977767,44.38963223367185,13.871760073022452,6.337408065795898
122,1,0.0,0.009124696318665623,0.009124696318665623,0.05072875661025464,64.00000003337144,128,16,16,28.31616005642955,16;32;64;128,28.31616005642955;11.140833618901663;6.6892852825310385;1.6469773150584432,0.2,2,240,0.9375,-122.0453436417738,-11.515592793235555,110.52975084853824,43.157348674330564,13.486671460728301,6.321985960006714
122,2,0.009124696318665623,0.019270447640716552,0.010145751322050929,0.05072875661025464,92.7462602615351,128,16,16,30.73001792920092,16;32;64;128,30.73001792920092;8.209892278239357;3.4084523951990553;0.7975507734377154,0.2,2,222,0.8671875,-11.515592793235555,40.723937852540985,52.23953064577654,43.53609379410226,13.605029310656954,6.347805976867676
122,3,0.019270447640716552,0.02941619896276748,0.010145751322050929,0.05072875661025464,115.15102911845798,128,16,16,22.77189332631508,16;32;64;128,22.77189332631508;9.594903375343975;4.28583135578294;0.9924179056831103,0.2,2,228,0.890625,40.723937852540985,54.45090114348568,13.726963290944695,45.952830509568564,14.360259534240175,6.332477807998657
122,4,0.02941619896276748,0.03956195028481841,0.010145751322050929,0.05072875661025464,121.77958132640174,128,16,16,20.836755609543335,16;32;64;128,20.836755609543335;3.859069079628233;3.340115960401119;0.9806130873913841,0.2,2,220,0.859375,54.45090114348568,61.518346873577684,7.067445730092004,45.81506501586061,14.31720781745644,6.32173490524292
122,5,0.03956195028481841,0.04970770160686934,0.010145751322050929,0.05072875661025464,124.20942186682164,128,16,16,14.193503881620972,16;32;64;128,14.193503881620972;6.481106202789514;3.5412549095002954;0.7260000780263984,0.2,2,219,0.85546875,61.518346873577684,65.57823986874428,4.059892995166592,44.593846740660545,13.93557710645642,6.338827133178711
122,6,0.04970770160686934,0.05072875661025464,0.0010210550033852989,0.05072875661025464,127.96233928257585,128,16,16,24.28738181213946,16;32;64;128,24.28738181213946;6.880206389011213;3.2983173678890934;0.8261569838456617,0.2,2,213,0.83203125,65.57823986874428,66.5957514269976,1.017511558253318,45.51822418965379,14.22444505926681,6.322641134262085
124,1,0.0,0.010309164745790803,0.010309164745790803,0.0555796305418496,64.00000000032699,128,16,16,26.925583860503092,16;32;64;128,26.925583860503092;11.554538547222911;6.36899645408227;1.5460504326585767,0.2,2,236,0.921875,-100.34597745235078,27.15566877424135,127.50164622659213,42.264188606115745,13.20755893941117,6.340588092803955
124,2,0.010309164745790803,0.021425090854160722,0.011115926108369919,0.0555796305418496,105.59956246154127,128,16,16,27.101614069402302,16;32;64;128,27.101614069402302;9.068609438936594;7.689910226907489;1.6115667846275001,0.2,2,234,0.9140625,27.15566877424135,52.46438144793501,25.308712673693663,43.57512776982948,13.617227428071711,6.340903997421265
124,3,0.021425090854160722,0.032541016962530644,0.011115926108369922,0.0555796305418496,116.25547163603663,128,16,16,18.074548518955314,16;32;64;128,18.074548518955314;6.898948291289484;3.7474850287379438;1.0820172336648013,0.2,2,238,0.9296875,52.46438144793501,64.93748390348628,12.47310245555127,41.674063665895154,13.023144895592235,6.340011119842529
124,4,0.032541016962530644,0.04365694307090057,0.011115926108369922,0.0555796305418496,122.99572822709354,128,16,16,26.515033263748656,16;32;64;128,26.515033263748656;9.718875282433036;8.81336414612084;1.5760882200898376,0.2,2,220,0.859375,64.93748390348628,71.19919894495979,6.261715041473508,45.38089075142401,14.181528359820003,6.339015960693359
124,5,0.04365694307090057,0.05477286917927049,0.011115926108369922,0.0555796305418496,124.98005425227137,128,16,16,12.468566959647315,16;32;64;128,12.468566959647315;5.431589016169506;5.583420702027575;1.09161589372205,0.2,2,230,0.8984375,71.19919894495979,74.75141914375126,3.552220198791474,42.99363352537093,13.435510476678415,6.343379020690918
124,6,0.05477286917927049,0.0555796305418496,0.0008067613625791087,0.0555796305418496,127.98988521687951,128,16,16,23.290845566715234,16;32;64;128,23.290845566715234;7.473380105707729;4.291193956422911;1.4792631723920242,0.2,2,226,0.8828125,74.75141914375126,72.6198177485494,-2.1316013952018693,42.28789527062129,13.214967272069153,6.337148904800415
126,1,0.0,0.008684428384350473,0.008684428384350473,0.05566896131112415,64.00000004430015,128,16,16,30.87896832185305,16;32;64;128,30.87896832185305;8.768867389756265;6.067801070130194;1.9279728865073877,0.2,2,238,0.9296875,-131.17875402409118,-7.587109199608676,123.5916448244825,50.86927252975425,15.896647665548201,6.339820861816406
126,2,0.008684428384350473,0.019818220646575305,0.011133792262224832,0.05566896131112415,91.11470979730427,128,16,16,20.29893971027666,16;32;64;128,20.29893971027666;9.067632410943714;3.217240742498538;1.0474814918124882,0.2,2,214,0.8359375,-7.587109199608676,51.53921464364976,59.12632384325843,48.88677227852656,15.277116337039548,6.339899063110352
126,3,0.019818220646575305,0.030952012908800133,0.011133792262224829,0.05566896131112415,117.53073334719242,128,16,16,23.21403227544777,16;32;64;128,23.21403227544777;9.548356339389034;5.560800346502552;0.9395803042699624,0.2,2,209,0.81640625,51.53921464364976,65.53023937309626,13.991024729446508,47.498345733093764,14.8432330415918,6.340841054916382
126,4,0.030952012908800133,0.04208580517102496,0.011133792262224829,0.05566896131112415,123.44542402918711,128,16,16,22.711245486884838,16;32;64;128,22.711245486884838;9.962483592038973;1.4537909486991503;0.7390587225968857,0.2,2,216,0.84375,65.53023937309626,71.67028208333068,6.140042710234411,44.075862263830736,13.773706957447104,6.34006404876709
126,5,0.04208580517102496,0.05321959743324979,0.011133792262224829,0.05566896131112415,125.27597409465164,128,16,16,25.914821802788726,16;32;64;128,25.914821802788726;7.38672910383374;7.098574177912599;0.6913166351555733,0.2,2,200,0.78125,71.67028208333068,71.12684087478556,-0.5434412085451186,47.94638749399809,14.983246091874403,6.341800928115845
126,6,0.05321959743324979,0.05566896131112415,0.0024493638778743596,0.05566896131112415,127.8345060366408,128,16,16,14.053818461502871,16;32;64;128,14.053818461502871;5.575298479288211;2.273249052025721;0.7502190693620426,0.2,2,205,0.80078125,71.12684087478556,71.44744565314613,0.32060477836057544,49.2971944303007,15.405373259468968,6.337522029876709
128,1,0.0,0.009203144778047186,0.009203144778047186,0.049190605147737154,64.00000004866664,128,16,16,33.616809913263474,16;32;64;128,33.616809913263474;8.545161028583768;5.79952372510062;1.3362045273778647,0.2,2,240,0.9375,-129.5585277545033,0.6287756247911602,130.18730337929446,48.472392016005315,15.14762250500166,6.323225975036621
128,2,0.009203144778047186,0.019041265807594618,0.009838121029547432,0.049190605147737154,99.9402719899537,128,16,16,27.861738551303436,16;32;64;128,27.861738551303436;4.304992722600493;4.942613645194959;1.5029643330723075,0.2,2,236,0.921875,0.6287756247911602,38.130670946789905,37.501895321998745,46.525116177736365,14.539098805542613,6.342387914657593
128,3,0.019041265807594618,0.02887938683714205,0.009838121029547432,0.049190605147737154,114.14696987506554,128,16,16,28.306899569246156,16;32;64;128,28.306899569246156;8.676347821853124;5.823992229874427;1.258034055829325,0.2,2,221,0.86328125,38.130670946789905,56.82323758081475,18.692566634024843,49.25793017143585,15.393103178573703,6.326291084289551
128,4,0.02887938683714205,0.03871750786668948,0.009838121029547432,0.049190605147737154,122.0738797716547,128,16,16,25.37862644668816,16;32;64;128,25.37862644668816;9.745119591607095;4.108332391898301;0.6385009994363033,0.2,2,230,0.8984375,56.82323758081475,65.3628124690731,8.539574888258358,42.47508554488885,13.273464232777764,6.3235180377960205
128,5,0.03871750786668948,0.048555628896236915,0.009838121029547432,0.049190605147737154,124.4623460163017,128,16,16,19.20960910626646,16;32;64;128,19.20960910626646;4.717656316891631;4.064104681896937;2.0028528712851004,0.2,2,229,0.89453125,65.3628124690731,66.48892012494616,1.1261076558730565,41.821626977688055,13.069258430527517,6.315813064575195
128,6,0.048555628896236915,0.049190605147737154,0.0006349762515002397,0.049190605147737154,127.97782809610696,128,16,16,22.61726114610041,16;32;64;128,22.61726114610041;7.4971655758740345;5.7067916021501945;1.24684840961212,0.2,2,217,0.84765625,66.48892012494616,68.64232793566771,2.1534078107215464,46.343703634153385,14.482407385672932,6.327316045761108
130,1,0.0,0.009382033974035418,0.009382033974035418,0.046910169870177085,65.60204260261621,128,16,16,22.599222316215396,16;32;64;128,22.599222316215396;13.740652694452821;8.69506203677418;1.7375528043159683,0.2,2,235,0.91796875,-126.03021427895874,11.218876209721202,137.24909048867994,49.59098860486646,15.497183939020768,6.318182945251465
130,2,0.009382033974035418,0.018764067948070836,0.009382033974035418,0.046910169870177085,103.02941788150017,128,16,16,26.04433002284523,16;32;64;128,26.04433002284523;12.250756091230194;6.649123399841312;1.1534403453809572,0.2,2,229,0.89453125,11.218876209721202,42.06704880956386,30.848172599842655,47.055152644548976,14.704735201421554,6.32064414024353
130,3,0.018764067948070836,0.028146101922106252,0.009382033974035416,0.046910169870177085,114.88842212933793,128,16,16,31.153978986907262,16;32;64;128,31.153978986907262;8.98277150164196;2.771623672354478;0.860540436954368,0.2,2,238,0.9296875,42.06704880956386,66.59036033565644,24.523311526092584,42.916250076254805,13.411328148829625,6.324107885360718
130,4,0.028146101922106252,0.03752813589614167,0.00938203397403542,0.046910169870177085,124.39877649334136,128,16,16,18.335210510638877,16;32;64;128,18.335210510638877;9.465846894497757;6.593647196629691;0.5186944050453353,0.2,2,224,0.875,66.59036033565644,70.01612903102068,3.4257686953642406,48.08553854286624,15.0267307946457,6.328577995300293
130,5,0.03752813589614167,0.046910169870177085,0.009382033974035413,0.046910169870177085,125.21614433105007,128,16,16,24.489321135400097,16;32;64;128,24.489321135400097;7.208331876242342;4.047281607715876;0.7166801074717607,0.2,2,233,0.91015625,70.01612903102068,69.87168962159194,-0.14443940942874178,45.389659357783124,14.184268549307225,6.331396102905273
132,1,0.0,0.009580164708006276,0.009580164708006276,0.05653845062589562,64.00000003047106,128,16,16,23.924550170552358,16;32;64;128,23.924550170552358;6.91064588431198;2.836605494035818;1.1978168879646405,0.2,2,238,0.9296875,-122.19635883065712,-3.0416223821230233,119.1547364485341,48.67499113079177,15.210934728372427,6.33237099647522
132,2,0.009580164708006276,0.0208878548331854,0.011307690125179124,0.05653845062589562,93.60270592692689,128,16,16,25.42290327429232,16;32;64;128,25.42290327429232;5.917214218862884;6.5585846423150835;1.6073266540562094,0.2,2,229,0.89453125,-3.0416223821230233,44.74325569800567,47.78487808012869,51.37244042675285,16.053887633360265,6.323431968688965
132,3,0.0208878548331854,0.032195544958364526,0.011307690125179126,0.05653845062589562,115.70119619981449,128,16,16,31.16209919331955,16;32;64;128,31.16209919331955;7.002128166341229;5.816530685139741;1.8645637046469783,0.2,2,225,0.87890625,44.74325569800567,58.3722006258904,13.628944927884731,44.0092938783354,13.752904336979812,6.340184926986694
132,4,0.032195544958364526,0.04350323508354365,0.011307690125179126,0.05653845062589562,121.11367447572884,128,16,16,29.615861517071476,16;32;64;128,29.615861517071476;9.373444234957;5.0701211008444655;0.32361879181104036,0.2,2,225,0.87890625,58.3722006258904,64.75701028126059,6.384809655370191,46.168321866384474,14.427600583245148,6.324352025985718
132,5,0.04350323508354365,0.05481092520872278,0.011307690125179126,0.05653845062589562,123.07450219306703,128,16,16,25.388769588287285,16;32;64;128,25.388769588287285;6.986516785962681;3.7603610551535542;0.8693223011713183,0.2,2,222,0.8671875,64.75701028126059,67.03512803534977,2.2781177540891804,46.64760930807349,14.577377908772965,6.329365968704224
132,6,0.05481092520872278,0.05653845062589562,0.0017275254171728385,0.05653845062589562,127.91625381735199,128,16,16,25.111547030402512,16;32;64;128,25.111547030402512;8.747152244409786;3.3863369961575223;0.29766766377184567,0.2,2,221,0.86328125,67.03512803534977,69.20683192821161,2.171703892861842,43.50720431154213,13.596001347356916,6.328960180282593
134,1,0.0,0.009458509896917763,0.009458509896917763,0.061448610130975696,64.0000000004841,128,16,16,24.20913472873404,16;32;64;128,24.20913472873404;9.828369433334231;4.835308274269903;1.9861273693812838,0.2,2,240,0.9375,-108.7736827993067,-7.461820391064975,101.31186240824172,44.765408711517935,13.989190222349354,6.337540864944458
134,2,0.009458509896917763,0.021748231923112902,0.01228972202619514,0.061448610130975696,86.60534922942809,128,16,16,21.50987247709453,16;32;64;128,21.50987247709453;3.7887094875754803;3.268954719749567;0.8034705285534138,0.2,2,224,0.875,-7.461820391064975,45.59270154905971,53.05452194012469,44.336171266753446,13.855053520860451,6.343193054199219
134,3,0.021748231923112902,0.034037953949308045,0.012289722026195143,0.061448610130975696,113.70571691440574,128,16,16,25.948154117716317,16;32;64;128,25.948154117716317;7.981222443739383;2.348403457029323;0.9463430910628893,0.2,2,221,0.86328125,45.59270154905971,61.72721585363615,16.13451430457644,47.41937589603697,14.818554967511552,6.335658073425293
134,4,0.034037953949308045,0.046327675975503184,0.01228972202619514,0.061448610130975696,121.44664652648332,128,16,16,19.622913015123515,16;32;64;128,19.622913015123515;6.433720353384549;4.107929825072686;1.1606521099648186,0.2,2,220,0.859375,61.72721585363615,68.3090657092398,6.58184985560365,48.63750146695461,15.199219208423315,6.343824148178101
134,5,0.046327675975503184,0.05861739800169832,0.01228972202619514,0.061448610130975696,123.57477497697828,128,16,16,29.669504776091177,16;32;64;128,29.669504776091177;4.867552962694563;3.76525576611346;1.0687477183415903,0.2,2,212,0.828125,68.3090657092398,73.37320462428033,5.06413891504053,47.403729007878404,14.813665314962,6.337529897689819
134,6,0.05861739800169832,0.061448610130975696,0.002831212129277373,0.061448610130975696,127.876726248105,128,16,16,19.351543803991586,16;32;64;128,19.351543803991586;6.899210149386481;3.9219818708076204;0.9294654456696653,0.2,2,223,0.87109375,73.37320462428033,72.3028771574609,-1.0703274668194354,43.13592949818873,13.479977968183977,6.342018127441406
136,1,0.0,0.009204335698936212,0.009204335698936212,0.06187376548868515,64.00000002057206,128,16,16,33.62261114127422,16;32;64;128,33.62261114127422;8.519410157871784;5.389825392810814;1.2554132886896825,0.2,2,240,0.9375,-121.01345120777842,19.634530405863188,140.6479816136416,45.048186565431386,14.077558301697307,6.329903841018677
136,2,0.009204335698936212,0.021579088796673244,0.012374753097737032,0.06187376548868515,99.78037465887353,128,16,16,25.368447826719624,16;32;64;128,25.368447826719624;10.02715184151556;5.131607725836352;1.2591245697038944,0.2,2,218,0.8515625,19.634530405863188,58.34435467037838,38.70982426451519,46.026339279152694,14.383231024735217,6.326430082321167
136,3,0.021579088796673244,0.033953841894410274,0.012374753097737029,0.06187376548868515,119.30874164089471,128,16,16,17.73445082477733,16;32;64;128,17.73445082477733;5.702341209311659;5.578099359738481;1.290204467804169,0.2,2,226,0.8828125,58.34435467037838,65.24721080693416,6.9028561365557835,45.71450902601217,14.285784070628804,6.320341110229492
136,4,0.033953841894410274,0.0463285949921473,0.012374753097737029,0.06187376548868515,122.84841029909373,128,16,16,26.137534083924503,16;32;64;128,26.137534083924503;7.821372065619451;5.467266847505103;0.8054065417806272,0.2,2,222,0.8671875,65.24721080693416,70.12865502748173,4.881444220547564,44.683945413744446,13.963732941795138,6.326268196105957
136,5,0.0463285949921473,0.05870334808988433,0.012374753097737029,0.06187376548868515,123.39941232690711,128,16,16,13.796741503406112,16;32;64;128,13.796741503406112;4.987417722348955;5.393795682774775;0.5894053341015835,0.2,2,215,0.83984375,70.12865502748173,76.27316731307656,6.144512285594828,46.84590810566321,14.639346283019753,6.335555791854858
136,6,0.05870334808988433,0.06187376548868515,0.0031704173988008205,0.06187376548868515,127.8698882929458,128,16,16,23.72609777389031,16;32;64;128,23.72609777389031;6.2700658961619045;5.33096908552511;1.281406719772751,0.2,2,219,0.85546875,76.27316731307656,73.82191215641797,-2.45125515665859,45.35621294785257,14.173816546203927,6.319534063339233
138,1,0.0,0.009376728441617334,0.009376728441617334,0.048669255054673656,64.00000003329947,128,16,16,43.37522949720473,16;32;64;128,43.37522949720473;11.610951954589344;11.383490230422293;1.7243765513909028,0.2,2,244,0.953125,-127.98152144969208,-11.573579678297392,116.40794177139469,46.28299600756668,14.463436252364588,6.32542085647583
138,2,0.009376728441617334,0.019110579452552068,0.009733851010934734,0.048669255054673656,97.121543669892,128,16,16,33.761912803322595,16;32;64;128,33.761912803322595;12.51429820644204;8.057824728403277;1.4213464358123724,0.2,2,229,0.89453125,-11.573579678297392,34.77566293539712,46.349242613694514,43.349517944143756,13.546724357544923,6.330354928970337
138,3,0.019110579452552068,0.028844430463486802,0.009733851010934734,0.048669255054673656,115.38718357422285,128,16,16,29.406857387276347,16;32;64;128,29.406857387276347;9.150930227608372;6.339264811374569;1.3029791139159035,0.2,2,226,0.8828125,34.77566293539712,52.319396089646034,17.543733154248912,47.524785798744006,14.851495562107502,6.324419975280762
138,4,0.028844430463486802,0.038578281474421536,0.009733851010934734,0.048669255054673656,122.03144103738525,128,16,16,23.570135757007815,16;32;64;128,23.570135757007815;6.645268930601114;4.12369100899857;0.8926982905037002,0.2,2,227,0.88671875,52.319396089646034,61.175676747690886,8.856280658044852,43.43104310998031,13.572200971868845,6.336703062057495
138,5,0.038578281474421536,0.04831213248535627,0.009733851010934734,0.048669255054673656,124.95121846321811,128,16,16,28.66875368156141,16;32;64;128,28.66875368156141;8.296131329773548;4.649799516263089;0.5881448769553838,0.2,2,224,0.875,61.175676747690886,63.695082454709336,2.51940570701845,48.624085624013965,15.195026757504364,6.342362880706787
138,6,0.04831213248535627,0.048669255054673656,0.0003571225693173863,0.048669255054673656,127.99617699008014,128,16,16,23.13650780206186,16;32;64;128,23.13650780206186;9.583741989523162;4.5377509662082405;0.7540179659219871,0.2,2,220,0.859375,63.695082454709336,64.93704025400802,1.2419577992986888,48.30832278901226,15.09635087156633,6.3399739265441895
140,1,0.0,0.009721842109273623,0.009721842109273623,0.05522549312684569,64.00000004439258,128,16,16,25.918840860009695,16;32;64;128,25.918840860009695;9.867790668635296;7.337820104059269;1.532682675697157,0.2,2,234,0.9140625,-100.64049038657686,22.791583005164284,123.43207339174114,47.40478845645379,14.813996392641808,6.338052988052368
140,2,0.009721842109273623,0.02076694073464276,0.011045098625369138,0.05522549312684569,103.93337360870994,128,16,16,36.07343320290516,16;32;64;128,36.07343320290516;12.908459868364785;7.180819679436046;1.2720244943120358,0.2,2,217,0.84765625,22.791583005164284,59.01820329565089,36.22662029048661,49.408517517392795,15.440161724185248,6.343599796295166
140,3,0.02076694073464276,0.031812039360011896,0.011045098625369135,0.05522549312684569,120.53072314447064,128,16,16,16.56541223802882,16;32;64;128,16.56541223802882;5.495992898826798;3.946395811731248;0.7144410921684341,0.2,2,215,0.83984375,59.01820329565089,64.25008186150808,5.231878565857187,45.93971435865624,14.356160737080074,6.337722063064575
140,4,0.031812039360011896,0.04285713798538103,0.011045098625369135,0.05522549312684569,122.4736017594118,128,16,16,22.259778067156002,16;32;64;128,22.259778067156002;7.359826495118946;3.4023475218430552;0.3532011439304265,0.2,2,223,0.87109375,64.25008186150808,70.5383161730133,6.288234311505221,42.88720502661487,13.402251570817146,6.33754301071167
140,5,0.04285713798538103,0.053902236610750165,0.011045098625369135,0.05522549312684569,125.09540663146313,128,16,16,25.689419553751563,16;32;64;128,25.689419553751563;5.13002886163976;2.7227219389224566;1.0521647600458401,0.2,2,223,0.87109375,70.5383161730133,70.89454922266304,0.3562330496497452,44.15033168804903,13.796978652515321,6.341783046722412
140,6,0.053902236610750165,0.05522549312684569,0.0013232565160955223,0.05522549312684569,127.94339640553585,128,16,16,20.411500979453674,16;32;64;128,20.411500979453674;5.031136808891334;3.2077861042485605;0.7119464842588036,0.2,2,212,0.828125,70.89454922266304,73.64748423593119,2.752935013268143,48.95994147908119,15.29998171221287,6.336933135986328
142,1,0.0,0.010014524562714282,0.010014524562714282,0.058865751519777486,64.00000003861535,128,16,16,29.246388037387966,16;32;64;128,29.246388037387966;9.217149491257572;7.61175037158545;1.8819177131224585,0.2,2,239,0.93359375,-111.78523006121395,-0.3049424835771788,111.48028757763677,48.391057306467914,15.122205408271222,6.3385231494903564
142,2,0.010014524562714282,0.021787674866669778,0.011773150303955496,0.058865751519777486,94.91817563763794,128,16,16,33.905910942017165,16;32;64;128,33.905910942017165;10.57566468606046;5.012348652450793;1.51754750831476,0.2,2,225,0.87890625,-0.3049424835771788,50.113309340551496,50.418251824128674,47.787556185903895,14.933611308094967,6.346153020858765
142,3,0.021787674866669778,0.03356082517062527,0.011773150303955496,0.058865751519777486,119.16824330605887,128,16,16,16.10776726992236,16;32;64;128,16.10776726992236;6.264183953378468;4.718013202466016;1.0519850634924688,0.2,2,225,0.87890625,50.113309340551496,55.71261931298068,5.599309972429182,48.49603705579656,15.155011579936426,6.336181879043579
142,4,0.03356082517062527,0.04533397547458077,0.011773150303955496,0.058865751519777486,120.37984462459961,128,16,16,22.543828238317413,16;32;64;128,22.543828238317413;10.43566001395233;1.6146871763893191;1.3028241247130186,0.2,2,232,0.90625,55.71261931298068,63.03843690617941,7.325817593198735,43.87227808868601,13.710086902714377,6.354982852935791
142,5,0.04533397547458077,0.057107125778536265,0.011773150303955496,0.058865751519777486,124.51297337831542,128,16,16,26.627448286186727,16;32;64;128,26.627448286186727;6.010201856464415;5.664238219476951;1.0014516469192403,0.2,2,220,0.859375,63.03843690617941,68.10508840717375,5.06665150099434,42.55679939089829,13.298999809655715,6.34240198135376
142,6,0.057107125778536265,0.058865751519777486,0.001758625741241221,0.058865751519777486,127.96106111694804,128,16,16,18.485906352695014,16;32;64;128,18.485906352695014;3.0054719536101095;2.0219232709965813;1.053047222057496,0.2,2,235,0.91796875,68.10508840717375,66.57776614115573,-1.5273222660180181,39.66445809643148,12.395143155134837,6.342126846313477
144,1,0.0,0.009219257369031151,0.009219257369031151,0.0577852209259938,64.00000000301125,128,16,16,36.24916756936008,16;32;64;128,36.24916756936008;9.30819535644626;9.068361487654997;2.0277841251589157,0.2,2,228,0.890625,-131.27948922943324,-4.368169071851298,126.91132015758194,51.23845710935085,16.012017846672137,6.327889919281006
144,2,0.009219257369031151,0.020776301554229912,0.011557044185198762,0.0577852209259938,96.7112544218714,128,16,16,33.81211261841953,16;32;64;128,33.81211261841953;6.57428315017885;6.221236642750801;2.4413132362032033,0.2,2,223,0.87109375,-4.368169071851298,31.59974298637826,35.96791205822956,46.226747908487205,14.445858721402251,6.345033884048462
144,3,0.020776301554229912,0.03233334573942867,0.011557044185198758,0.0577852209259938,112.05963101125799,128,16,16,22.407349590550833,16;32;64;128,22.407349590550833;6.8774058437494485;2.7766420865940313;0.6480327743711023,0.2,2,206,0.8046875,31.59974298637826,54.51600869913818,22.916265712759923,53.368156989937496,16.677549059355467,6.3374998569488525
144,4,0.03233334573942867,0.04389038992462743,0.011557044185198762,0.0577852209259938,122.75101265001877,128,16,16,20.906893926086195,16;32;64;128,20.906893926086195;7.782241957434037;4.026361137914393;0.17618988747682796,0.2,2,210,0.8203125,54.51600869913818,57.22481730312575,2.7088086039875634,52.315286468432944,16.348527021385294,6.339073896408081
144,5,0.04389038992462743,0.055447434109826194,0.011557044185198762,0.0577852209259938,124.63709947545392,128,16,16,21.63183852889266,16;32;64;128,21.63183852889266;7.886849752598109;3.871479164914459;0.5461375310800517,0.2,2,201,0.78515625,57.22481730312575,60.20916069671512,2.98434339358937,43.71236255899729,13.660113299686653,6.341203927993774
144,6,0.055447434109826194,0.0577852209259938,0.002337786816167607,0.0577852209259938,127.85396944272404,128,16,16,21.02004844510131,16;32;64;128,21.02004844510131;5.328537089229327;4.5137791598982275;0.8175016953294573,0.2,2,204,0.796875,60.20916069671512,60.921471524983644,0.712310828268528,44.16918481460939,13.802870254565432,6.327887058258057
146,1,0.0,0.009809063570542051,0.009809063570542051,0.05169756451465495,64.00000001547173,128,16,16,37.42288103367351,16;32;64;128,37.42288103367351;10.075950514874782;7.37188781489445;1.568349627312289,0.2,2,233,0.91015625,-109.46929115464445,5.5317726988578215,115.00106385350227,49.44660529914688,15.4520641559834,6.343946933746338
146,2,0.009809063570542051,0.02014857647347304,0.010339512902930989,0.05169756451465495,98.9645857855633,128,16,16,32.18546276255894,16;32;64;128,32.18546276255894;8.348851680042188;5.975457779250529;1.4504107389853838,0.2,2,221,0.86328125,5.5317726988578215,44.45076199516188,38.91898929630406,47.484702441488785,14.838969512965244,6.338195085525513
146,3,0.02014857647347304,0.03048808937640403,0.010339512902930989,0.05169756451465495,114.87207773502706,128,16,16,25.302711416887266,16;32;64;128,25.302711416887266;7.34961552011985;4.065406020201703;1.3737081426781452,0.2,2,229,0.89453125,44.45076199516188,63.29129029752221,18.840528302360326,42.592255317089396,13.310079786590435,6.337399005889893
146,4,0.03048808937640403,0.04082760227933502,0.010339512902930989,0.05169756451465495,122.7604448178623,128,16,16,24.70309967974683,16;32;64;128,24.70309967974683;6.201233165217884;4.146981163046931;0.26806511337905353,0.2,2,208,0.8125,63.29129029752221,69.18491096235812,5.8936206648359075,47.81353739022966,14.941730434446768,6.335869073867798
146,5,0.04082760227933502,0.05116711518226601,0.010339512902930989,0.05169756451465495,125.20868408192712,128,16,16,21.741957885241646,16;32;64;128,21.741957885241646;6.0316803151094565;5.91425935348991;1.0165138454509277,0.2,2,213,0.83203125,69.18491096235812,68.95765967690386,-0.22725128545425832,45.04052314503633,14.075163482823854,6.330207824707031
146,6,0.05116711518226601,0.05169756451465495,0.000530449332388945,0.05169756451465495,127.98075506416838,128,16,16,15.731069829948297,16;32;64;128,15.731069829948297;8.161575171170448;5.684516735397341;0.8788938851793888,0.2,2,210,0.8203125,68.95765967690386,71.11010837671347,2.152448699809611,49.64767060789581,15.51489706496744,6.340611934661865
148,1,0.0,0.009421473088704006,0.009421473088704006,0.04820819189299965,64.0000000271705,128,16,16,18.49732323238659,16;32;64;128,18.49732323238659;10.981547885204362;5.736534249330003;1.7273761022218577,0.2,2,241,0.94140625,-122.32797251734883,-5.738520837272517,116.58945168007631,45.393381368172804,14.185431677554,6.3446009159088135
148,2,0.009421473088704006,0.019063111467303936,0.00964163837859993,0.04820819189299965,97.43733608927663,128,16,16,27.99640536163131,16;32;64;128,27.99640536163131;11.069045515499575;3.3260412203616383;1.0367477953855657,0.2,2,217,0.84765625,-5.738520837272517,35.67157423356548,41.410095070838,47.490682498809534,14.840838280877978,6.344181060791016
148,3,0.019063111467303936,0.028704749845903866,0.00964163837859993,0.04820819189299965,115.0536756585028,128,16,16,24.69372579233884,16;32;64;128,24.69372579233884;5.487681221480393;3.233136046143304;0.8732422136304799,0.2,2,218,0.8515625,35.67157423356548,54.35447424702579,18.682900013460312,50.054102164708894,15.64190692647153,6.328139066696167
148,4,0.028704749845903866,0.0383463882245038,0.009641638378599934,0.04820819189299965,121.95146170609324,128,16,16,21.89114003408325,16;32;64;128,21.89114003408325;9.085016276956535;4.067186366089921;0.5999122971724837,0.2,2,203,0.79296875,54.35447424702579,61.50592790094379,7.151453653917997,54.41233988250287,17.003856213282145,6.329735994338989
148,5,0.0383463882245038,0.04798802660310373,0.00964163837859993,0.04820819189299965,124.40731378337072,128,16,16,12.445441647978823,16;32;64;128,12.445441647978823;5.946162597552777;3.3044974189895076;1.2143083428262327,0.2,2,227,0.88671875,61.50592790094379,65.34327521850355,3.837347317559761,40.67222328928865,12.710069777902703,6.332836151123047
148,6,0.04798802660310373,0.04820819189299965,0.0002201652898959211,0.04820819189299965,127.99839750096412,128,16,16,21.395042791637717,16;32;64;128,21.395042791637717;6.4215926100126115;5.2058643084088025;0.3528091618879604,0.2,2,222,0.8671875,65.34327521850355,65.86407166556455,0.5207964470610023,46.54366598894618,14.544895621545681,6.334486961364746
150,1,0.0,0.008318605473003981,0.008318605473003981,0.06013923529466418,64.00000000795947,128,16,16,31.15719530549911,16;32;64;128,31.15719530549911;10.039060460653388;8.273011684499071;1.61803782698764,0.2,2,246,0.9609375,-157.47095970623195,-9.479996575857513,147.99096313037444,48.10911624099027,15.034098825309458,6.31435489654541
150,2,0.008318605473003981,0.02034645253193682,0.012027847058932837,0.06013923529466418,92.34248816458755,128,16,16,30.046501020984664,16;32;64;128,30.046501020984664;6.27626079334056;3.4443936177929984;0.6465168171100445,0.2,2,233,0.91015625,-9.479996575857513,41.72683864587452,51.206835221732035,41.52348778939201,12.976089934185001,6.302325010299683
150,3,0.02034645253193682,0.032374299590869654,0.012027847058932836,0.06013923529466418,115.72029028702595,128,16,16,20.09583664718993,16;32;64;128,20.09583664718993;6.479762483590539;3.420530112388748;0.9789393605176507,0.2,2,231,0.90234375,41.72683864587452,52.63606928975787,10.909230643883348,45.083997611259676,14.088749253518648,6.301159143447876
150,4,0.032374299590869654,0.04440214664980249,0.012027847058932839,0.06013923529466418,120.7235257152987,128,16,16,19.721749814859912,16;32;64;128,19.721749814859912;9.805463863752086;3.6940411844708367;0.9886162000035261,0.2,2,221,0.86328125,52.63606928975787,59.440225731465034,6.804156441707164,47.61948282354032,14.881088382356348,6.305789947509766
150,5,0.04440214664980249,0.05642999370873533,0.012027847058932839,0.06013923529466418,123.75169098980604,128,16,16,23.180084994856216,16;32;64;128,23.180084994856216;7.142301065597656;4.1687081930606915;0.4319691514138462,0.2,2,219,0.85546875,59.440225731465034,59.41932778886985,-0.02089794259518385,41.933863843915844,13.104332451223701,6.295348882675171
150,6,0.05642999370873533,0.06013923529466418,0.003709241585928849,0.06013923529466418,127.42660669496033,128,16,16,28.34304564944917,16;32;64;128,28.34304564944917;8.327512978629361;3.64271472715678;0.39792746220985253,0.2,2,217,0.84765625,59.41932778886985,62.58127703610808,3.1619492472382262,42.87333342651113,13.397916695784728,6.2961320877075195
152,1,0.0,0.007882902879519024,0.007882902879519024,0.057084371816704255,64.00000005467248,128,16,16,35.20871012159332,16;32;64;128,35.20871012159332;13.518537939322092;9.393006862022249;1.6396302142748902,0.2,2,245,0.95703125,-145.08629941247636,-12.730044609110337,132.35625480336603,44.47685253456484,13.899016417051513,6.3351891040802
152,2,0.007882902879519024,0.019299777242859875,0.011416874363340851,0.057084371816704255,88.4125207105017,128,16,16,23.886813108845185,16;32;64;128,23.886813108845185;5.3587880600348985;6.919588909540946;1.5418072719352378,0.2,2,237,0.92578125,-12.730044609110337,44.84202428930439,57.57206889841473,41.186198467720565,12.870687021162675,6.3289549350738525
152,3,0.019299777242859875,0.030716651606200726,0.011416874363340851,0.057084371816704255,114.59962570146325,128,16,16,21.316419081893134,16;32;64;128,21.316419081893134;5.768707917677556;4.84854784219445;0.5731824447670537,0.2,2,220,0.859375,44.84202428930439,62.05409021594096,17.21206592663657,45.53217359847669,14.228804249523964,6.3163230419158936
152,4,0.030716651606200726,0.04213352596954158,0.011416874363340851,0.057084371816704255,122.92675807168938,128,16,16,20.694330515926385,16;32;64;128,20.694330515926385;7.201717904472248;1.7247801874175361;0.28931103420177573,0.2,2,222,0.8671875,62.05409021594096,67.33995741372928,5.2858671977883205,42.98968863633058,13.434277698853304,6.304286003112793
152,5,0.04213352596954158,0.05355040033288243,0.011416874363340851,0.057084371816704255,125.34442147718178,128,16,16,28.60104326594151,16;32;64;128,28.60104326594151;9.170620912783543;5.559302827770272;1.394246872519719,0.2,2,228,0.890625,67.33995741372928,68.30703405267559,0.9670766389463097,37.568459652553315,11.740143641422911,6.330120801925659
152,6,0.05355040033288243,0.057084371816704255,0.0035339714838218267,0.057084371816704255,127.70381457374009,128,16,16,17.5419816113346,16;32;64;128,17.5419816113346;6.919257621109752;3.9789320775735626;0.8084117840442341,0.2,2,232,0.90625,68.30703405267559,70.91789700533263,2.610862952657044,38.40542068286355,12.001693963394858,6.3384690284729
154,1,0.0,0.008414679779021265,0.008414679779021265,0.04991491583737851,64.00000002731204,128,16,16,30.944621486576402,16;32;64;128,30.944621486576402;11.98902907352022;4.57796188046853;0.961835207531502,0.2,2,241,0.94140625,-142.82856330869254,-13.85332775930874,128.9752355493838,46.54954475057275,14.546732734553984,6.341036796569824
154,2,0.008414679779021265,0.018397662946496966,0.0099829831674757,0.04991491583737851,95.08072997770304,128,16,16,26.84630332274761,16;32;64;128,26.84630332274761;7.2005796069333945;5.616309513426332;1.1985982523774363,0.2,2,241,0.94140625,-13.85332775930874,32.3124415341299,46.16576929343864,40.63207754973572,12.69752423429241,6.341778039932251
154,3,0.018397662946496966,0.028380646113972667,0.0099829831674757,0.04991491583737851,114.04022883465291,128,16,16,27.41247980899437,16;32;64;128,27.41247980899437;9.626724147637423;4.163162168554351;0.9887916304110329,0.2,2,228,0.890625,32.3124415341299,53.7660495598102,21.453608025680296,45.648182833197865,14.265057135374333,6.346143007278442
154,4,0.028380646113972667,0.03836362928144837,0.0099829831674757,0.04991491583737851,122.2916988955479,128,16,16,14.318576486536173,16;32;64;128,14.318576486536173;7.8773943783120055;5.308379520318974;1.964038163943178,0.2,2,223,0.87109375,53.7660495598102,57.40574343781918,3.639693878008984,47.33855547231296,14.7932985850978,6.335204124450684
154,5,0.03836362928144837,0.04834661244892407,0.0099829831674757,0.04991491583737851,123.50045651220063,128,16,16,27.132870326194144,16;32;64;128,27.132870326194144;7.194931889516501;3.0431668542802064;0.8210091771061567,0.2,2,212,0.828125,57.40574343781918,61.89708245836664,4.491339020547457,48.54199720779966,15.169374127437393,6.340820789337158
154,6,0.04834661244892407,0.04991491583737851,0.0015683033884544423,0.04991491583737851,127.90081434442118,128,16,16,18.351225341095258,16;32;64;128,18.351225341095258;5.788938348684385;2.4368991954886723;1.2418012010555106,0.2,2,225,0.87890625,61.89708245836664,61.36308758240193,-0.5339948759647086,44.51711304561017,13.911597826753177,6.292849063873291
156,1,0.0,0.00969556100158955,0.00969556100158955,0.0729101034157831,64.0000000131279,128,16,16,37.991328738857476,16;32;64;128,37.991328738857476;12.209762795242407;8.862969751221993;0.5388046246197614,0.2,2,239,0.93359375,-129.92018828325672,-22.115117356734117,107.8050709265226,42.00956111768616,13.127987849276925,6.3243248462677
156,2,0.00969556100158955,0.024277581684746172,0.014582020683156623,0.0729101034157831,80.88831590372965,128,16,16,26.83283011372625,16;32;64;128,26.83283011372625;7.729775502451842;6.032336280272999;1.1357157613691804,0.2,2,226,0.8828125,-22.115117356734117,39.38232871843502,61.49744607516914,42.96773698480201,13.427417807750627,6.330482006072998
156,3,0.024277581684746172,0.0388596023679028,0.014582020683156626,0.0729101034157831,112.06195507331918,128,16,16,12.639826719228354,16;32;64;128,12.639826719228354;4.442222044812168;2.497131834825479;0.13360194960698837,0.2,2,215,0.83984375,39.38232871843502,55.70285777503159,16.32052905659657,51.424510066603474,16.070159395813583,6.341187953948975
156,4,0.0388596023679028,0.05344162305105942,0.014582020683156623,0.0729101034157831,122.1990320882986,128,16,16,24.541161374683103,16;32;64;128,24.541161374683103;11.415098352705783;1.51068184697028;0.4048203694802483,0.2,2,202,0.7890625,55.70285777503159,56.83166773154517,1.128809956513578,49.98703256700339,15.620947677188559,6.323604106903076
156,5,0.05344162305105942,0.06802364373421604,0.014582020683156623,0.0729101034157831,122.45718909283006,128,16,16,16.84583948642022,16;32;64;128,16.84583948642022;9.165428056666851;2.469246898456414;0.7093398622497654,0.2,2,227,0.88671875,56.83166773154517,62.864364753011614,6.032697021466447,44.00860754016336,13.75268985630105,6.324643135070801
156,6,0.06802364373421604,0.0729101034157831,0.0048864596815670625,0.0729101034157831,127.64900274769924,128,16,16,20.124513843829313,16;32;64;128,20.124513843829313;3.189758082640443;3.4344214703171616;1.0306908337483829,0.2,2,212,0.828125,62.864364753011614,63.17284394695889,0.30847919394727796,46.683690600257925,14.5886533125806,6.328811168670654
158,1,0.0,0.008789097612770759,0.008789097612770759,0.054171740718325215,64.00000004883955,128,16,16,27.280550220200247,16;32;64;128,27.280550220200247;8.745280399960109;6.299235251206694;1.337317370889694,0.2,2,244,0.953125,-135.91536003910005,-9.941795203601941,125.97356483549811,43.74423186141228,13.670072456691337,6.34616494178772
158,2,0.008789097612770759,0.019623445756435803,0.010834348143665044,0.054171740718325215,97.13803739536638,128,16,16,20.599037692709125,16;32;64;128,20.599037692709125;7.953923260816944;3.140749462593722;1.2978957918839906,0.2,2,236,0.921875,-9.941795203601941,40.27197973267175,50.213774936273694,44.72013344389645,13.97504170121764,6.348534107208252
158,3,0.019623445756435803,0.030457793900100845,0.010834348143665042,0.054171740718325215,118.47425030596162,128,16,16,22.247978869700127,16;32;64;128,22.247978869700127;7.76545721254907;2.993022628071172;0.42868424011577044,0.2,2,221,0.86328125,40.27197973267175,49.623405020392966,9.351425287721213,47.51011348305641,14.846910463455126,6.345564126968384
158,4,0.030457793900100845,0.04129214204376589,0.010834348143665046,0.054171740718325215,122.51277098945721,128,16,16,25.84534202038633,16;32;64;128,25.84534202038633;8.183477478177151;6.19580470280556;1.2333956824346775,0.2,2,222,0.8671875,49.623405020392966,55.222931817901554,5.599526797508588,48.486548650256054,15.152046453205017,6.345822095870972
158,5,0.04129214204376589,0.052126490187430936,0.010834348143665046,0.054171740718325215,124.37414161085415,128,16,16,20.69739146459672,16;32;64;128,20.69739146459672;8.19087000960499;3.010087733248626;0.42036070140004167,0.2,2,219,0.85546875,55.222931817901554,56.76669841608964,1.5437665981880855,45.088958543418514,14.090299544818285,6.350531101226807
158,6,0.052126490187430936,0.054171740718325215,0.0020452505308942784,0.054171740718325215,127.87759571527427,128,16,16,16.50229188608515,16;32;64;128,16.50229188608515;3.9216002235329728;2.3267767998309505;0.7130657962378287,0.2,2,219,0.85546875,56.76669841608964,56.48520062782336,-0.2814977882662788,53.27658613320925,16.648933166627888,6.3548808097839355
160,1,0.0,0.008773873505555814,0.008773873505555814,0.05823472830414312,64.00000000252786,128,16,16,28.209009958474027,16;32;64;128,28.209009958474027;12.012188468910358;7.433841307209554;1.2219284971341475,0.2,2,236,0.921875,-140.969407623983,-10.763788874057354,130.20561874992563,48.91630999681921,15.286346874006002,6.334033966064453
160,2,0.008773873505555814,0.02042081916638444,0.011646945660828627,0.05823472830414312,95.20581286002913,128,16,16,21.832001075538894,16;32;64;128,21.832001075538894;7.647857714860757;5.005015392307058;1.611897222934781,0.2,2,225,0.87890625,-10.763788874057354,39.47265440954652,50.236443283603876,49.301705956557875,15.406783111424335,6.335364103317261
160,3,0.02042081916638444,0.03206776482721307,0.011646945660828627,0.05823472830414312,117.60880084399652,128,16,16,19.088791899566402,16;32;64;128,19.088791899566402;5.885307189621113;4.199914238501665;1.1182019089678095,0.2,2,213,0.83203125,39.47265440954652,49.60502129525412,10.132366885707597,51.32056586158259,16.03767683174456,6.33476996421814
160,4,0.03206776482721307,0.043714710488041694,0.011646945660828627,0.05823472830414312,122.34540934043821,128,16,16,15.404298225489391,16;32;64;128,15.404298225489391;8.958943916894299;4.946730270325726;0.8441892959037607,0.2,2,221,0.86328125,49.60502129525412,53.81623372074682,4.211212425492704,45.82111882365971,14.319099632393659,6.333410978317261
160,5,0.043714710488041694,0.05536165614887032,0.011646945660828627,0.05823472830414312,124.14133664947218,128,16,16,20.31478555739993,16;32;64;128,20.31478555739993;3.8734241551357345;4.046655155611698;0.6037014317718308,0.2,2,219,0.85546875,53.81623372074682,57.5166149167344,3.7003811959875748,42.195671211200406,13.186147253500126,6.342694044113159
160,6,0.05536165614887032,0.05823472830414312,0.002873072155272799,0.05823472830414312,127.78952041739183,128,16,16,23.011370889585482,16;32;64;128,23.011370889585482;6.615874886820978;5.422657705248822;0.9556165759587262,0.2,2,215,0.83984375,57.5166149167344,56.74121038080193,-0.7754045359324664,50.02841645410353,15.633880141907351,6.343847990036011
162,1,0.0,0.0090468026866465,0.0090468026866465,0.06423341902740219,64.00000006320002,128,16,16,30.444075902324123,16;32;64;128,30.444075902324123;4.77260063870877;8.807832712457309;2.3058561194307754,0.2,2,239,0.93359375,-127.2353384817834,-19.420925030019134,107.81441345176427,48.474584628242596,15.14830769632581,6.332242965698242
162,2,0.0090468026866465,0.02189348649212694,0.01284668380548044,0.06423341902740219,87.00326105702571,128,16,16,36.99434875498041,16;32;64;128,36.99434875498041;10.405941683819359;7.174484345431675;1.0932533322431934,0.2,2,227,0.88671875,-19.420925030019134,40.82412734886748,60.24505237888661,45.959224978427585,14.36225780575862,6.373999834060669
162,3,0.02189348649212694,0.03474017029760738,0.012846683805480437,0.06423341902740219,114.83721045503749,128,16,16,35.187156563132156,16;32;64;128,35.187156563132156;3.7070590330468183;6.556932375284582;0.6842851562588333,0.2,2,219,0.85546875,40.82412734886748,54.19950684462674,13.375379495759262,48.69895323456651,15.218422885802033,6.311592102050781
162,4,0.03474017029760738,0.047586854103087814,0.012846683805480437,0.06423341902740219,121.83003133732747,128,16,16,22.657806582624094,16;32;64;128,22.657806582624094;5.656504676060355;4.025803921839899;1.2326337979852815,0.2,2,212,0.828125,54.19950684462674,60.03820932190865,5.838702477281913,47.201362205594435,14.75042568924826,6.296335935592651
162,5,0.047586854103087814,0.06043353790856825,0.012846683805480437,0.06423341902740219,124.70283945263243,128,16,16,17.179356921343526,16;32;64;128,17.179356921343526;6.693043881880382;3.5039402678759637;0.8752881381426878,0.2,2,217,0.84765625,60.03820932190865,62.36570048285648,2.3274911609478295,45.937055792136164,14.355329935042551,6.297688007354736
162,6,0.06043353790856825,0.06423341902740219,0.0037998811188339407,0.06423341902740219,127.55200768333377,128,16,16,22.63702864381083,16;32;64;128,22.63702864381083;8.000008379742162;2.7073793766770864;1.0579932996229995,0.2,2,227,0.88671875,62.36570048285648,63.21145782247186,0.8457573396153748,41.77561528920221,13.054879777875689,6.293168067932129
164,1,0.0,0.00959630264020178,0.00959630264020178,0.05297946161574627,64.00000002949159,128,16,16,24.613749438911498,16;32;64;128,24.613749438911498;9.093992602558147;5.761702510208669;1.9181209796863097,0.2,2,233,0.91015625,-112.71760812716093,-6.2823013219749555,106.43530680518597,49.469110027195654,15.459096883498642,6.3326709270477295
164,2,0.00959630264020178,0.020192194963351034,0.010595892323149255,0.05297946161574627,92.48651339031807,128,16,16,32.010589337181784,16;32;64;128,32.010589337181784;8.181362455070307;5.208457573562578;1.8339215296467926,0.2,2,227,0.88671875,-6.2823013219749555,52.09268782491563,58.374989146890584,47.52848814488134,14.852652545275417,6.336768865585327
164,3,0.020192194963351034,0.030788087286500287,0.010595892323149253,0.05297946161574627,117.19950445477822,128,16,16,24.42187788731596,16;32;64;128,24.42187788731596;6.871934458796177;4.654536595507496;0.7561895858712515,0.2,2,228,0.890625,52.09268782491563,67.63168293429771,15.538995109382086,42.39940266603117,13.24981333313474,6.332849979400635
164,4,0.030788087286500287,0.04138397960964954,0.010595892323149253,0.05297946161574627,123.97620345087981,128,16,16,21.371250567411558,16;32;64;128,21.371250567411558;5.171734843987253;4.10998878025855;1.2175780928998492,0.2,2,220,0.859375,67.63168293429771,71.31213803042192,3.6804550961242057,43.86939871038825,13.70918709699633,6.3426079750061035
164,5,0.04138397960964954,0.051979871932798793,0.010595892323149253,0.05297946161574627,125.60271320769495,128,16,16,21.088331003167937,16;32;64;128,21.088331003167937;5.977552449634668;3.9759740285587744;1.126092090577238,0.2,2,220,0.859375,71.31213803042192,72.58762204286177,1.275484012439847,43.69514687239722,13.65473339762413,6.339766979217529
164,6,0.051979871932798793,0.05297946161574627,0.0009995896829474785,0.05297946161574627,127.97362726077907,128,16,16,17.626035070063786,16;32;64;128,17.626035070063786;6.877870837122757;3.8698894485418314;0.5486667687584774,0.2,2,213,0.83203125,72.58762204286177,71.99749451706884,-0.5901275257929228,45.374337525663854,14.179480476769953,6.344998121261597
166,1,0.0,0.00896477750194061,0.00896477750194061,0.05861255677116786,64.00000006376112,128,16,16,38.379345968475164,16;32;64;128,38.379345968475164;14.485224554853234;9.037209910498383;2.038792054223707,0.2,2,240,0.9375,-147.35291232424788,-24.0508524264078,123.30205989784008,44.61485881897642,13.942143380930132,6.342705965042114
166,2,0.00896477750194061,0.020687288856174185,0.011722511354233574,0.05861255677116786,92.23081165368082,128,16,16,28.361317885250163,16;32;64;128,28.361317885250163;7.425154938397742;3.51274929050694;1.382857876973812,0.2,2,223,0.87109375,-24.0508524264078,21.819905868149363,45.87075829455716,46.09199028308995,14.403746963465608,6.359155893325806
166,3,0.020687288856174185,0.032409800210407756,0.011722511354233571,0.05861255677116786,111.21635721401282,128,16,16,31.24060120793929,16;32;64;128,31.24060120793929;4.453818115123663;3.0285287367030604;0.5897844584129031,0.2,2,219,0.85546875,21.819905868149363,39.88829957280541,18.068393704656046,44.91128666785579,14.034777083704935,6.363322973251343
166,4,0.032409800210407756,0.04413231156464133,0.011722511354233571,0.05861255677116786,119.81420559765677,128,16,16,30.878721782644178,16;32;64;128,30.878721782644178;7.9522289473658265;4.515802506043965;0.6008785007624399,0.2,2,218,0.8515625,39.88829957280541,47.1802963684313,7.2919967956258915,48.337457334000206,15.105455416875063,6.360805988311768
166,5,0.04413231156464133,0.0558548229188749,0.011722511354233571,0.05861255677116786,124.48428190413514,128,16,16,22.16346009964675,16;32;64;128,22.16346009964675;6.8911656038234055;3.0750513744156005;0.3867925901096041,0.2,2,207,0.80859375,47.1802963684313,52.075533997733146,4.895237629301846,46.72124295732709,14.600388424164716,6.352442979812622
166,6,0.0558548229188749,0.05861255677116786,0.0027577338522929637,0.05861255677116786,127.80429949555177,128,16,16,30.503254256881817,16;32;64;128,30.503254256881817;9.607617787533032;3.2406525971051896;0.8177643832181911,0.2,2,210,0.8203125,52.075533997733146,52.52192071941681,0.4463867216836661,45.40814701538357,14.190045942307364,6.342738151550293
168,1,0.0,0.009547645024706487,0.009547645024706487,0.056618389623426385,64.00000002271625,128,16,16,17.270096492060972,16;32;64;128,17.270096492060972;8.655228828153094;4.221924475928057;1.97840038298723,0.2,2,237,0.92578125,-98.73965941107599,13.35828676649544,112.09794617757143,49.10105674505319,15.344080232829121,6.321360111236572
168,2,0.009547645024706487,0.020871322949391764,0.011323677924685277,0.056618389623426385,99.31196490587,128,16,16,27.187624516480213,16;32;64;128,27.187624516480213;7.5281550173325344;6.528675892621704;1.2532889726265362,0.2,2,235,0.91796875,13.35828676649544,57.57941609050431,44.22112932400887,42.693440934242176,13.34170029195068,6.337351083755493
168,3,0.020871322949391764,0.03219500087407704,0.011323677924685277,0.056618389623426385,117.68653205485089,128,16,16,21.811271963342868,16;32;64;128,21.811271963342868;4.679609241650102;3.883641064517616;1.4035427654732557,0.2,2,238,0.9296875,57.57941609050431,66.38507199316518,8.805655902660874,40.11173897420407,12.534918429438772,6.335582971572876
168,4,0.03219500087407704,0.04351867879876232,0.011323677924685277,0.056618389623426385,122.82667209724377,128,16,16,24.292419710471755,16;32;64;128,24.292419710471755;9.974840822452945;3.8937073826609194;1.434382672740359,0.2,2,228,0.890625,66.38507199316518,70.69018707273062,4.305115079565439,47.40859791471132,14.815186848347288,6.335335969924927
168,5,0.04351867879876232,0.054842356723447595,0.011323677924685277,0.056618389623426385,124.07591168459975,128,16,16,19.791381392728695,16;32;64;128,19.791381392728695;5.74745305253724;4.5871849134034095;1.3783613818266556,0.2,2,233,0.91015625,70.69018707273062,75.31649482669309,4.626307753962465,40.12617841605402,12.53943075501688,6.323124170303345
168,6,0.054842356723447595,0.056618389623426385,0.0017760328999787897,0.056618389623426385,127.92582685027217,128,16,16,21.799832587527963,16;32;64;128,21.799832587527963;6.460081956585515;4.024774845472783;0.9160948591012097,0.2,2,233,0.91015625,75.31649482669309,74.16208451287821,-1.1544103138148785,45.5098734776813,14.221835461775406,6.326562166213989
170,1,0.0,0.010432137631866172,0.010432137631866172,0.05772662084207357,64.00000003775048,128,16,16,22.523192258665752,16;32;64;128,22.523192258665752;7.825307628033262;6.84818251155015;1.5957611576311908,0.2,2,237,0.92578125,-106.72847257740796,2.203432643767883,108.93190522117584,45.83711631307638,14.324098847836368,6.340720891952515
170,2,0.010432137631866172,0.021977461800280887,0.011545324168414715,0.05772662084207357,97.64029154998526,128,16,16,24.417594050678687,16;32;64;128,24.417594050678687;9.201731893211171;5.106026831157894;1.0996906593503013,0.2,2,231,0.90234375,2.203432643767883,43.802631834172644,41.59919919040476,40.25498836525722,12.579683864142881,6.326730012893677
170,3,0.021977461800280887,0.0335227859686956,0.011545324168414715,0.05772662084207357,115.96423560375177,128,16,16,28.263787530396698,16;32;64;128,28.263787530396698;9.54224827562469;4.9702480990724505;0.13055044174543418,0.2,2,220,0.859375,43.802631834172644,55.30272847507149,11.500096640898846,46.871726366089085,14.647414489402838,6.338752031326294
170,4,0.0335227859686956,0.04506811013711032,0.011545324168414715,0.05772662084207357,120.5652537196425,128,16,16,25.043312416090625,16;32;64;128,25.043312416090625;9.089458657182554;3.6218183120070115;0.7060037024015376,0.2,2,230,0.8984375,55.30272847507149,66.05038797564339,10.7476595005719,43.637020834229666,13.63656901069677,6.3356359004974365
170,5,0.04506811013711032,0.05661343430552503,0.011545324168414715,0.05772662084207357,124.50207245119758,128,16,16,28.028335759957937,16;32;64;128,28.028335759957937;8.294017585161576;4.482400090051725;0.8667780360497233,0.2,2,236,0.921875,66.05038797564339,69.31520107784308,3.264813102199696,43.59104787230451,13.622202460095158,6.3297278881073
170,6,0.05661343430552503,0.05772662084207357,0.0011131865365485369,0.05772662084207357,127.97820023588288,128,16,16,24.806260138340754,16;32;64;128,24.806260138340754;8.55257625942921;3.0826079673945777;0.6880369004474052,0.2,2,226,0.8828125,69.31520107784308,68.91588025330566,-0.39932082453742623,42.89135498023453,13.40354843132329,6.322310924530029
172,1,0.0,0.009590710142684932,0.009590710142684932,0.0503750722014412,64.00000000768628,128,16,16,27.20446429990812,16;32;64;128,27.20446429990812;9.500695333858738;6.219457664905153;1.3531970408297977,0.2,2,241,0.94140625,-113.40555009199306,-7.545474134560209,105.86007595743285,45.8560618384883,14.330019324527594,6.303203821182251
172,2,0.009590710142684932,0.019665724582973172,0.01007501444028824,0.0503750722014412,96.90066192563593,128,16,16,19.737375190151308,16;32;64;128,19.737375190151308;7.444369755603032;3.5156178253645853;1.3349151904404621,0.2,2,225,0.87890625,-7.545474134560209,33.603698907681974,41.14917304224218,50.576530712279364,15.8051658475873,6.328572034835815
172,3,0.019665724582973172,0.029740739023261412,0.01007501444028824,0.0503750722014412,113.2086536998206,128,16,16,21.1246019956321,16;32;64;128,21.1246019956321;6.369845836532419;4.283845498180847;1.5164706872143585,0.2,2,229,0.89453125,33.603698907681974,50.91035897098482,17.306660063302843,46.969320549836944,14.677912671824044,6.336775064468384
172,4,0.029740739023261412,0.03981575346354965,0.01007501444028824,0.0503750722014412,118.7834638030855,128,16,16,25.313117830892637,16;32;64;128,25.313117830892637;8.868673728859582;3.617507896911899;1.154856167087404,0.2,2,235,0.91796875,50.91035897098482,63.5123032736592,12.601944302674383,41.21439765507151,12.879499267209846,6.341822147369385
172,5,0.03981575346354965,0.049890767903837896,0.010075014440288244,0.0503750722014412,123.72919146604714,128,16,16,27.587974697118753,16;32;64;128,27.587974697118753;6.577603550836352;4.428314189875572;1.2053538839749791,0.2,2,231,0.90234375,63.5123032736592,69.16349294316024,5.651189669501036,40.60695123048251,12.689672259525784,6.343613147735596
172,6,0.049890767903837896,0.0503750722014412,0.000484304297603301,0.0503750722014412,127.99295100743191,128,16,16,23.557526314416858,16;32;64;128,23.557526314416858;7.056510559641098;2.8756496361390216;0.6612444179559803,0.2,2,231,0.90234375,69.16349294316024,68.12264740327373,-1.0408455398865044,40.053288230654935,12.516652572079666,6.338356971740723
174,1,0.0,0.008059482142438401,0.008059482142438401,0.0601550217825654,64.00000007459917,128,16,16,32.18715912827823,16;32;64;128,32.18715912827823;12.940536470042806;8.271356119188214;2.38097293552392,0.2,2,246,0.9609375,-141.8055797976558,-32.997452316689305,108.8081274809665,41.02989480247342,12.821842125772944,6.329694032669067
174,2,0.008059482142438401,0.020090486498951482,0.01203100435651308,0.0601550217825654,82.01467384507802,128,16,16,23.672197817190778,16;32;64;128,23.672197817190778;6.674110868982088;5.262175863655997;1.7240443121731226,0.2,2,229,0.89453125,-32.997452316689305,39.32474576542154,72.32219808211084,47.40428105007686,14.813837828149019,6.337877035140991
174,3,0.020090486498951482,0.03212149085546456,0.01203100435651308,0.0601550217825654,113.91061723245416,128,16,16,17.902326166123775,16;32;64;128,17.902326166123775;9.284829175892956;8.11563661832517;1.465860938057131,0.2,2,218,0.8515625,39.32474576542154,57.213381874375045,17.888636108953506,45.108191546846186,14.096309858389432,6.34046483039856
174,4,0.03212149085546456,0.044152495211977644,0.01203100435651308,0.0601550217825654,121.3502736877195,128,16,16,26.30874083296922,16;32;64;128,26.30874083296922;6.44402278548125;3.3833626367946428;1.032510182780977,0.2,2,211,0.82421875,57.213381874375045,59.63921649160329,2.4258346172282472,50.72656252982452,15.852050790570162,6.339354038238525
174,5,0.044152495211977644,0.056183499568490725,0.01203100435651308,0.0601550217825654,123.00927017419782,128,16,16,25.996018761710985,16;32;64;128,25.996018761710985;5.166566328637214;4.204431941246096;0.8673641210005603,0.2,2,209,0.81640625,59.63921649160329,64.06389262480661,4.42467613320332,44.44611101644327,13.889409692638521,6.361240863800049
174,6,0.056183499568490725,0.0601550217825654,0.003971522214074673,0.0601550217825654,127.47514013685839,128,16,16,24.257399336647357,16;32;64;128,24.257399336647357;5.6944837579114145;5.9043846019784985;0.21778872852836725,0.2,2,212,0.828125,64.06389262480661,63.284116180147976,-0.779776444658637,46.65365355629788,14.579266736343088,6.360712051391602
176,1,0.0,0.00856860184048866,0.00856860184048866,0.06028731089491319,64.00000002740902,128,16,16,29.78479021941998,16;32;64;128,29.78479021941998;10.615333432558257;6.878693306923185;1.5945277371500512,0.2,2,237,0.92578125,-159.19098126361496,-33.79275056550978,125.39823069810518,47.986358430501404,14.995737009531688,6.32040810585022
176,2,0.00856860184048866,0.0206260640194713,0.01205746217898264,0.06028731089491319,86.12445206974002,128,16,16,21.190750440742416,16;32;64;128,21.190750440742416;13.040285242697408;5.940537680205904;1.304309099927163,0.2,2,209,0.81640625,-33.79275056550978,27.780218293366488,61.572968858876266,52.6232566339171,16.444767698099092,6.361325025558472
176,3,0.0206260640194713,0.03268352619845394,0.01205746217898264,0.06028731089491319,111.30947361947351,128,16,16,24.45576261144684,16;32;64;128,24.45576261144684;9.566305946096744;4.794965846290682;1.0783142132980534,0.2,2,218,0.8515625,27.780218293366488,44.81750561943045,17.03728732606396,41.574085192424995,12.99190162263281,6.35919189453125
176,4,0.03268352619845394,0.04474098837743658,0.01205746217898264,0.06028731089491319,120.80526613769443,128,16,16,20.199946031268137,16;32;64;128,20.199946031268137;7.333591652817517;2.7091538365765016;0.22281935120279725,0.2,2,206,0.8046875,44.81750561943045,51.29639645386487,6.478890834434424,41.15315667228842,12.86036146009013,6.312159061431885
176,5,0.04474098837743658,0.05679845055641922,0.01205746217898264,0.06028731089491319,123.50316315666174,128,16,16,16.36905694146964,16;32;64;128,16.36905694146964;8.325752172984263;2.929805760662602;0.21951615532331428,0.2,2,212,0.828125,51.29639645386487,56.10812302096747,4.811726567102596,44.07580923989562,13.773690387467381,6.287341117858887
176,6,0.05679845055641922,0.06028731089491319,0.0034888603384939723,0.06028731089491319,127.6400120575164,128,16,16,22.2593875112424,16;32;64;128,22.2593875112424;7.312103176810299;3.1804040173747747;0.7491209185053778,0.2,2,217,0.84765625,56.10812302096747,56.812796827289276,0.7046738063218072,40.46053245090146,12.643916390906705,6.282904148101807
178,1,0.0,0.010253182766754956,0.010253182766754956,0.06580747170437977,64.00000000519262,128,16,16,37.969956981740324,16;32;64;128,37.969956981740324;13.380928566136733;7.992115693886371;1.4185086339203394,0.2,2,237,0.92578125,-112.173015263048,-5.283549653169757,106.88946560987824,45.847563753898626,14.32736367309332,6.338685989379883
178,2,0.010253182766754956,0.023414677107630913,0.013161494340875957,0.06580747170437977,88.57551463354959,128,16,16,14.173679965612079,16;32;64;128,14.173679965612079;7.634960613584689;2.281209302988857;1.514686381028755,0.2,2,218,0.8515625,-5.283549653169757,51.06591134351038,56.349460996680136,48.34976764739327,15.109302389810397,6.340098857879639
178,3,0.023414677107630913,0.03657617144850687,0.013161494340875955,0.06580747170437977,118.0537499546501,128,16,16,17.58764643884988,16;32;64;128,17.58764643884988;6.240890564033089;4.799430448458433;0.5338015563172895,0.2,2,212,0.828125,51.06591134351038,59.197942208498716,8.132030864988337,49.430786468387474,15.447120771371084,6.324570894241333
178,4,0.03657617144850687,0.04973766578938282,0.013161494340875955,0.06580747170437977,123.132808578682,128,16,16,12.528087781812092,16;32;64;128,12.528087781812092;4.876249399528449;3.3199464778276915;0.9145311094540494,0.2,2,224,0.875,59.197942208498716,63.060004844213836,3.8620626357151195,44.017109251362136,13.755346641050666,6.334269046783447
178,5,0.04973766578938282,0.06289916013025879,0.013161494340875962,0.06580747170437977,124.34890434179461,128,16,16,20.86371283386694,16;32;64;128,20.86371283386694;4.80940267573464;3.77942312687688;0.661778470896824,0.2,2,214,0.8359375,63.060004844213836,66.12052448722534,3.060519643011503,47.679556568751295,14.899861427734779,6.321911096572876
178,6,0.06289916013025879,0.06580747170437977,0.0029083115741209836,0.06580747170437977,127.83681594697428,128,16,16,23.295897917901122,16;32;64;128,23.295897917901122;5.834258058158877;3.6343765108168644;0.19793001524326684,0.2,2,216,0.84375,66.12052448722534,66.83615848817863,0.7156340009532869,42.4539229075076,13.266850908596123,6.336107015609741
180,1,0.0,0.008686576961839894,0.008686576961839894,0.054668066405057524,64.0000000229999,128,16,16,32.52801696508283,16;32;64;128,32.52801696508283;12.639020824148725;8.87918821551618;1.3281066490338407,0.2,2,238,0.9296875,-138.95577176084043,-24.73831769093522,114.21745406990522,45.58635084139293,14.24573463793529,6.3275299072265625
180,2,0.008686576961839894,0.0196201902428514,0.010933613281011507,0.054668066405057524,90.50324192223212,128,16,16,33.19309110962434,16;32;64;128,33.19309110962434;9.689649470784024;6.507398723528084;1.0840705350260467,0.2,2,236,0.921875,-24.73831769093522,27.335305011307355,52.073622702242574,42.83875339150287,13.387110434844645,6.339668035507202
180,3,0.0196201902428514,0.03055380352386291,0.010933613281011507,0.054668066405057524,111.66249259903032,128,16,16,29.809649812149058,16;32;64;128,29.809649812149058;9.415411529641458;1.7068930049417355;0.8927553136128925,0.2,2,232,0.90625,27.335305011307355,48.269480681512505,20.93417567020515,44.4541248456011,13.891914014250343,6.340918064117432
180,4,0.03055380352386291,0.041487416804874416,0.010933613281011507,0.054668066405057524,121.13873462397429,128,16,16,21.296619707254266,16;32;64;128,21.296619707254266;4.4416801875463285;3.830722856310919;1.1851334452398972,0.2,2,224,0.875,48.269480681512505,54.12269043162814,5.853209750115639,41.621082920682746,13.006588412713358,6.3408520221710205
180,5,0.041487416804874416,0.052421030085885924,0.010933613281011507,0.054668066405057524,123.96237603664389,128,16,16,20.700219248609574,16;32;64;128,20.700219248609574;6.331048463029865;1.8612672044765217;1.0978802595531931,0.2,2,221,0.86328125,54.12269043162814,58.60418162163114,4.481491190002998,42.93639482348519,13.417623382339121,6.3385701179504395
180,6,0.052421030085885924,0.054668066405057524,0.0022470363191715997,0.054668066405057524,127.86575354547543,128,16,16,22.93919926972552,16;32;64;128,22.93919926972552;7.746862936712115;1.9575502046822262;0.9562613631241548,0.2,2,229,0.89453125,58.60418162163114,60.88932933239266,2.285147710761521,40.11095449735014,12.534673280421918,6.319106101989746
182,1,0.0,0.008867448446621469,0.008867448446621469,0.05750248178189159,64.00000003753709,128,16,16,36.42936391547704,16;32;64;128,36.42936391547704;14.612113263038951;10.361180639770673;2.402241238617936,0.2,2,238,0.9296875,-144.51986835582647,-19.6277763316466,124.89209202417987,47.63479541933281,14.885873568541502,6.33060884475708
182,2,0.008867448446621469,0.020367944802999787,0.011500496356378318,0.05750248178189159,89.98269420178579,128,16,16,35.898267518852165,16;32;64;128,35.898267518852165;11.292786027762306;4.490975988301222;1.6988120058112057,0.2,2,233,0.91015625,-19.6277763316466,41.0761759080342,60.7039522396808,43.17055991029333,13.490799971966664,6.339593887329102
182,3,0.020367944802999787,0.031868441159378105,0.011500496356378318,0.05750248178189159,116.53664051944445,128,16,16,25.047131281063944,16;32;64;128,25.047131281063944;10.056162077274085;3.0043603254806954;1.481527782532346,0.2,2,226,0.8828125,41.0761759080342,52.01904616039246,10.942870252358261,43.19584549868415,13.498701718338797,6.341876029968262
182,4,0.031868441159378105,0.04336893751575642,0.011500496356378315,0.05750248178189159,122.65235013250133,128,16,16,16.998564011974736,16;32;64;128,16.998564011974736;5.7959609692269325;3.740385623291458;1.001465807184064,0.2,2,224,0.875,52.01904616039246,56.69992656633258,4.6808804059401155,41.02708796093917,12.82096498779349,6.339099884033203
182,5,0.04336893751575642,0.054869433872134735,0.011500496356378315,0.05750248178189159,125.04684282592522,128,16,16,25.768663946957854,16;32;64;128,25.768663946957854;8.893801010403926;5.946753138881229;1.11806680531019,0.2,2,217,0.84765625,56.69992656633258,57.41634529293515,0.7164187266025692,47.169162332516855,14.740363228911516,6.348682880401611
182,6,0.054869433872134735,0.05750248178189159,0.0026330479097568527,0.05750248178189159,127.81531291826325,128,16,16,22.703815795668007,16;32;64;128,22.703815795668007;3.755373628043446;3.9108892902013213;0.37209530204467534,0.2,2,205,0.80078125,57.41634529293515,57.634769279975444,0.2184239870402962,45.90667072405412,14.345834601266914,6.339151859283447
184,1,0.0,0.009566298871972627,0.009566298871972627,0.06048128462042091,64.00000003408425,128,16,16,28.886030498269495,16;32;64;128,28.886030498269495;9.270366315321162;4.772475217045141;2.07903885113999,0.2,2,246,0.9609375,-148.23159326805035,-40.6035661798669,107.62802708818344,43.10577970543085,13.47055615794714,6.33978796005249
184,2,0.009566298871972627,0.02166255579605681,0.012096256924084184,0.06048128462042091,84.22488112011885,128,16,16,26.464300821848347,16;32;64;128,26.464300821848347;6.794507468146272;7.82718715106465;2.1704698509326725,0.2,2,227,0.88671875,-40.6035661798669,17.263400646857917,57.86696682672482,44.61207831385276,13.941274473078987,6.347643852233887
184,3,0.02166255579605681,0.033758812720140995,0.012096256924084184,0.06048128462042091,110.51525587912202,128,16,16,8.994365686382444,16;32;64;128,8.994365686382444;6.967645583780505;1.4460397773066442;0.9412685656842298,0.2,2,215,0.83984375,17.263400646857917,35.57241056411294,18.309009917255025,49.27033626697133,15.39698008342854,6.342478036880493
184,4,0.033758812720140995,0.04585506964422518,0.012096256924084184,0.06048128462042091,118.94482989180422,128,16,16,22.02969293687547,16;32;64;128,22.02969293687547;5.908953939855769;3.6565225181350627;0.5486349726338883,0.2,2,203,0.79296875,35.57241056411294,40.748520435299724,5.176109871186782,51.92949361441731,16.22796675450541,6.338732004165649
184,5,0.04585506964422518,0.05795132656830936,0.012096256924084184,0.06048128462042091,122.09487512056123,128,16,16,19.23746879360657,16;32;64;128,19.23746879360657;8.341449501432159;4.161684951177029;0.3594764114808068,0.2,2,194,0.7578125,40.748520435299724,48.34595829574391,7.597437860444188,42.191542308260416,13.18485697133138,6.345571994781494
184,6,0.05795132656830936,0.06048128462042091,0.00252995805211155,0.06048128462042091,127.87672877446823,128,16,16,15.346239902429035,16;32;64;128,15.346239902429035;7.0125064160900346;5.154234216815095;0.6940237275814105,0.2,2,196,0.765625,48.34595829574391,49.29493446974084,0.9489761739969254,45.29649733627398,14.155155417585618,6.353538990020752
186,1,0.0,0.008573788844981351,0.008573788844981351,0.05184372028775947,64.00000004179495,128,16,16,22.107340897783214,16;32;64;128,22.107340897783214;10.451558317231521;6.706263930741081;1.4216061170247067,0.2,2,245,0.95703125,-169.3452787778806,-31.891387285853853,137.45389149202674,45.5687808301375,14.240244009417967,6.320144891738892
186,2,0.008573788844981351,0.018942532902533248,0.010368744057551896,0.05184372028775947,94.47091366832049,128,16,16,33.900671801877685,16;32;64;128,33.900671801877685;8.015073025419637;3.7172306698300694;1.6156160310631402,0.2,2,223,0.87109375,-31.891387285853853,16.53930027073511,48.430687556588964,44.17262965974663,13.803946768670823,6.354285001754761
186,3,0.018942532902533248,0.02931127696008514,0.010368744057551893,0.05184372028775947,114.12510181823625,128,16,16,19.107752279607816,16;32;64;128,19.107752279607816;5.069810452386951;3.524398151357722;0.4592145711322313,0.2,2,223,0.87109375,16.53930027073511,30.451941419676587,13.912641148941475,47.95555128938669,14.98610977793334,6.364567041397095
186,4,0.02931127696008514,0.039680021017637034,0.010368744057551893,0.05184372028775947,118.0563171865344,128,16,16,18.7007123505458,16;32;64;128,18.7007123505458;4.178348722998269;4.5342959447136;1.2107639481529102,0.2,2,223,0.87109375,30.451941419676587,41.24940582358977,10.797464403913182,44.39352888087896,13.872977775274675,6.360529899597168
186,5,0.039680021017637034,0.05004876507518893,0.010368744057551893,0.05184372028775947,123.20924984659756,128,16,16,21.938253255807663,16;32;64;128,21.938253255807663;7.626256382250364;3.7228500831659717;1.0328637418565385,0.2,2,210,0.8203125,41.24940582358977,44.33614543243311,3.086739608843345,44.46669691261643,13.895842785192633,6.359095096588135
186,6,0.05004876507518893,0.05184372028775947,0.0017949552125705454,0.05184372028775947,127.86188202108808,128,16,16,18.95053600370212,16;32;64;128,18.95053600370212;6.113232884620288;4.070372511049635;1.0633909946615925,0.2,2,212,0.828125,44.33614543243311,48.3266125441296,3.990467111696489,48.06498241170593,15.020307003658102,6.376299858093262
188,1,0.0,0.00857427849448835,0.00857427849448835,0.0648139339094413,64.00000004877697,128,16,16,26.370984873870327,16;32;64;128,26.370984873870327;8.484617421416495;7.3908203459123465;1.6118412061812804,0.2,2,243,0.94921875,-142.33974455529824,-6.022597217306611,136.31714733799163,41.48671992995706,12.96459997811158,6.339092016220093
188,2,0.00857427849448835,0.02153706527637661,0.01296278678188826,0.0648139339094413,93.69029622714714,128,16,16,23.899817056852886,16;32;64;128,23.899817056852886;8.392718931246076;4.394096371346339;1.1904705325368914,0.2,2,228,0.890625,-6.022597217306611,29.823160341125913,35.845757558432524,46.57888358884331,14.555901121513534,6.346163988113403
188,3,0.02153706527637661,0.03449985205826487,0.01296278678188826,0.0648139339094413,109.18603456345463,128,16,16,21.8808477346058,16;32;64;128,21.8808477346058;7.7800334016848804;3.3240061796401115;0.5645118499752346,0.2,2,227,0.88671875,29.823160341125913,49.944331781880464,20.12117144075455,41.08484706682778,12.83901470838368,6.357234954833984
188,4,0.03449985205826487,0.04746263884015313,0.01296278678188826,0.0648139339094413,120.06397353935009,128,16,16,18.072486719372247,16;32;64;128,18.072486719372247;8.134303863386;4.498288174232779;0.5946329268134541,0.2,2,227,0.88671875,49.944331781880464,56.929617515183054,6.9852857333025895,41.77604556065582,13.055014237704942,6.361181974411011
188,5,0.04746263884015313,0.06042542562204139,0.01296278678188826,0.0648139339094413,124.07170168297654,128,16,16,13.690531131794705,16;32;64;128,13.690531131794705;5.770243132085546;3.318541473363169;1.1835392312476878,0.2,2,221,0.86328125,56.929617515183054,60.53107416979037,3.6014566546073183,47.444524934535856,14.826414042042455,6.337019920349121
188,6,0.06042542562204139,0.0648139339094413,0.004388508287399916,0.0648139339094413,127.62018035393844,128,16,16,25.49484025274363,16;32;64;128,25.49484025274363;2.730858070503191;4.670539278908763;0.42929952619354356,0.2,2,223,0.87109375,60.53107416979037,59.155501000816,-1.3755731689743698,44.47287980080383,13.897774937751196,6.3629279136657715
190,1,0.0,0.00925380381832824,0.00925380381832824,0.049642779544577825,64.00000001932884,128,16,16,24.476543034270975,16;32;64;128,24.476543034270975;8.34807050290953;5.815762266810217;1.4063875631255853,0.2,2,240,0.9375,-138.54895683092764,-1.3202405232004821,137.22871630772715,46.497363797562805,14.530426186738376,6.341102123260498
190,2,0.00925380381832824,0.019182359727243806,0.009928555908915566,0.049642779544577825,100.80265334486309,128,16,16,20.809891725089507,16;32;64;128,20.809891725089507;9.646709097147237;5.683375941534206;1.6356833077073918,0.2,2,220,0.859375,-1.3202405232004821,39.55127291570534,40.87151343890582,46.93125697136026,14.666017803550082,6.322216987609863
190,3,0.019182359727243806,0.029110915636159373,0.009928555908915566,0.049642779544577825,115.80541783822919,128,16,16,28.850825235319206,16;32;64;128,28.850825235319206;8.4549632322805;5.1960467238979176;0.9646979903740538,0.2,2,226,0.8828125,39.55127291570534,53.749989093485055,14.198716177779716,41.9007441020761,13.09398253189878,6.342047929763794
190,4,0.029110915636159373,0.039039471545074936,0.009928555908915563,0.049642779544577825,121.61112284777118,128,16,16,34.59056225650882,16;32;64;128,34.59056225650882;7.428182272532485;6.56001324548529;0.9360083589016411,0.2,2,223,0.87109375,53.749989093485055,61.09141284652287,7.341423753037816,46.49108557577757,14.52846424243049,6.303966045379639
190,5,0.039039471545074936,0.0489680274539905,0.009928555908915566,0.049642779544577825,124.979072858035,128,16,16,17.696452563855978,16;32;64;128,17.696452563855978;5.2670316436361535;4.918674873340863;1.8314755084865888,0.2,2,216,0.84375,61.09141284652287,63.48030778922839,2.3888949427055195,48.501018552581485,15.156568297681714,6.2757790088653564
190,6,0.0489680274539905,0.049642779544577825,0.000674752090587323,0.049642779544577825,127.98550670160618,128,16,16,24.81098016385917,16;32;64;128,24.81098016385917;5.7144349075001415;7.028242657626682;1.4025701760020997,0.2,2,227,0.88671875,63.48030778922839,65.95732428878546,2.4770164995570667,44.061505048379864,13.769220327618706,6.291126012802124
192,1,0.0,0.010215011058027842,0.010215011058027842,0.051096356315766776,64.00000001068523,128,16,16,27.685392722029682,16;32;64;128,27.685392722029682;9.97022609666521;6.573010178796077;0.7739750944999597,0.2,2,241,0.94140625,-112.56185608380474,0.5464423515077215,113.10829843531246,42.09888813316219,13.155902541613184,6.296007871627808
192,2,0.010215011058027842,0.020434282321181198,0.010219271263153355,0.051096356315766776,103.30927349763638,128,16,16,30.987164354825566,16;32;64;128,30.987164354825566;7.784454384722383;7.413161108101441;0.9560534980300659,0.2,2,229,0.89453125,0.5464423515077215,35.04676053012372,34.500318178616,43.62044978938776,13.631390559183675,6.327059030532837
192,3,0.020434282321181198,0.030653553584334553,0.010219271263153355,0.051096356315766776,116.49177895447875,128,16,16,27.40681442534992,16;32;64;128,27.40681442534992;8.687368318384955;3.8069272669123775;1.2809126411200573,0.2,2,222,0.8671875,35.04676053012372,50.23226668857387,15.185506158450153,47.36946787561091,14.802958711128408,6.3446619510650635
192,4,0.030653553584334553,0.04087282484748791,0.010219271263153355,0.051096356315766776,122.8868532504776,128,16,16,24.66956385426598,16;32;64;128,24.66956385426598;7.088835213025187;3.7325232612762074;0.17987764896129738,0.2,2,207,0.80859375,50.23226668857387,53.64520794036798,3.412941251794109,52.209356452568606,16.315423891427688,6.337470054626465
192,5,0.04087282484748791,0.051092096110641264,0.010219271263153355,0.051096356315766776,124.20453430403361,128,16,16,26.659278342111897,16;32;64;128,26.659278342111897;7.9816085753452235;4.085524384406566;1.2257609284153077,0.2,2,220,0.859375,53.64520794036798,55.05079404625576,1.405586105887778,48.04602639723012,15.014383249134413,6.341685056686401
192,6,0.051092096110641264,0.051096356315766776,4.260205125512784e-6,0.051096356315766776,127.99999921940466,128,16,16,24.21882941149873,16;32;64;128,24.21882941149873;3.6400212662737212;3.596145607095412;0.6203058653578702,0.2,2,208,0.8125,55.05079404625576,57.80644766811747,2.755653621861711,49.17816591223307,15.368176847572833,6.342182159423828
194,1,0.0,0.00924637437018273,0.00924637437018273,0.05447747372502782,64.00000000821345,128,16,16,32.68964166194065,16;32;64;128,32.68964166194065;12.844143839362955;10.279760890261626;1.808366271622018,0.2,2,246,0.9609375,-139.77197726839222,-12.667189095984213,127.104788172408,43.13185489579149,13.478704654934841,6.3895649909973145
194,2,0.00924637437018273,0.020141869115188296,0.010895494745005566,0.05447747372502782,95.40852643589783,128,16,16,33.50146125559753,16;32;64;128,33.50146125559753;11.039828877424283;8.767716147489681;0.9328280775841719,0.2,2,223,0.87109375,-12.667189095984213,33.909834994818084,46.5770240908023,46.91474256918646,14.660857052870767,6.308874130249023
194,3,0.020141869115188296,0.03103736386019386,0.010895494745005563,0.05447747372502782,114.61017706802252,128,16,16,24.160308903745726,16;32;64;128,24.160308903745726;7.601798775083029;4.138108115451488;0.2413235806079621,0.2,2,228,0.890625,33.909834994818084,42.550058295659255,8.640223300841171,46.22665724126687,14.445830387895896,6.306652069091797
194,4,0.03103736386019386,0.04193285860519942,0.010895494745005563,0.05447747372502782,119.81395885254533,128,16,16,17.594753431366712,16;32;64;128,17.594753431366712;9.765391826070738;5.917129488949573;0.0,0.2,2,212,0.828125,42.550058295659255,48.50479163287673,5.954733337217476,46.6919983006419,14.591249468950593,6.310987949371338
194,5,0.04193285860519942,0.052828353350204985,0.010895494745005563,0.05447747372502782,121.19013015489037,128,16,16,25.341376964973275,16;32;64;128,25.341376964973275;5.4808450045136965;5.007359717110953;0.40538985331216487,0.2,2,214,0.8359375,48.50479163287673,57.31634345243219,8.811551819555461,50.80653195728696,15.877041236652174,6.302875995635986
194,6,0.052828353350204985,0.05447747372502782,0.0016491203748228364,0.05447747372502782,127.8959393983674,128,16,16,18.439659751921702,16;32;64;128,18.439659751921702;7.505898367083252;3.658510449200587;0.4458782169554255,0.2,2,203,0.79296875,57.31634345243219,57.96267451602034,0.6463310635881498,49.72150497290093,15.537970304031541,6.310472011566162
196,1,0.0,0.009576462466203056,0.009576462466203056,0.06314300963684823,64.00000002520889,128,16,16,24.686186534199425,16;32;64;128,24.686186534199425;9.527403531944444;7.400237202764834;1.344539167826645,0.2,2,241,0.94140625,-119.75642171963409,2.9901947430334985,122.74661646266759,45.886962897008196,14.33967590531506,6.340131998062134
196,2,0.009576462466203056,0.022205064393572702,0.012628601927369646,0.06314300963684823,92.26313031512382,128,16,16,29.266728655898586,16;32;64;128,29.266728655898586;11.263444091701706;6.69028506071543;1.3059076312324338,0.2,2,243,0.94921875,2.9901947430334985,50.47426780092064,47.484073057887144,41.56473130379481,12.988978532435876,6.338304042816162
196,3,0.022205064393572702,0.03483366632094235,0.012628601927369646,0.06314300963684823,116.60906570906856,128,16,16,22.524726954199625,16;32;64;128,22.524726954199625;6.81035743315054;4.681433740463318;1.367942854784755,0.2,2,232,0.90625,50.47426780092064,63.66205285661272,13.187785055692075,45.82296055849425,14.319675174529452,6.324988842010498
196,4,0.03483366632094235,0.047462268248312,0.01262860192736965,0.06314300963684823,122.93999765898936,128,16,16,22.852767848989334,16;32;64;128,22.852767848989334;4.584481128340749;4.661284894378281;1.0517473636160588,0.2,2,221,0.86328125,63.66205285661272,68.33640194285545,4.674349086242728,46.413001399749106,14.504062937421596,6.3336780071258545
196,5,0.047462268248312,0.06009087017568164,0.012628601927369643,0.06314300963684823,123.87837631837095,128,16,16,15.836542957146317,16;32;64;128,15.836542957146317;7.609273558759644;4.522153267540378;0.8605718352422245,0.2,2,224,0.875,68.33640194285545,70.069258029107,1.7328560862515587,46.53100875366379,14.540940235519933,6.3211610317230225
196,6,0.06009087017568164,0.06314300963684823,0.0030521394611665864,0.06314300963684823,127.74341702469985,128,16,16,22.05906327899575,16;32;64;128,22.05906327899575;8.787204910785968;3.7365038762493583;1.315680719385733,0.2,2,233,0.91015625,70.069258029107,71.55756321549416,1.4883051863871515,44.12534159163833,13.789169247386978,6.3081278800964355
198,1,0.0,0.008596223122195178,0.008596223122195178,0.055613151817395456,64.00000003247678,128,16,16,35.89975065581152,16;32;64;128,35.89975065581152;13.184925816475738;9.82361272486847;2.6797905284475565,0.2,2,244,0.953125,-132.92302600946277,-0.6433330568834208,132.27969295257935,46.23462390627192,14.448319970709974,6.3437089920043945
198,2,0.008596223122195178,0.01971885348567427,0.011122630363479092,0.055613151817395456,95.3141706450561,128,16,16,35.32787114423272,16;32;64;128,35.32787114423272;8.169294293915772;6.553596853223148;1.5631862636344358,0.2,2,220,0.859375,-0.6433330568834208,42.542719968711026,43.18605302559445,48.171468584405666,15.05358393262677,6.3373939990997314
198,3,0.01971885348567427,0.03084148384915336,0.011122630363479092,0.055613151817395456,115.23857288753064,128,16,16,18.787854495838303,16;32;64;128,18.787854495838303;8.025252262629966;7.077280785355462;0.5720928014552003,0.2,2,217,0.84765625,42.542719968711026,55.68858873692807,13.145868768217042,45.965248762973744,14.364140238429295,6.342875003814697
198,4,0.03084148384915336,0.04196411421263245,0.011122630363479089,0.055613151817395456,119.76200153805506,128,16,16,19.072004290830947,16;32;64;128,19.072004290830947;5.207931906923864;3.7973282400979795;1.0613295795100917,0.2,2,207,0.80859375,55.68858873692807,65.33041761943605,9.64182888250798,47.06813970248275,14.70879365702586,6.321690082550049
198,5,0.04196411421263245,0.05308674457611154,0.011122630363479089,0.055613151817395456,124.63852632961829,128,16,16,18.227120391739998,16;32;64;128,18.227120391739998;3.0924056286465826;3.0964310474162815;1.3864025311678665,0.2,2,206,0.8046875,65.33041761943605,67.36565195280127,2.0352343333652243,46.101394953905725,14.406685923095539,6.295565843582153
198,6,0.05308674457611154,0.055613151817395456,0.002526407241283918,0.055613151817395456,127.76147328661008,128,16,16,24.30494533907381,16;32;64;128,24.30494533907381;7.259269843716358;4.113782656424204;0.5025756401763005,0.2,2,215,0.83984375,67.36565195280127,69.30034551327117,1.9346935604698956,43.20950649808815,13.502970780652547,6.30599308013916
