timestamp,gpu_util_percent,memory_used_mib,power_w
2026/05/09 23:13:30.890,6,4044,38.53
2026/05/09 23:13:31.945,9,4044,39.06
2026/05/09 23:13:32.993,14,4040,38.07
2026/05/09 23:13:34.027,1,4040,47.06
2026/05/09 23:13:35.071,5,4043,47.13
2026/05/09 23:13:36.115,6,4042,37.82
2026/05/09 23:13:37.169,9,4039,41.22
2026/05/09 23:13:38.225,11,4035,39.22
2026/05/09 23:13:39.277,9,4035,39.26
2026/05/09 23:13:40.329,14,4035,40.95
2026/05/09 23:13:41.377,6,4023,38.55
2026/05/09 23:13:42.428,9,4024,37.92
2026/05/09 23:13:43.478,20,4053,41.64
2026/05/09 23:13:44.530,4,4052,45.50
2026/05/09 23:13:45.578,15,4048,40.00
2026/05/09 23:13:46.629,8,4047,43.89
2026/05/09 23:13:47.679,9,4044,37.73
2026/05/09 23:13:48.729,14,3998,38.76
2026/05/09 23:13:49.769,6,3995,34.31
2026/05/09 23:13:50.824,6,3991,34.20
2026/05/09 23:13:51.870,6,3991,34.13
2026/05/09 23:13:52.920,5,3991,33.76
2026/05/09 23:13:53.976,6,3971,33.82
2026/05/09 23:13:55.017,7,4474,33.72
2026/05/09 23:13:56.048,1,4506,61.46
2026/05/09 23:13:57.079,1,4506,64.67
2026/05/09 23:13:58.110,1,4506,64.65
2026/05/09 23:13:59.141,1,4506,64.90
2026/05/09 23:14:00.172,1,4506,64.90
2026/05/09 23:14:01.203,1,4506,64.90
2026/05/09 23:14:02.234,1,4506,65.06
2026/05/09 23:14:03.266,1,4506,65.39
2026/05/09 23:14:04.296,1,4506,65.30
2026/05/09 23:14:05.326,1,4506,65.19
2026/05/09 23:14:06.356,1,4506,64.92
2026/05/09 23:14:07.386,1,4572,65.61
2026/05/09 23:14:08.417,1,4572,66.05
2026/05/09 23:14:09.448,1,4572,65.74
2026/05/09 23:14:10.478,1,4571,65.64
2026/05/09 23:14:11.509,1,4571,65.45
2026/05/09 23:14:12.540,59,4571,72.04
2026/05/09 23:14:13.572,5,4571,103.69
2026/05/09 23:14:14.605,49,4603,115.11
2026/05/09 23:14:15.636,62,4603,147.41
2026/05/09 23:14:16.667,56,4603,147.05
2026/05/09 23:14:17.698,54,4603,118.71
2026/05/09 23:14:18.729,53,4603,112.74
2026/05/09 23:14:19.759,55,4603,139.61
2026/05/09 23:14:20.790,57,4603,146.61
2026/05/09 23:14:21.821,49,4603,132.26
2026/05/09 23:14:22.853,47,4603,112.34
2026/05/09 23:14:23.885,61,4603,138.21
2026/05/09 23:14:24.915,59,4603,147.22
2026/05/09 23:14:25.947,55,4603,123.42
2026/05/09 23:14:26.977,60,4603,136.44
2026/05/09 23:14:28.007,61,4603,151.95
2026/05/09 23:14:29.039,58,4603,138.71
2026/05/09 23:14:30.071,58,4603,114.18
2026/05/09 23:14:31.103,44,4603,129.15
2026/05/09 23:14:32.133,50,4603,137.22
2026/05/09 23:14:33.162,56,4603,146.30
2026/05/09 23:14:34.192,52,4603,124.23
2026/05/09 23:14:35.224,54,4603,128.35
2026/05/09 23:14:36.255,55,4603,146.28
2026/05/09 23:14:37.286,56,4603,148.66
2026/05/09 23:14:38.318,59,4603,119.90
2026/05/09 23:14:39.350,59,4603,135.59
2026/05/09 23:14:40.381,50,4623,147.42
2026/05/09 23:14:41.414,58,4624,147.37
2026/05/09 23:14:42.445,46,4620,119.55
2026/05/09 23:14:43.477,44,4619,137.10
2026/05/09 23:14:44.509,53,4619,139.29
2026/05/09 23:14:45.541,62,4606,136.65
2026/05/09 23:14:46.573,48,4606,114.10
2026/05/09 23:14:47.605,58,4606,133.73
2026/05/09 23:14:48.635,54,4606,143.75
2026/05/09 23:14:49.667,51,4606,142.47
2026/05/09 23:14:50.698,59,4606,117.01
2026/05/09 23:14:51.728,64,4606,141.26
2026/05/09 23:14:52.759,46,4606,142.32
2026/05/09 23:14:53.789,55,4606,137.04
2026/05/09 23:14:54.820,55,4606,115.23
2026/05/09 23:14:55.852,47,4606,130.26
2026/05/09 23:14:56.883,0,4606,133.38
2026/05/09 23:14:57.913,0,4606,91.42
2026/05/09 23:14:58.946,96,4606,172.20
2026/05/09 23:14:59.978,94,4606,195.09
2026/05/09 23:15:01.013,95,4606,193.46
2026/05/09 23:15:02.044,95,4606,195.70
2026/05/09 23:15:03.076,96,4606,365.87
2026/05/09 23:15:04.109,96,4606,547.63
2026/05/09 23:15:05.140,92,4606,553.41
2026/05/09 23:15:06.172,96,4606,552.90
2026/05/09 23:15:07.203,96,4606,553.69
2026/05/09 23:15:08.234,91,4607,558.72
2026/05/09 23:15:09.264,97,4607,567.69
2026/05/09 23:15:10.295,96,4606,419.39
2026/05/09 23:15:11.325,95,4606,201.18
2026/05/09 23:15:12.356,95,4606,200.35
2026/05/09 23:15:13.388,95,4606,200.69
2026/05/09 23:15:14.420,97,4606,407.26
2026/05/09 23:15:15.453,97,4621,558.22
2026/05/09 23:15:16.484,92,4621,558.78
2026/05/09 23:15:17.515,98,4618,553.78
2026/05/09 23:15:18.545,94,4618,558.24
2026/05/09 23:15:19.575,96,4618,564.90
2026/05/09 23:15:20.606,97,4606,559.28
2026/05/09 23:15:21.636,95,4606,422.77
2026/05/09 23:15:22.666,96,4606,203.84
2026/05/09 23:15:23.697,95,4606,202.74
2026/05/09 23:15:24.728,96,4606,202.38
2026/05/09 23:15:25.759,96,4606,229.79
2026/05/09 23:15:26.790,92,4606,541.83
2026/05/09 23:15:27.822,96,4606,556.60
2026/05/09 23:15:28.853,96,4606,546.80
2026/05/09 23:15:29.883,90,4606,563.03
2026/05/09 23:15:30.914,97,4606,555.75
2026/05/09 23:15:31.945,92,4606,547.80
2026/05/09 23:15:32.976,95,4606,433.47
2026/05/09 23:15:34.009,95,4606,204.98
2026/05/09 23:15:35.040,96,4606,203.80
2026/05/09 23:15:36.071,95,4606,203.12
2026/05/09 23:15:37.102,94,4606,204.18
2026/05/09 23:15:38.134,96,4606,552.55
2026/05/09 23:15:39.165,93,4606,561.42
2026/05/09 23:15:40.195,96,4606,549.05
2026/05/09 23:15:41.227,91,4606,545.59
2026/05/09 23:15:42.259,95,4606,550.91
2026/05/09 23:15:43.292,94,4606,552.25
2026/05/09 23:15:44.322,96,4606,560.37
2026/05/09 23:15:45.353,95,4606,291.10
2026/05/09 23:15:46.384,95,4606,205.46
2026/05/09 23:15:47.416,95,4606,204.47
2026/05/09 23:15:48.448,96,4606,204.42
2026/05/09 23:15:49.478,95,4606,534.74
2026/05/09 23:15:50.510,98,4606,561.65
2026/05/09 23:15:51.540,94,4606,559.14
2026/05/09 23:15:52.572,98,4606,556.65
2026/05/09 23:15:53.603,95,4606,553.04
2026/05/09 23:15:54.636,97,4606,558.56
2026/05/09 23:15:55.667,96,4606,555.22
2026/05/09 23:15:56.697,0,4606,208.95
2026/05/09 23:15:57.728,64,4606,115.85
2026/05/09 23:15:58.759,53,4606,127.91
2026/05/09 23:15:59.791,58,4606,157.43
2026/05/09 23:16:00.822,59,4606,159.43
2026/05/09 23:16:01.853,53,4606,140.62
2026/05/09 23:16:02.884,52,4606,124.47
2026/05/09 23:16:03.916,49,4606,153.94
2026/05/09 23:16:04.948,56,4606,155.63
2026/05/09 23:16:05.980,51,4606,131.26
2026/05/09 23:16:07.011,47,4606,133.09
2026/05/09 23:16:08.043,46,4687,147.19
2026/05/09 23:16:09.075,46,4687,145.87
2026/05/09 23:16:10.105,46,4685,133.32
2026/05/09 23:16:11.136,51,4685,119.13
2026/05/09 23:16:12.169,57,4685,148.12
2026/05/09 23:16:13.201,59,4608,154.15
2026/05/09 23:16:14.233,51,4608,139.29
2026/05/09 23:16:15.263,51,4608,119.29
2026/05/09 23:16:16.294,54,4608,146.85
2026/05/09 23:16:17.325,54,4608,151.48
2026/05/09 23:16:18.357,54,4608,137.33
2026/05/09 23:16:19.389,53,4608,117.63
2026/05/09 23:16:20.420,51,4608,140.79
2026/05/09 23:16:21.452,49,4608,142.97
2026/05/09 23:16:22.483,54,4628,133.02
2026/05/09 23:16:23.516,51,4628,120.08
2026/05/09 23:16:24.548,60,4660,150.08
2026/05/09 23:16:25.581,57,4661,151.41
2026/05/09 23:16:26.612,52,4655,133.03
2026/05/09 23:16:27.644,53,4649,116.15
2026/05/09 23:16:28.675,55,4654,145.50
2026/05/09 23:16:29.706,57,4654,152.26
2026/05/09 23:16:30.738,52,4630,134.54
2026/05/09 23:16:31.769,55,4630,116.47
2026/05/09 23:16:32.800,52,4630,142.72
2026/05/09 23:16:33.831,47,4631,141.06
2026/05/09 23:16:34.863,47,4644,140.09
2026/05/09 23:16:35.891,56,4742,120.54
2026/05/09 23:16:36.921,53,4735,138.06
2026/05/09 23:16:37.953,48,4731,142.00
2026/05/09 23:16:38.985,50,4730,137.10
2026/05/09 23:16:40.016,50,4708,117.81
2026/05/09 23:16:41.047,46,4678,138.13
2026/05/09 23:16:42.079,48,4678,140.77
2026/05/09 23:16:43.111,48,4678,141.86
2026/05/09 23:16:44.143,96,4678,185.74
2026/05/09 23:16:45.174,95,4678,196.07
2026/05/09 23:16:46.206,96,4687,196.16
2026/05/09 23:16:47.238,91,4738,196.33
2026/05/09 23:16:48.269,96,4775,372.71
2026/05/09 23:16:49.299,92,4774,556.27
2026/05/09 23:16:50.331,96,4774,560.61
2026/05/09 23:16:51.363,93,4772,555.34
2026/05/09 23:16:52.394,96,4772,557.44
2026/05/09 23:16:53.424,92,4772,553.82
2026/05/09 23:16:54.456,96,4768,567.65
2026/05/09 23:16:55.487,95,4768,257.73
2026/05/09 23:16:56.520,95,4768,200.05
2026/05/09 23:16:57.551,95,4768,199.76
2026/05/09 23:16:58.583,95,4768,199.73
2026/05/09 23:16:59.614,96,4768,352.15
2026/05/09 23:17:00.646,93,4768,559.22
2026/05/09 23:17:01.676,96,4768,553.89
2026/05/09 23:17:02.708,92,4768,549.12
2026/05/09 23:17:03.740,96,4781,553.13
2026/05/09 23:17:04.771,96,4793,560.33
2026/05/09 23:17:05.803,92,4793,553.00
2026/05/09 23:17:06.836,96,4801,478.42
2026/05/09 23:17:07.867,95,4801,203.29
2026/05/09 23:17:08.898,96,4796,202.27
2026/05/09 23:17:09.930,96,4789,201.18
2026/05/09 23:17:10.960,89,4826,302.70
2026/05/09 23:17:11.993,96,4826,557.72
2026/05/09 23:17:13.026,96,4820,556.98
2026/05/09 23:17:14.059,92,4820,551.61
2026/05/09 23:17:15.091,96,4820,558.74
2026/05/09 23:17:16.123,96,4820,565.38
2026/05/09 23:17:17.155,92,4795,550.02
2026/05/09 23:17:18.191,92,4795,564.09
2026/05/09 23:17:19.224,97,4795,232.48
2026/05/09 23:17:20.257,96,4795,204.94
2026/05/09 23:17:21.289,95,4795,203.40
2026/05/09 23:17:22.322,95,4788,202.71
2026/05/09 23:17:23.355,91,4788,423.52
2026/05/09 23:17:24.387,96,4788,563.87
2026/05/09 23:17:25.420,96,4788,563.98
2026/05/09 23:17:26.453,92,4788,558.66
2026/05/09 23:17:27.485,96,4788,564.87
2026/05/09 23:17:28.516,96,4788,562.06
2026/05/09 23:17:29.548,92,4727,553.46
2026/05/09 23:17:30.580,96,4674,286.75
2026/05/09 23:17:31.612,96,4673,205.81
2026/05/09 23:17:32.643,96,4673,205.17
2026/05/09 23:17:33.675,95,4673,204.10
2026/05/09 23:17:34.707,92,4663,341.48
2026/05/09 23:17:35.738,93,4642,556.92
2026/05/09 23:17:36.770,96,4642,563.52
2026/05/09 23:17:37.802,92,4652,553.77
2026/05/09 23:17:38.835,94,4652,556.58
2026/05/09 23:17:39.867,96,4652,551.96
2026/05/09 23:17:40.899,96,4652,553.28
2026/05/09 23:17:41.929,58,4656,281.80
2026/05/09 23:17:42.960,60,4656,135.14
2026/05/09 23:17:43.991,47,4657,156.88
2026/05/09 23:17:45.023,48,4664,151.13
2026/05/09 23:17:46.055,56,4664,143.19
2026/05/09 23:17:47.086,56,4663,127.10
2026/05/09 23:17:48.118,62,4662,155.78
2026/05/09 23:17:49.150,56,4662,159.42
2026/05/09 23:17:50.178,56,4657,139.49
2026/05/09 23:17:51.206,50,4659,125.56
2026/05/09 23:17:52.237,48,4659,150.38
2026/05/09 23:17:53.268,45,4659,145.84
2026/05/09 23:17:54.301,58,4659,142.56
2026/05/09 23:17:55.333,58,4657,123.66
2026/05/09 23:17:56.364,48,4657,140.85
2026/05/09 23:17:57.397,48,4657,146.26
2026/05/09 23:17:58.428,48,4657,145.60
2026/05/09 23:17:59.460,56,4649,122.51
2026/05/09 23:18:00.492,48,4649,145.66
2026/05/09 23:18:01.524,46,4649,144.30
2026/05/09 23:18:02.556,57,4645,142.40
2026/05/09 23:18:03.588,61,4645,121.48
2026/05/09 23:18:04.619,59,4648,143.50
2026/05/09 23:18:05.652,49,4648,147.03
2026/05/09 23:18:06.684,48,4647,143.93
2026/05/09 23:18:07.716,50,4647,122.57
2026/05/09 23:18:08.748,46,4647,130.89
2026/05/09 23:18:09.778,51,4646,144.14
2026/05/09 23:18:10.810,54,4644,148.38
2026/05/09 23:18:11.841,56,4644,130.46
2026/05/09 23:18:12.873,50,4644,128.88
2026/05/09 23:18:13.906,52,4644,142.99
2026/05/09 23:18:14.938,49,4639,141.91
2026/05/09 23:18:15.971,62,4652,122.66
2026/05/09 23:18:17.003,48,4652,134.26
2026/05/09 23:18:18.035,48,4652,146.71
2026/05/09 23:18:19.067,49,4689,144.51
2026/05/09 23:18:20.101,51,4681,127.61
2026/05/09 23:18:21.131,48,4678,127.67
2026/05/09 23:18:22.163,51,4680,143.09
2026/05/09 23:18:23.195,51,4679,142.86
2026/05/09 23:18:24.227,63,4662,131.07
2026/05/09 23:18:25.259,64,4658,125.55
2026/05/09 23:18:26.290,61,4658,154.20
2026/05/09 23:18:27.322,57,4637,152.14
2026/05/09 23:18:28.354,96,4637,185.64
2026/05/09 23:18:29.387,96,4637,196.20
2026/05/09 23:18:30.419,96,4637,196.69
2026/05/09 23:18:31.452,96,4637,197.35
2026/05/09 23:18:32.484,90,4637,540.47
2026/05/09 23:18:33.516,98,4637,549.01
2026/05/09 23:18:34.548,94,4637,549.25
2026/05/09 23:18:35.580,90,4637,556.53
2026/05/09 23:18:36.612,95,4637,545.66
2026/05/09 23:18:37.643,98,4637,552.78
2026/05/09 23:18:38.676,92,4637,546.65
2026/05/09 23:18:39.709,91,4637,327.46
2026/05/09 23:18:40.741,96,4637,201.58
2026/05/09 23:18:41.773,96,4637,200.73
2026/05/09 23:18:42.805,96,4637,200.90
2026/05/09 23:18:43.836,94,4637,316.88
2026/05/09 23:18:44.867,95,4637,564.75
2026/05/09 23:18:45.899,96,4637,559.41
2026/05/09 23:18:46.930,95,4637,556.60
2026/05/09 23:18:47.960,98,4637,568.93
2026/05/09 23:18:48.992,97,4637,565.61
2026/05/09 23:18:50.023,97,4637,566.31
2026/05/09 23:18:51.055,96,4637,292.61
2026/05/09 23:18:52.086,96,4637,204.51
2026/05/09 23:18:53.118,96,4637,203.45
2026/05/09 23:18:54.150,96,4637,203.10
2026/05/09 23:18:55.182,97,4637,325.19
2026/05/09 23:18:56.214,94,4637,563.26
2026/05/09 23:18:57.247,97,4637,569.59
2026/05/09 23:18:58.279,97,4637,561.89
2026/05/09 23:18:59.312,93,4637,559.70
2026/05/09 23:19:00.346,97,4658,564.90
2026/05/09 23:19:01.378,97,4658,562.58
2026/05/09 23:19:02.410,96,4658,484.77
2026/05/09 23:19:03.442,95,4658,205.93
2026/05/09 23:19:04.474,96,4658,205.20
2026/05/09 23:19:05.506,96,4658,204.02
2026/05/09 23:19:06.538,96,4658,324.30
2026/05/09 23:19:07.570,92,4661,558.37
2026/05/09 23:19:08.602,96,4661,553.10
2026/05/09 23:19:09.634,97,4640,561.13
2026/05/09 23:19:10.665,96,4640,561.68
2026/05/09 23:19:11.697,92,4640,563.69
2026/05/09 23:19:12.729,92,4639,549.59
2026/05/09 23:19:13.761,92,4639,519.22
2026/05/09 23:19:14.792,96,4639,207.99
2026/05/09 23:19:15.824,96,4639,205.40
2026/05/09 23:19:16.855,95,4639,204.61
2026/05/09 23:19:17.886,96,4639,203.93
2026/05/09 23:19:18.917,94,4639,465.01
2026/05/09 23:19:19.948,97,4639,563.18
2026/05/09 23:19:20.980,97,4639,551.21
2026/05/09 23:19:22.012,94,4639,554.44
2026/05/09 23:19:23.044,95,4639,563.13
2026/05/09 23:19:24.074,97,4609,562.02
2026/05/09 23:19:25.107,78,4609,542.10
2026/05/09 23:19:26.138,65,4631,134.44
2026/05/09 23:19:27.169,49,4631,148.23
2026/05/09 23:19:28.200,61,4627,159.27
2026/05/09 23:19:29.232,53,4627,151.92
2026/05/09 23:19:30.262,48,4627,129.05
2026/05/09 23:19:31.293,57,4627,146.12
2026/05/09 23:19:32.324,48,4627,151.45
2026/05/09 23:19:33.355,48,4627,153.84
2026/05/09 23:19:34.386,48,4627,123.88
2026/05/09 23:19:35.419,47,4627,135.75
2026/05/09 23:19:36.451,46,4619,146.77
2026/05/09 23:19:37.485,48,4619,147.56
2026/05/09 23:19:38.517,49,4619,121.08
2026/05/09 23:19:39.548,54,4598,142.62
2026/05/09 23:19:40.580,55,4598,156.55
2026/05/09 23:19:41.612,54,4598,145.33
2026/05/09 23:19:42.643,47,4598,120.73
2026/05/09 23:19:43.674,59,4598,145.17
2026/05/09 23:19:44.706,62,4619,153.63
2026/05/09 23:19:45.738,57,4619,143.89
2026/05/09 23:19:46.767,56,4619,121.58
2026/05/09 23:19:47.797,60,4619,147.97
2026/05/09 23:19:48.829,48,4619,147.45
2026/05/09 23:19:49.861,56,4619,139.21
2026/05/09 23:19:50.892,57,4619,118.55
2026/05/09 23:19:51.923,55,4619,145.39
2026/05/09 23:19:52.956,46,4619,141.93
2026/05/09 23:19:53.986,49,4619,130.19
2026/05/09 23:19:55.017,46,4619,120.60
2026/05/09 23:19:56.049,47,4619,142.67
2026/05/09 23:19:57.081,49,4619,142.28
2026/05/09 23:19:58.114,54,4619,139.38
2026/05/09 23:19:59.145,63,4619,121.41
2026/05/09 23:20:00.177,51,4619,147.00
2026/05/09 23:20:01.210,48,4594,143.33
2026/05/09 23:20:02.242,51,4594,140.27
2026/05/09 23:20:03.274,55,4594,118.10
2026/05/09 23:20:04.306,47,4594,132.90
2026/05/09 23:20:05.338,48,4594,140.63
2026/05/09 23:20:06.370,57,4594,148.68
2026/05/09 23:20:07.401,61,4594,121.02
2026/05/09 23:20:08.432,56,4594,129.71
2026/05/09 23:20:09.463,47,4594,140.89
2026/05/09 23:20:10.495,96,4594,149.76
2026/05/09 23:20:11.528,91,4626,195.84
2026/05/09 23:20:12.561,96,4626,196.24
2026/05/09 23:20:13.594,96,4626,195.68
2026/05/09 23:20:14.626,95,4626,196.04
2026/05/09 23:20:15.658,96,4626,501.14
2026/05/09 23:20:16.690,96,4626,556.47
2026/05/09 23:20:17.722,92,4626,551.43
2026/05/09 23:20:18.755,92,4626,555.29
2026/05/09 23:20:19.787,97,4626,560.47
2026/05/09 23:20:20.820,97,4626,560.53
2026/05/09 23:20:21.853,96,4626,565.35
2026/05/09 23:20:22.886,95,4626,318.62
2026/05/09 23:20:23.919,96,4626,200.57
2026/05/09 23:20:24.951,96,4626,200.75
2026/05/09 23:20:25.984,95,4626,200.44
2026/05/09 23:20:27.016,96,4626,496.00
2026/05/09 23:20:28.047,92,4626,560.51
2026/05/09 23:20:29.079,92,4626,561.24
2026/05/09 23:20:30.111,96,4626,557.11
2026/05/09 23:20:31.143,96,4626,549.94
2026/05/09 23:20:32.175,96,4626,560.83
2026/05/09 23:20:33.207,98,4626,562.18
2026/05/09 23:20:34.239,96,4626,338.36
2026/05/09 23:20:35.272,96,4626,203.37
2026/05/09 23:20:36.305,91,4626,202.14
2026/05/09 23:20:37.338,96,4632,202.14
2026/05/09 23:20:38.370,98,4631,279.64
2026/05/09 23:20:39.403,96,4631,555.86
2026/05/09 23:20:40.435,96,4631,562.14
2026/05/09 23:20:41.466,92,4631,545.28
2026/05/09 23:20:42.498,92,4631,554.70
2026/05/09 23:20:43.530,96,4626,546.16
2026/05/09 23:20:44.562,98,4626,558.72
2026/05/09 23:20:45.595,96,4626,395.23
2026/05/09 23:20:46.628,96,4626,205.71
2026/05/09 23:20:47.660,96,4626,203.94
2026/05/09 23:20:48.693,96,4626,203.23
2026/05/09 23:20:49.726,91,4626,234.11
2026/05/09 23:20:50.759,96,4626,552.83
2026/05/09 23:20:51.791,96,4626,563.32
2026/05/09 23:20:52.823,92,4626,556.58
2026/05/09 23:20:53.856,92,4626,557.71
2026/05/09 23:20:54.888,98,4626,561.06
2026/05/09 23:20:55.920,96,4626,553.17
2026/05/09 23:20:56.953,95,4626,445.83
2026/05/09 23:20:57.986,96,4626,205.88
2026/05/09 23:20:59.019,96,4626,204.96
2026/05/09 23:21:00.052,96,4626,203.75
2026/05/09 23:21:01.085,96,4626,204.32
2026/05/09 23:21:02.117,99,4626,562.03
2026/05/09 23:21:03.149,99,4626,560.31
2026/05/09 23:21:04.181,98,4626,563.52
2026/05/09 23:21:05.213,95,4626,559.92
2026/05/09 23:21:06.245,99,4626,557.92
2026/05/09 23:21:07.278,98,4626,565.99
2026/05/09 23:21:08.310,99,4626,562.16
2026/05/09 23:21:09.342,50,4626,201.38
2026/05/09 23:21:10.373,55,4626,133.61
2026/05/09 23:21:11.405,55,4626,159.80
2026/05/09 23:21:12.436,52,4626,126.98
2026/05/09 23:21:13.468,57,4626,152.25
2026/05/09 23:21:14.499,59,4626,157.75
2026/05/09 23:21:15.530,49,4626,145.89
2026/05/09 23:21:16.562,54,4626,124.09
2026/05/09 23:21:17.593,58,4626,156.32
2026/05/09 23:21:18.625,61,4626,160.93
2026/05/09 23:21:19.656,49,4626,138.20
2026/05/09 23:21:20.688,52,4626,122.64
2026/05/09 23:21:21.720,62,4626,153.48
2026/05/09 23:21:22.749,54,4626,151.08
2026/05/09 23:21:23.780,64,4626,140.10
2026/05/09 23:21:24.812,62,4626,131.67
2026/05/09 23:21:25.844,52,4626,151.35
2026/05/09 23:21:26.874,52,4626,145.44
2026/05/09 23:21:27.904,60,4626,133.20
2026/05/09 23:21:28.935,47,4626,120.20
2026/05/09 23:21:29.965,48,4626,147.45
2026/05/09 23:21:30.998,50,4626,143.94
2026/05/09 23:21:32.030,54,4626,125.51
2026/05/09 23:21:33.062,57,4626,126.55
2026/05/09 23:21:34.093,57,4626,153.89
2026/05/09 23:21:35.122,58,4626,148.53
2026/05/09 23:21:36.149,50,4626,130.07
2026/05/09 23:21:37.181,47,4626,129.90
2026/05/09 23:21:38.212,58,4626,145.74
2026/05/09 23:21:39.244,48,4650,147.69
2026/05/09 23:21:40.275,50,4650,124.20
2026/05/09 23:21:41.307,53,4650,120.76
2026/05/09 23:21:42.338,53,4650,149.98
2026/05/09 23:21:43.370,57,4650,150.44
2026/05/09 23:21:44.401,55,4646,130.22
2026/05/09 23:21:45.433,49,4646,122.34
2026/05/09 23:21:46.465,60,4646,146.35
2026/05/09 23:21:47.496,48,4646,142.63
2026/05/09 23:21:48.528,49,4646,119.91
2026/05/09 23:21:49.558,58,4646,127.36
2026/05/09 23:21:50.594,58,4646,147.84
2026/05/09 23:21:51.626,47,4646,146.57
2026/05/09 23:21:52.658,96,4646,180.52
2026/05/09 23:21:53.689,95,4646,195.41
2026/05/09 23:21:54.720,95,4652,195.78
2026/05/09 23:21:55.751,96,4652,195.52
2026/05/09 23:21:56.782,92,4651,333.13
2026/05/09 23:21:57.814,96,4651,553.12
2026/05/09 23:21:58.846,96,4651,559.50
2026/05/09 23:21:59.879,92,4652,555.88
2026/05/09 23:22:00.911,94,4681,564.09
2026/05/09 23:22:01.943,96,4679,559.62
2026/05/09 23:22:02.976,96,4675,563.31
2026/05/09 23:22:04.009,96,4675,328.50
2026/05/09 23:22:05.041,96,4675,200.01
2026/05/09 23:22:06.074,96,4652,199.64
2026/05/09 23:22:07.107,96,4652,200.33
2026/05/09 23:22:08.140,91,4652,317.21
2026/05/09 23:22:09.171,96,4652,559.18
2026/05/09 23:22:10.202,96,4652,554.18
2026/05/09 23:22:11.234,96,4652,560.93
2026/05/09 23:22:12.266,94,4652,561.15
2026/05/09 23:22:13.298,92,4652,557.18
2026/05/09 23:22:14.330,96,4652,558.18
2026/05/09 23:22:15.362,96,4652,508.31
2026/05/09 23:22:16.394,96,4864,203.94
2026/05/09 23:22:17.426,90,4864,202.32
2026/05/09 23:22:18.458,95,4864,201.46
2026/05/09 23:22:19.490,94,4900,270.65
2026/05/09 23:22:20.521,91,4906,556.69
2026/05/09 23:22:21.554,94,4920,558.80
2026/05/09 23:22:22.586,97,4916,561.02
2026/05/09 23:22:23.618,97,4914,558.23
2026/05/09 23:22:24.650,98,4912,560.01
2026/05/09 23:22:25.682,97,4880,557.40
2026/05/09 23:22:26.715,97,4658,565.04
2026/05/09 23:22:27.747,96,4658,210.77
2026/05/09 23:22:28.779,96,4658,204.27
2026/05/09 23:22:29.813,96,4658,203.73
2026/05/09 23:22:30.846,96,4658,202.59
2026/05/09 23:22:31.881,91,4658,398.69
2026/05/09 23:22:32.912,92,4658,542.34
2026/05/09 23:22:33.943,94,4658,549.41
2026/05/09 23:22:34.976,94,4658,555.91
2026/05/09 23:22:36.008,91,4658,549.48
2026/05/09 23:22:37.040,94,4658,558.08
2026/05/09 23:22:38.073,91,4658,552.99
2026/05/09 23:22:39.106,96,4658,315.88
2026/05/09 23:22:40.139,96,4658,204.51
2026/05/09 23:22:41.171,96,4658,203.51
2026/05/09 23:22:42.203,96,4658,203.13
2026/05/09 23:22:43.235,96,4658,334.08
2026/05/09 23:22:44.266,98,4658,560.48
2026/05/09 23:22:45.299,96,4658,551.81
2026/05/09 23:22:46.331,92,4658,562.21
2026/05/09 23:22:47.363,93,4658,558.87
2026/05/09 23:22:48.397,94,4682,554.22
2026/05/09 23:22:49.429,92,4674,547.88
2026/05/09 23:22:50.462,57,4674,306.61
2026/05/09 23:22:51.494,46,4675,133.89
2026/05/09 23:22:52.526,48,4675,150.76
2026/05/09 23:22:53.558,56,4670,158.09
2026/05/09 23:22:54.588,61,4670,143.42
2026/05/09 23:22:55.620,53,4670,127.37
2026/05/09 23:22:56.652,49,4658,148.28
2026/05/09 23:22:57.684,47,4658,147.59
2026/05/09 23:22:58.714,53,4658,142.32
2026/05/09 23:22:59.744,58,4658,123.33
2026/05/09 23:23:00.776,47,4658,142.74
2026/05/09 23:23:01.808,51,4658,147.63
2026/05/09 23:23:02.838,50,4658,145.88
2026/05/09 23:23:03.865,65,4658,123.59
2026/05/09 23:23:04.894,60,4658,143.07
2026/05/09 23:23:05.926,47,4658,148.67
2026/05/09 23:23:06.958,56,4658,136.32
2026/05/09 23:23:07.990,56,4658,121.71
2026/05/09 23:23:09.022,48,4658,142.90
2026/05/09 23:23:10.054,50,4658,130.14
2026/05/09 23:23:11.086,47,4658,122.08
2026/05/09 23:23:12.117,58,4658,152.10
2026/05/09 23:23:13.148,50,4658,147.73
2026/05/09 23:23:14.179,59,4658,133.10
2026/05/09 23:23:15.210,50,4658,122.09
2026/05/09 23:23:16.241,49,4658,147.46
2026/05/09 23:23:17.273,56,4658,145.64
2026/05/09 23:23:18.305,53,4658,134.54
2026/05/09 23:23:19.337,59,4652,120.69
2026/05/09 23:23:20.368,54,4652,146.70
2026/05/09 23:23:21.401,58,4654,127.68
2026/05/09 23:23:22.433,55,4658,126.22
2026/05/09 23:23:23.465,56,4658,148.52
2026/05/09 23:23:24.496,58,4658,143.22
2026/05/09 23:23:25.528,57,4658,116.95
2026/05/09 23:23:26.560,52,4658,141.50
2026/05/09 23:23:27.592,49,4658,141.34
2026/05/09 23:23:28.624,49,4658,142.19
2026/05/09 23:23:29.657,95,4658,191.13
2026/05/09 23:23:30.689,95,4658,196.02
2026/05/09 23:23:31.722,96,4658,196.34
2026/05/09 23:23:32.755,95,4658,195.98
2026/05/09 23:23:33.787,93,4658,402.30
2026/05/09 23:23:34.820,97,4658,558.35
2026/05/09 23:23:35.851,96,4658,564.15
2026/05/09 23:23:36.883,96,4658,564.16
2026/05/09 23:23:37.915,96,4658,564.50
2026/05/09 23:23:38.949,96,4658,566.97
2026/05/09 23:23:39.982,96,4658,566.15
2026/05/09 23:23:41.014,96,4658,229.64
2026/05/09 23:23:42.047,93,4658,200.66
2026/05/09 23:23:43.079,90,4658,200.71
2026/05/09 23:23:44.112,95,4658,200.30
2026/05/09 23:23:45.144,90,4658,408.02
2026/05/09 23:23:46.175,92,4658,559.90
2026/05/09 23:23:47.207,92,4658,557.83
2026/05/09 23:23:48.239,97,4658,563.99
2026/05/09 23:23:49.271,97,4658,556.08
2026/05/09 23:23:50.305,97,4658,554.46
2026/05/09 23:23:51.337,97,4658,559.49
2026/05/09 23:23:52.370,96,4658,428.36
2026/05/09 23:23:53.402,95,4658,203.80
2026/05/09 23:23:54.434,96,4658,202.31
2026/05/09 23:23:55.466,95,4658,202.02
2026/05/09 23:23:56.498,93,4658,364.97
2026/05/09 23:23:57.529,98,4658,569.38
2026/05/09 23:23:58.561,98,4658,569.03
2026/05/09 23:23:59.592,97,4658,566.68
2026/05/09 23:24:00.624,97,4658,561.40
2026/05/09 23:24:01.657,94,4658,560.45
2026/05/09 23:24:02.689,92,4658,562.25
2026/05/09 23:24:03.722,96,4658,454.46
2026/05/09 23:24:04.755,96,4658,205.19
2026/05/09 23:24:05.787,91,4658,203.66
2026/05/09 23:24:06.818,95,4658,203.32
2026/05/09 23:24:07.849,95,4658,203.38
2026/05/09 23:24:08.881,94,4658,544.63
2026/05/09 23:24:09.911,92,4329,565.11
2026/05/09 23:24:10.943,93,4301,566.77
2026/05/09 23:24:11.975,93,4301,564.55
2026/05/09 23:24:13.006,91,4301,560.95
2026/05/09 23:24:14.038,95,4301,557.21
2026/05/09 23:24:15.068,96,4301,500.50
2026/05/09 23:24:16.100,96,4311,206.06
2026/05/09 23:24:17.132,96,4308,204.65
2026/05/09 23:24:18.164,96,4308,204.36
2026/05/09 23:24:19.196,96,4306,203.68
2026/05/09 23:24:20.227,93,4306,500.42
2026/05/09 23:24:21.260,94,4305,571.75
2026/05/09 23:24:22.292,94,4305,570.13
2026/05/09 23:24:23.323,97,4305,562.10
2026/05/09 23:24:24.356,95,4305,559.42
2026/05/09 23:24:25.387,95,4305,571.41
2026/05/09 23:24:26.419,97,4305,563.98
2026/05/09 23:24:27.452,61,4305,321.13
2026/05/09 23:24:28.483,52,4305,148.39
2026/05/09 23:24:29.516,46,4305,153.75
2026/05/09 23:24:30.549,53,4305,154.13
2026/05/09 23:24:31.581,46,4305,126.74
2026/05/09 23:24:32.612,49,4309,131.31
2026/05/09 23:24:33.645,49,4310,149.68
2026/05/09 23:24:34.677,49,4322,149.30
2026/05/09 23:24:35.709,51,4323,142.08
2026/05/09 23:24:36.740,55,4321,126.47
2026/05/09 23:24:37.772,46,4317,143.99
2026/05/09 23:24:38.805,47,4314,146.99
2026/05/09 23:24:39.836,56,4311,150.48
2026/05/09 23:24:40.867,50,4311,125.31
2026/05/09 23:24:41.898,47,4306,136.93
2026/05/09 23:24:42.930,49,4311,145.37
2026/05/09 23:24:43.963,45,4307,142.11
2026/05/09 23:24:44.995,55,4307,121.60
2026/05/09 23:24:46.027,48,4307,134.76
2026/05/09 23:24:47.060,48,4306,145.89
2026/05/09 23:24:48.092,49,4306,142.71
2026/05/09 23:24:49.123,61,4306,127.56
2026/05/09 23:24:50.155,47,4306,128.20
2026/05/09 23:24:51.187,51,4306,145.85
2026/05/09 23:24:52.219,52,4306,149.03
2026/05/09 23:24:53.251,63,4306,131.68
2026/05/09 23:24:54.283,53,4306,125.94
2026/05/09 23:24:55.315,50,4306,144.76
2026/05/09 23:24:56.348,48,4306,143.32
2026/05/09 23:24:57.380,56,4306,133.40
2026/05/09 23:24:58.410,49,4306,118.59
2026/05/09 23:24:59.440,47,4306,142.14
2026/05/09 23:25:00.471,45,4306,141.48
2026/05/09 23:25:01.499,54,4306,127.50
2026/05/09 23:25:02.529,51,4306,125.12
2026/05/09 23:25:03.560,48,4306,144.93
2026/05/09 23:25:04.593,48,4306,142.87
2026/05/09 23:25:05.624,57,4306,134.21
2026/05/09 23:25:06.655,60,4306,118.99
2026/05/09 23:25:07.686,53,4306,142.77
2026/05/09 23:25:08.717,52,4306,144.01
2026/05/09 23:25:09.749,56,4306,137.73
2026/05/09 23:25:10.779,61,4306,118.45
2026/05/09 23:25:11.812,46,4306,132.90
2026/05/09 23:25:12.844,46,4306,140.39
2026/05/09 23:25:13.876,50,4306,140.67
2026/05/09 23:25:14.908,96,4306,180.52
2026/05/09 23:25:15.939,95,4306,196.58
2026/05/09 23:25:16.970,95,4306,196.35
2026/05/09 23:25:18.002,96,4306,196.11
2026/05/09 23:25:19.034,96,4306,508.57
2026/05/09 23:25:20.065,91,4306,554.94
2026/05/09 23:25:21.096,91,4306,563.04
2026/05/09 23:25:22.128,96,4306,558.41
2026/05/09 23:25:23.161,96,4306,564.15
2026/05/09 23:25:24.193,96,4306,564.61
2026/05/09 23:25:25.226,92,4306,558.99
2026/05/09 23:25:26.262,91,4306,335.18
2026/05/09 23:25:27.293,95,4324,200.83
2026/05/09 23:25:28.326,95,4324,199.91
2026/05/09 23:25:29.358,96,4332,199.79
2026/05/09 23:25:30.389,90,4356,288.76
2026/05/09 23:25:31.420,92,4357,558.11
2026/05/09 23:25:32.453,96,4357,567.02
2026/05/09 23:25:33.485,96,4357,554.53
2026/05/09 23:25:34.518,92,4357,547.29
2026/05/09 23:25:35.551,98,4354,567.67
2026/05/09 23:25:36.583,97,4354,567.35
2026/05/09 23:25:37.615,92,4338,422.04
2026/05/09 23:25:38.647,96,4337,203.79
2026/05/09 23:25:39.679,96,4325,202.72
2026/05/09 23:25:40.712,96,4315,202.13
2026/05/09 23:25:41.745,96,4301,218.67
2026/05/09 23:25:42.778,96,4301,547.47
2026/05/09 23:25:43.809,92,4301,568.78
2026/05/09 23:25:44.842,92,4301,561.32
2026/05/09 23:25:45.875,96,4301,558.91
2026/05/09 23:25:46.908,96,4301,571.23
2026/05/09 23:25:47.942,92,4301,570.22
2026/05/09 23:25:48.974,96,4301,458.38
2026/05/09 23:25:50.008,95,4301,206.57
2026/05/09 23:25:51.041,95,4315,204.66
2026/05/09 23:25:52.074,96,4315,203.94
2026/05/09 23:25:53.106,96,4323,203.10
2026/05/09 23:25:54.138,91,4323,531.71
2026/05/09 23:25:55.170,96,4323,549.83
2026/05/09 23:25:56.203,96,4323,566.45
2026/05/09 23:25:57.236,98,4323,565.90
2026/05/09 23:25:58.268,92,4324,561.37
2026/05/09 23:25:59.302,96,4332,574.33
2026/05/09 23:26:00.334,96,4367,566.51
2026/05/09 23:26:01.366,96,4356,340.49
2026/05/09 23:26:02.398,95,4356,204.79
2026/05/09 23:26:03.430,96,4356,204.40
2026/05/09 23:26:04.462,96,4352,203.38
2026/05/09 23:26:05.497,96,4332,456.29
2026/05/09 23:26:06.529,92,4348,557.48
2026/05/09 23:26:07.560,91,4344,553.41
2026/05/09 23:26:08.591,96,4340,560.04
2026/05/09 23:26:09.622,98,4340,558.91
2026/05/09 23:26:10.654,92,4340,561.21
2026/05/09 23:26:11.686,92,4324,568.33
2026/05/09 23:26:12.717,57,4324,400.21
2026/05/09 23:26:13.748,58,4321,131.38
2026/05/09 23:26:14.779,50,4330,152.25
2026/05/09 23:26:15.812,47,4333,155.57
2026/05/09 23:26:16.844,57,4357,150.74
2026/05/09 23:26:17.876,55,4357,128.32
2026/05/09 23:26:18.908,51,4357,148.15
2026/05/09 23:26:19.940,55,4358,151.09
2026/05/09 23:26:20.967,64,4358,140.38
2026/05/09 23:26:21.997,56,4342,128.56
2026/05/09 23:26:23.028,48,4346,147.37
2026/05/09 23:26:24.060,46,4342,145.65
2026/05/09 23:26:25.092,47,4334,143.78
2026/05/09 23:26:26.124,47,4334,121.70
2026/05/09 23:26:27.156,48,4328,140.18
2026/05/09 23:26:28.188,48,4307,145.73
2026/05/09 23:26:29.217,53,4307,145.72
2026/05/09 23:26:30.247,56,4307,124.47
2026/05/09 23:26:31.279,59,4307,132.62
2026/05/09 23:26:32.311,56,4307,153.07
2026/05/09 23:26:33.342,57,4307,152.90
2026/05/09 23:26:34.373,48,4307,119.25
2026/05/09 23:26:35.405,60,4307,132.13
2026/05/09 23:26:36.437,50,4307,149.02
2026/05/09 23:26:37.469,53,4307,138.77
2026/05/09 23:26:38.503,61,4307,119.59
2026/05/09 23:26:39.535,51,4307,137.86
2026/05/09 23:26:40.567,49,4307,143.95
2026/05/09 23:26:41.600,53,4307,146.17
2026/05/09 23:26:42.631,48,4307,119.52
2026/05/09 23:26:43.662,51,4307,127.34
2026/05/09 23:26:44.693,58,4307,148.47
2026/05/09 23:26:45.723,56,4307,149.63
2026/05/09 23:26:46.755,51,4307,122.57
2026/05/09 23:26:47.787,46,4307,123.56
2026/05/09 23:26:48.820,51,4307,140.94
2026/05/09 23:26:49.852,48,4307,141.42
2026/05/09 23:26:50.884,46,4307,132.66
2026/05/09 23:26:51.916,47,4307,114.86
2026/05/09 23:26:52.947,45,4307,135.12
2026/05/09 23:26:53.979,51,4307,121.26
2026/05/09 23:26:55.012,46,4307,125.71
2026/05/09 23:26:56.044,46,4307,139.64
2026/05/09 23:26:57.076,57,4307,142.85
2026/05/09 23:26:58.108,96,4339,167.89
2026/05/09 23:26:59.140,95,4339,194.92
2026/05/09 23:27:00.170,96,4339,195.35
2026/05/09 23:27:01.200,96,4339,196.03
2026/05/09 23:27:02.230,94,4339,245.54
2026/05/09 23:27:03.261,93,4339,559.20
2026/05/09 23:27:04.292,94,4339,564.63
2026/05/09 23:27:05.323,97,4339,567.73
2026/05/09 23:27:06.354,97,4339,559.63
2026/05/09 23:27:07.384,98,4339,557.28
2026/05/09 23:27:08.414,97,4339,564.15
2026/05/09 23:27:09.444,94,4339,543.21
2026/05/09 23:27:10.476,96,4339,201.10
2026/05/09 23:27:11.507,96,4339,200.71
2026/05/09 23:27:12.539,96,4339,200.29
2026/05/09 23:27:13.569,95,4339,253.98
2026/05/09 23:27:14.602,94,4339,569.34
2026/05/09 23:27:15.633,94,4339,573.47
2026/05/09 23:27:16.664,98,4339,565.21
2026/05/09 23:27:17.694,97,4339,565.99
2026/05/09 23:27:18.725,97,4344,564.59
2026/05/09 23:27:19.757,94,4344,571.06
2026/05/09 23:27:20.787,94,4344,560.32
2026/05/09 23:27:21.818,96,4344,229.32
2026/05/09 23:27:22.849,96,4344,203.13
2026/05/09 23:27:23.880,96,4343,196.90
2026/05/09 23:27:24.912,96,4343,173.90
2026/05/09 23:27:25.944,97,4339,306.88
2026/05/09 23:27:26.974,97,4339,568.34
2026/05/09 23:27:28.006,98,4339,572.13
2026/05/09 23:27:29.037,95,4339,569.25
2026/05/09 23:27:30.069,95,4339,564.23
2026/05/09 23:27:31.101,95,4339,566.63
2026/05/09 23:27:32.132,97,4339,560.87
2026/05/09 23:27:33.164,96,4339,348.78
2026/05/09 23:27:34.194,97,4340,204.51
2026/05/09 23:27:35.226,96,4340,203.77
2026/05/09 23:27:36.257,96,4340,202.90
2026/05/09 23:27:37.288,97,4340,296.63
2026/05/09 23:27:38.321,94,4340,564.09
2026/05/09 23:27:39.352,96,4339,551.92
2026/05/09 23:27:40.384,92,4339,562.68
2026/05/09 23:27:41.417,96,4344,569.84
2026/05/09 23:27:42.449,92,4344,555.02
2026/05/09 23:27:43.481,92,4344,558.77
2026/05/09 23:27:44.513,96,4359,389.57
2026/05/09 23:27:45.545,96,4359,205.43
2026/05/09 23:27:46.577,96,4355,204.09
2026/05/09 23:27:47.607,96,4355,203.30
2026/05/09 23:27:48.640,94,4355,244.30
2026/05/09 23:27:49.671,97,4336,568.69
2026/05/09 23:27:50.703,94,4336,555.30
2026/05/09 23:27:51.735,97,4353,559.06
2026/05/09 23:27:52.767,95,4349,568.20
2026/05/09 23:27:53.799,98,4348,568.74
2026/05/09 23:27:54.830,94,4348,564.26
2026/05/09 23:27:55.862,97,4348,566.89
2026/05/09 23:27:56.894,49,4336,160.56
2026/05/09 23:27:57.926,60,4336,139.19
2026/05/09 23:27:58.957,49,4336,153.40
2026/05/09 23:27:59.987,51,4336,149.99
2026/05/09 23:28:01.015,64,4336,128.32
2026/05/09 23:28:02.045,53,4336,146.57
2026/05/09 23:28:03.076,50,4336,150.83
2026/05/09 23:28:04.107,48,4336,149.23
2026/05/09 23:28:05.141,56,4336,126.45
2026/05/09 23:28:06.172,47,4336,135.68
2026/05/09 23:28:07.204,46,4340,145.82
2026/05/09 23:28:08.235,60,4340,150.84
2026/05/09 23:28:09.267,62,4340,134.55
2026/05/09 23:28:10.299,60,4337,137.36
2026/05/09 23:28:11.331,56,4337,154.37
2026/05/09 23:28:12.364,58,4337,155.12
2026/05/09 23:28:13.396,53,4336,120.32
2026/05/09 23:28:14.429,57,4336,133.07
2026/05/09 23:28:15.462,54,4336,151.64
2026/05/09 23:28:16.495,61,4336,137.85
2026/05/09 23:28:17.527,57,4336,120.32
2026/05/09 23:28:18.559,53,4445,143.62
2026/05/09 23:28:19.591,46,4447,145.73
2026/05/09 23:28:20.623,47,4438,142.38
2026/05/09 23:28:21.654,51,4437,119.27
2026/05/09 23:28:22.685,52,4437,129.37
2026/05/09 23:28:23.718,58,4388,147.30
2026/05/09 23:28:24.751,58,4418,151.02
2026/05/09 23:28:25.783,53,4422,121.68
2026/05/09 23:28:26.816,56,4422,122.65
2026/05/09 23:28:27.849,49,4422,144.94
2026/05/09 23:28:28.881,49,4422,142.15
2026/05/09 23:28:29.913,61,4423,134.42
2026/05/09 23:28:30.943,58,4423,119.89
2026/05/09 23:28:31.971,59,4424,147.51
2026/05/09 23:28:33.002,55,4424,150.15
2026/05/09 23:28:34.034,60,4424,127.08
2026/05/09 23:28:35.066,53,4423,126.61
2026/05/09 23:28:36.099,46,4423,141.19
2026/05/09 23:28:37.131,46,4419,142.37
2026/05/09 23:28:38.163,49,4419,131.63
2026/05/09 23:28:39.195,50,4419,116.03
2026/05/09 23:28:40.227,47,4419,138.11
2026/05/09 23:28:41.260,47,4419,141.01
2026/05/09 23:28:42.293,47,4419,140.97
2026/05/09 23:28:43.326,96,4419,183.16
2026/05/09 23:28:44.359,96,4419,195.32
2026/05/09 23:28:45.391,94,4419,195.35
2026/05/09 23:28:46.423,96,4419,195.24
2026/05/09 23:28:47.456,95,4419,367.94
2026/05/09 23:28:48.488,96,4419,553.22
2026/05/09 23:28:49.521,92,4419,561.27
2026/05/09 23:28:50.553,96,4417,559.19
2026/05/09 23:28:51.586,93,4381,564.33
2026/05/09 23:28:52.619,96,4381,556.79
2026/05/09 23:28:53.652,92,4381,566.02
2026/05/09 23:28:54.684,96,4381,306.28
2026/05/09 23:28:55.716,95,4381,200.69
2026/05/09 23:28:56.747,96,4381,200.10
2026/05/09 23:28:57.779,95,4381,199.65
2026/05/09 23:28:58.813,94,4404,345.44
2026/05/09 23:28:59.846,97,4404,563.81
2026/05/09 23:29:00.880,93,4404,561.12
2026/05/09 23:29:01.911,97,4405,566.05
2026/05/09 23:29:02.943,94,4405,567.07
2026/05/09 23:29:03.976,97,4409,567.62
2026/05/09 23:29:05.008,94,4402,565.83
2026/05/09 23:29:06.042,91,4407,310.78
2026/05/09 23:29:07.075,90,4407,202.19
2026/05/09 23:29:08.108,95,4407,201.49
2026/05/09 23:29:09.141,96,4405,201.43
2026/05/09 23:29:10.173,96,4370,274.51
2026/05/09 23:29:11.204,93,4402,560.28
2026/05/09 23:29:12.236,96,4416,560.90
2026/05/09 23:29:13.266,96,4415,567.86
2026/05/09 23:29:14.296,93,4412,560.15
2026/05/09 23:29:15.327,96,4411,560.75
2026/05/09 23:29:16.360,96,4370,559.62
2026/05/09 23:29:17.391,93,4358,561.58
2026/05/09 23:29:18.425,96,4354,266.15
2026/05/09 23:29:19.457,96,4354,203.99
2026/05/09 23:29:20.490,96,4353,203.45
2026/05/09 23:29:21.522,96,4502,202.38
2026/05/09 23:29:22.553,94,4501,555.12
2026/05/09 23:29:23.585,96,4470,561.91
2026/05/09 23:29:24.618,93,4470,556.74
2026/05/09 23:29:25.650,93,4536,567.10
2026/05/09 23:29:26.681,97,4640,559.28
2026/05/09 23:29:27.713,99,4654,565.39
2026/05/09 23:29:28.745,93,4652,559.25
2026/05/09 23:29:29.777,96,4647,352.87
2026/05/09 23:29:30.810,96,4631,205.51
2026/05/09 23:29:31.843,95,4475,204.63
2026/05/09 23:29:32.875,96,4344,203.92
2026/05/09 23:29:33.907,94,4344,304.71
2026/05/09 23:29:34.938,97,4366,570.73
2026/05/09 23:29:35.971,96,4379,570.84
2026/05/09 23:29:37.005,97,4409,556.51
2026/05/09 23:29:38.040,95,4409,568.21
2026/05/09 23:29:39.071,95,4409,563.57
2026/05/09 23:29:40.104,97,4396,569.41
2026/05/09 23:29:41.136,47,4396,314.30
2026/05/09 23:29:42.168,58,4412,129.45
2026/05/09 23:29:43.200,57,4400,161.39
2026/05/09 23:29:44.233,59,4420,162.25
2026/05/09 23:29:45.265,57,4421,143.04
2026/05/09 23:29:46.297,54,4420,126.33
2026/05/09 23:29:47.329,47,4411,148.88
2026/05/09 23:29:48.359,55,4421,153.69
2026/05/09 23:29:49.388,52,4387,147.88
2026/05/09 23:29:50.418,58,4387,126.14
2026/05/09 23:29:51.449,47,4389,142.01
2026/05/09 23:29:52.479,56,4387,155.65
2026/05/09 23:29:53.510,56,4380,138.36
2026/05/09 23:29:54.541,52,4377,126.26
2026/05/09 23:29:55.572,49,4373,146.87
2026/05/09 23:29:56.604,51,4329,150.58
2026/05/09 23:29:57.636,54,4320,139.62
2026/05/09 23:29:58.666,56,4438,123.19
2026/05/09 23:29:59.698,49,4437,144.53
2026/05/09 23:30:00.730,48,4431,145.74
2026/05/09 23:30:01.762,46,4430,144.92
2026/05/09 23:30:02.794,50,4424,120.53
2026/05/09 23:30:03.826,52,4383,133.27
2026/05/09 23:30:04.858,55,4367,151.40
2026/05/09 23:30:05.890,50,4367,144.52
2026/05/09 23:30:06.922,46,4421,122.47
2026/05/09 23:30:07.953,52,4426,124.03
2026/05/09 23:30:08.985,48,4425,141.74
2026/05/09 23:30:10.017,48,4424,145.07
2026/05/09 23:30:11.048,55,4438,122.29
2026/05/09 23:30:12.080,48,4435,129.90
2026/05/09 23:30:13.111,49,4429,141.55
2026/05/09 23:30:14.143,54,4422,142.53
2026/05/09 23:30:15.174,61,4422,131.30
2026/05/09 23:30:16.203,55,4438,130.51
2026/05/09 23:30:17.234,56,4440,150.20
2026/05/09 23:30:18.266,54,4445,149.37
2026/05/09 23:30:19.296,64,4453,128.84
2026/05/09 23:30:20.324,57,4446,130.07
2026/05/09 23:30:21.355,52,4446,149.76
2026/05/09 23:30:22.387,48,4445,144.03
2026/05/09 23:30:23.418,57,4584,130.04
2026/05/09 23:30:24.448,57,4633,122.88
2026/05/09 23:30:25.479,57,4627,149.73
2026/05/09 23:30:26.510,51,4631,148.23
2026/05/09 23:30:27.541,95,4634,192.97
2026/05/09 23:30:28.573,95,4589,194.81
2026/05/09 23:30:29.605,95,4509,195.23
2026/05/09 23:30:30.638,96,4510,195.50
2026/05/09 23:30:31.670,94,4410,397.09
2026/05/09 23:30:32.702,97,4367,557.84
2026/05/09 23:30:33.734,97,4366,555.03
2026/05/09 23:30:34.766,93,4366,557.19
2026/05/09 23:30:35.798,98,4374,556.33
2026/05/09 23:30:36.830,95,4374,569.28
2026/05/09 23:30:37.861,97,4373,559.69
2026/05/09 23:30:38.895,96,4410,433.49
2026/05/09 23:30:39.927,96,4395,200.88
2026/05/09 23:30:40.960,95,4390,200.54
2026/05/09 23:30:41.991,95,4393,200.66
2026/05/09 23:30:43.023,96,4393,382.95
2026/05/09 23:30:44.055,93,4358,554.37
2026/05/09 23:30:45.086,96,4350,560.58
2026/05/09 23:30:46.118,96,4350,562.01
2026/05/09 23:30:47.153,92,4349,558.79
2026/05/09 23:30:48.184,96,4349,552.54
2026/05/09 23:30:49.216,92,4349,560.92
2026/05/09 23:30:50.248,91,4349,434.07
2026/05/09 23:30:51.280,91,4344,204.21
2026/05/09 23:30:52.312,95,4350,202.88
2026/05/09 23:30:53.344,96,4349,201.99
2026/05/09 23:30:54.375,90,4349,202.82
2026/05/09 23:30:55.406,92,4349,540.04
2026/05/09 23:30:56.439,96,4349,565.80
2026/05/09 23:30:57.470,93,4349,560.98
2026/05/09 23:30:58.503,96,4349,557.74
2026/05/09 23:30:59.534,94,4349,569.74
2026/05/09 23:31:00.564,98,4349,561.32
2026/05/09 23:31:01.595,95,4349,445.91
2026/05/09 23:31:02.627,96,4349,205.23
2026/05/09 23:31:03.658,96,4354,203.90
2026/05/09 23:31:04.690,95,4358,202.85
2026/05/09 23:31:05.721,95,4358,206.74
2026/05/09 23:31:06.753,96,4358,566.29
2026/05/09 23:31:07.785,92,4357,554.65
2026/05/09 23:31:08.816,97,4355,555.17
2026/05/09 23:31:09.848,94,4355,556.03
2026/05/09 23:31:10.880,94,4355,561.93
2026/05/09 23:31:11.912,97,4355,561.40
2026/05/09 23:31:12.945,93,4355,557.41
2026/05/09 23:31:13.977,95,4355,255.62
2026/05/09 23:31:15.008,95,4355,204.72
2026/05/09 23:31:16.039,95,4355,203.71
2026/05/09 23:31:17.071,95,4355,203.03
2026/05/09 23:31:18.104,93,4355,568.41
2026/05/09 23:31:19.136,96,4355,563.49
2026/05/09 23:31:20.168,93,4355,562.88
2026/05/09 23:31:21.200,93,4355,557.54
2026/05/09 23:31:22.231,96,4355,564.71
2026/05/09 23:31:23.267,96,4356,560.16
2026/05/09 23:31:24.299,93,4356,549.92
2026/05/09 23:31:25.330,54,4356,246.61
2026/05/09 23:31:26.361,48,4364,134.18
2026/05/09 23:31:27.391,53,4364,153.26
2026/05/09 23:31:28.423,57,4360,157.85
2026/05/09 23:31:29.455,49,4360,136.05
2026/05/09 23:31:30.487,47,4360,137.23
2026/05/09 23:31:31.518,51,4355,149.33
2026/05/09 23:31:32.549,47,4355,147.86
2026/05/09 23:31:33.580,61,4356,130.68
2026/05/09 23:31:34.611,51,4356,131.27
2026/05/09 23:31:35.642,51,4356,153.88
2026/05/09 23:31:36.674,51,4356,149.07
2026/05/09 23:31:37.708,61,4356,132.81
2026/05/09 23:31:38.739,55,4356,125.09
2026/05/09 23:31:39.770,50,4356,153.85
2026/05/09 23:31:40.801,55,4358,150.06
2026/05/09 23:31:41.831,56,4415,137.15
2026/05/09 23:31:42.861,53,4415,128.29
2026/05/09 23:31:43.894,48,4443,147.60
2026/05/09 23:31:44.925,53,4872,148.16
2026/05/09 23:31:45.957,56,4869,139.52
2026/05/09 23:31:46.989,54,4857,125.69
2026/05/09 23:31:48.022,53,4857,151.05
2026/05/09 23:31:49.053,49,4837,148.30
2026/05/09 23:31:50.085,50,4501,129.71
2026/05/09 23:31:51.117,53,4464,119.43
2026/05/09 23:31:52.149,50,4430,144.75
2026/05/09 23:31:53.182,48,4431,143.75
2026/05/09 23:31:54.214,57,4431,139.43
2026/05/09 23:31:55.242,63,4435,119.48
2026/05/09 23:31:56.272,47,4387,142.99
2026/05/09 23:31:57.303,47,4386,142.61
2026/05/09 23:31:58.334,52,4386,140.22
2026/05/09 23:31:59.365,50,4386,117.28
2026/05/09 23:32:00.397,49,4381,128.99
2026/05/09 23:32:01.429,48,4381,142.35
2026/05/09 23:32:02.459,49,4381,143.40
2026/05/09 23:32:03.490,56,4381,118.48
2026/05/09 23:32:04.521,47,4382,135.37
2026/05/09 23:32:05.553,51,4382,141.67
2026/05/09 23:32:06.585,47,4382,140.77
2026/05/09 23:32:07.617,58,4382,120.26
2026/05/09 23:32:08.649,45,4382,126.48
2026/05/09 23:32:09.680,47,4382,141.25
2026/05/09 23:32:10.712,47,4382,141.44
2026/05/09 23:32:11.743,96,4381,167.70
2026/05/09 23:32:12.775,95,4382,195.61
2026/05/09 23:32:13.807,96,4383,196.22
2026/05/09 23:32:14.839,96,4383,196.81
2026/05/09 23:32:15.871,97,4382,248.81
2026/05/09 23:32:16.904,94,4382,563.58
2026/05/09 23:32:17.936,97,4382,548.93
2026/05/09 23:32:18.967,97,4382,566.95
2026/05/09 23:32:20.001,94,4382,556.73
2026/05/09 23:32:21.034,93,4426,565.42
2026/05/09 23:32:22.066,97,4587,560.26
2026/05/09 23:32:23.099,93,4583,413.01
2026/05/09 23:32:24.131,96,4576,201.23
2026/05/09 23:32:25.164,96,4575,201.00
2026/05/09 23:32:26.195,95,4575,200.49
2026/05/09 23:32:27.226,92,4447,220.32
2026/05/09 23:32:28.260,94,4393,552.62
2026/05/09 23:32:29.291,97,4393,554.71
2026/05/09 23:32:30.323,96,4393,556.04
2026/05/09 23:32:31.356,92,4393,560.16
2026/05/09 23:32:32.387,92,4392,557.22
2026/05/09 23:32:33.419,96,4392,554.61
2026/05/09 23:32:34.450,96,4392,567.11
2026/05/09 23:32:35.482,95,4393,237.96
2026/05/09 23:32:36.513,96,4534,201.32
2026/05/09 23:32:37.544,96,4533,201.01
2026/05/09 23:32:38.577,92,4524,201.84
2026/05/09 23:32:39.609,94,4523,543.83
2026/05/09 23:32:40.642,97,4523,556.17
2026/05/09 23:32:41.673,97,4453,558.86
2026/05/09 23:32:42.706,97,4370,557.32
2026/05/09 23:32:43.737,94,4370,565.21
2026/05/09 23:32:44.767,94,4370,564.56
2026/05/09 23:32:45.799,97,4370,565.27
2026/05/09 23:32:46.830,96,4370,299.03
2026/05/09 23:32:47.861,91,4370,204.87
2026/05/09 23:32:48.893,92,4370,203.48
2026/05/09 23:32:49.925,95,4370,203.07
2026/05/09 23:32:50.956,97,4370,377.21
2026/05/09 23:32:51.987,97,4370,554.23
2026/05/09 23:32:53.020,94,4371,560.34
2026/05/09 23:32:54.052,93,4371,571.30
2026/05/09 23:32:55.084,97,4371,558.97
2026/05/09 23:32:56.116,97,4371,563.97
2026/05/09 23:32:57.148,97,4371,567.61
2026/05/09 23:32:58.183,96,4370,277.20
2026/05/09 23:32:59.215,96,4370,204.76
2026/05/09 23:33:00.246,95,4370,203.98
2026/05/09 23:33:01.279,95,4370,203.07
2026/05/09 23:33:02.311,96,4370,364.16
2026/05/09 23:33:03.342,96,4370,565.81
2026/05/09 23:33:04.373,92,4370,555.86
2026/05/09 23:33:05.406,92,4370,564.27
2026/05/09 23:33:06.440,92,4370,555.84
2026/05/09 23:33:07.471,96,4370,556.09
2026/05/09 23:33:08.504,96,4390,556.49
2026/05/09 23:33:09.536,95,4390,312.42
2026/05/09 23:33:10.569,96,4400,205.05
2026/05/09 23:33:11.601,96,4401,204.09
2026/05/09 23:33:12.632,95,4402,203.44
2026/05/09 23:33:13.664,93,4402,302.09
2026/05/09 23:33:14.697,97,4402,560.41
2026/05/09 23:33:15.730,97,4401,560.92
2026/05/09 23:33:16.763,96,4405,557.97
2026/05/09 23:33:17.797,96,4596,566.18
2026/05/09 23:33:18.830,98,4855,561.25
2026/05/09 23:33:19.864,96,4852,566.28
2026/05/09 23:33:20.897,96,4841,567.59
2026/05/09 23:33:21.929,52,4840,159.83
2026/05/09 23:33:22.961,48,4829,138.61
2026/05/09 23:33:23.992,47,4428,149.97
2026/05/09 23:33:25.025,46,4426,148.98
2026/05/09 23:33:26.056,50,4426,129.47
2026/05/09 23:33:27.088,50,4422,136.55
2026/05/09 23:33:28.120,51,4399,150.60
2026/05/09 23:33:29.151,50,4385,148.90
2026/05/09 23:33:30.182,50,4395,132.86
2026/05/09 23:33:31.213,48,4396,125.46
2026/05/09 23:33:32.245,50,4396,148.38
2026/05/09 23:33:33.277,49,4498,150.79
2026/05/09 23:33:34.308,57,4545,144.54
2026/05/09 23:33:35.339,49,4496,121.32
2026/05/09 23:33:36.371,55,4575,140.46
2026/05/09 23:33:37.402,47,4515,151.67
2026/05/09 23:33:38.433,49,4469,145.51
2026/05/09 23:33:39.462,55,4446,121.49
2026/05/09 23:33:40.492,50,4829,147.64
2026/05/09 23:33:41.524,49,4902,144.74
2026/05/09 23:33:42.555,56,4856,141.25
2026/05/09 23:33:43.586,49,4855,121.01
2026/05/09 23:33:44.618,51,4860,137.03
2026/05/09 23:33:45.650,48,4396,142.99
2026/05/09 23:33:46.680,48,4331,143.05
2026/05/09 23:33:47.707,51,4331,124.82
2026/05/09 23:33:48.737,47,4330,127.87
2026/05/09 23:33:49.768,49,4328,141.75
2026/05/09 23:33:50.800,49,4328,141.72
2026/05/09 23:33:51.831,60,4342,131.07
2026/05/09 23:33:52.862,54,4345,122.88
2026/05/09 23:33:53.895,46,4341,143.80
2026/05/09 23:33:54.926,58,4340,144.90
2026/05/09 23:33:55.958,53,4340,137.35
2026/05/09 23:33:56.990,50,4332,115.91
2026/05/09 23:33:58.022,47,4318,140.70
2026/05/09 23:33:59.053,55,4318,148.61
2026/05/09 23:34:00.085,50,4318,124.37
2026/05/09 23:34:01.116,61,4318,119.98
2026/05/09 23:34:02.148,47,4318,144.15
2026/05/09 23:34:03.178,52,4318,142.59
2026/05/09 23:34:04.209,50,4318,132.49
2026/05/09 23:34:05.241,50,4318,114.61
2026/05/09 23:34:06.273,46,4318,138.85
2026/05/09 23:34:07.305,47,4318,140.37
2026/05/09 23:34:08.336,52,4318,141.12
2026/05/09 23:34:09.367,51,4320,117.37
2026/05/09 23:34:10.398,47,4339,128.56
2026/05/09 23:34:11.430,48,4331,141.07
2026/05/09 23:34:12.463,48,4574,142.00
2026/05/09 23:34:13.495,96,4601,190.10
2026/05/09 23:34:14.528,95,4593,193.41
2026/05/09 23:34:15.561,95,4583,196.48
2026/05/09 23:34:16.594,95,4580,196.32
2026/05/09 23:34:17.626,92,4546,422.42
2026/05/09 23:34:18.657,92,4340,558.39
2026/05/09 23:34:19.690,96,4355,564.91
2026/05/09 23:34:20.723,96,4351,559.09
2026/05/09 23:34:21.754,96,4351,560.14
2026/05/09 23:34:22.785,96,4344,558.69
2026/05/09 23:34:23.817,92,4343,561.57
2026/05/09 23:34:24.849,92,4343,435.06
2026/05/09 23:34:25.880,96,4287,201.73
2026/05/09 23:34:26.912,96,4288,200.92
2026/05/09 23:34:27.943,96,4287,200.21
2026/05/09 23:34:28.974,96,4287,205.34
2026/05/09 23:34:30.006,94,4287,567.22
2026/05/09 23:34:31.037,97,4287,559.65
2026/05/09 23:34:32.069,97,4288,551.18
2026/05/09 23:34:33.101,97,4289,571.61
2026/05/09 23:34:34.132,94,4288,553.88
2026/05/09 23:34:35.165,93,4288,562.18
2026/05/09 23:34:36.196,96,4288,413.67
2026/05/09 23:34:37.228,95,4287,203.07
2026/05/09 23:34:38.260,96,4289,202.19
2026/05/09 23:34:39.292,91,4294,202.04
2026/05/09 23:34:40.324,91,4295,205.57
2026/05/09 23:34:41.356,92,4361,569.44
2026/05/09 23:34:42.389,97,4361,560.17
2026/05/09 23:34:43.421,98,4350,565.62
2026/05/09 23:34:44.452,98,4349,560.79
2026/05/09 23:34:45.484,96,4349,557.02
2026/05/09 23:34:46.515,94,4288,562.66
2026/05/09 23:34:47.547,96,4284,449.85
2026/05/09 23:34:48.579,95,4284,204.87
2026/05/09 23:34:49.610,96,4284,203.70
2026/05/09 23:34:50.642,95,4284,203.24
2026/05/09 23:34:51.675,96,4284,202.81
2026/05/09 23:34:52.707,94,4284,550.57
2026/05/09 23:34:53.738,97,4284,568.77
2026/05/09 23:34:54.769,97,4284,561.87
2026/05/09 23:34:55.802,98,4284,565.99
2026/05/09 23:34:56.834,94,4284,559.89
2026/05/09 23:34:57.866,94,4284,555.22
2026/05/09 23:34:58.899,97,4284,553.12
2026/05/09 23:34:59.931,95,4304,293.86
2026/05/09 23:35:00.963,95,4310,204.44
2026/05/09 23:35:01.996,95,4312,203.94
2026/05/09 23:35:03.028,96,4312,202.98
2026/05/09 23:35:04.061,96,4312,517.01
2026/05/09 23:35:05.093,96,4317,562.11
2026/05/09 23:35:06.126,96,4317,557.48
2026/05/09 23:35:07.159,96,4287,559.77
2026/05/09 23:35:08.191,96,4478,571.93
2026/05/09 23:35:09.224,96,4495,558.36
2026/05/09 23:35:10.257,96,4477,560.49
2026/05/09 23:35:11.288,58,4486,351.00
2026/05/09 23:35:12.320,49,4485,129.65
2026/05/09 23:35:13.353,50,4496,156.69
2026/05/09 23:35:14.385,48,4638,152.01
2026/05/09 23:35:15.416,55,4941,154.31
2026/05/09 23:35:16.448,51,4939,126.68
2026/05/09 23:35:17.480,59,4938,139.64
2026/05/09 23:35:18.512,49,4917,155.30
2026/05/09 23:35:19.544,52,4872,140.79
2026/05/09 23:35:20.575,54,4348,121.99
2026/05/09 23:35:21.605,57,4318,145.11
2026/05/09 23:35:22.635,57,4313,154.42
2026/05/09 23:35:23.670,63,4313,150.76
2026/05/09 23:35:24.701,62,4313,125.06
2026/05/09 23:35:25.732,55,4313,153.88
2026/05/09 23:35:26.765,47,4313,145.49
2026/05/09 23:35:27.797,57,4313,141.02
2026/05/09 23:35:28.827,54,4347,121.44
2026/05/09 23:35:29.857,50,4371,140.30
2026/05/09 23:35:30.888,54,4371,150.61
2026/05/09 23:35:31.920,51,4387,147.95
2026/05/09 23:35:32.951,61,4387,122.96
2026/05/09 23:35:33.983,54,4387,136.04
2026/05/09 23:35:35.015,46,4387,143.87
2026/05/09 23:35:36.048,56,4387,140.25
2026/05/09 23:35:37.079,57,4313,121.28
2026/05/09 23:35:38.110,48,4367,144.49
2026/05/09 23:35:39.142,52,4367,144.71
2026/05/09 23:35:40.174,49,4367,143.94
2026/05/09 23:35:41.206,48,4367,119.13
2026/05/09 23:35:42.238,58,4383,132.95
2026/05/09 23:35:43.270,48,4371,145.17
2026/05/09 23:35:44.301,47,4371,143.80
2026/05/09 23:35:45.332,54,4371,127.62
2026/05/09 23:35:46.363,47,4371,121.15
2026/05/09 23:35:47.395,47,4309,141.95
2026/05/09 23:35:48.426,48,4309,144.80
2026/05/09 23:35:49.459,54,4309,133.96
2026/05/09 23:35:50.492,57,4309,117.68
2026/05/09 23:35:51.523,53,4309,145.79
2026/05/09 23:35:52.555,50,4309,142.57
2026/05/09 23:35:53.585,56,4309,128.89
2026/05/09 23:35:54.616,49,4309,124.67
2026/05/09 23:35:55.648,50,4309,142.29
2026/05/09 23:35:56.680,58,4309,148.69
2026/05/09 23:35:57.711,96,4309,174.68
2026/05/09 23:35:58.742,97,4342,197.70
2026/05/09 23:35:59.771,97,4342,198.22
2026/05/09 23:36:00.801,96,4342,197.34
2026/05/09 23:36:01.831,92,4342,296.20
2026/05/09 23:36:02.863,98,4359,555.84
2026/05/09 23:36:03.894,92,4363,564.29
2026/05/09 23:36:04.925,96,4343,565.57
2026/05/09 23:36:05.956,96,4343,555.82
2026/05/09 23:36:06.987,96,4343,551.38
2026/05/09 23:36:08.017,96,4342,561.41
2026/05/09 23:36:09.046,96,4301,364.92
2026/05/09 23:36:10.077,96,4301,201.23
2026/05/09 23:36:11.108,96,4301,200.32
2026/05/09 23:36:12.138,96,4301,200.02
2026/05/09 23:36:13.170,96,4301,251.35
2026/05/09 23:36:14.201,92,4366,552.91
2026/05/09 23:36:15.232,92,4366,556.56
2026/05/09 23:36:16.265,96,4370,551.97
2026/05/09 23:36:17.296,97,4370,554.29
2026/05/09 23:36:18.330,97,4370,560.57
2026/05/09 23:36:19.363,97,4354,566.65
2026/05/09 23:36:20.395,97,4371,561.72
2026/05/09 23:36:21.427,95,4371,298.82
2026/05/09 23:36:22.459,96,4371,202.59
2026/05/09 23:36:23.490,92,4371,202.77
2026/05/09 23:36:24.523,95,4371,201.63
2026/05/09 23:36:25.555,96,4357,475.87
2026/05/09 23:36:26.588,97,4357,562.29
2026/05/09 23:36:27.619,96,4337,570.82
2026/05/09 23:36:28.652,96,4333,567.47
2026/05/09 23:36:29.684,96,4337,556.01
2026/05/09 23:36:30.715,96,4337,565.08
2026/05/09 23:36:31.748,96,4341,555.24
2026/05/09 23:36:32.778,92,4341,403.87
2026/05/09 23:36:33.809,96,4359,205.29
2026/05/09 23:36:34.841,96,4349,203.10
2026/05/09 23:36:35.872,95,4347,203.06
2026/05/09 23:36:36.905,97,4320,219.03
2026/05/09 23:36:37.935,97,4432,547.60
2026/05/09 23:36:38.966,97,4466,564.68
2026/05/09 23:36:39.997,99,4454,570.38
2026/05/09 23:36:41.027,97,4455,557.90
2026/05/09 23:36:42.057,97,4455,557.74
2026/05/09 23:36:43.088,97,4390,563.27
2026/05/09 23:36:44.120,96,4374,458.61
2026/05/09 23:36:45.151,96,4370,206.23
2026/05/09 23:36:46.184,96,4377,204.70
2026/05/09 23:36:47.217,96,4384,203.82
2026/05/09 23:36:48.249,96,4336,203.67
2026/05/09 23:36:49.282,97,4335,518.37
2026/05/09 23:36:50.316,97,4329,566.35
2026/05/09 23:36:51.348,97,4472,567.07
2026/05/09 23:36:52.380,96,4470,566.05
2026/05/09 23:36:53.412,96,4460,558.47
2026/05/09 23:36:54.444,94,4474,554.60
2026/05/09 23:36:55.475,92,4463,550.99
2026/05/09 23:36:56.507,62,4433,152.10
2026/05/09 23:36:57.538,55,4431,144.21
2026/05/09 23:36:58.569,49,4431,152.77
2026/05/09 23:36:59.601,47,4322,151.62
2026/05/09 23:37:00.632,58,4302,134.60
2026/05/09 23:37:01.664,55,4302,133.41
2026/05/09 23:37:02.694,49,4301,151.98
2026/05/09 23:37:03.725,58,4301,154.05
2026/05/09 23:37:04.757,62,4301,136.19
2026/05/09 23:37:05.789,52,4301,129.35
2026/05/09 23:37:06.821,56,4301,149.08
2026/05/09 23:37:07.852,59,4301,130.17
2026/05/09 23:37:08.883,49,4301,131.65
2026/05/09 23:37:09.914,46,4304,146.07
2026/05/09 23:37:10.946,51,4304,146.03
2026/05/09 23:37:11.978,61,4304,134.82
2026/05/09 23:37:13.009,47,4304,136.74
2026/05/09 23:37:14.040,49,4304,145.80
2026/05/09 23:37:15.071,51,4303,146.96
2026/05/09 23:37:16.105,55,4303,127.93
2026/05/09 23:37:17.137,46,4319,132.79
2026/05/09 23:37:18.168,57,4329,149.20
2026/05/09 23:37:19.199,54,4339,149.02
2026/05/09 23:37:20.231,56,4339,130.45
2026/05/09 23:37:21.263,59,4336,130.31
2026/05/09 23:37:22.294,46,4336,148.44
2026/05/09 23:37:23.326,58,4332,148.21
2026/05/09 23:37:24.357,58,4332,130.23
2026/05/09 23:37:25.389,48,4333,119.06
2026/05/09 23:37:26.419,48,4334,147.02
2026/05/09 23:37:27.450,52,4316,143.62
2026/05/09 23:37:28.481,56,4315,137.30
2026/05/09 23:37:29.512,47,4344,127.58
2026/05/09 23:37:30.542,51,4344,142.92
2026/05/09 23:37:31.574,48,4339,141.71
2026/05/09 23:37:32.606,57,4338,131.69
2026/05/09 23:37:33.638,61,4339,120.35
2026/05/09 23:37:34.670,45,4339,137.99
2026/05/09 23:37:35.702,49,4334,140.98
2026/05/09 23:37:36.733,53,4334,141.40
2026/05/09 23:37:37.765,52,4327,118.06
2026/05/09 23:37:38.798,54,4327,131.22
2026/05/09 23:37:39.829,56,4326,148.07
2026/05/09 23:37:40.860,49,4321,146.73
2026/05/09 23:37:41.894,95,4312,189.76
2026/05/09 23:37:42.927,96,4312,195.89
2026/05/09 23:37:43.960,96,4343,196.15
2026/05/09 23:37:44.992,96,4342,195.34
2026/05/09 23:37:46.025,96,4342,530.41
2026/05/09 23:37:47.057,97,4342,560.11
2026/05/09 23:37:48.089,92,4342,564.55
2026/05/09 23:37:49.120,94,4343,564.15
2026/05/09 23:37:50.152,97,4343,571.28
2026/05/09 23:37:51.183,97,4328,564.92
2026/05/09 23:37:52.215,97,4311,558.36
2026/05/09 23:37:53.248,96,4311,248.59
2026/05/09 23:37:54.280,96,4309,200.69
2026/05/09 23:37:55.312,96,4309,200.39
2026/05/09 23:37:56.343,97,4309,200.10
2026/05/09 23:37:57.375,95,4319,368.14
2026/05/09 23:37:58.407,97,4319,573.40
2026/05/09 23:37:59.437,97,4335,567.21
2026/05/09 23:38:00.468,94,4342,554.35
2026/05/09 23:38:01.500,94,4376,562.70
2026/05/09 23:38:02.532,97,4378,569.22
2026/05/09 23:38:03.564,97,4371,567.17
2026/05/09 23:38:04.597,97,4439,290.86
2026/05/09 23:38:05.629,96,4439,203.04
2026/05/09 23:38:06.661,96,4486,202.50
2026/05/09 23:38:07.693,96,4478,201.83
2026/05/09 23:38:08.724,97,4478,319.07
2026/05/09 23:38:09.754,95,4777,565.81
2026/05/09 23:38:10.786,97,4879,572.32
2026/05/09 23:38:11.817,97,4870,566.37
2026/05/09 23:38:12.849,92,4870,567.02
2026/05/09 23:38:13.880,92,4870,566.33
2026/05/09 23:38:14.912,96,4480,564.44
2026/05/09 23:38:15.944,96,4411,549.20
2026/05/09 23:38:16.976,96,4411,205.22
2026/05/09 23:38:18.008,96,4411,202.88
2026/05/09 23:38:19.040,96,4434,202.81
2026/05/09 23:38:20.072,96,4434,227.19
2026/05/09 23:38:21.104,97,4434,555.33
2026/05/09 23:38:22.136,94,4434,564.25
2026/05/09 23:38:23.167,94,4432,562.23
2026/05/09 23:38:24.199,97,4418,564.37
2026/05/09 23:38:25.231,97,4411,567.30
2026/05/09 23:38:26.263,99,4415,566.37
2026/05/09 23:38:27.295,93,4432,569.25
2026/05/09 23:38:28.327,96,4436,279.34
2026/05/09 23:38:29.359,96,4434,205.13
2026/05/09 23:38:30.392,96,4395,204.30
2026/05/09 23:38:31.425,91,4371,203.79
2026/05/09 23:38:32.457,97,4345,370.49
2026/05/09 23:38:33.489,94,4345,567.50
2026/05/09 23:38:34.520,93,4344,566.56
2026/05/09 23:38:35.553,97,4344,568.48
2026/05/09 23:38:36.585,97,4344,560.65
2026/05/09 23:38:37.617,97,4344,563.98
2026/05/09 23:38:38.650,93,4344,565.81
2026/05/09 23:38:39.682,48,4344,196.35
2026/05/09 23:38:40.713,59,4344,137.43
2026/05/09 23:38:41.745,56,4345,162.22
2026/05/09 23:38:42.777,59,4345,162.09
2026/05/09 23:38:43.809,51,4345,134.22
2026/05/09 23:38:44.841,61,4346,146.15
2026/05/09 23:38:45.874,59,4346,159.08
2026/05/09 23:38:46.905,57,4340,156.01
2026/05/09 23:38:47.936,50,4344,126.18
2026/05/09 23:38:48.967,55,4344,146.18
2026/05/09 23:38:49.998,48,4357,151.74
2026/05/09 23:38:51.028,56,4356,138.54
2026/05/09 23:38:52.059,52,4358,120.75
2026/05/09 23:38:53.090,50,4358,143.45
2026/05/09 23:38:54.121,50,4357,151.32
2026/05/09 23:38:55.151,62,4353,148.35
2026/05/09 23:38:56.182,61,4408,123.12
2026/05/09 23:38:57.214,49,4407,138.78
2026/05/09 23:38:58.245,50,4402,144.80
2026/05/09 23:38:59.277,50,4402,145.61
2026/05/09 23:39:00.310,57,4394,126.70
2026/05/09 23:39:01.343,53,4415,127.56
2026/05/09 23:39:02.374,57,4410,151.28
2026/05/09 23:39:03.405,56,4412,124.44
2026/05/09 23:39:04.435,55,4489,135.61
2026/05/09 23:39:05.465,50,4511,151.43
2026/05/09 23:39:06.497,49,4458,146.16
2026/05/09 23:39:07.528,55,4457,119.17
2026/05/09 23:39:08.559,48,4457,140.29
2026/05/09 23:39:09.591,48,4326,143.15
2026/05/09 23:39:10.618,51,4329,143.27
2026/05/09 23:39:11.646,55,4321,120.68
2026/05/09 23:39:12.676,50,4329,134.81
2026/05/09 23:39:13.706,46,4321,141.79
2026/05/09 23:39:14.737,44,4321,140.76
2026/05/09 23:39:15.769,50,4304,123.59
2026/05/09 23:39:16.800,48,4304,126.15
2026/05/09 23:39:17.832,46,4298,141.01
2026/05/09 23:39:18.863,47,4298,141.06
2026/05/09 23:39:19.893,55,4298,132.87
2026/05/09 23:39:20.925,48,4298,116.56
2026/05/09 23:39:21.954,55,4298,141.66
2026/05/09 23:39:22.982,52,4298,149.17
2026/05/09 23:39:24.008,62,4298,140.63
2026/05/09 23:39:25.038,51,4298,136.51
2026/05/09 23:39:26.070,47,4298,141.91
2026/05/09 23:39:27.103,45,4298,139.81
2026/05/09 23:39:28.135,89,4298,177.99
2026/05/09 23:39:29.168,97,4298,196.02
2026/05/09 23:39:30.200,96,4298,195.99
2026/05/09 23:39:31.232,96,4298,196.44
2026/05/09 23:39:32.263,97,4298,321.95
2026/05/09 23:39:33.295,97,4298,571.53
2026/05/09 23:39:34.327,94,4298,562.00
2026/05/09 23:39:35.360,95,4310,560.98
2026/05/09 23:39:36.391,98,4331,567.36
2026/05/09 23:39:37.422,97,4333,557.19
2026/05/09 23:39:38.453,97,4332,566.15
2026/05/09 23:39:39.484,97,4328,465.82
2026/05/09 23:39:40.514,97,4347,200.82
2026/05/09 23:39:41.546,96,4351,200.96
2026/05/09 23:39:42.578,96,4350,200.07
2026/05/09 23:39:43.609,96,4347,341.48
2026/05/09 23:39:44.640,96,4346,565.91
2026/05/09 23:39:45.672,96,4328,558.44
2026/05/09 23:39:46.704,92,4310,558.97
2026/05/09 23:39:47.735,96,4310,550.29
2026/05/09 23:39:48.769,96,4292,557.91
2026/05/09 23:39:49.800,96,4292,558.17
2026/05/09 23:39:50.832,96,4292,505.96
2026/05/09 23:39:51.863,96,4286,204.12
2026/05/09 23:39:52.895,96,4286,202.51
2026/05/09 23:39:53.927,96,4286,201.93
2026/05/09 23:39:54.960,96,4286,202.11
2026/05/09 23:39:55.990,94,4286,480.97
2026/05/09 23:39:57.021,95,4286,570.84
2026/05/09 23:39:58.052,97,4286,560.00
2026/05/09 23:39:59.084,97,4286,570.59
2026/05/09 23:40:00.114,97,4286,568.71
2026/05/09 23:40:01.147,94,4286,562.39
2026/05/09 23:40:02.177,96,4286,526.15
2026/05/09 23:40:03.209,96,4286,206.08
2026/05/09 23:40:04.240,96,4286,204.34
2026/05/09 23:40:05.271,96,4286,203.22
2026/05/09 23:40:06.303,96,4284,202.98
2026/05/09 23:40:07.334,95,4284,441.05
2026/05/09 23:40:08.366,98,4284,563.17
2026/05/09 23:40:09.397,97,4284,565.59
2026/05/09 23:40:10.428,97,4284,565.97
2026/05/09 23:40:11.459,94,4284,571.87
2026/05/09 23:40:12.489,96,4284,572.69
2026/05/09 23:40:13.521,96,4284,542.13
2026/05/09 23:40:14.552,96,4284,213.45
2026/05/09 23:40:15.583,96,4284,204.50
2026/05/09 23:40:16.615,96,4284,203.45
2026/05/09 23:40:17.645,96,4284,203.01
2026/05/09 23:40:18.676,97,4284,449.77
2026/05/09 23:40:19.706,97,4284,564.87
2026/05/09 23:40:20.737,97,4284,574.64
2026/05/09 23:40:21.768,94,4284,565.70
2026/05/09 23:40:22.802,97,4284,539.13
2026/05/09 23:40:23.834,97,4284,439.11
2026/05/09 23:40:24.865,99,4284,554.54
2026/05/09 23:40:25.897,52,4284,507.21
2026/05/09 23:40:26.930,48,4284,127.65
2026/05/09 23:40:27.962,57,4284,142.99
2026/05/09 23:40:28.994,56,4284,158.32
2026/05/09 23:40:30.025,56,4284,142.26
2026/05/09 23:40:31.057,59,4284,128.01
2026/05/09 23:40:32.089,60,4284,159.46
2026/05/09 23:40:33.121,51,4284,152.37
2026/05/09 23:40:34.152,67,4284,139.86
2026/05/09 23:40:35.187,59,4284,129.85
2026/05/09 23:40:36.219,50,4284,150.55
2026/05/09 23:40:37.251,58,4284,151.82
2026/05/09 23:40:38.282,54,4284,138.79
2026/05/09 23:40:39.314,56,4284,119.74
2026/05/09 23:40:40.346,48,4284,141.95
2026/05/09 23:40:41.378,46,4284,144.53
2026/05/09 23:40:42.407,46,4284,144.10
2026/05/09 23:40:43.438,50,4284,118.18
2026/05/09 23:40:44.471,57,4284,130.52
2026/05/09 23:40:45.503,48,4284,144.98
2026/05/09 23:40:46.534,61,4284,140.63
2026/05/09 23:40:47.565,60,4284,118.88
2026/05/09 23:40:48.597,48,4284,135.66
2026/05/09 23:40:49.629,49,4284,143.02
2026/05/09 23:40:50.661,58,4284,145.99
2026/05/09 23:40:51.693,57,4284,121.90
2026/05/09 23:40:52.725,46,4284,129.60
2026/05/09 23:40:53.758,47,4284,141.54
2026/05/09 23:40:54.789,50,4284,141.65
2026/05/09 23:40:55.822,55,4284,131.68
2026/05/09 23:40:56.855,46,4284,122.19
2026/05/09 23:40:57.887,45,4284,140.24
2026/05/09 23:40:58.919,45,4284,139.62
2026/05/09 23:40:59.951,61,4284,136.86
2026/05/09 23:41:00.984,52,4284,118.32
2026/05/09 23:41:02.016,55,4284,136.42
2026/05/09 23:41:03.048,59,4284,151.48
2026/05/09 23:41:04.079,50,4284,127.59
2026/05/09 23:41:05.111,56,4284,123.63
2026/05/09 23:41:06.143,48,4284,144.83
2026/05/09 23:41:07.174,46,4284,139.66
2026/05/09 23:41:08.205,61,4284,131.45
2026/05/09 23:41:09.237,52,4284,117.18
2026/05/09 23:41:10.269,47,4284,136.60
2026/05/09 23:41:11.301,50,4284,140.71
2026/05/09 23:41:12.333,63,4284,142.61
2026/05/09 23:41:13.366,95,4284,194.41
2026/05/09 23:41:14.399,95,4284,195.11
2026/05/09 23:41:15.431,96,4284,194.98
2026/05/09 23:41:16.464,95,4284,195.18
2026/05/09 23:41:17.496,96,4284,435.50
2026/05/09 23:41:18.530,96,4284,564.66
2026/05/09 23:41:19.562,96,4284,553.43
2026/05/09 23:41:20.594,92,4284,559.23
2026/05/09 23:41:21.627,96,4284,561.14
2026/05/09 23:41:22.659,96,4284,554.26
2026/05/09 23:41:23.691,96,4284,551.89
2026/05/09 23:41:24.723,93,4296,251.33
2026/05/09 23:41:25.755,92,4296,200.25
2026/05/09 23:41:26.787,92,4296,199.40
2026/05/09 23:41:27.818,91,4296,199.33
2026/05/09 23:41:28.849,92,4302,379.81
2026/05/09 23:41:29.881,96,4302,555.74
2026/05/09 23:41:30.912,96,4302,565.47
2026/05/09 23:41:31.944,93,4302,564.12
2026/05/09 23:41:32.975,96,4314,561.17
2026/05/09 23:41:34.007,96,4314,556.33
2026/05/09 23:41:35.038,92,4308,559.48
2026/05/09 23:41:36.068,95,4308,276.99
2026/05/09 23:41:37.098,96,4308,202.43
2026/05/09 23:41:38.128,94,4278,201.16
2026/05/09 23:41:39.160,96,4278,201.13
2026/05/09 23:41:40.192,92,4278,334.43
2026/05/09 23:41:41.224,96,4278,565.33
2026/05/09 23:41:42.256,93,4278,555.67
2026/05/09 23:41:43.287,96,4278,555.17
2026/05/09 23:41:44.318,96,4278,557.67
2026/05/09 23:41:45.350,96,4278,564.38
2026/05/09 23:41:46.382,94,4278,564.94
2026/05/09 23:41:47.414,96,4278,505.70
2026/05/09 23:41:48.447,95,4278,205.36
2026/05/09 23:41:49.480,95,4278,203.31
2026/05/09 23:41:50.513,96,4278,202.65
2026/05/09 23:41:51.544,94,4278,297.64
2026/05/09 23:41:52.576,96,4278,557.76
2026/05/09 23:41:53.607,95,4278,555.84
2026/05/09 23:41:54.638,96,4278,561.15
2026/05/09 23:41:55.668,92,4278,559.70
2026/05/09 23:41:56.698,96,4344,565.78
2026/05/09 23:41:57.729,96,4351,563.66
2026/05/09 23:41:58.760,93,4345,549.24
2026/05/09 23:41:59.793,90,4345,205.33
2026/05/09 23:42:00.825,95,4345,203.60
2026/05/09 23:42:01.857,96,4340,203.10
2026/05/09 23:42:02.887,95,4304,202.50
2026/05/09 23:42:03.917,94,4304,424.98
2026/05/09 23:42:04.947,97,4319,563.40
2026/05/09 23:42:05.978,94,4350,568.01
2026/05/09 23:42:07.010,97,4341,566.25
2026/05/09 23:42:08.041,94,4343,562.76
2026/05/09 23:42:09.071,97,4341,567.96
2026/05/09 23:42:10.102,95,4341,560.78
2026/05/09 23:42:11.132,54,4334,175.26
2026/05/09 23:42:12.164,53,4334,135.17
2026/05/09 23:42:13.196,47,4310,150.73
2026/05/09 23:42:14.228,47,4310,148.23
2026/05/09 23:42:15.260,56,4310,141.57
2026/05/09 23:42:16.292,54,4310,127.02
2026/05/09 23:42:17.322,46,4310,150.24
2026/05/09 23:42:18.354,52,4334,148.08
2026/05/09 23:42:19.386,50,4334,144.21
2026/05/09 23:42:20.416,58,4401,123.92
2026/05/09 23:42:21.447,48,4422,140.59
2026/05/09 23:42:22.477,50,4423,148.40
2026/05/09 23:42:23.506,46,4423,145.13
2026/05/09 23:42:24.536,56,4422,122.24
2026/05/09 23:42:25.566,46,4402,138.66
2026/05/09 23:42:26.597,55,4362,149.94
2026/05/09 23:42:27.627,52,4362,148.34
2026/05/09 23:42:28.658,54,4362,119.44
2026/05/09 23:42:29.689,55,4362,141.46
2026/05/09 23:42:30.720,62,4362,152.84
2026/05/09 23:42:31.751,57,4374,145.85
2026/05/09 23:42:32.781,51,4374,118.07
2026/05/09 23:42:33.811,53,4386,138.15
2026/05/09 23:42:34.841,52,4386,147.74
2026/05/09 23:42:35.872,52,4386,147.50
2026/05/09 23:42:36.903,63,4386,124.93
2026/05/09 23:42:37.935,52,4386,135.92
2026/05/09 23:42:38.967,55,4360,147.10
2026/05/09 23:42:39.998,49,4360,146.45
2026/05/09 23:42:41.030,55,4437,121.98
2026/05/09 23:42:42.062,48,4437,143.19
2026/05/09 23:42:43.093,55,4431,143.64
2026/05/09 23:42:44.121,56,4431,137.41
2026/05/09 23:42:45.148,63,4431,120.64
2026/05/09 23:42:46.179,45,4354,148.50
2026/05/09 23:42:47.211,46,4354,140.55
2026/05/09 23:42:48.241,47,4354,135.28
2026/05/09 23:42:49.272,54,4354,116.49
2026/05/09 23:42:50.305,48,4354,134.23
2026/05/09 23:42:51.337,56,4354,146.23
2026/05/09 23:42:52.369,48,4354,145.58
2026/05/09 23:42:53.401,48,4354,115.24
2026/05/09 23:42:54.433,54,4354,133.47
2026/05/09 23:42:55.464,55,4354,147.95
2026/05/09 23:42:56.496,53,4354,147.60
2026/05/09 23:42:57.527,48,4354,114.24
2026/05/09 23:42:58.558,54,4354,143.62
2026/05/09 23:42:59.589,49,4354,142.23
2026/05/09 23:43:00.624,95,4354,148.57
2026/05/09 23:43:01.656,96,4354,194.69
2026/05/09 23:43:02.687,96,4354,195.48
2026/05/09 23:43:03.717,96,4354,195.36
2026/05/09 23:43:04.748,95,4354,195.48
2026/05/09 23:43:05.779,93,4354,482.84
2026/05/09 23:43:06.809,96,4354,549.59
2026/05/09 23:43:07.840,93,4354,553.36
2026/05/09 23:43:08.869,96,4366,560.13
2026/05/09 23:43:09.900,93,4362,561.64
2026/05/09 23:43:10.930,96,4367,562.23
2026/05/09 23:43:11.962,93,4363,567.83
2026/05/09 23:43:12.993,91,4361,307.11
2026/05/09 23:43:14.024,93,4361,199.91
2026/05/09 23:43:15.056,96,4417,199.41
2026/05/09 23:43:16.086,97,4417,200.49
2026/05/09 23:43:17.116,98,4409,483.72
2026/05/09 23:43:18.147,96,4409,565.43
2026/05/09 23:43:19.176,98,4411,560.42
2026/05/09 23:43:20.209,98,4369,564.08
2026/05/09 23:43:21.239,98,4367,570.97
2026/05/09 23:43:22.266,96,4367,566.30
2026/05/09 23:43:23.296,98,4578,565.44
2026/05/09 23:43:24.327,97,4588,326.02
2026/05/09 23:43:25.356,96,4574,203.47
2026/05/09 23:43:26.386,97,4571,202.86
2026/05/09 23:43:27.414,97,4571,203.00
2026/05/09 23:43:28.445,98,4508,338.20
2026/05/09 23:43:29.474,96,4431,565.77
2026/05/09 23:43:30.505,97,4431,562.92
2026/05/09 23:43:31.535,95,4426,573.38
2026/05/09 23:43:32.566,97,4426,562.22
2026/05/09 23:43:33.596,94,4426,559.60
2026/05/09 23:43:34.627,97,4418,558.28
2026/05/09 23:43:35.659,96,4357,301.81
2026/05/09 23:43:36.688,95,4356,203.72
2026/05/09 23:43:37.718,91,4356,202.50
2026/05/09 23:43:38.749,91,4356,202.14
2026/05/09 23:43:39.780,93,4356,338.40
2026/05/09 23:43:40.811,96,4356,561.86
2026/05/09 23:43:41.842,92,4356,563.42
2026/05/09 23:43:42.874,96,4356,558.82
2026/05/09 23:43:43.907,96,4356,562.67
2026/05/09 23:43:44.938,92,4356,563.55
2026/05/09 23:43:45.970,96,4356,564.32
2026/05/09 23:43:47.002,95,4356,502.12
2026/05/09 23:43:48.034,95,4356,204.71
2026/05/09 23:43:49.066,96,4356,203.14
2026/05/09 23:43:50.099,96,4356,202.86
2026/05/09 23:43:51.130,96,4356,320.36
2026/05/09 23:43:52.162,98,4356,562.66
2026/05/09 23:43:53.194,93,4356,556.53
2026/05/09 23:43:54.225,96,4356,564.70
2026/05/09 23:43:55.259,92,4356,565.30
2026/05/09 23:43:56.291,92,4356,560.72
2026/05/09 23:43:57.323,96,4356,565.30
2026/05/09 23:43:58.355,59,4356,514.94
2026/05/09 23:43:59.386,52,4356,130.14
2026/05/09 23:44:00.417,47,4356,142.97
2026/05/09 23:44:01.449,49,4356,150.47
2026/05/09 23:44:02.481,58,4356,154.35
2026/05/09 23:44:03.512,57,4356,133.84
2026/05/09 23:44:04.544,55,4356,149.59
2026/05/09 23:44:05.573,56,4356,139.88
2026/05/09 23:44:06.604,56,4356,126.25
2026/05/09 23:44:07.635,56,4356,156.37
2026/05/09 23:44:08.667,47,4356,152.60
2026/05/09 23:44:09.700,50,4355,134.95
2026/05/09 23:44:10.731,55,4355,120.79
2026/05/09 23:44:11.763,51,4355,147.81
2026/05/09 23:44:12.795,58,4355,148.85
2026/05/09 23:44:13.821,50,4355,142.09
2026/05/09 23:44:14.851,59,4355,122.35
2026/05/09 23:44:15.883,64,4355,153.52
2026/05/09 23:44:16.914,49,4355,147.82
2026/05/09 23:44:17.942,55,4355,133.76
2026/05/09 23:44:18.970,60,4355,126.68
2026/05/09 23:44:20.002,54,4355,150.87
2026/05/09 23:44:21.032,48,4355,142.37
2026/05/09 23:44:22.061,61,4355,120.69
2026/05/09 23:44:23.092,51,4355,131.38
2026/05/09 23:44:24.124,50,4355,144.08
2026/05/09 23:44:25.156,54,4355,146.38
2026/05/09 23:44:26.186,61,4355,126.56
2026/05/09 23:44:27.217,47,4355,128.93
2026/05/09 23:44:28.249,51,4356,144.35
2026/05/09 23:44:29.280,48,4356,146.30
2026/05/09 23:44:30.313,54,4356,127.11
2026/05/09 23:44:31.345,59,4368,126.56
2026/05/09 23:44:32.376,54,4370,146.52
2026/05/09 23:44:33.408,48,4408,142.35
2026/05/09 23:44:34.440,53,4414,131.51
2026/05/09 23:44:35.472,51,4414,116.23
2026/05/09 23:44:36.504,47,4418,140.65
2026/05/09 23:44:37.533,49,4406,140.33
2026/05/09 23:44:38.564,52,4401,127.09
2026/05/09 23:44:39.596,52,4402,116.67
2026/05/09 23:44:40.628,59,4401,147.21
2026/05/09 23:44:41.660,55,4362,149.82
2026/05/09 23:44:42.691,60,4362,132.66
2026/05/09 23:44:43.722,60,4425,128.14
2026/05/09 23:44:44.754,56,4426,151.37
2026/05/09 23:44:45.787,56,4427,150.03
2026/05/09 23:44:46.818,96,4427,180.57
2026/05/09 23:44:47.850,96,4426,194.50
2026/05/09 23:44:48.882,96,4421,195.07
2026/05/09 23:44:49.914,96,4420,195.71
2026/05/09 23:44:50.945,97,4419,309.08
2026/05/09 23:44:51.976,94,4419,563.46
2026/05/09 23:44:53.007,98,4370,557.10
2026/05/09 23:44:54.036,93,4360,556.47
2026/05/09 23:44:55.067,96,4359,563.99
2026/05/09 23:44:56.098,96,4368,558.24
2026/05/09 23:44:57.129,92,4368,558.85
2026/05/09 23:44:58.160,97,4368,333.25
2026/05/09 23:44:59.190,91,4368,200.33
2026/05/09 23:45:00.221,91,4367,199.93
2026/05/09 23:45:01.253,93,4366,200.09
2026/05/09 23:45:02.283,93,4366,316.07
2026/05/09 23:45:03.315,96,4366,559.80
2026/05/09 23:45:04.346,98,4422,570.66
2026/05/09 23:45:05.377,95,4422,568.28
2026/05/09 23:45:06.410,96,4416,563.36
2026/05/09 23:45:07.441,96,4416,568.70
2026/05/09 23:45:08.472,92,4417,558.98
2026/05/09 23:45:09.503,92,4411,521.72
2026/05/09 23:45:10.535,96,4412,202.95
2026/05/09 23:45:11.568,95,4412,202.53
2026/05/09 23:45:12.599,95,4410,201.84
2026/05/09 23:45:13.630,96,4406,276.42
2026/05/09 23:45:14.663,92,4406,568.25
2026/05/09 23:45:15.695,96,4403,560.19
2026/05/09 23:45:16.727,96,4404,561.42
2026/05/09 23:45:17.759,95,4404,570.94
2026/05/09 23:45:18.787,92,4404,562.87
2026/05/09 23:45:19.816,96,4421,559.32
2026/05/09 23:45:20.848,92,4416,554.89
2026/05/09 23:45:21.880,91,4416,250.15
2026/05/09 23:45:22.911,91,4416,204.04
2026/05/09 23:45:23.943,96,4416,203.24
2026/05/09 23:45:24.975,95,4405,202.80
2026/05/09 23:45:26.007,96,4404,392.00
2026/05/09 23:45:27.039,94,4404,558.91
2026/05/09 23:45:28.071,96,4404,566.91
2026/05/09 23:45:29.102,96,4404,557.12
2026/05/09 23:45:30.135,96,4409,559.05
2026/05/09 23:45:31.167,96,4409,562.08
2026/05/09 23:45:32.199,92,4409,553.11
2026/05/09 23:45:33.233,96,4415,300.69
2026/05/09 23:45:34.264,95,4415,204.16
2026/05/09 23:45:35.296,96,4415,204.16
2026/05/09 23:45:36.327,96,4415,202.99
2026/05/09 23:45:37.358,96,4413,353.28
2026/05/09 23:45:38.389,94,4413,563.15
2026/05/09 23:45:39.420,94,4413,558.90
2026/05/09 23:45:40.453,97,4404,563.17
2026/05/09 23:45:41.485,97,4404,566.18
2026/05/09 23:45:42.516,97,4395,554.69
2026/05/09 23:45:43.549,93,4395,561.36
2026/05/09 23:45:44.579,56,4395,284.25
2026/05/09 23:45:45.611,47,4402,134.19
2026/05/09 23:45:46.642,45,4401,149.89
2026/05/09 23:45:47.673,51,4406,152.97
2026/05/09 23:45:48.704,58,4404,146.29
2026/05/09 23:45:49.735,62,4404,128.10
2026/05/09 23:45:50.765,48,4404,148.22
2026/05/09 23:45:51.796,54,4400,148.99
2026/05/09 23:45:52.827,57,4403,148.07
2026/05/09 23:45:53.860,51,4400,122.97
2026/05/09 23:45:54.891,57,4400,141.91
2026/05/09 23:45:55.923,47,4400,147.44
2026/05/09 23:45:56.955,49,4400,145.70
2026/05/09 23:45:57.987,53,4386,128.42
2026/05/09 23:45:59.018,62,4386,129.06
2026/05/09 23:46:00.050,60,4386,153.83
2026/05/09 23:46:01.081,56,4387,143.24
2026/05/09 23:46:02.113,56,4387,120.03
2026/05/09 23:46:03.145,48,4394,139.13
2026/05/09 23:46:04.176,50,4391,144.83
2026/05/09 23:46:05.208,46,4391,144.38
2026/05/09 23:46:06.239,57,4392,124.76
2026/05/09 23:46:07.270,47,4392,128.57
2026/05/09 23:46:08.302,49,4385,145.95
2026/05/09 23:46:09.333,47,4408,143.27
2026/05/09 23:46:10.363,60,4410,129.35
2026/05/09 23:46:11.393,57,4408,122.21
2026/05/09 23:46:12.424,49,4406,145.14
2026/05/09 23:46:13.455,48,4404,142.76
2026/05/09 23:46:14.482,57,4336,136.55
2026/05/09 23:46:15.510,61,4336,120.54
2026/05/09 23:46:16.541,50,4337,144.31
2026/05/09 23:46:17.574,52,4343,142.27
2026/05/09 23:46:18.605,52,4340,128.66
2026/05/09 23:46:19.637,50,4340,118.84
2026/05/09 23:46:20.667,50,4340,139.50
2026/05/09 23:46:21.697,58,4340,142.62
2026/05/09 23:46:22.728,55,4335,139.46
2026/05/09 23:46:23.758,51,4335,117.34
2026/05/09 23:46:24.789,53,4335,138.94
2026/05/09 23:46:25.821,55,4335,148.16
2026/05/09 23:46:26.853,50,4335,138.98
2026/05/09 23:46:27.884,61,4335,116.75
2026/05/09 23:46:28.914,47,4335,129.59
2026/05/09 23:46:29.944,60,4335,148.98
2026/05/09 23:46:30.975,50,4341,147.73
2026/05/09 23:46:32.007,56,4340,119.92
2026/05/09 23:46:33.038,59,4351,132.21
2026/05/09 23:46:34.069,56,4348,147.46
2026/05/09 23:46:35.101,96,4348,168.60
2026/05/09 23:46:36.132,97,4348,196.70
2026/05/09 23:46:37.162,96,4339,196.57
2026/05/09 23:46:38.192,96,4339,196.33
2026/05/09 23:46:39.223,97,4339,243.70
2026/05/09 23:46:40.255,93,4339,562.58
2026/05/09 23:46:41.288,96,4341,560.00
2026/05/09 23:46:42.320,97,4345,566.91
2026/05/09 23:46:43.353,93,4345,564.77
2026/05/09 23:46:44.385,94,4345,566.42
2026/05/09 23:46:45.417,97,4349,565.28
2026/05/09 23:46:46.450,97,4353,565.56
2026/05/09 23:46:47.482,95,4350,201.22
2026/05/09 23:46:48.514,96,4358,199.88
2026/05/09 23:46:49.545,96,4358,199.35
2026/05/09 23:46:50.577,92,4354,238.79
2026/05/09 23:46:51.609,96,4359,564.90
2026/05/09 23:46:52.641,98,4357,559.27
2026/05/09 23:46:53.673,96,4357,547.45
2026/05/09 23:46:54.705,96,4357,562.13
2026/05/09 23:46:55.737,92,4361,560.21
2026/05/09 23:46:56.770,94,4356,560.57
2026/05/09 23:46:57.803,93,4354,557.74
2026/05/09 23:46:58.835,96,4354,251.73
2026/05/09 23:46:59.868,95,4354,201.93
2026/05/09 23:47:00.900,96,4353,201.16
2026/05/09 23:47:01.932,96,4374,201.06
2026/05/09 23:47:02.963,97,4370,358.01
2026/05/09 23:47:03.996,94,4370,552.61
2026/05/09 23:47:05.028,93,4370,558.54
2026/05/09 23:47:06.060,97,4370,572.24
2026/05/09 23:47:07.086,94,4357,559.88
2026/05/09 23:47:08.115,94,4358,565.40
2026/05/09 23:47:09.147,97,4355,556.35
2026/05/09 23:47:10.177,96,4355,310.16
2026/05/09 23:47:11.208,96,4355,203.80
2026/05/09 23:47:12.240,96,4349,202.70
2026/05/09 23:47:13.271,96,4349,202.79
2026/05/09 23:47:14.302,97,4349,337.54
2026/05/09 23:47:15.334,94,4349,564.62
2026/05/09 23:47:16.368,95,4349,565.15
2026/05/09 23:47:17.401,97,4349,559.99
2026/05/09 23:47:18.435,97,4349,568.56
2026/05/09 23:47:19.468,94,4349,565.81
2026/05/09 23:47:20.499,94,4349,559.39
2026/05/09 23:47:21.530,97,4349,482.55
2026/05/09 23:47:22.562,94,4349,205.96
2026/05/09 23:47:23.593,93,4349,204.44
2026/05/09 23:47:24.625,96,4349,203.96
2026/05/09 23:47:25.657,94,4349,329.04
2026/05/09 23:47:26.689,94,4349,569.91
2026/05/09 23:47:27.721,97,4350,565.74
2026/05/09 23:47:28.751,97,4350,569.26
2026/05/09 23:47:29.781,94,4350,565.59
2026/05/09 23:47:30.812,93,4356,568.47
2026/05/09 23:47:31.843,97,4354,566.33
2026/05/09 23:47:32.874,50,4353,476.48
2026/05/09 23:47:33.905,51,4353,128.12
2026/05/09 23:47:34.936,57,4353,146.90
2026/05/09 23:47:35.968,55,4349,153.34
2026/05/09 23:47:36.999,52,4349,153.28
2026/05/09 23:47:38.032,51,4354,130.87
2026/05/09 23:47:39.064,49,4353,146.80
2026/05/09 23:47:40.094,55,4360,150.90
2026/05/09 23:47:41.123,64,4358,147.83
2026/05/09 23:47:42.151,69,4358,128.56
2026/05/09 23:47:43.181,54,4358,152.18
2026/05/09 23:47:44.213,59,4358,155.55
2026/05/09 23:47:45.245,68,4357,143.87
2026/05/09 23:47:46.274,61,4357,127.76
2026/05/09 23:47:47.306,47,4357,150.47
2026/05/09 23:47:48.337,48,4357,146.07
2026/05/09 23:47:49.369,56,4357,138.41
2026/05/09 23:47:50.402,48,4357,123.06
2026/05/09 23:47:51.434,54,4357,147.55
2026/05/09 23:47:52.467,48,4357,146.60
2026/05/09 23:47:53.499,49,4357,137.56
2026/05/09 23:47:54.530,56,4357,120.49
2026/05/09 23:47:55.563,51,4357,147.69
2026/05/09 23:47:56.595,53,4357,143.50
2026/05/09 23:47:57.626,61,4357,133.68
2026/05/09 23:47:58.658,57,4357,122.45
2026/05/09 23:47:59.690,48,4357,151.37
2026/05/09 23:48:00.721,56,4357,148.27
2026/05/09 23:48:01.751,56,4357,133.65
2026/05/09 23:48:02.782,49,4357,122.06
2026/05/09 23:48:03.812,57,4357,150.86
2026/05/09 23:48:04.843,49,4357,149.05
2026/05/09 23:48:05.875,58,4357,131.40
2026/05/09 23:48:06.907,61,4357,124.39
2026/05/09 23:48:07.938,55,4357,150.00
2026/05/09 23:48:08.970,58,4357,149.28
2026/05/09 23:48:10.003,61,4358,129.17
2026/05/09 23:48:11.034,50,4358,122.64
2026/05/09 23:48:12.065,45,4358,139.74
2026/05/09 23:48:13.097,51,4358,142.96
2026/05/09 23:48:14.129,59,4358,125.46
2026/05/09 23:48:15.161,47,4349,125.66
2026/05/09 23:48:16.193,50,4349,142.74
2026/05/09 23:48:17.225,47,4349,142.66
2026/05/09 23:48:18.258,95,4349,159.64
2026/05/09 23:48:19.290,95,4349,195.21
2026/05/09 23:48:20.321,95,4349,195.97
2026/05/09 23:48:21.353,96,4349,195.53
2026/05/09 23:48:22.384,91,4349,201.64
2026/05/09 23:48:23.415,92,4349,534.93
2026/05/09 23:48:24.449,96,4349,553.99
2026/05/09 23:48:25.483,96,4349,563.79
2026/05/09 23:48:26.514,92,4349,566.79
2026/05/09 23:48:27.545,92,4349,557.72
2026/05/09 23:48:28.579,96,4349,563.17
2026/05/09 23:48:29.612,96,4349,449.95
2026/05/09 23:48:30.644,97,4356,200.88
2026/05/09 23:48:31.676,96,4354,200.09
2026/05/09 23:48:32.708,95,4353,199.94
2026/05/09 23:48:33.740,96,4353,199.66
2026/05/09 23:48:34.772,92,4357,539.56
2026/05/09 23:48:35.804,92,4357,558.62
2026/05/09 23:48:36.835,96,4357,554.45
2026/05/09 23:48:37.868,96,4357,558.43
2026/05/09 23:48:38.900,96,4357,562.61
2026/05/09 23:48:39.934,96,4357,564.90
2026/05/09 23:48:40.967,92,4361,563.10
2026/05/09 23:48:42.000,95,4361,337.96
2026/05/09 23:48:43.033,97,4361,202.09
2026/05/09 23:48:44.066,96,4361,201.69
2026/05/09 23:48:45.099,91,4361,200.87
2026/05/09 23:48:46.131,92,4349,484.07
2026/05/09 23:48:47.164,96,4349,546.72
2026/05/09 23:48:48.197,96,4349,564.21
2026/05/09 23:48:49.229,98,4349,563.97
2026/05/09 23:48:50.262,96,4349,556.90
2026/05/09 23:48:51.294,96,4349,561.36
2026/05/09 23:48:52.328,96,4349,559.85
2026/05/09 23:48:53.361,91,4349,393.45
2026/05/09 23:48:54.393,95,4349,204.11
2026/05/09 23:48:55.425,95,4349,202.94
2026/05/09 23:48:56.457,96,4349,202.37
2026/05/09 23:48:57.489,91,4349,241.60
2026/05/09 23:48:58.520,93,4349,564.02
2026/05/09 23:48:59.551,94,4349,547.67
2026/05/09 23:49:00.582,94,4349,556.01
2026/05/09 23:49:01.612,92,4349,560.84
2026/05/09 23:49:02.643,94,4349,552.13
2026/05/09 23:49:03.675,97,4349,564.02
2026/05/09 23:49:04.706,96,4349,441.14
2026/05/09 23:49:05.739,96,4349,204.63
2026/05/09 23:49:06.771,95,4349,203.86
2026/05/09 23:49:07.804,91,4349,202.93
2026/05/09 23:49:08.835,96,4349,202.88
2026/05/09 23:49:09.868,94,4348,551.44
2026/05/09 23:49:10.900,93,4348,569.37
2026/05/09 23:49:11.931,93,4348,569.05
2026/05/09 23:49:12.964,94,4348,569.60
2026/05/09 23:49:13.997,97,4348,561.44
2026/05/09 23:49:15.031,97,4348,562.72
2026/05/09 23:49:16.063,57,4348,439.24
2026/05/09 23:49:17.095,61,4348,129.84
2026/05/09 23:49:18.128,54,4348,148.98
2026/05/09 23:49:19.161,50,4348,149.38
2026/05/09 23:49:20.193,46,4348,148.93
2026/05/09 23:49:21.223,58,4348,129.92
2026/05/09 23:49:22.255,49,4348,138.34
2026/05/09 23:49:23.288,47,4348,147.95
2026/05/09 23:49:24.319,48,4348,147.42
2026/05/09 23:49:25.351,61,4348,133.51
2026/05/09 23:49:26.382,55,4348,122.48
2026/05/09 23:49:27.414,53,4348,147.12
2026/05/09 23:49:28.445,48,4348,151.64
2026/05/09 23:49:29.476,57,4348,139.10
2026/05/09 23:49:30.507,63,4348,125.45
2026/05/09 23:49:31.538,48,4348,152.95
2026/05/09 23:49:32.569,49,4348,146.05
2026/05/09 23:49:33.599,54,4372,124.08
2026/05/09 23:49:34.629,50,4385,131.78
2026/05/09 23:49:35.657,51,4385,149.94
2026/05/09 23:49:36.686,59,4385,151.20
2026/05/09 23:49:37.716,63,4385,125.80
2026/05/09 23:49:38.747,50,4385,132.62
2026/05/09 23:49:39.777,47,4364,141.55
2026/05/09 23:49:40.807,57,4376,119.52
2026/05/09 23:49:41.838,47,4386,133.02
2026/05/09 23:49:42.869,50,4513,143.39
2026/05/09 23:49:43.900,53,4512,145.19
2026/05/09 23:49:44.928,61,4511,129.20
2026/05/09 23:49:45.958,49,4511,127.40
2026/05/09 23:49:46.988,49,4466,144.83
2026/05/09 23:49:48.017,55,4429,146.03
2026/05/09 23:49:49.048,49,4411,128.63
2026/05/09 23:49:50.079,48,4411,137.05
2026/05/09 23:49:51.107,60,4411,144.79
2026/05/09 23:49:52.139,54,4444,150.24
2026/05/09 23:49:53.171,55,4443,118.46
2026/05/09 23:49:54.202,56,4443,132.81
2026/05/09 23:49:55.233,56,4443,149.36
2026/05/09 23:49:56.263,48,4443,143.56
2026/05/09 23:49:57.294,52,4412,121.35
2026/05/09 23:49:58.325,47,4412,126.81
2026/05/09 23:49:59.357,48,4412,140.96
2026/05/09 23:50:00.388,50,4412,141.18
2026/05/09 23:50:01.421,96,4412,164.42
2026/05/09 23:50:02.453,96,4412,194.51
2026/05/09 23:50:03.486,95,4412,194.83
2026/05/09 23:50:04.519,90,4412,194.73
2026/05/09 23:50:05.550,90,4412,213.33
2026/05/09 23:50:06.581,93,4412,567.50
2026/05/09 23:50:07.614,92,4412,561.34
2026/05/09 23:50:08.648,96,4412,567.88
2026/05/09 23:50:09.680,96,4412,566.19
2026/05/09 23:50:10.712,96,4412,562.46
2026/05/09 23:50:11.744,96,4412,556.33
2026/05/09 23:50:12.776,96,4412,439.45
2026/05/09 23:50:13.808,95,4412,200.18
2026/05/09 23:50:14.839,95,4412,199.77
2026/05/09 23:50:15.873,95,4447,199.57
2026/05/09 23:50:16.906,91,4453,199.29
2026/05/09 23:50:17.938,94,4453,519.45
2026/05/09 23:50:18.970,94,4453,568.55
2026/05/09 23:50:20.002,94,4453,564.16
2026/05/09 23:50:21.035,93,4451,570.68
2026/05/09 23:50:22.066,93,4422,556.89
2026/05/09 23:50:23.098,92,4422,555.46
2026/05/09 23:50:24.131,96,4444,468.62
2026/05/09 23:50:25.161,90,4448,202.62
2026/05/09 23:50:26.190,94,4448,201.21
2026/05/09 23:50:27.220,95,4448,200.84
2026/05/09 23:50:28.250,96,4448,200.54
2026/05/09 23:50:29.280,92,4448,509.38
2026/05/09 23:50:30.311,92,4448,559.19
2026/05/09 23:50:31.342,98,4450,567.74
2026/05/09 23:50:32.374,92,4450,563.97
2026/05/09 23:50:33.405,94,4451,561.24
2026/05/09 23:50:34.436,92,4451,565.56
2026/05/09 23:50:35.467,94,4451,555.17
2026/05/09 23:50:36.500,95,4450,376.62
2026/05/09 23:50:37.532,92,4450,203.74
2026/05/09 23:50:38.563,96,4450,202.25
2026/05/09 23:50:39.595,95,4451,201.72
2026/05/09 23:50:40.627,98,4451,436.64
2026/05/09 23:50:41.658,96,4450,562.21
2026/05/09 23:50:42.691,96,4450,559.62
2026/05/09 23:50:43.723,96,4447,564.46
2026/05/09 23:50:44.756,96,4441,561.07
2026/05/09 23:50:45.787,96,4444,563.76
2026/05/09 23:50:46.818,98,4443,557.01
2026/05/09 23:50:47.851,95,4443,467.88
2026/05/09 23:50:48.881,95,4442,204.38
2026/05/09 23:50:49.912,96,4446,204.37
2026/05/09 23:50:50.944,95,4460,203.02
2026/05/09 23:50:51.977,91,4460,203.03
2026/05/09 23:50:53.012,97,4459,514.16
2026/05/09 23:50:54.043,97,4461,561.42
2026/05/09 23:50:55.074,94,4460,554.86
2026/05/09 23:50:56.105,94,4475,567.06
2026/05/09 23:50:57.137,97,4483,569.80
2026/05/09 23:50:58.168,97,4492,563.56
2026/05/09 23:50:59.201,67,4489,536.29
2026/05/09 23:51:00.231,57,4488,144.37
2026/05/09 23:51:01.262,47,4481,142.34
2026/05/09 23:51:02.294,49,4474,149.69
2026/05/09 23:51:03.325,48,4385,150.49
2026/05/09 23:51:04.355,56,4385,136.09
2026/05/09 23:51:05.384,48,4385,129.98
2026/05/09 23:51:06.415,50,4385,153.43
2026/05/09 23:51:07.446,51,4459,147.76
2026/05/09 23:51:08.480,53,4459,138.86
2026/05/09 23:51:09.511,50,4459,123.29
2026/05/09 23:51:10.542,55,4459,143.43
2026/05/09 23:51:11.574,48,4458,145.82
2026/05/09 23:51:12.605,54,4476,133.41
2026/05/09 23:51:13.637,57,4478,120.82
2026/05/09 23:51:14.669,57,5103,148.58
2026/05/09 23:51:15.699,48,5163,148.31
2026/05/09 23:51:16.730,47,5147,144.49
2026/05/09 23:51:17.761,51,5144,119.64
2026/05/09 23:51:18.793,49,5098,134.24
2026/05/09 23:51:19.825,47,4724,142.90
2026/05/09 23:51:20.857,46,4398,142.36
2026/05/09 23:51:21.888,50,4398,129.41
2026/05/09 23:51:22.920,46,4398,123.69
2026/05/09 23:51:23.953,56,4398,147.38
2026/05/09 23:51:24.985,50,4398,142.80
2026/05/09 23:51:26.017,54,4398,133.73
2026/05/09 23:51:27.049,49,4398,117.34
2026/05/09 23:51:28.081,50,4398,146.64
2026/05/09 23:51:29.112,54,4398,146.70
2026/05/09 23:51:30.144,56,4398,128.39
2026/05/09 23:51:31.172,50,4398,122.07
2026/05/09 23:51:32.203,47,4398,142.99
2026/05/09 23:51:33.235,61,4400,146.83
2026/05/09 23:51:34.266,61,4404,136.18
2026/05/09 23:51:35.297,48,4458,119.85
2026/05/09 23:51:36.329,46,4458,140.13
2026/05/09 23:51:37.361,47,4458,139.26
2026/05/09 23:51:38.394,57,4455,139.24
2026/05/09 23:51:39.425,53,4455,115.76
2026/05/09 23:51:40.457,56,4445,132.06
2026/05/09 23:51:41.488,57,4439,145.37
2026/05/09 23:51:42.521,63,4439,148.68
2026/05/09 23:51:43.553,53,4439,119.38
2026/05/09 23:51:44.586,47,4444,142.60
2026/05/09 23:51:45.619,52,4460,142.02
2026/05/09 23:51:46.652,50,4468,142.54
2026/05/09 23:51:47.683,50,4468,115.82
2026/05/09 23:51:48.714,50,4472,128.41
2026/05/09 23:51:49.744,48,4472,142.57
2026/05/09 23:51:50.775,47,4471,144.37
2026/05/09 23:51:51.807,96,4501,171.63
2026/05/09 23:51:52.838,96,4510,194.99
2026/05/09 23:51:53.870,96,4510,195.99
2026/05/09 23:51:54.902,96,4510,195.19
2026/05/09 23:51:55.933,97,4510,274.40
2026/05/09 23:51:56.963,98,4500,567.11
2026/05/09 23:51:57.996,93,4497,560.45
2026/05/09 23:51:59.030,94,4497,556.17
2026/05/09 23:52:00.061,97,4497,557.32
2026/05/09 23:52:01.093,97,4498,558.42
2026/05/09 23:52:02.124,93,4497,561.51
2026/05/09 23:52:03.156,96,4493,385.17
2026/05/09 23:52:04.188,96,4588,200.96
2026/05/09 23:52:05.221,96,4595,200.55
2026/05/09 23:52:06.254,96,4589,200.15
2026/05/09 23:52:07.286,98,4589,236.54
2026/05/09 23:52:08.317,97,4682,563.03
2026/05/09 23:52:09.350,94,4583,564.41
2026/05/09 23:52:10.382,98,4575,571.78
2026/05/09 23:52:11.415,97,4962,561.23
2026/05/09 23:52:12.446,97,4965,570.17
2026/05/09 23:52:13.477,94,4930,565.10
2026/05/09 23:52:14.510,94,4824,564.63
2026/05/09 23:52:15.542,96,4823,234.18
2026/05/09 23:52:16.575,96,4496,201.93
2026/05/09 23:52:17.607,96,4352,201.75
2026/05/09 23:52:18.638,96,4352,201.33
2026/05/09 23:52:19.670,92,4352,524.74
2026/05/09 23:52:20.702,96,4352,561.89
2026/05/09 23:52:21.734,96,4352,560.55
2026/05/09 23:52:22.765,96,4352,561.57
2026/05/09 23:52:23.794,94,4352,553.88
2026/05/09 23:52:24.826,96,4352,551.60
2026/05/09 23:52:25.858,96,4352,564.19
2026/05/09 23:52:26.890,96,4352,289.84
2026/05/09 23:52:27.922,95,4352,203.35
2026/05/09 23:52:28.956,91,4352,202.43
2026/05/09 23:52:29.989,96,4352,202.15
2026/05/09 23:52:31.022,96,4356,333.33
2026/05/09 23:52:32.056,96,4360,567.31
2026/05/09 23:52:33.090,92,4360,559.86
2026/05/09 23:52:34.122,92,4360,549.51
2026/05/09 23:52:35.154,96,4360,551.80
2026/05/09 23:52:36.186,96,4360,562.01
2026/05/09 23:52:37.219,92,4360,557.49
2026/05/09 23:52:38.252,96,4360,365.64
2026/05/09 23:52:39.285,96,4360,204.17
2026/05/09 23:52:40.317,96,4360,203.13
2026/05/09 23:52:41.350,91,4360,203.39
2026/05/09 23:52:42.384,97,4360,282.26
2026/05/09 23:52:43.417,96,4360,570.10
2026/05/09 23:52:44.451,94,4397,567.82
2026/05/09 23:52:45.483,96,4397,565.42
2026/05/09 23:52:46.517,96,4417,564.43
2026/05/09 23:52:47.550,96,4416,562.77
2026/05/09 23:52:48.582,92,4415,556.74
2026/05/09 23:52:49.613,57,4422,375.99
2026/05/09 23:52:50.647,56,4410,130.32
2026/05/09 23:52:51.679,48,4409,155.83
2026/05/09 23:52:52.711,47,4415,149.44
2026/05/09 23:52:53.743,46,4446,144.92
2026/05/09 23:52:54.775,50,4435,123.96
2026/05/09 23:52:55.807,50,4434,139.93
2026/05/09 23:52:56.838,54,4434,148.38
2026/05/09 23:52:57.869,57,4400,154.03
2026/05/09 23:52:58.901,51,4359,121.16
2026/05/09 23:52:59.934,47,4359,134.99
2026/05/09 23:53:00.966,48,4359,146.29
2026/05/09 23:53:01.996,50,4359,147.41
2026/05/09 23:53:03.028,62,4359,133.26
2026/05/09 23:53:04.060,50,4360,129.21
2026/05/09 23:53:05.092,56,4360,150.29
2026/05/09 23:53:06.123,51,4360,146.50
2026/05/09 23:53:07.156,50,4359,117.23
2026/05/09 23:53:08.188,55,4359,137.64
2026/05/09 23:53:09.218,56,4359,147.66
2026/05/09 23:53:10.248,56,4359,151.31
2026/05/09 23:53:11.280,46,4359,118.48
2026/05/09 23:53:12.311,59,4359,136.43
2026/05/09 23:53:13.344,46,4359,142.25
2026/05/09 23:53:14.376,51,4359,142.09
2026/05/09 23:53:15.407,49,4359,125.50
2026/05/09 23:53:16.438,46,4359,122.20
2026/05/09 23:53:17.470,46,4359,141.60
2026/05/09 23:53:18.502,51,4359,142.42
2026/05/09 23:53:19.533,48,4359,135.53
2026/05/09 23:53:20.565,51,4359,115.73
2026/05/09 23:53:21.598,48,4359,140.74
2026/05/09 23:53:22.630,48,4359,141.06
2026/05/09 23:53:23.661,53,4359,133.99
2026/05/09 23:53:24.692,49,4359,117.61
2026/05/09 23:53:25.723,49,4359,134.30
2026/05/09 23:53:26.754,47,4359,140.38
2026/05/09 23:53:27.785,53,4359,146.20
2026/05/09 23:53:28.818,57,4359,109.99
2026/05/09 23:53:29.850,51,4364,119.04
2026/05/09 23:53:30.882,60,4410,149.06
2026/05/09 23:53:31.913,53,4408,150.85
2026/05/09 23:53:32.944,54,4408,128.57
2026/05/09 23:53:33.976,48,4403,120.31
2026/05/09 23:53:35.006,62,4403,145.91
2026/05/09 23:53:36.038,56,4402,149.62
2026/05/09 23:53:37.071,97,4360,193.70
2026/05/09 23:53:38.104,96,4359,195.61
2026/05/09 23:53:39.137,96,4359,194.99
2026/05/09 23:53:40.169,96,4403,194.92
2026/05/09 23:53:41.203,95,4484,424.89
2026/05/09 23:53:42.235,98,4478,556.15
2026/05/09 23:53:43.267,95,4476,565.21
2026/05/09 23:53:44.300,97,4476,555.43
2026/05/09 23:53:45.331,97,4475,564.07
2026/05/09 23:53:46.365,95,4458,567.60
2026/05/09 23:53:47.396,98,4458,571.82
2026/05/09 23:53:48.429,95,4458,385.86
2026/05/09 23:53:49.461,96,4458,199.88
2026/05/09 23:53:50.493,95,4458,199.28
2026/05/09 23:53:51.524,96,4458,198.90
2026/05/09 23:53:52.555,96,4464,228.10
2026/05/09 23:53:53.585,96,4462,558.92
2026/05/09 23:53:54.617,92,4462,549.03
2026/05/09 23:53:55.650,96,4462,560.57
2026/05/09 23:53:56.681,92,4448,557.40
2026/05/09 23:53:57.713,98,4449,556.04
2026/05/09 23:53:58.745,92,4449,549.06
2026/05/09 23:53:59.775,96,4460,443.94
2026/05/09 23:54:00.806,96,4455,203.01
2026/05/09 23:54:01.838,96,4455,201.52
2026/05/09 23:54:02.870,96,4455,200.90
2026/05/09 23:54:03.901,96,4455,200.77
2026/05/09 23:54:04.933,96,4435,500.55
2026/05/09 23:54:05.964,98,4435,552.80
2026/05/09 23:54:06.996,92,4435,553.26
2026/05/09 23:54:08.027,96,4439,543.91
2026/05/09 23:54:09.060,93,4443,555.10
2026/05/09 23:54:10.092,97,4442,570.36
2026/05/09 23:54:11.124,95,4442,538.88
2026/05/09 23:54:12.157,96,4442,213.60
2026/05/09 23:54:13.189,96,4442,203.09
2026/05/09 23:54:14.221,96,4448,201.92
2026/05/09 23:54:15.253,96,4448,201.46
2026/05/09 23:54:16.285,94,4448,429.23
2026/05/09 23:54:17.317,97,4448,567.06
2026/05/09 23:54:18.348,94,4445,572.07
2026/05/09 23:54:19.380,97,4440,566.94
2026/05/09 23:54:20.412,94,4440,570.00
2026/05/09 23:54:21.445,97,4440,562.85
2026/05/09 23:54:22.476,94,4436,562.43
2026/05/09 23:54:23.509,96,4436,400.45
2026/05/09 23:54:24.542,95,4436,204.14
2026/05/09 23:54:25.574,96,4436,202.62
2026/05/09 23:54:26.609,96,4436,202.00
2026/05/09 23:54:27.642,92,4436,367.23
2026/05/09 23:54:28.675,96,4436,541.53
2026/05/09 23:54:29.707,97,4436,557.48
2026/05/09 23:54:30.739,96,4436,560.27
2026/05/09 23:54:31.769,97,4436,561.26
2026/05/09 23:54:32.799,93,4436,564.22
2026/05/09 23:54:33.830,96,4436,556.20
2026/05/09 23:54:34.862,58,4436,470.34
2026/05/09 23:54:35.894,53,4436,129.59
2026/05/09 23:54:36.925,48,4436,146.06
2026/05/09 23:54:37.956,45,4436,152.07
2026/05/09 23:54:38.986,51,4436,151.38
2026/05/09 23:54:40.015,61,4436,130.28
2026/05/09 23:54:41.046,48,4436,135.71
2026/05/09 23:54:42.076,54,4436,153.03
2026/05/09 23:54:43.106,56,4471,146.39
2026/05/09 23:54:44.137,46,4471,123.25
2026/05/09 23:54:45.168,59,4555,145.35
2026/05/09 23:54:46.199,51,4559,153.02
2026/05/09 23:54:47.231,57,4549,142.60
2026/05/09 23:54:48.260,53,4542,121.35
2026/05/09 23:54:49.291,57,4542,143.90
2026/05/09 23:54:50.323,56,4448,152.15
2026/05/09 23:54:51.355,51,4341,142.57
2026/05/09 23:54:52.386,47,4341,117.52
2026/05/09 23:54:53.417,51,4345,135.77
2026/05/09 23:54:54.448,51,4353,145.89
2026/05/09 23:54:55.479,47,4353,145.24
2026/05/09 23:54:56.512,54,4353,123.83
2026/05/09 23:54:57.543,52,4353,129.33
2026/05/09 23:54:58.575,46,4353,141.88
2026/05/09 23:54:59.606,47,4353,140.55
2026/05/09 23:55:00.638,62,4353,118.94
2026/05/09 23:55:01.669,48,4353,129.47
2026/05/09 23:55:02.700,47,4353,140.22
2026/05/09 23:55:03.732,47,4353,140.14
2026/05/09 23:55:04.764,52,4353,127.11
2026/05/09 23:55:05.796,53,4353,116.07
2026/05/09 23:55:06.827,58,4353,146.50
2026/05/09 23:55:07.859,54,4353,150.18
2026/05/09 23:55:08.889,50,4353,130.87
2026/05/09 23:55:09.920,54,4353,115.38
2026/05/09 23:55:10.952,49,4353,140.59
2026/05/09 23:55:11.983,50,4353,140.13
2026/05/09 23:55:13.013,55,4362,139.70
2026/05/09 23:55:14.045,52,4366,117.25
2026/05/09 23:55:15.076,56,4366,147.66
2026/05/09 23:55:16.108,60,4366,151.29
2026/05/09 23:55:17.142,60,4366,132.75
2026/05/09 23:55:18.174,60,4366,121.98
2026/05/09 23:55:19.205,62,4366,153.61
2026/05/09 23:55:20.237,57,4366,149.26
2026/05/09 23:55:21.268,50,4366,124.01
2026/05/09 23:55:22.300,53,4366,122.34
2026/05/09 23:55:23.331,48,4366,144.57
2026/05/09 23:55:24.363,49,4366,139.98
2026/05/09 23:55:25.395,95,4366,160.19
2026/05/09 23:55:26.427,95,4366,193.99
2026/05/09 23:55:27.460,96,4366,193.92
2026/05/09 23:55:28.491,96,4366,194.85
2026/05/09 23:55:29.523,95,4366,194.10
2026/05/09 23:55:30.555,92,4366,520.06
2026/05/09 23:55:31.587,92,4366,562.48
2026/05/09 23:55:32.619,96,4366,558.26
2026/05/09 23:55:33.651,92,4362,552.39
2026/05/09 23:55:34.683,96,4362,560.26
2026/05/09 23:55:35.715,96,4362,562.23
2026/05/09 23:55:36.747,96,4362,450.46
2026/05/09 23:55:37.780,95,4362,199.67
2026/05/09 23:55:38.813,96,4366,199.07
2026/05/09 23:55:39.845,91,4366,198.75
2026/05/09 23:55:40.877,92,4366,198.52
2026/05/09 23:55:41.911,92,4366,526.88
2026/05/09 23:55:42.943,97,4366,553.56
2026/05/09 23:55:43.975,96,4366,545.86
2026/05/09 23:55:45.008,93,4362,547.53
2026/05/09 23:55:46.040,96,4362,555.72
2026/05/09 23:55:47.073,92,4362,558.65
2026/05/09 23:55:48.106,93,4366,503.00
2026/05/09 23:55:49.140,91,4366,203.06
2026/05/09 23:55:50.172,96,4366,201.89
2026/05/09 23:55:51.205,96,4366,201.18
2026/05/09 23:55:52.237,96,4366,200.64
2026/05/09 23:55:53.269,94,4366,437.08
2026/05/09 23:55:54.303,97,4366,553.90
2026/05/09 23:55:55.334,94,4366,562.04
2026/05/09 23:55:56.366,94,4366,563.57
2026/05/09 23:55:57.398,97,4366,561.22
2026/05/09 23:55:58.431,95,4366,551.98
2026/05/09 23:55:59.462,99,4366,553.33
2026/05/09 23:56:00.494,96,4362,393.63
2026/05/09 23:56:01.526,96,4376,204.07
2026/05/09 23:56:02.558,96,4376,203.48
2026/05/09 23:56:03.589,96,4435,202.12
2026/05/09 23:56:04.621,92,4429,419.26
2026/05/09 23:56:05.653,96,4426,555.84
2026/05/09 23:56:06.685,98,4426,548.73
2026/05/09 23:56:07.717,93,4425,553.66
2026/05/09 23:56:08.750,96,4378,559.06
2026/05/09 23:56:09.782,92,4378,564.34
2026/05/09 23:56:10.814,92,4378,550.73
2026/05/09 23:56:11.846,96,4378,447.92
2026/05/09 23:56:12.879,96,4378,204.72
2026/05/09 23:56:13.911,96,4378,203.69
2026/05/09 23:56:14.943,96,4378,203.10
2026/05/09 23:56:15.974,96,4376,202.66
2026/05/09 23:56:17.006,98,4376,546.49
2026/05/09 23:56:18.038,98,4375,566.58
2026/05/09 23:56:19.069,95,4375,554.49
2026/05/09 23:56:20.100,97,4375,563.10
2026/05/09 23:56:21.132,94,4375,559.58
2026/05/09 23:56:22.163,97,4375,571.49
2026/05/09 23:56:23.195,51,4375,455.49
2026/05/09 23:56:24.225,52,4375,127.36
2026/05/09 23:56:25.256,55,4375,146.00
2026/05/09 23:56:26.288,54,4375,156.91
2026/05/09 23:56:27.318,50,4375,151.34
2026/05/09 23:56:28.348,62,4375,126.02
2026/05/09 23:56:29.380,50,4375,138.95
2026/05/09 23:56:30.413,50,4375,150.57
2026/05/09 23:56:31.445,48,4375,147.16
2026/05/09 23:56:32.475,56,4375,130.46
2026/05/09 23:56:33.506,46,4375,130.32
2026/05/09 23:56:34.538,47,4375,147.44
2026/05/09 23:56:35.570,51,4375,145.18
2026/05/09 23:56:36.602,52,4375,122.89
2026/05/09 23:56:37.634,48,4375,129.92
2026/05/09 23:56:38.666,46,4375,144.29
2026/05/09 23:56:39.698,54,4375,145.89
2026/05/09 23:56:40.729,51,4375,132.36
2026/05/09 23:56:41.761,52,4375,117.78
2026/05/09 23:56:42.793,60,4375,151.64
2026/05/09 23:56:43.825,49,4382,152.91
2026/05/09 23:56:44.855,51,4382,131.18
2026/05/09 23:56:45.887,56,4381,118.28
2026/05/09 23:56:46.919,48,4381,141.61
2026/05/09 23:56:47.951,50,4381,142.66
2026/05/09 23:56:48.983,50,4383,141.71
2026/05/09 23:56:50.015,61,4382,120.96
2026/05/09 23:56:51.051,46,4382,133.16
2026/05/09 23:56:52.082,47,4382,143.99
2026/05/09 23:56:53.112,55,4382,138.29
2026/05/09 23:56:54.140,57,4381,119.24
2026/05/09 23:56:55.170,49,4381,138.76
2026/05/09 23:56:56.203,46,4381,141.25
2026/05/09 23:56:57.235,50,4382,142.61
2026/05/09 23:56:58.265,62,4490,120.82
2026/05/09 23:56:59.295,46,4487,131.46
2026/05/09 23:57:00.325,49,4482,137.06
2026/05/09 23:57:01.355,61,4487,116.50
2026/05/09 23:57:02.387,47,4486,131.74
2026/05/09 23:57:03.417,47,4416,140.81
2026/05/09 23:57:04.449,50,4416,141.91
2026/05/09 23:57:05.481,53,4416,124.51
2026/05/09 23:57:06.513,50,4336,123.03
2026/05/09 23:57:07.545,48,4342,140.53
2026/05/09 23:57:08.577,47,4342,141.40
2026/05/09 23:57:09.607,57,4341,118.20
2026/05/09 23:57:10.639,56,4341,132.06
2026/05/09 23:57:11.671,55,4341,146.69
2026/05/09 23:57:12.703,55,4341,148.74
2026/05/09 23:57:13.734,91,4341,192.43
2026/05/09 23:57:14.767,95,4341,195.16
2026/05/09 23:57:15.800,96,4341,195.29
2026/05/09 23:57:16.831,96,4351,195.30
2026/05/09 23:57:17.864,97,4351,424.68
2026/05/09 23:57:18.897,98,4350,561.32
2026/05/09 23:57:19.929,98,4350,569.34
2026/05/09 23:57:20.962,95,4350,554.92
2026/05/09 23:57:21.994,97,4349,564.01
2026/05/09 23:57:23.027,96,4349,561.79
2026/05/09 23:57:24.059,92,4349,564.55
2026/05/09 23:57:25.092,96,4348,241.77
2026/05/09 23:57:26.125,96,4348,200.01
2026/05/09 23:57:27.156,96,4348,199.46
2026/05/09 23:57:28.187,95,4348,198.86
2026/05/09 23:57:29.219,96,4361,385.67
2026/05/09 23:57:30.252,92,4361,558.58
2026/05/09 23:57:31.285,96,4358,563.24
2026/05/09 23:57:32.318,96,4358,562.75
2026/05/09 23:57:33.348,95,4358,562.62
2026/05/09 23:57:34.382,96,4353,554.78
2026/05/09 23:57:35.415,96,4353,556.16
2026/05/09 23:57:36.448,96,4353,448.10
2026/05/09 23:57:37.481,95,4349,202.66
2026/05/09 23:57:38.513,95,4349,201.09
2026/05/09 23:57:39.545,96,4356,200.74
2026/05/09 23:57:40.576,95,4356,200.85
2026/05/09 23:57:41.607,96,4354,563.31
2026/05/09 23:57:42.638,93,4354,556.82
2026/05/09 23:57:43.669,93,4354,548.90
2026/05/09 23:57:44.700,93,4359,547.41
2026/05/09 23:57:45.732,97,4359,560.34
2026/05/09 23:57:46.763,96,4358,560.17
2026/05/09 23:57:47.796,96,4362,517.66
2026/05/09 23:57:48.828,95,4362,205.03
2026/05/09 23:57:49.861,96,4361,202.68
2026/05/09 23:57:50.894,96,4362,202.38
2026/05/09 23:57:51.927,91,4362,201.90
2026/05/09 23:57:52.960,92,4362,463.85
2026/05/09 23:57:53.992,96,4362,551.76
2026/05/09 23:57:55.024,96,4362,561.22
2026/05/09 23:57:56.058,94,4352,565.17
2026/05/09 23:57:57.092,93,4352,560.34
2026/05/09 23:57:58.124,97,4352,557.13
2026/05/09 23:57:59.157,99,4352,556.81
2026/05/09 23:58:00.189,96,4352,207.21
2026/05/09 23:58:01.220,96,4352,204.16
2026/05/09 23:58:02.252,96,4352,203.37
2026/05/09 23:58:03.284,96,4352,202.75
2026/05/09 23:58:04.315,94,4352,405.94
2026/05/09 23:58:05.346,97,4352,568.84
2026/05/09 23:58:06.378,99,4352,552.93
2026/05/09 23:58:07.413,94,4352,550.00
2026/05/09 23:58:08.445,95,4352,556.16
2026/05/09 23:58:09.477,98,4352,561.99
2026/05/09 23:58:10.508,97,4352,566.46
2026/05/09 23:58:11.539,50,4352,387.77
2026/05/09 23:58:12.570,57,4352,129.11
2026/05/09 23:58:13.603,59,4352,160.19
2026/05/09 23:58:14.634,47,4352,151.79
2026/05/09 23:58:15.666,55,4352,127.89
2026/05/09 23:58:16.699,48,4352,135.29
2026/05/09 23:58:17.731,47,4352,147.26
2026/05/09 23:58:18.762,46,4352,146.96
2026/05/09 23:58:19.795,57,4352,136.32
2026/05/09 23:58:20.828,53,4352,125.70
2026/05/09 23:58:21.860,48,4352,147.08
2026/05/09 23:58:22.891,51,4352,147.35
2026/05/09 23:58:23.923,49,4352,140.02
2026/05/09 23:58:24.954,50,4352,119.01
2026/05/09 23:58:25.986,57,4352,140.29
2026/05/09 23:58:27.018,53,4352,141.03
2026/05/09 23:58:28.050,57,4352,118.29
2026/05/09 23:58:29.083,47,4352,139.52
2026/05/09 23:58:30.115,49,4352,142.82
2026/05/09 23:58:31.147,61,4352,131.20
2026/05/09 23:58:32.179,47,4352,122.02
2026/05/09 23:58:33.212,51,4352,141.80
2026/05/09 23:58:34.243,51,4352,143.08
2026/05/09 23:58:35.274,54,4352,139.10
2026/05/09 23:58:36.306,58,4352,117.89
2026/05/09 23:58:37.337,49,4358,137.15
2026/05/09 23:58:38.369,48,4359,141.90
2026/05/09 23:58:39.400,47,4359,141.36
2026/05/09 23:58:40.431,56,4359,119.32
2026/05/09 23:58:41.463,47,4359,129.16
2026/05/09 23:58:42.494,47,4358,140.14
2026/05/09 23:58:43.528,49,4358,142.83
2026/05/09 23:58:44.559,57,4358,126.42
2026/05/09 23:58:45.590,55,4358,134.77
2026/05/09 23:58:46.622,57,4358,149.34
2026/05/09 23:58:47.654,50,4358,144.88
2026/05/09 23:58:48.685,54,4358,119.79
2026/05/09 23:58:49.717,49,4358,131.27
2026/05/09 23:58:50.750,57,4358,141.54
2026/05/09 23:58:51.781,59,4358,147.25
2026/05/09 23:58:52.812,52,4358,123.65
2026/05/09 23:58:53.842,46,4358,123.88
2026/05/09 23:58:54.874,46,4357,139.96
2026/05/09 23:58:55.907,50,4357,139.99
2026/05/09 23:58:56.939,56,4400,129.82
2026/05/09 23:58:57.971,56,4404,118.38
2026/05/09 23:58:59.003,53,4404,140.01
2026/05/09 23:59:00.035,48,4400,140.53
2026/05/09 23:59:01.067,96,4399,155.20
2026/05/09 23:59:02.099,95,4398,194.74
2026/05/09 23:59:03.131,95,4358,194.87
2026/05/09 23:59:04.162,96,4358,195.00
2026/05/09 23:59:05.194,97,4358,326.02
2026/05/09 23:59:06.226,97,4358,558.54
2026/05/09 23:59:07.258,94,4358,554.62
2026/05/09 23:59:08.290,94,4358,549.86
2026/05/09 23:59:09.323,97,4358,553.77
2026/05/09 23:59:10.355,97,4357,558.26
2026/05/09 23:59:11.387,97,4357,551.45
2026/05/09 23:59:12.419,96,4357,469.63
2026/05/09 23:59:13.452,96,4363,200.40
2026/05/09 23:59:14.484,96,4362,199.68
2026/05/09 23:59:15.517,96,4362,199.70
2026/05/09 23:59:16.550,96,4362,199.55
2026/05/09 23:59:17.582,96,4362,469.89
2026/05/09 23:59:18.617,96,4361,563.31
2026/05/09 23:59:19.650,92,4361,558.53
2026/05/09 23:59:20.683,92,4361,554.66
2026/05/09 23:59:21.716,92,4361,547.74
2026/05/09 23:59:22.751,96,4361,556.27
2026/05/09 23:59:23.783,96,4361,549.80
2026/05/09 23:59:24.816,96,4361,203.26
2026/05/09 23:59:25.851,96,4361,201.65
2026/05/09 23:59:26.884,95,4361,201.29
2026/05/09 23:59:27.916,96,4361,201.19
2026/05/09 23:59:28.948,92,4361,401.48
2026/05/09 23:59:29.979,92,4361,566.53
2026/05/09 23:59:31.013,96,4449,564.09
2026/05/09 23:59:32.044,96,4453,557.60
2026/05/09 23:59:33.077,96,4445,557.33
2026/05/09 23:59:34.109,96,4443,565.10
2026/05/09 23:59:35.141,92,4443,550.64
2026/05/09 23:59:36.176,95,4386,249.99
2026/05/09 23:59:37.207,95,4376,202.72
2026/05/09 23:59:38.240,96,4376,202.54
2026/05/09 23:59:39.273,96,4372,201.99
2026/05/09 23:59:40.305,96,4372,354.42
2026/05/09 23:59:41.338,96,4373,562.23
2026/05/09 23:59:42.369,98,4315,555.48
2026/05/09 23:59:43.402,92,4323,556.89
2026/05/09 23:59:44.435,94,4323,567.62
2026/05/09 23:59:45.466,97,4323,559.93
2026/05/09 23:59:46.499,97,4322,567.04
2026/05/09 23:59:47.531,92,4321,481.22
2026/05/09 23:59:48.563,91,4364,205.34
2026/05/09 23:59:49.595,96,4363,203.99
2026/05/09 23:59:50.627,96,4356,202.98
2026/05/09 23:59:51.660,94,4357,306.52
2026/05/09 23:59:52.693,94,4357,562.33
2026/05/09 23:59:53.724,97,4362,559.20
2026/05/09 23:59:54.757,97,4328,564.01
2026/05/09 23:59:55.788,97,4328,564.78
2026/05/09 23:59:56.822,94,4323,554.71
2026/05/09 23:59:57.855,94,4323,562.84
2026/05/09 23:59:58.887,77,4323,544.22
2026/05/09 23:59:59.920,54,4323,131.84
2026/05/10 00:00:00.952,50,4322,143.04
2026/05/10 00:00:01.984,47,4322,151.20
2026/05/10 00:00:03.017,48,4322,150.07
2026/05/10 00:00:04.049,49,4321,134.39
2026/05/10 00:00:05.079,53,4358,129.60
2026/05/10 00:00:06.111,50,4391,152.37
2026/05/10 00:00:07.143,47,4388,147.01
2026/05/10 00:00:08.174,54,4382,131.16
2026/05/10 00:00:09.206,60,4380,134.25
2026/05/10 00:00:10.237,56,4347,158.37
2026/05/10 00:00:11.267,52,4377,152.86
2026/05/10 00:00:12.297,49,4377,128.60
2026/05/10 00:00:13.329,48,4370,132.37
2026/05/10 00:00:14.362,49,4370,145.19
2026/05/10 00:00:15.393,51,4337,145.93
2026/05/10 00:00:16.425,51,4321,134.21
2026/05/10 00:00:17.457,53,4321,119.75
2026/05/10 00:00:18.489,54,4321,151.58
2026/05/10 00:00:19.521,47,4321,147.82
2026/05/10 00:00:20.553,47,4321,134.26
2026/05/10 00:00:21.586,61,4321,118.66
2026/05/10 00:00:22.618,58,4330,150.34
2026/05/10 00:00:23.651,58,4334,154.06
2026/05/10 00:00:24.683,61,4334,124.11
2026/05/10 00:00:25.714,50,4331,130.62
2026/05/10 00:00:26.745,46,4330,143.81
2026/05/10 00:00:27.777,48,4330,144.32
2026/05/10 00:00:28.809,58,4325,131.01
2026/05/10 00:00:29.840,47,4325,128.57
2026/05/10 00:00:30.871,46,4325,143.38
2026/05/10 00:00:31.905,53,4325,141.66
2026/05/10 00:00:32.938,54,4325,130.39
2026/05/10 00:00:33.970,49,4325,117.23
2026/05/10 00:00:35.001,50,4325,140.57
2026/05/10 00:00:36.033,49,4325,147.01
2026/05/10 00:00:37.062,54,4325,136.62
2026/05/10 00:00:38.093,60,4325,118.73
2026/05/10 00:00:39.126,50,4325,145.19
2026/05/10 00:00:40.158,49,4325,145.77
2026/05/10 00:00:41.190,60,4330,126.55
2026/05/10 00:00:42.222,53,4349,124.63
2026/05/10 00:00:43.254,47,4349,143.16
2026/05/10 00:00:44.287,53,4347,141.11
2026/05/10 00:00:45.320,96,4347,159.13
2026/05/10 00:00:46.352,95,4350,194.31
2026/05/10 00:00:47.383,95,4355,194.02
2026/05/10 00:00:48.413,96,4352,194.85
2026/05/10 00:00:49.444,96,4352,195.18
2026/05/10 00:00:50.476,97,4353,542.30
2026/05/10 00:00:51.507,97,4346,550.56
2026/05/10 00:00:52.537,94,4329,558.88
2026/05/10 00:00:53.568,95,4329,563.37
2026/05/10 00:00:54.600,97,4329,566.12
2026/05/10 00:00:55.630,96,4394,560.41
2026/05/10 00:00:56.661,92,4390,445.58
2026/05/10 00:00:57.692,95,4385,200.68
2026/05/10 00:00:58.722,96,4391,199.90
2026/05/10 00:00:59.753,96,4391,200.14
2026/05/10 00:01:00.784,96,4325,199.56
2026/05/10 00:01:01.816,97,4321,538.84
2026/05/10 00:01:02.848,97,4381,561.05
2026/05/10 00:01:03.881,97,4395,566.97
2026/05/10 00:01:04.913,94,4390,568.06
2026/05/10 00:01:05.944,97,4385,562.15
2026/05/10 00:01:06.976,94,4383,541.22
2026/05/10 00:01:08.008,93,4365,565.85
2026/05/10 00:01:09.039,96,4321,334.21
2026/05/10 00:01:10.069,96,4340,201.77
2026/05/10 00:01:11.100,97,4340,201.42
2026/05/10 00:01:12.132,92,4340,200.99
2026/05/10 00:01:13.163,97,4340,469.38
2026/05/10 00:01:14.195,97,4340,552.42
2026/05/10 00:01:15.227,98,4327,558.99
2026/05/10 00:01:16.259,97,4332,562.83
2026/05/10 00:01:17.289,94,4332,571.26
2026/05/10 00:01:18.320,99,4332,556.22
2026/05/10 00:01:19.351,92,4332,555.76
2026/05/10 00:01:20.382,96,4472,346.82
2026/05/10 00:01:21.415,91,4544,202.71
2026/05/10 00:01:22.447,95,4532,203.00
2026/05/10 00:01:23.479,95,4531,202.09
2026/05/10 00:01:24.511,91,4531,249.13
2026/05/10 00:01:25.542,92,4517,554.61
2026/05/10 00:01:26.575,92,4529,553.74
2026/05/10 00:01:27.606,92,4530,557.87
2026/05/10 00:01:28.638,91,4520,563.28
2026/05/10 00:01:29.670,92,4519,539.57
2026/05/10 00:01:30.702,92,4519,563.31
2026/05/10 00:01:31.734,96,4348,456.32
2026/05/10 00:01:32.766,95,4340,204.32
2026/05/10 00:01:33.799,91,4338,202.87
2026/05/10 00:01:34.832,96,4338,202.81
2026/05/10 00:01:35.863,96,4403,202.76
2026/05/10 00:01:36.894,97,4409,484.99
2026/05/10 00:01:37.927,97,4405,560.76
2026/05/10 00:01:38.961,97,4413,565.54
2026/05/10 00:01:39.993,97,4411,564.34
2026/05/10 00:01:41.024,97,4400,551.52
2026/05/10 00:01:42.058,97,4401,571.20
2026/05/10 00:01:43.090,97,4367,568.68
2026/05/10 00:01:44.122,50,4351,130.37
2026/05/10 00:01:45.154,53,4348,147.64
2026/05/10 00:01:46.186,54,4346,158.85
2026/05/10 00:01:47.218,51,4341,155.42
2026/05/10 00:01:48.252,52,4341,124.50
2026/05/10 00:01:49.283,57,4341,143.51
2026/05/10 00:01:50.314,47,4352,149.20
2026/05/10 00:01:51.346,48,4352,148.55
2026/05/10 00:01:52.378,52,4349,129.34
2026/05/10 00:01:53.409,51,4351,129.01
2026/05/10 00:01:54.438,57,4352,152.67
2026/05/10 00:01:55.467,61,4352,128.25
2026/05/10 00:01:56.498,62,4358,140.30
2026/05/10 00:01:57.530,53,4355,155.05
2026/05/10 00:01:58.561,51,4357,150.61
2026/05/10 00:01:59.592,58,4357,124.47
2026/05/10 00:02:00.622,57,4357,151.21
2026/05/10 00:02:01.652,59,4356,150.31
2026/05/10 00:02:02.684,61,4359,139.06
2026/05/10 00:02:03.713,59,4359,128.81
2026/05/10 00:02:04.743,47,4358,150.23
2026/05/10 00:02:05.774,47,4358,145.81
2026/05/10 00:02:06.806,60,4358,135.01
2026/05/10 00:02:07.836,47,4363,122.80
2026/05/10 00:02:08.866,53,4363,147.13
2026/05/10 00:02:09.898,50,4362,145.02
2026/05/10 00:02:10.930,50,4362,136.57
2026/05/10 00:02:11.961,49,4362,116.35
2026/05/10 00:02:12.993,53,4349,140.74
2026/05/10 00:02:14.025,48,4349,145.87
2026/05/10 00:02:15.057,53,4349,140.47
2026/05/10 00:02:16.089,56,4349,118.47
2026/05/10 00:02:17.122,47,4349,142.95
2026/05/10 00:02:18.154,48,4349,142.33
2026/05/10 00:02:19.185,51,4349,136.10
2026/05/10 00:02:20.216,58,4349,117.00
2026/05/10 00:02:21.248,48,4349,134.29
2026/05/10 00:02:22.279,54,4349,143.32
2026/05/10 00:02:23.311,54,4349,147.77
2026/05/10 00:02:24.343,48,4349,116.77
2026/05/10 00:02:25.375,48,4349,135.13
2026/05/10 00:02:26.408,48,4349,141.83
2026/05/10 00:02:27.439,58,4349,145.03
2026/05/10 00:02:28.471,61,4349,123.26
2026/05/10 00:02:29.503,49,4349,130.17
2026/05/10 00:02:30.536,50,4349,140.78
2026/05/10 00:02:31.567,57,4349,142.11
2026/05/10 00:02:32.600,96,4349,177.21
2026/05/10 00:02:33.632,96,4349,195.20
2026/05/10 00:02:34.665,96,4349,195.23
2026/05/10 00:02:35.698,96,4349,195.01
2026/05/10 00:02:36.729,96,4349,478.39
2026/05/10 00:02:37.761,92,4349,547.87
2026/05/10 00:02:38.793,92,4349,556.25
2026/05/10 00:02:39.824,92,4349,561.53
2026/05/10 00:02:40.857,92,4350,557.10
2026/05/10 00:02:41.889,92,4350,558.50
2026/05/10 00:02:42.921,92,4350,561.72
2026/05/10 00:02:43.953,95,4350,310.69
2026/05/10 00:02:44.985,96,4350,200.19
2026/05/10 00:02:46.018,96,4350,199.84
2026/05/10 00:02:47.050,96,4350,199.90
2026/05/10 00:02:48.082,97,4350,301.98
2026/05/10 00:02:49.114,97,4350,559.38
2026/05/10 00:02:50.146,98,4350,561.11
2026/05/10 00:02:51.179,97,4350,556.11
2026/05/10 00:02:52.211,97,4350,556.59
2026/05/10 00:02:53.243,97,4350,560.34
2026/05/10 00:02:54.275,97,4350,558.34
2026/05/10 00:02:55.307,96,4350,311.92
2026/05/10 00:02:56.338,96,4350,202.33
2026/05/10 00:02:57.369,96,4350,202.16
2026/05/10 00:02:58.401,96,4350,201.77
2026/05/10 00:02:59.434,95,4350,308.16
2026/05/10 00:03:00.465,93,4350,558.53
2026/05/10 00:03:01.497,94,4350,559.83
2026/05/10 00:03:02.528,94,4350,558.40
2026/05/10 00:03:03.559,94,4350,562.41
2026/05/10 00:03:04.590,94,4350,559.33
2026/05/10 00:03:05.620,93,4350,553.53
2026/05/10 00:03:06.651,92,4350,347.15
2026/05/10 00:03:07.682,96,4350,203.91
2026/05/10 00:03:08.715,96,4350,203.28
2026/05/10 00:03:09.746,96,4350,202.67
2026/05/10 00:03:10.777,97,4349,311.81
2026/05/10 00:03:11.809,94,4349,558.28
2026/05/10 00:03:12.841,94,4349,555.89
2026/05/10 00:03:13.872,95,4349,555.38
2026/05/10 00:03:14.903,97,4349,565.00
2026/05/10 00:03:15.935,97,4349,556.06
2026/05/10 00:03:16.965,97,4349,551.87
2026/05/10 00:03:17.997,96,4349,512.17
2026/05/10 00:03:19.027,96,4349,205.76
2026/05/10 00:03:20.058,96,4349,204.36
2026/05/10 00:03:21.088,96,4349,203.54
2026/05/10 00:03:22.120,98,4349,301.01
2026/05/10 00:03:23.152,98,4349,552.17
2026/05/10 00:03:24.184,94,4349,545.26
2026/05/10 00:03:25.216,94,4349,564.12
2026/05/10 00:03:26.247,97,4349,558.85
2026/05/10 00:03:27.280,97,4349,562.10
2026/05/10 00:03:28.311,97,4349,567.95
2026/05/10 00:03:29.344,91,4349,529.36
2026/05/10 00:03:30.376,96,4349,208.06
2026/05/10 00:03:31.408,96,4349,204.32
2026/05/10 00:03:32.441,96,4349,203.74
2026/05/10 00:03:33.474,96,4349,202.97
2026/05/10 00:03:34.506,96,4349,461.74
2026/05/10 00:03:35.539,96,4349,554.87
2026/05/10 00:03:36.571,92,4349,557.45
2026/05/10 00:03:37.603,96,4349,551.72
2026/05/10 00:03:38.637,96,4349,562.57
2026/05/10 00:03:39.669,96,4349,560.36
2026/05/10 00:03:40.702,90,4349,564.66
2026/05/10 00:03:41.734,59,4349,175.46
2026/05/10 00:03:42.765,45,4349,141.70
2026/05/10 00:03:43.798,49,4349,158.35
2026/05/10 00:03:44.827,61,4349,154.78
2026/05/10 00:03:45.859,51,4349,129.16
2026/05/10 00:03:46.890,55,4349,137.07
2026/05/10 00:03:47.921,54,4349,157.64
2026/05/10 00:03:48.953,57,4349,157.60
2026/05/10 00:03:49.984,58,4349,128.40
2026/05/10 00:03:51.015,51,4349,134.96
2026/05/10 00:03:52.047,50,4349,146.76
2026/05/10 00:03:53.076,54,4349,147.76
2026/05/10 00:03:54.107,59,4349,123.48
2026/05/10 00:03:55.139,55,4349,138.85
2026/05/10 00:03:56.170,55,4349,153.01
2026/05/10 00:03:57.203,52,4349,147.48
2026/05/10 00:03:58.234,49,4349,118.02
2026/05/10 00:03:59.266,55,4349,139.26
2026/05/10 00:04:00.297,51,4349,151.58
2026/05/10 00:04:01.329,58,4349,147.22
2026/05/10 00:04:02.361,62,4349,120.03
2026/05/10 00:04:03.392,46,4349,136.42
2026/05/10 00:04:04.424,48,4349,141.86
2026/05/10 00:04:05.454,47,4349,142.07
2026/05/10 00:04:06.485,49,4349,125.25
2026/05/10 00:04:07.520,58,4349,123.30
2026/05/10 00:04:08.551,53,4349,150.48
2026/05/10 00:04:09.582,55,4349,151.60
2026/05/10 00:04:10.614,55,4349,116.77
2026/05/10 00:04:11.645,58,4349,140.21
2026/05/10 00:04:12.677,47,4349,146.93
2026/05/10 00:04:13.706,51,4349,140.36
2026/05/10 00:04:14.737,65,4349,120.80
2026/05/10 00:04:15.768,63,4349,145.22
2026/05/10 00:04:16.799,58,4349,151.66
2026/05/10 00:04:17.830,59,4349,136.63
2026/05/10 00:04:18.862,64,4349,120.83
2026/05/10 00:04:19.894,59,4349,152.05
2026/05/10 00:04:20.925,61,4349,151.09
2026/05/10 00:04:21.956,58,4349,128.25
2026/05/10 00:04:22.989,58,4349,130.28
2026/05/10 00:04:24.020,49,4349,143.23
2026/05/10 00:04:25.051,59,4349,146.29
2026/05/10 00:04:26.081,49,4349,123.97
2026/05/10 00:04:27.113,47,4349,136.23
2026/05/10 00:04:28.145,50,4349,139.25
2026/05/10 00:04:29.177,48,4349,139.44
2026/05/10 00:04:30.208,96,4349,180.63
2026/05/10 00:04:31.240,96,4349,194.83
2026/05/10 00:04:32.272,90,4349,194.89
2026/05/10 00:04:33.305,96,4349,195.59
2026/05/10 00:04:34.336,94,4349,362.65
2026/05/10 00:04:35.367,92,4349,556.95
2026/05/10 00:04:36.400,96,4349,557.72
2026/05/10 00:04:37.432,96,4349,553.82
2026/05/10 00:04:38.464,96,4349,558.69
2026/05/10 00:04:39.498,93,4349,558.82
2026/05/10 00:04:40.530,97,4349,557.28
2026/05/10 00:04:41.562,96,4349,460.48
2026/05/10 00:04:42.594,96,4349,199.91
2026/05/10 00:04:43.626,96,4349,199.11
2026/05/10 00:04:44.657,96,4349,200.36
2026/05/10 00:04:45.689,92,4349,355.74
2026/05/10 00:04:46.721,92,4349,553.71
2026/05/10 00:04:47.754,96,4349,562.63
2026/05/10 00:04:48.786,98,4349,557.30
2026/05/10 00:04:49.818,96,4349,554.18
2026/05/10 00:04:50.850,92,4349,551.55
2026/05/10 00:04:51.883,96,4349,568.76
2026/05/10 00:04:52.916,92,4349,471.42
2026/05/10 00:04:53.950,96,4349,202.98
2026/05/10 00:04:54.983,96,4349,201.60
2026/05/10 00:04:56.017,95,4349,200.96
2026/05/10 00:04:57.049,96,4349,200.85
2026/05/10 00:04:58.081,93,4349,481.70
2026/05/10 00:04:59.114,96,4349,562.93
2026/05/10 00:05:00.146,94,4349,559.09
2026/05/10 00:05:01.178,92,4349,556.98
2026/05/10 00:05:02.210,97,4349,553.98
2026/05/10 00:05:03.242,96,4349,560.42
2026/05/10 00:05:04.274,96,4349,519.30
2026/05/10 00:05:05.305,91,4349,204.77
2026/05/10 00:05:06.329,98,4349,204.30
2026/05/10 00:05:07.352,97,4349,204.12
2026/05/10 00:05:08.374,98,4349,204.12
2026/05/10 00:05:09.397,98,4349,473.57
2026/05/10 00:05:10.418,99,4349,566.64
2026/05/10 00:05:11.439,98,4349,558.47
2026/05/10 00:05:12.460,98,4349,553.77
2026/05/10 00:05:13.482,96,4349,552.93
2026/05/10 00:05:14.504,96,4349,565.45
2026/05/10 00:05:15.527,98,4349,560.27
2026/05/10 00:05:16.556,98,4349,335.49
2026/05/10 00:05:17.587,96,4349,204.54
2026/05/10 00:05:18.620,96,4349,202.77
2026/05/10 00:05:19.653,96,4349,202.55
2026/05/10 00:05:20.685,96,4349,507.29
2026/05/10 00:05:21.717,96,4349,562.84
2026/05/10 00:05:22.750,96,4349,561.02
2026/05/10 00:05:23.781,92,4349,551.68
2026/05/10 00:05:24.814,97,4349,560.48
2026/05/10 00:05:25.847,96,4349,558.42
2026/05/10 00:05:26.880,96,4349,556.86
2026/05/10 00:05:27.913,55,4349,325.78
2026/05/10 00:05:28.945,49,4349,134.35
2026/05/10 00:05:29.976,55,4349,154.75
2026/05/10 00:05:31.003,61,4349,161.48
2026/05/10 00:05:32.028,64,4349,141.31
2026/05/10 00:05:33.058,56,4349,143.26
2026/05/10 00:05:34.086,56,4349,154.82
2026/05/10 00:05:35.117,59,4349,141.44
2026/05/10 00:05:36.149,60,4349,125.83
2026/05/10 00:05:37.179,58,4349,153.24
2026/05/10 00:05:38.209,61,4349,159.46
2026/05/10 00:05:39.241,62,4349,135.78
2026/05/10 00:05:40.272,55,4349,133.78
2026/05/10 00:05:41.305,58,4349,151.20
2026/05/10 00:05:42.335,54,4349,151.17
2026/05/10 00:05:43.366,62,4349,128.99
2026/05/10 00:05:44.398,50,4349,128.04
2026/05/10 00:05:45.430,49,4349,143.58
2026/05/10 00:05:46.462,48,4349,144.13
2026/05/10 00:05:47.494,51,4349,134.46
2026/05/10 00:05:48.526,51,4349,117.39
2026/05/10 00:05:49.558,58,4349,142.42
2026/05/10 00:05:50.590,58,4349,151.77
2026/05/10 00:05:51.620,56,4349,124.88
2026/05/10 00:05:52.655,60,4349,129.35
2026/05/10 00:05:53.685,60,4349,150.87
2026/05/10 00:05:54.717,53,4349,150.87
2026/05/10 00:05:55.749,48,4349,125.22
2026/05/10 00:05:56.780,48,4349,124.53
2026/05/10 00:05:57.813,50,4349,142.29
2026/05/10 00:05:58.846,47,4349,141.13
2026/05/10 00:05:59.875,48,4349,132.54
2026/05/10 00:06:00.907,13,4349,109.46
2026/05/10 00:06:01.939,56,4349,128.77
2026/05/10 00:06:02.971,54,4349,146.34
2026/05/10 00:06:04.003,59,4349,149.03
2026/05/10 00:06:05.034,51,4349,122.69
2026/05/10 00:06:06.066,49,4349,124.05
2026/05/10 00:06:07.097,49,4349,141.26
2026/05/10 00:06:08.128,56,4349,116.00
2026/05/10 00:06:09.160,48,4349,136.90
2026/05/10 00:06:10.191,49,4349,140.92
2026/05/10 00:06:11.223,53,4349,141.08
2026/05/10 00:06:12.254,49,4349,116.19
2026/05/10 00:06:13.285,51,4349,130.70
2026/05/10 00:06:14.317,47,4349,140.28
2026/05/10 00:06:15.349,48,4349,139.59
2026/05/10 00:06:16.381,96,4349,175.87
2026/05/10 00:06:17.413,96,4349,194.70
2026/05/10 00:06:18.445,96,4349,194.66
2026/05/10 00:06:19.478,95,4349,195.00
2026/05/10 00:06:20.510,96,4349,312.73
2026/05/10 00:06:21.543,94,4349,560.28
2026/05/10 00:06:22.575,98,4349,556.57
2026/05/10 00:06:23.608,95,4349,554.23
2026/05/10 00:06:24.641,93,4349,562.12
2026/05/10 00:06:25.673,92,4349,563.57
2026/05/10 00:06:26.706,96,4349,561.71
2026/05/10 00:06:27.739,96,4349,347.39
2026/05/10 00:06:28.771,95,4349,199.24
2026/05/10 00:06:29.803,96,4349,199.31
2026/05/10 00:06:30.836,95,4349,199.02
2026/05/10 00:06:31.867,96,4349,279.67
2026/05/10 00:06:32.900,92,4349,560.49
2026/05/10 00:06:33.932,96,4349,561.60
2026/05/10 00:06:34.965,93,4349,560.97
2026/05/10 00:06:35.997,96,4349,561.55
2026/05/10 00:06:37.030,92,4349,553.59
2026/05/10 00:06:38.062,98,4349,557.66
2026/05/10 00:06:39.094,93,4349,537.90
2026/05/10 00:06:40.126,97,4349,202.28
2026/05/10 00:06:41.158,97,4349,201.77
2026/05/10 00:06:42.190,97,4349,201.55
2026/05/10 00:06:43.224,91,4349,246.54
2026/05/10 00:06:44.255,96,4349,563.96
2026/05/10 00:06:45.287,93,4349,557.34
2026/05/10 00:06:46.319,98,4349,543.85
2026/05/10 00:06:47.351,92,4349,559.69
2026/05/10 00:06:48.382,96,4349,557.03
2026/05/10 00:06:49.413,93,4349,552.98
2026/05/10 00:06:50.443,97,4349,563.73
2026/05/10 00:06:51.474,96,4349,269.99
2026/05/10 00:06:52.505,96,4349,202.78
2026/05/10 00:06:53.536,96,4349,201.81
2026/05/10 00:06:54.568,96,4349,201.51
2026/05/10 00:06:55.600,97,4349,387.64
2026/05/10 00:06:56.631,97,4349,555.48
2026/05/10 00:06:57.662,94,4349,562.26
2026/05/10 00:06:58.695,98,4349,560.39
2026/05/10 00:06:59.726,95,4349,562.01
2026/05/10 00:07:00.757,97,4349,563.56
2026/05/10 00:07:01.788,98,4349,564.52
2026/05/10 00:07:02.820,95,4349,285.69
2026/05/10 00:07:03.850,96,4349,204.00
2026/05/10 00:07:04.882,95,4349,203.01
2026/05/10 00:07:05.913,96,4349,202.77
2026/05/10 00:07:06.944,97,4349,366.96
2026/05/10 00:07:07.976,94,4349,563.03
2026/05/10 00:07:09.007,97,4349,557.82
2026/05/10 00:07:10.037,94,4349,564.17
2026/05/10 00:07:11.068,97,4349,566.15
2026/05/10 00:07:12.098,95,4349,562.59
2026/05/10 00:07:13.129,94,4349,562.97
2026/05/10 00:07:14.163,49,4349,220.69
2026/05/10 00:07:15.193,52,4349,138.89
2026/05/10 00:07:16.224,48,4349,152.21
2026/05/10 00:07:17.258,48,4349,150.08
2026/05/10 00:07:18.288,50,4349,139.65
2026/05/10 00:07:19.320,62,4349,133.05
2026/05/10 00:07:20.352,56,4349,157.16
2026/05/10 00:07:21.380,62,4349,159.83
2026/05/10 00:07:22.410,65,4349,136.79
2026/05/10 00:07:23.442,63,4349,143.39
2026/05/10 00:07:24.473,57,4349,157.25
2026/05/10 00:07:25.504,51,4349,150.36
2026/05/10 00:07:26.535,50,4349,119.79
2026/05/10 00:07:27.566,59,4349,140.95
2026/05/10 00:07:28.597,58,4349,154.93
2026/05/10 00:07:29.628,49,4349,133.18
2026/05/10 00:07:30.659,56,4349,121.56
2026/05/10 00:07:31.691,52,4349,152.11
2026/05/10 00:07:32.722,59,4349,151.49
2026/05/10 00:07:33.756,53,4349,131.94
2026/05/10 00:07:34.786,51,4349,117.78
2026/05/10 00:07:35.817,55,4349,150.17
2026/05/10 00:07:36.849,55,4349,149.89
2026/05/10 00:07:37.881,57,4349,133.33
2026/05/10 00:07:38.911,58,4349,119.75
2026/05/10 00:07:39.942,55,4349,149.66
2026/05/10 00:07:40.974,52,4349,122.78
2026/05/10 00:07:42.006,46,4349,124.90
2026/05/10 00:07:43.038,48,4349,140.56
2026/05/10 00:07:44.070,49,4349,141.53
2026/05/10 00:07:45.103,53,4349,133.50
2026/05/10 00:07:46.134,58,4349,128.73
2026/05/10 00:07:47.165,58,4349,149.10
2026/05/10 00:07:48.197,61,4349,151.55
2026/05/10 00:07:49.228,56,4349,120.99
2026/05/10 00:07:50.259,60,4349,140.65
2026/05/10 00:07:51.291,54,4349,149.61
2026/05/10 00:07:52.323,96,4349,157.52
2026/05/10 00:07:53.355,96,4349,195.44
2026/05/10 00:07:54.386,96,4349,195.13
2026/05/10 00:07:55.417,96,4349,195.52
2026/05/10 00:07:56.446,96,4349,195.70
2026/05/10 00:07:57.477,98,4349,480.43
2026/05/10 00:07:58.507,95,4349,564.65
2026/05/10 00:07:59.539,95,4349,559.52
2026/05/10 00:08:00.570,97,4349,570.07
2026/05/10 00:08:01.602,97,4349,565.29
2026/05/10 00:08:02.635,97,4349,554.19
2026/05/10 00:08:03.666,96,4349,465.42
2026/05/10 00:08:04.698,96,4349,200.68
2026/05/10 00:08:05.730,95,4349,200.10
2026/05/10 00:08:06.763,96,4349,199.93
2026/05/10 00:08:07.794,95,4349,200.12
2026/05/10 00:08:08.829,96,4349,534.28
2026/05/10 00:08:09.862,92,4349,553.88
2026/05/10 00:08:10.894,96,4349,559.28
2026/05/10 00:08:11.926,96,4349,545.97
2026/05/10 00:08:12.958,92,4349,551.12
2026/05/10 00:08:13.990,96,4349,555.29
2026/05/10 00:08:15.023,92,4349,555.60
2026/05/10 00:08:16.056,96,4349,312.94
2026/05/10 00:08:17.089,96,4349,202.46
2026/05/10 00:08:18.122,96,4349,201.02
2026/05/10 00:08:19.156,96,4349,200.82
2026/05/10 00:08:20.189,96,4349,459.18
2026/05/10 00:08:21.221,92,4349,550.18
2026/05/10 00:08:22.254,96,4349,554.29
2026/05/10 00:08:23.286,92,4349,556.82
2026/05/10 00:08:24.318,92,4349,560.31
2026/05/10 00:08:25.350,96,4349,545.01
2026/05/10 00:08:26.382,96,4349,562.96
2026/05/10 00:08:27.415,96,4349,369.67
2026/05/10 00:08:28.448,95,4349,203.38
2026/05/10 00:08:29.481,95,4349,202.59
2026/05/10 00:08:30.513,96,4349,202.13
2026/05/10 00:08:31.545,96,4349,253.61
2026/05/10 00:08:32.578,94,4349,568.03
2026/05/10 00:08:33.610,96,4349,553.26
2026/05/10 00:08:34.642,97,4349,564.73
2026/05/10 00:08:35.673,93,4349,549.88
2026/05/10 00:08:36.705,96,4349,545.83
2026/05/10 00:08:37.737,92,4349,560.12
2026/05/10 00:08:38.769,96,4349,410.68
2026/05/10 00:08:39.802,96,4349,204.72
2026/05/10 00:08:40.834,95,4349,203.27
2026/05/10 00:08:41.866,95,4349,202.44
2026/05/10 00:08:42.897,95,4349,204.22
2026/05/10 00:08:43.929,94,4349,535.53
2026/05/10 00:08:44.960,96,4349,561.13
2026/05/10 00:08:45.991,98,4349,559.60
2026/05/10 00:08:47.022,92,4349,551.09
2026/05/10 00:08:48.053,96,4349,556.35
2026/05/10 00:08:49.083,97,4349,561.69
2026/05/10 00:08:50.114,92,4349,561.60
2026/05/10 00:08:51.145,50,4349,131.17
2026/05/10 00:08:52.175,54,4349,151.46
2026/05/10 00:08:53.206,60,4349,160.45
2026/05/10 00:08:54.238,52,4349,148.86
2026/05/10 00:08:55.269,53,4349,123.78
2026/05/10 00:08:56.301,57,4349,148.25
2026/05/10 00:08:57.332,54,4349,155.99
2026/05/10 00:08:58.363,52,4349,147.52
2026/05/10 00:08:59.396,53,4349,122.34
2026/05/10 00:09:00.429,57,4349,144.64
2026/05/10 00:09:01.461,52,4349,154.65
2026/05/10 00:09:02.493,48,4349,146.33
2026/05/10 00:09:03.525,57,4349,120.27
2026/05/10 00:09:04.556,49,4349,137.77
2026/05/10 00:09:05.587,54,4349,154.55
2026/05/10 00:09:06.618,49,4349,147.09
2026/05/10 00:09:07.650,50,4349,125.25
2026/05/10 00:09:08.682,47,4349,143.28
2026/05/10 00:09:09.714,49,4349,143.38
2026/05/10 00:09:10.746,53,4349,137.67
2026/05/10 00:09:11.778,48,4349,118.92
2026/05/10 00:09:12.810,48,4349,142.90
2026/05/10 00:09:13.841,48,4349,143.13
2026/05/10 00:09:14.874,55,4349,144.08
2026/05/10 00:09:15.906,55,4349,118.46
2026/05/10 00:09:16.938,48,4349,133.03
2026/05/10 00:09:17.970,48,4349,142.21
2026/05/10 00:09:19.005,49,4349,143.59
2026/05/10 00:09:20.033,49,4349,125.27
2026/05/10 00:09:21.063,47,4349,126.70
2026/05/10 00:09:22.095,48,4349,145.42
2026/05/10 00:09:23.123,50,4349,141.81
2026/05/10 00:09:24.154,57,4349,118.04
2026/05/10 00:09:25.186,48,4349,135.32
2026/05/10 00:09:26.218,49,4349,141.29
2026/05/10 00:09:27.249,50,4349,142.28
2026/05/10 00:09:28.281,56,4349,119.51
2026/05/10 00:09:29.312,50,4349,127.42
2026/05/10 00:09:30.344,48,4349,141.03
2026/05/10 00:09:31.375,47,4349,140.91
2026/05/10 00:09:32.408,54,4349,128.32
2026/05/10 00:09:33.438,58,4349,116.79
2026/05/10 00:09:34.470,56,4349,147.08
2026/05/10 00:09:35.502,53,4349,147.60
2026/05/10 00:09:36.533,54,4349,131.00
2026/05/10 00:09:37.565,56,4349,118.17
2026/05/10 00:09:38.596,60,4349,147.51
2026/05/10 00:09:39.627,96,4349,152.61
2026/05/10 00:09:40.659,96,4349,193.42
2026/05/10 00:09:41.691,96,4349,194.89
2026/05/10 00:09:42.722,96,4349,194.98
2026/05/10 00:09:43.754,96,4349,195.47
2026/05/10 00:09:44.785,96,4349,453.40
2026/05/10 00:09:45.817,93,4349,556.02
2026/05/10 00:09:46.848,96,4349,560.10
2026/05/10 00:09:47.881,96,4349,543.33
2026/05/10 00:09:48.914,93,4349,559.31
2026/05/10 00:09:49.945,96,4349,556.82
2026/05/10 00:09:50.977,96,4349,560.49
2026/05/10 00:09:52.010,95,4349,360.53
2026/05/10 00:09:53.046,96,4349,200.24
2026/05/10 00:09:54.078,90,4349,199.24
2026/05/10 00:09:55.112,90,4349,198.48
2026/05/10 00:09:56.145,96,4349,416.89
2026/05/10 00:09:57.177,96,4349,562.31
2026/05/10 00:09:58.210,92,4349,555.47
2026/05/10 00:09:59.242,98,4349,550.65
2026/05/10 00:10:00.274,96,4349,557.24
2026/05/10 00:10:01.305,92,4349,559.45
2026/05/10 00:10:02.337,96,4349,565.40
2026/05/10 00:10:03.369,96,4349,400.39
2026/05/10 00:10:04.402,96,4349,202.33
2026/05/10 00:10:05.435,95,4349,201.57
2026/05/10 00:10:06.468,91,4349,200.85
2026/05/10 00:10:07.500,91,4349,210.76
2026/05/10 00:10:08.531,93,4349,541.15
2026/05/10 00:10:09.563,96,4349,559.14
2026/05/10 00:10:10.595,96,4349,557.59
2026/05/10 00:10:11.627,92,4349,555.43
2026/05/10 00:10:12.659,92,4349,552.32
2026/05/10 00:10:13.691,98,4349,551.56
2026/05/10 00:10:14.724,96,4349,456.45
2026/05/10 00:10:15.757,95,4349,203.34
2026/05/10 00:10:16.790,96,4349,202.53
2026/05/10 00:10:17.823,96,4349,201.85
2026/05/10 00:10:18.855,96,4349,201.65
2026/05/10 00:10:19.888,94,4349,494.16
2026/05/10 00:10:20.920,92,4349,562.20
2026/05/10 00:10:21.953,96,4349,556.53
2026/05/10 00:10:22.985,96,4349,558.04
2026/05/10 00:10:24.017,96,4349,567.29
2026/05/10 00:10:25.051,94,4349,559.51
2026/05/10 00:10:26.084,92,4349,557.35
2026/05/10 00:10:27.117,96,4349,327.18
2026/05/10 00:10:28.148,95,4349,203.86
2026/05/10 00:10:29.181,96,4349,203.08
2026/05/10 00:10:30.212,96,4349,202.83
2026/05/10 00:10:31.243,97,4349,482.90
2026/05/10 00:10:32.275,94,4349,558.94
2026/05/10 00:10:33.307,95,4349,558.68
2026/05/10 00:10:34.339,97,4349,559.70
2026/05/10 00:10:35.371,97,4349,569.47
2026/05/10 00:10:36.404,94,4349,563.33
2026/05/10 00:10:37.436,94,4349,550.56
2026/05/10 00:10:38.467,54,4349,317.67
2026/05/10 00:10:39.500,45,4349,131.31
2026/05/10 00:10:40.532,47,4349,148.99
2026/05/10 00:10:41.564,47,4349,148.76
2026/05/10 00:10:42.594,56,4349,146.36
2026/05/10 00:10:43.625,61,4349,127.01
2026/05/10 00:10:44.657,46,4349,147.54
2026/05/10 00:10:45.689,48,4349,147.20
2026/05/10 00:10:46.720,48,4349,141.63
2026/05/10 00:10:47.751,57,4349,123.29
2026/05/10 00:10:48.784,48,4349,145.45
2026/05/10 00:10:49.815,54,4349,148.72
2026/05/10 00:10:50.848,54,4349,144.79
2026/05/10 00:10:51.880,59,4349,122.54
2026/05/10 00:10:52.912,48,4349,137.60
2026/05/10 00:10:53.944,49,4349,144.72
2026/05/10 00:10:54.976,54,4349,151.47
2026/05/10 00:10:56.007,53,4349,119.88
2026/05/10 00:10:57.039,55,4349,129.90
2026/05/10 00:10:58.071,54,4349,150.46
2026/05/10 00:10:59.100,49,4349,149.88
2026/05/10 00:11:00.130,59,4349,124.53
2026/05/10 00:11:01.162,47,4349,138.24
2026/05/10 00:11:02.194,48,4349,141.90
2026/05/10 00:11:03.226,47,4349,141.85
2026/05/10 00:11:04.255,59,4349,122.67
2026/05/10 00:11:05.286,51,4349,132.97
2026/05/10 00:11:06.316,54,4349,143.78
2026/05/10 00:11:07.348,49,4349,145.65
2026/05/10 00:11:08.380,46,4349,123.43
2026/05/10 00:11:09.411,54,4349,124.11
2026/05/10 00:11:10.444,57,4349,148.57
2026/05/10 00:11:11.476,57,4349,150.50
2026/05/10 00:11:12.508,51,4349,124.17
2026/05/10 00:11:13.539,59,4349,123.27
2026/05/10 00:11:14.571,54,4349,150.72
2026/05/10 00:11:15.603,54,4349,148.87
2026/05/10 00:11:16.634,53,4349,116.39
2026/05/10 00:11:17.666,59,4349,139.37
2026/05/10 00:11:18.697,49,4349,143.71
2026/05/10 00:11:19.729,50,4349,141.56
2026/05/10 00:11:20.760,48,4349,119.30
2026/05/10 00:11:21.791,48,4349,127.03
2026/05/10 00:11:22.823,49,4349,141.13
2026/05/10 00:11:23.854,47,4349,140.85
2026/05/10 00:11:24.886,51,4349,127.18
2026/05/10 00:11:25.917,45,4349,121.26
2026/05/10 00:11:26.949,47,4349,138.67
2026/05/10 00:11:27.980,47,4349,140.57
2026/05/10 00:11:29.013,96,4349,152.49
2026/05/10 00:11:30.045,96,4349,194.53
2026/05/10 00:11:31.077,96,4349,194.88
2026/05/10 00:11:32.109,91,4349,195.34
2026/05/10 00:11:33.141,96,4349,335.44
2026/05/10 00:11:34.173,92,4349,551.46
2026/05/10 00:11:35.205,92,4349,550.22
2026/05/10 00:11:36.236,96,4349,559.91
2026/05/10 00:11:37.268,96,4349,559.72
2026/05/10 00:11:38.300,96,4349,551.32
2026/05/10 00:11:39.332,93,4349,556.84
2026/05/10 00:11:40.364,96,4350,487.16
2026/05/10 00:11:41.397,96,4391,199.79
2026/05/10 00:11:42.431,96,4391,198.34
2026/05/10 00:11:43.465,96,4390,198.34
2026/05/10 00:11:44.499,96,4390,198.71
2026/05/10 00:11:45.531,94,4381,425.84
2026/05/10 00:11:46.563,94,4381,563.23
2026/05/10 00:11:47.596,97,4381,562.62
2026/05/10 00:11:48.627,97,4381,561.81
2026/05/10 00:11:49.660,97,4769,552.83
2026/05/10 00:11:50.692,96,4684,556.74
2026/05/10 00:11:51.724,92,4669,540.83
2026/05/10 00:11:52.757,95,4667,269.56
2026/05/10 00:11:53.788,95,4667,200.30
2026/05/10 00:11:54.822,96,4377,200.10
2026/05/10 00:11:55.853,96,4291,200.08
2026/05/10 00:11:56.883,94,4291,386.79
2026/05/10 00:11:57.914,94,4291,552.24
2026/05/10 00:11:58.946,98,4291,570.12
2026/05/10 00:11:59.978,97,4291,559.32
2026/05/10 00:12:01.010,94,4291,551.59
2026/05/10 00:12:02.041,94,4291,550.22
2026/05/10 00:12:03.072,97,4291,547.73
2026/05/10 00:12:04.104,96,4291,395.78
2026/05/10 00:12:05.135,96,4291,202.45
2026/05/10 00:12:06.166,95,4291,201.29
2026/05/10 00:12:07.198,95,4291,200.72
2026/05/10 00:12:08.230,97,4291,435.93
2026/05/10 00:12:09.262,97,4291,553.74
2026/05/10 00:12:10.294,94,4291,549.19
2026/05/10 00:12:11.326,94,4291,542.92
2026/05/10 00:12:12.358,97,4291,546.80
2026/05/10 00:12:13.401,95,4291,554.93
2026/05/10 00:12:14.432,94,4291,563.95
2026/05/10 00:12:15.466,95,4291,377.95
2026/05/10 00:12:16.497,96,4291,203.26
2026/05/10 00:12:17.528,96,4291,202.15
2026/05/10 00:12:18.558,95,4291,201.52
2026/05/10 00:12:19.589,97,4291,277.90
2026/05/10 00:12:20.620,92,4298,567.11
2026/05/10 00:12:21.651,96,4298,556.31
2026/05/10 00:12:22.681,96,4298,557.00
2026/05/10 00:12:23.711,93,4298,555.79
2026/05/10 00:12:24.742,95,4298,561.20
2026/05/10 00:12:25.772,97,4291,552.57
2026/05/10 00:12:26.803,48,4291,332.89
2026/05/10 00:12:27.835,49,4291,123.49
2026/05/10 00:12:28.866,47,4291,151.76
2026/05/10 00:12:29.899,46,4291,146.21
2026/05/10 00:12:30.930,54,4291,144.39
2026/05/10 00:12:31.961,50,4291,121.35
2026/05/10 00:12:32.992,48,4291,140.98
2026/05/10 00:12:34.025,49,4291,146.84
2026/05/10 00:12:35.057,47,4291,147.10
2026/05/10 00:12:36.088,53,4291,120.29
2026/05/10 00:12:37.119,54,4291,136.34
2026/05/10 00:12:38.151,53,4291,143.87
2026/05/10 00:12:39.183,46,4291,143.09
2026/05/10 00:12:40.215,52,4291,116.73
2026/05/10 00:12:41.247,48,4291,133.71
2026/05/10 00:12:42.279,49,4291,141.36
2026/05/10 00:12:43.311,47,4291,141.49
2026/05/10 00:12:44.343,53,4291,119.25
2026/05/10 00:12:45.374,57,4291,127.36
2026/05/10 00:12:46.406,54,4291,149.55
2026/05/10 00:12:47.438,58,4291,149.75
2026/05/10 00:12:48.470,60,4291,120.05
2026/05/10 00:12:49.501,58,4291,138.42
2026/05/10 00:12:50.533,50,4291,145.92
2026/05/10 00:12:51.564,57,4291,145.41
2026/05/10 00:12:52.595,53,4291,115.41
2026/05/10 00:12:53.627,49,4291,135.24
2026/05/10 00:12:54.659,49,4291,140.53
2026/05/10 00:12:55.689,44,4291,141.17
2026/05/10 00:12:56.719,47,4291,117.87
2026/05/10 00:12:57.749,55,4291,135.78
2026/05/10 00:12:58.778,60,4291,148.86
2026/05/10 00:12:59.806,66,4291,138.73
2026/05/10 00:13:00.836,61,4291,121.97
2026/05/10 00:13:01.868,47,4291,142.76
2026/05/10 00:13:02.900,57,4291,143.40
2026/05/10 00:13:03.931,52,4291,129.31
2026/05/10 00:13:04.963,56,4291,115.70
2026/05/10 00:13:05.994,59,4291,146.50
2026/05/10 00:13:07.026,45,4291,143.44
2026/05/10 00:13:08.057,47,4291,124.15
2026/05/10 00:13:09.089,61,4291,121.36
2026/05/10 00:13:10.120,48,4291,143.32
2026/05/10 00:13:11.148,54,4291,141.87
2026/05/10 00:13:12.178,64,4291,128.89
2026/05/10 00:13:13.210,59,4291,125.73
2026/05/10 00:13:14.240,96,4291,167.25
2026/05/10 00:13:15.272,94,4291,194.11
2026/05/10 00:13:16.303,91,4291,193.75
2026/05/10 00:13:17.335,96,4291,193.76
2026/05/10 00:13:18.360,98,4291,295.47
2026/05/10 00:13:19.389,95,4291,551.16
2026/05/10 00:13:20.421,92,4291,548.77
2026/05/10 00:13:21.454,92,4291,546.82
2026/05/10 00:13:22.485,96,4291,550.75
2026/05/10 00:13:23.519,96,4291,554.48
2026/05/10 00:13:24.551,96,4291,553.95
2026/05/10 00:13:25.585,95,4291,486.66
2026/05/10 00:13:26.618,95,4291,198.71
2026/05/10 00:13:27.650,90,4291,197.99
2026/05/10 00:13:28.683,96,4291,198.38
2026/05/10 00:13:29.714,96,4291,198.03
2026/05/10 00:13:30.746,96,4291,514.17
2026/05/10 00:13:31.779,96,4291,556.03
2026/05/10 00:13:32.811,92,4291,558.99
2026/05/10 00:13:33.843,92,4291,551.29
2026/05/10 00:13:34.874,92,4291,545.12
2026/05/10 00:13:35.907,92,4291,549.34
2026/05/10 00:13:36.939,96,4291,475.60
2026/05/10 00:13:37.971,95,4291,200.21
2026/05/10 00:13:39.003,96,4291,199.68
2026/05/10 00:13:40.036,96,4291,199.41
2026/05/10 00:13:41.067,95,4291,198.93
2026/05/10 00:13:42.101,92,4291,494.66
2026/05/10 00:13:43.133,93,4291,548.94
2026/05/10 00:13:44.165,93,4291,556.76
2026/05/10 00:13:45.199,96,4291,559.44
2026/05/10 00:13:46.230,96,4291,552.88
2026/05/10 00:13:47.263,96,4291,550.30
2026/05/10 00:13:48.296,95,4291,462.20
2026/05/10 00:13:49.329,96,4291,202.20
2026/05/10 00:13:50.361,96,4291,201.35
2026/05/10 00:13:51.394,96,4291,200.74
2026/05/10 00:13:52.419,96,4291,199.97
2026/05/10 00:13:53.441,98,4291,492.45
2026/05/10 00:13:54.462,98,4291,545.56
2026/05/10 00:13:55.485,98,4291,564.45
2026/05/10 00:13:56.507,95,4291,548.34
2026/05/10 00:13:57.528,96,4291,548.97
2026/05/10 00:13:58.557,97,4291,564.56
2026/05/10 00:13:59.589,96,4291,555.98
2026/05/10 00:14:00.622,95,4291,251.01
2026/05/10 00:14:01.653,96,4291,201.71
2026/05/10 00:14:02.687,95,4291,200.75
2026/05/10 00:14:03.719,95,4291,200.40
2026/05/10 00:14:04.751,92,4291,366.44
2026/05/10 00:14:05.783,92,4291,547.40
2026/05/10 00:14:06.814,92,4291,560.82
2026/05/10 00:14:07.846,96,4291,540.47
2026/05/10 00:14:08.878,96,4291,549.84
2026/05/10 00:14:09.910,98,4291,552.90
2026/05/10 00:14:10.941,96,4291,549.39
2026/05/10 00:14:11.972,48,4291,205.09
2026/05/10 00:14:13.003,60,4291,137.87
2026/05/10 00:14:14.036,55,4291,157.08
2026/05/10 00:14:15.068,56,4291,156.14
2026/05/10 00:14:16.098,53,4291,125.92
2026/05/10 00:14:17.129,56,4291,138.60
2026/05/10 00:14:18.160,47,4291,149.51
2026/05/10 00:14:19.192,47,4291,144.86
2026/05/10 00:14:20.224,50,4291,124.99
2026/05/10 00:14:21.255,56,4291,132.51
2026/05/10 00:14:22.287,49,4291,146.51
2026/05/10 00:14:23.317,56,4291,136.99
2026/05/10 00:14:24.350,50,4291,117.11
2026/05/10 00:14:25.382,50,4291,137.26
2026/05/10 00:14:26.414,47,4291,141.55
2026/05/10 00:14:27.446,48,4291,142.59
2026/05/10 00:14:28.478,53,4291,118.59
2026/05/10 00:14:29.510,56,4291,128.97
2026/05/10 00:14:30.542,48,4291,142.46
2026/05/10 00:14:31.574,48,4291,140.28
2026/05/10 00:14:32.605,49,4291,124.60
2026/05/10 00:14:33.637,52,4291,116.07
2026/05/10 00:14:34.669,47,4291,139.97
2026/05/10 00:14:35.701,52,4291,143.18
2026/05/10 00:14:36.732,53,4291,133.12
2026/05/10 00:14:37.763,53,4291,115.56
2026/05/10 00:14:38.796,54,4291,150.53
2026/05/10 00:14:39.828,55,4291,146.53
2026/05/10 00:14:40.860,58,4291,117.48
2026/05/10 00:14:41.890,55,4291,137.62
2026/05/10 00:14:42.922,49,4291,140.54
2026/05/10 00:14:43.953,51,4291,142.28
2026/05/10 00:14:44.983,51,4291,113.34
2026/05/10 00:14:46.014,56,4291,133.43
2026/05/10 00:14:47.045,49,4291,143.90
2026/05/10 00:14:48.077,46,4291,137.71
2026/05/10 00:14:49.108,54,4291,115.93
2026/05/10 00:14:50.139,48,4291,123.19
2026/05/10 00:14:51.171,60,4291,142.26
2026/05/10 00:14:52.201,62,4291,147.83
2026/05/10 00:14:53.234,64,4291,122.50
2026/05/10 00:14:54.265,65,4291,136.88
2026/05/10 00:14:55.297,50,4291,148.60
2026/05/10 00:14:56.329,95,4291,175.99
2026/05/10 00:14:57.362,95,4291,192.38
2026/05/10 00:14:58.395,95,4291,193.10
2026/05/10 00:14:59.427,90,4291,194.21
2026/05/10 00:15:00.460,92,4291,352.80
2026/05/10 00:15:01.492,96,4291,552.33
2026/05/10 00:15:02.524,96,4291,544.85
2026/05/10 00:15:03.557,96,4291,553.35
2026/05/10 00:15:04.589,96,4291,549.70
2026/05/10 00:15:05.622,96,4291,545.12
2026/05/10 00:15:06.655,96,4291,548.86
2026/05/10 00:15:07.687,97,4291,430.37
2026/05/10 00:15:08.720,95,4291,198.42
2026/05/10 00:15:09.753,96,4291,197.65
2026/05/10 00:15:10.786,95,4291,197.64
2026/05/10 00:15:11.819,94,4291,385.88
2026/05/10 00:15:12.851,92,4291,550.32
2026/05/10 00:15:13.885,92,4291,560.64
2026/05/10 00:15:14.916,92,4291,548.86
2026/05/10 00:15:15.948,92,4291,549.96
2026/05/10 00:15:16.980,96,4291,550.90
2026/05/10 00:15:18.012,96,4291,552.28
2026/05/10 00:15:19.044,95,4291,417.82
2026/05/10 00:15:20.076,95,4291,200.48
2026/05/10 00:15:21.109,90,4291,199.24
2026/05/10 00:15:22.141,95,4291,199.48
2026/05/10 00:15:23.173,95,4291,205.12
2026/05/10 00:15:24.207,96,4291,536.36
2026/05/10 00:15:25.240,96,4291,560.48
2026/05/10 00:15:26.271,96,4291,560.11
2026/05/10 00:15:27.304,92,4291,562.02
2026/05/10 00:15:28.336,92,4291,551.73
2026/05/10 00:15:29.368,92,4291,546.99
2026/05/10 00:15:30.400,95,4291,413.09
2026/05/10 00:15:31.433,95,4291,201.20
2026/05/10 00:15:32.466,96,4291,200.57
2026/05/10 00:15:33.499,95,4291,200.01
2026/05/10 00:15:34.531,96,4291,217.93
2026/05/10 00:15:35.564,96,4291,550.24
2026/05/10 00:15:36.596,96,4291,552.41
2026/05/10 00:15:37.628,92,4291,547.63
2026/05/10 00:15:38.660,92,4291,553.66
2026/05/10 00:15:39.693,96,4291,556.13
2026/05/10 00:15:40.726,96,4291,555.95
2026/05/10 00:15:41.759,96,4291,554.81
2026/05/10 00:15:42.791,96,4291,202.14
2026/05/10 00:15:43.823,91,4291,201.52
2026/05/10 00:15:44.855,95,4291,201.25
2026/05/10 00:15:45.887,90,4291,218.12
2026/05/10 00:15:46.918,96,4291,541.76
2026/05/10 00:15:47.949,96,4291,546.64
2026/05/10 00:15:48.983,96,4291,549.05
2026/05/10 00:15:50.016,92,4291,561.88
2026/05/10 00:15:51.048,92,4291,549.19
2026/05/10 00:15:52.080,96,4291,553.51
2026/05/10 00:15:53.112,96,4291,543.68
2026/05/10 00:15:54.144,48,4291,208.01
2026/05/10 00:15:55.176,50,4291,134.99
2026/05/10 00:15:56.206,48,4291,146.45
2026/05/10 00:15:57.233,53,4291,151.75
2026/05/10 00:15:58.263,65,4291,136.02
2026/05/10 00:15:59.295,50,4291,145.56
2026/05/10 00:16:00.327,48,4291,144.49
2026/05/10 00:16:01.356,53,4291,145.84
2026/05/10 00:16:02.387,53,4291,119.22
2026/05/10 00:16:03.419,46,4291,132.02
2026/05/10 00:16:04.450,47,4291,142.36
2026/05/10 00:16:05.482,58,4291,151.71
2026/05/10 00:16:06.514,49,4291,121.75
2026/05/10 00:16:07.545,46,4291,127.42
2026/05/10 00:16:08.576,52,4291,145.83
2026/05/10 00:16:09.608,48,4291,141.61
2026/05/10 00:16:10.639,49,4291,125.43
2026/05/10 00:16:11.671,59,4291,120.31
2026/05/10 00:16:12.703,54,4291,149.24
2026/05/10 00:16:13.734,56,4291,149.38
2026/05/10 00:16:14.765,51,4291,125.41
2026/05/10 00:16:15.795,55,4291,138.12
2026/05/10 00:16:16.826,57,4291,149.22
2026/05/10 00:16:17.856,56,4291,138.22
2026/05/10 00:16:18.888,57,4291,114.49
2026/05/10 00:16:19.920,56,4291,146.84
2026/05/10 00:16:20.952,58,4291,148.90
2026/05/10 00:16:21.983,56,4291,129.94
2026/05/10 00:16:23.015,54,4291,117.46
2026/05/10 00:16:24.047,63,4291,152.00
2026/05/10 00:16:25.079,54,4291,148.76
2026/05/10 00:16:26.110,63,4291,125.73
2026/05/10 00:16:27.143,56,4291,131.82
2026/05/10 00:16:28.175,55,4291,143.43
2026/05/10 00:16:29.207,55,4291,144.77
2026/05/10 00:16:30.238,50,4291,114.57
2026/05/10 00:16:31.269,58,4291,131.22
2026/05/10 00:16:32.300,59,4291,147.01
2026/05/10 00:16:33.333,51,4291,122.00
2026/05/10 00:16:34.364,53,4291,117.92
2026/05/10 00:16:35.395,46,4291,135.81
2026/05/10 00:16:36.427,46,4291,136.58
2026/05/10 00:16:37.458,50,4291,130.66
2026/05/10 00:16:38.489,52,4291,112.76
2026/05/10 00:16:39.521,55,4291,138.98
2026/05/10 00:16:40.552,56,4291,145.67
2026/05/10 00:16:41.583,96,4291,158.26
2026/05/10 00:16:42.613,96,4291,193.09
2026/05/10 00:16:43.644,96,4291,194.93
2026/05/10 00:16:44.674,96,4291,194.02
2026/05/10 00:16:45.705,96,4291,203.24
2026/05/10 00:16:46.736,92,4291,527.02
2026/05/10 00:16:47.767,92,4291,562.52
2026/05/10 00:16:48.799,92,4291,561.70
2026/05/10 00:16:49.830,96,4291,559.72
2026/05/10 00:16:50.863,96,4291,548.99
2026/05/10 00:16:51.895,96,4291,552.09
2026/05/10 00:16:52.926,96,4291,404.27
2026/05/10 00:16:53.957,96,4291,198.01
2026/05/10 00:16:54.989,95,4291,198.11
2026/05/10 00:16:56.020,91,4291,198.06
2026/05/10 00:16:57.051,92,4291,243.70
2026/05/10 00:16:58.082,97,4291,550.13
2026/05/10 00:16:59.114,97,4291,563.40
2026/05/10 00:17:00.145,97,4291,554.88
2026/05/10 00:17:01.176,98,4291,559.97
2026/05/10 00:17:02.208,97,4291,560.29
2026/05/10 00:17:03.240,94,4291,544.76
2026/05/10 00:17:04.273,95,4291,520.32
2026/05/10 00:17:05.304,96,4291,199.50
2026/05/10 00:17:06.336,96,4291,199.31
2026/05/10 00:17:07.367,96,4291,199.16
2026/05/10 00:17:08.400,94,4291,280.51
2026/05/10 00:17:09.431,96,4291,554.84
2026/05/10 00:17:10.462,93,4291,550.02
2026/05/10 00:17:11.493,94,4291,558.59
2026/05/10 00:17:12.525,98,4291,542.17
2026/05/10 00:17:13.557,97,4291,556.44
2026/05/10 00:17:14.588,96,4291,555.05
2026/05/10 00:17:15.620,97,4291,515.97
2026/05/10 00:17:16.652,95,4291,201.98
2026/05/10 00:17:17.684,95,4291,200.85
2026/05/10 00:17:18.716,90,4291,200.06
2026/05/10 00:17:19.748,96,4291,200.17
2026/05/10 00:17:20.781,96,4291,557.83
2026/05/10 00:17:21.812,96,4291,554.89
2026/05/10 00:17:22.845,97,4291,547.06
2026/05/10 00:17:23.877,94,4291,544.94
2026/05/10 00:17:24.909,97,4291,552.98
2026/05/10 00:17:25.941,96,4291,561.69
2026/05/10 00:17:26.973,97,4291,521.76
2026/05/10 00:17:28.005,96,4291,202.23
2026/05/10 00:17:29.037,95,4291,200.84
2026/05/10 00:17:30.069,96,4291,200.51
2026/05/10 00:17:31.100,96,4291,200.42
2026/05/10 00:17:32.133,96,4291,470.69
2026/05/10 00:17:33.165,96,4291,553.43
2026/05/10 00:17:34.197,96,4291,558.70
2026/05/10 00:17:35.229,92,4291,561.26
2026/05/10 00:17:36.263,92,4291,557.21
2026/05/10 00:17:37.295,96,4291,547.71
2026/05/10 00:17:38.328,96,4291,508.60
2026/05/10 00:17:39.360,53,4291,126.51
2026/05/10 00:17:40.391,53,4291,145.16
2026/05/10 00:17:41.424,48,4291,148.24
2026/05/10 00:17:42.456,46,4291,146.34
2026/05/10 00:17:43.486,48,4291,125.74
2026/05/10 00:17:44.517,56,4291,133.76
2026/05/10 00:17:45.549,52,4291,155.00
2026/05/10 00:17:46.581,47,4291,144.02
2026/05/10 00:17:47.613,55,4291,127.81
2026/05/10 00:17:48.644,60,4291,127.80
2026/05/10 00:17:49.675,56,4291,152.55
2026/05/10 00:17:50.708,56,4291,151.59
2026/05/10 00:17:51.739,51,4291,123.23
2026/05/10 00:17:52.771,49,4291,125.26
2026/05/10 00:17:53.803,49,4291,141.66
2026/05/10 00:17:54.834,46,4291,140.76
2026/05/10 00:17:55.866,61,4291,116.63
2026/05/10 00:17:56.897,59,4291,133.97
2026/05/10 00:17:57.928,59,4291,141.47
2026/05/10 00:17:58.960,59,4291,149.98
2026/05/10 00:17:59.991,52,4291,114.98
2026/05/10 00:18:01.022,58,4291,129.80
2026/05/10 00:18:02.054,46,4291,144.59
2026/05/10 00:18:03.086,58,4291,144.37
2026/05/10 00:18:04.117,49,4291,114.10
2026/05/10 00:18:05.298,59,4291,147.52
2026/05/10 00:18:06.361,56,4291,150.62
2026/05/10 00:18:07.393,49,4291,129.05
2026/05/10 00:18:08.424,51,4291,112.01
2026/05/10 00:18:09.455,60,4291,142.84
2026/05/10 00:18:10.486,59,4291,148.16
2026/05/10 00:18:11.517,53,4291,131.11
2026/05/10 00:18:12.549,55,4291,118.29
2026/05/10 00:18:13.581,47,4291,145.51
2026/05/10 00:18:14.612,55,4563,140.98
2026/05/10 00:18:15.644,56,4506,136.30
2026/05/10 00:18:16.675,49,4494,116.01
2026/05/10 00:18:17.708,51,4493,140.41
2026/05/10 00:18:18.740,47,4493,141.77
2026/05/10 00:18:19.771,49,4356,139.26
2026/05/10 00:18:20.802,55,4343,123.16
2026/05/10 00:18:21.835,1,4343,139.09
2026/05/10 00:18:22.868,58,4347,131.23
2026/05/10 00:18:23.901,95,4378,153.41
2026/05/10 00:18:24.932,96,4391,193.52
2026/05/10 00:18:25.965,96,4405,194.67
2026/05/10 00:18:26.997,95,4404,195.03
2026/05/10 00:18:28.028,95,4402,194.61
2026/05/10 00:18:29.058,96,4402,474.75
2026/05/10 00:18:30.089,95,4402,556.94
2026/05/10 00:18:31.120,97,4396,559.75
2026/05/10 00:18:32.153,98,4396,553.79
2026/05/10 00:18:33.185,93,4396,554.66
2026/05/10 00:18:34.216,96,4396,559.05
2026/05/10 00:18:35.248,92,4396,554.45
2026/05/10 00:18:36.280,96,4396,360.41
2026/05/10 00:18:37.311,91,4396,198.95
2026/05/10 00:18:38.343,93,4396,198.99
2026/05/10 00:18:39.374,95,4396,198.47
2026/05/10 00:18:40.406,97,4396,457.44
2026/05/10 00:18:41.438,95,4396,564.63
2026/05/10 00:18:42.469,97,4396,549.59
2026/05/10 00:18:43.504,97,4396,560.68
2026/05/10 00:18:44.536,94,4396,563.76
2026/05/10 00:18:45.569,97,4403,564.10
2026/05/10 00:18:46.600,94,4403,553.43
2026/05/10 00:18:47.631,96,4403,365.46
2026/05/10 00:18:48.662,96,4403,201.96
2026/05/10 00:18:49.694,96,4396,201.51
2026/05/10 00:18:50.725,96,4396,201.07
2026/05/10 00:18:51.756,94,4396,278.25
2026/05/10 00:18:52.787,95,4396,560.56
2026/05/10 00:18:53.818,97,4396,569.38
2026/05/10 00:18:54.849,97,4396,562.87
2026/05/10 00:18:55.879,95,4396,565.89
2026/05/10 00:18:56.912,98,4396,552.47
2026/05/10 00:18:57.943,95,4396,556.54
2026/05/10 00:18:58.974,95,4396,364.63
2026/05/10 00:19:00.006,96,4396,202.67
2026/05/10 00:19:01.037,96,4396,202.08
2026/05/10 00:19:02.068,96,4396,201.69
2026/05/10 00:19:03.099,95,4396,280.68
2026/05/10 00:19:04.131,97,4396,572.06
2026/05/10 00:19:05.164,97,4396,560.03
2026/05/10 00:19:06.196,95,4396,562.22
2026/05/10 00:19:07.227,97,4396,559.32
2026/05/10 00:19:08.258,94,4396,562.48
2026/05/10 00:19:09.290,97,4396,564.65
2026/05/10 00:19:10.320,96,4396,371.22
2026/05/10 00:19:11.352,96,4396,203.58
2026/05/10 00:19:12.384,95,4380,202.40
2026/05/10 00:19:13.417,95,4380,201.71
2026/05/10 00:19:14.449,92,4380,265.82
2026/05/10 00:19:15.482,96,4380,562.93
2026/05/10 00:19:16.514,92,4380,558.53
2026/05/10 00:19:17.547,96,4380,561.26
2026/05/10 00:19:18.579,92,4380,555.67
2026/05/10 00:19:19.611,96,4380,557.18
2026/05/10 00:19:20.643,96,4380,555.42
2026/05/10 00:19:21.674,96,4380,563.01
2026/05/10 00:19:22.706,53,4380,146.18
2026/05/10 00:19:23.738,50,4380,138.78
2026/05/10 00:19:24.770,47,4380,149.29
2026/05/10 00:19:25.802,46,4380,148.07
2026/05/10 00:19:26.832,56,4380,127.76
2026/05/10 00:19:27.863,48,4385,137.80
2026/05/10 00:19:28.895,49,4388,149.33
2026/05/10 00:19:29.927,57,4390,156.22
2026/05/10 00:19:30.959,53,4390,133.04
2026/05/10 00:19:31.991,47,4387,131.80
2026/05/10 00:19:33.023,48,4392,145.48
2026/05/10 00:19:34.056,51,4409,150.97
2026/05/10 00:19:35.089,53,4411,133.22
2026/05/10 00:19:36.120,52,4395,120.05
2026/05/10 00:19:37.152,51,4395,151.34
2026/05/10 00:19:38.184,49,4395,149.49
2026/05/10 00:19:39.216,60,4399,137.35
2026/05/10 00:19:40.248,52,4395,122.36
2026/05/10 00:19:41.279,53,4395,147.70
2026/05/10 00:19:42.311,48,4375,142.34
2026/05/10 00:19:43.343,49,4375,127.57
2026/05/10 00:19:44.375,54,4375,121.46
2026/05/10 00:19:45.408,56,4375,150.84
2026/05/10 00:19:46.439,56,4375,149.86
2026/05/10 00:19:47.471,52,4375,128.69
2026/05/10 00:19:48.502,56,4375,128.01
2026/05/10 00:19:49.534,51,4375,143.02
2026/05/10 00:19:50.566,53,4375,145.01
2026/05/10 00:19:51.595,65,4375,133.15
2026/05/10 00:19:52.625,43,4375,120.44
2026/05/10 00:19:53.657,53,4375,143.86
2026/05/10 00:19:54.688,48,4375,143.24
2026/05/10 00:19:55.718,61,4375,135.77
2026/05/10 00:19:56.749,61,4375,116.55
2026/05/10 00:19:57.781,47,4374,134.99
2026/05/10 00:19:58.813,47,4374,144.60
2026/05/10 00:19:59.846,49,4374,128.44
2026/05/10 00:20:00.878,47,4374,117.30
2026/05/10 00:20:01.910,49,4374,139.00
2026/05/10 00:20:02.942,53,4374,145.51
2026/05/10 00:20:03.973,57,4374,138.50
2026/05/10 00:20:05.004,63,4374,119.02
2026/05/10 00:20:06.036,55,4374,143.62
2026/05/10 00:20:07.068,96,4374,176.69
2026/05/10 00:20:08.101,96,4374,195.15
2026/05/10 00:20:09.133,95,4374,194.51
2026/05/10 00:20:10.166,96,4374,194.50
2026/05/10 00:20:11.199,92,4374,295.70
2026/05/10 00:20:12.231,96,4374,564.03
2026/05/10 00:20:13.264,92,4374,560.83
2026/05/10 00:20:14.300,96,4374,558.61
2026/05/10 00:20:15.331,92,4374,565.07
2026/05/10 00:20:16.364,96,4374,561.54
2026/05/10 00:20:17.396,92,4374,552.53
2026/05/10 00:20:18.430,95,4374,343.66
2026/05/10 00:20:19.463,96,4378,199.47
2026/05/10 00:20:20.495,96,4382,199.62
2026/05/10 00:20:21.528,95,4382,199.45
2026/05/10 00:20:22.560,96,4386,251.88
2026/05/10 00:20:23.592,94,4386,549.28
2026/05/10 00:20:24.626,96,4390,544.55
2026/05/10 00:20:25.658,98,4398,557.11
2026/05/10 00:20:26.690,92,4406,563.97
2026/05/10 00:20:27.723,96,4406,556.41
2026/05/10 00:20:28.756,92,4406,557.57
2026/05/10 00:20:29.789,98,4406,551.58
2026/05/10 00:20:30.821,96,4406,202.01
2026/05/10 00:20:31.854,96,4406,201.11
2026/05/10 00:20:32.889,95,4410,200.31
2026/05/10 00:20:33.923,96,4410,199.66
2026/05/10 00:20:34.955,96,4410,515.23
2026/05/10 00:20:35.989,97,4410,563.56
2026/05/10 00:20:37.021,92,4410,559.64
2026/05/10 00:20:38.053,96,4410,553.88
2026/05/10 00:20:39.086,93,4410,553.29
2026/05/10 00:20:40.118,96,4410,555.19
2026/05/10 00:20:41.150,94,4406,558.00
2026/05/10 00:20:42.183,96,4406,328.61
2026/05/10 00:20:43.216,96,4406,202.68
2026/05/10 00:20:44.249,96,4406,202.04
2026/05/10 00:20:45.282,96,4406,201.78
2026/05/10 00:20:46.313,94,4406,467.95
2026/05/10 00:20:47.345,97,4406,559.31
2026/05/10 00:20:48.376,96,4406,559.37
2026/05/10 00:20:49.409,97,4406,551.21
2026/05/10 00:20:50.441,94,4406,559.89
2026/05/10 00:20:51.472,97,4406,559.54
2026/05/10 00:20:52.506,97,4406,562.00
2026/05/10 00:20:53.538,92,4406,350.26
2026/05/10 00:20:54.570,91,4406,203.26
2026/05/10 00:20:55.602,96,4406,202.90
2026/05/10 00:20:56.634,96,4406,202.52
2026/05/10 00:20:57.665,97,4406,298.22
2026/05/10 00:20:58.697,94,4406,565.09
2026/05/10 00:20:59.728,97,4406,562.34
2026/05/10 00:21:00.759,95,4406,563.80
2026/05/10 00:21:01.791,97,4406,554.49
2026/05/10 00:21:02.823,94,4406,553.45
2026/05/10 00:21:03.854,97,4406,557.93
2026/05/10 00:21:04.887,51,4406,322.85
2026/05/10 00:21:05.920,53,4406,128.71
2026/05/10 00:21:06.951,56,4406,159.36
2026/05/10 00:21:07.984,58,4406,158.51
2026/05/10 00:21:09.016,51,4406,139.60
2026/05/10 00:21:10.046,53,4412,124.33
2026/05/10 00:21:11.077,60,4413,157.65
2026/05/10 00:21:12.109,55,4413,159.98
2026/05/10 00:21:13.141,57,4413,140.79
2026/05/10 00:21:14.173,46,4413,126.68
2026/05/10 00:21:15.205,46,4412,146.14
2026/05/10 00:21:16.238,46,4412,145.02
2026/05/10 00:21:17.269,56,4412,141.45
2026/05/10 00:21:18.302,56,4412,122.29
2026/05/10 00:21:19.333,58,4412,152.45
2026/05/10 00:21:20.365,56,4412,153.03
2026/05/10 00:21:21.396,53,4412,135.10
2026/05/10 00:21:22.428,60,4412,125.65
2026/05/10 00:21:23.460,61,4412,156.74
2026/05/10 00:21:24.492,60,4412,156.39
2026/05/10 00:21:25.522,50,4412,130.06
2026/05/10 00:21:26.553,50,4412,127.09
2026/05/10 00:21:27.585,47,4412,146.27
2026/05/10 00:21:28.617,55,4412,145.55
2026/05/10 00:21:29.649,50,4412,129.62
2026/05/10 00:21:30.681,49,4412,126.04
2026/05/10 00:21:31.713,49,4412,142.84
2026/05/10 00:21:32.746,60,4407,144.81
2026/05/10 00:21:33.779,51,4407,134.39
2026/05/10 00:21:34.812,48,4407,128.60
2026/05/10 00:21:35.843,45,4407,143.62
2026/05/10 00:21:36.876,45,4407,139.81
2026/05/10 00:21:37.908,57,4407,128.09
2026/05/10 00:21:38.939,50,4407,118.24
2026/05/10 00:21:39.971,49,4407,140.65
2026/05/10 00:21:41.003,46,4407,139.39
2026/05/10 00:21:42.032,48,4407,138.22
2026/05/10 00:21:43.064,48,4407,115.65
2026/05/10 00:21:44.097,49,4407,124.59
2026/05/10 00:21:45.129,45,4407,138.48
2026/05/10 00:21:46.161,49,4407,141.03
2026/05/10 00:21:47.191,53,4407,130.45
2026/05/10 00:21:48.222,50,4407,118.30
2026/05/10 00:21:49.253,48,4407,138.92
2026/05/10 00:21:50.285,59,4407,146.07
2026/05/10 00:21:51.316,96,4407,181.65
2026/05/10 00:21:52.348,96,4407,194.88
2026/05/10 00:21:53.378,91,4407,194.71
2026/05/10 00:21:54.408,92,4407,194.83
2026/05/10 00:21:55.439,96,4407,347.83
2026/05/10 00:21:56.470,93,4413,546.01
2026/05/10 00:21:57.503,98,4413,551.83
2026/05/10 00:21:58.534,96,4412,543.51
2026/05/10 00:21:59.565,92,4412,557.02
2026/05/10 00:22:00.599,96,4412,551.51
2026/05/10 00:22:01.630,96,4412,557.68
2026/05/10 00:22:02.661,96,4412,457.96
2026/05/10 00:22:03.692,96,4412,200.21
2026/05/10 00:22:04.723,96,4412,199.59
2026/05/10 00:22:05.755,96,4412,199.78
2026/05/10 00:22:06.786,96,4412,199.84
2026/05/10 00:22:07.816,97,4412,567.69
2026/05/10 00:22:08.848,97,4412,556.05
2026/05/10 00:22:09.878,95,4412,559.29
2026/05/10 00:22:10.908,97,4412,556.97
2026/05/10 00:22:11.939,94,4412,554.52
2026/05/10 00:22:12.969,94,4412,555.02
2026/05/10 00:22:14.000,96,4412,458.59
2026/05/10 00:22:15.030,96,4412,202.88
2026/05/10 00:22:16.061,96,4412,201.96
2026/05/10 00:22:17.092,96,4412,201.62
2026/05/10 00:22:18.123,95,4423,201.35
2026/05/10 00:22:19.154,97,4423,501.71
2026/05/10 00:22:20.185,94,4421,557.32
2026/05/10 00:22:21.216,97,4421,557.35
2026/05/10 00:22:22.248,97,4421,563.00
2026/05/10 00:22:23.279,92,4420,559.20
2026/05/10 00:22:24.312,96,4420,554.14
2026/05/10 00:22:25.345,96,4420,494.76
2026/05/10 00:22:26.378,96,4412,203.66
2026/05/10 00:22:27.410,96,4412,202.15
2026/05/10 00:22:28.442,91,4412,201.75
2026/05/10 00:22:29.472,91,4412,201.09
2026/05/10 00:22:30.504,98,4412,489.18
2026/05/10 00:22:31.535,96,4412,554.38
2026/05/10 00:22:32.570,92,4412,559.69
2026/05/10 00:22:33.601,96,4412,555.25
2026/05/10 00:22:34.634,96,4412,564.90
2026/05/10 00:22:35.666,92,4412,560.79
2026/05/10 00:22:36.698,96,4412,548.08
2026/05/10 00:22:37.729,92,4412,374.28
2026/05/10 00:22:38.761,95,4412,203.81
2026/05/10 00:22:39.793,95,4412,202.45
2026/05/10 00:22:40.825,96,4412,201.74
2026/05/10 00:22:41.857,92,4412,425.08
2026/05/10 00:22:42.890,96,4412,556.08
2026/05/10 00:22:43.922,97,4412,557.65
2026/05/10 00:22:44.953,92,4412,558.06
2026/05/10 00:22:45.985,96,4412,551.32
2026/05/10 00:22:47.017,96,4412,557.42
2026/05/10 00:22:48.050,92,4412,552.23
2026/05/10 00:22:49.080,58,4412,419.02
2026/05/10 00:22:50.111,47,4412,128.13
2026/05/10 00:22:51.143,45,4412,145.71
2026/05/10 00:22:52.175,49,4412,148.62
2026/05/10 00:22:53.207,46,4412,148.13
2026/05/10 00:22:54.237,49,4412,132.12
2026/05/10 00:22:55.269,48,4412,129.58
2026/05/10 00:22:56.302,46,4412,146.94
2026/05/10 00:22:57.333,49,4412,147.72
2026/05/10 00:22:58.366,56,4412,130.31
2026/05/10 00:22:59.398,56,4412,134.62
2026/05/10 00:23:00.431,53,4412,152.37
2026/05/10 00:23:01.460,61,4412,150.19
2026/05/10 00:23:02.491,60,4412,129.35
2026/05/10 00:23:03.524,54,4412,132.36
2026/05/10 00:23:04.556,51,4412,152.42
2026/05/10 00:23:05.594,48,4416,145.40
2026/05/10 00:23:06.624,61,4416,128.35
2026/05/10 00:23:07.656,46,4416,124.64
2026/05/10 00:23:08.687,47,4416,142.72
2026/05/10 00:23:09.719,46,4416,143.56
2026/05/10 00:23:10.748,56,4416,137.09
2026/05/10 00:23:11.778,53,4416,118.21
2026/05/10 00:23:12.810,53,4416,146.44
2026/05/10 00:23:13.841,59,4422,150.74
2026/05/10 00:23:14.872,53,4421,132.19
2026/05/10 00:23:15.903,49,4420,124.06
2026/05/10 00:23:16.935,49,4420,140.40
2026/05/10 00:23:17.968,60,4420,145.42
2026/05/10 00:23:18.999,61,4412,134.69
2026/05/10 00:23:20.031,48,4410,119.13
2026/05/10 00:23:21.063,47,4410,139.32
2026/05/10 00:23:22.095,60,4410,145.61
2026/05/10 00:23:23.126,56,4410,136.96
2026/05/10 00:23:24.156,51,4410,117.46
2026/05/10 00:23:25.186,47,4410,136.33
2026/05/10 00:23:26.217,46,4410,139.53
2026/05/10 00:23:27.248,47,4410,138.96
2026/05/10 00:23:28.278,57,4410,120.78
2026/05/10 00:23:29.309,52,4410,139.09
2026/05/10 00:23:30.341,49,4410,140.99
2026/05/10 00:23:31.373,56,4410,137.99
2026/05/10 00:23:32.404,51,4410,115.36
2026/05/10 00:23:33.436,46,4410,128.08
2026/05/10 00:23:34.467,48,4410,138.84
2026/05/10 00:23:35.498,51,4419,139.34
2026/05/10 00:23:36.529,56,4418,125.23
2026/05/10 00:23:37.558,52,4418,122.09
2026/05/10 00:23:38.589,46,4418,138.13
2026/05/10 00:23:39.619,46,4448,138.64
2026/05/10 00:23:40.652,96,4440,155.33
2026/05/10 00:23:41.683,95,4440,192.99
2026/05/10 00:23:42.714,96,4440,193.08
2026/05/10 00:23:43.744,96,4442,193.07
2026/05/10 00:23:44.775,96,4432,193.57
2026/05/10 00:23:45.808,97,4431,528.27
2026/05/10 00:23:46.840,97,4431,563.08
2026/05/10 00:23:47.871,93,4431,569.31
2026/05/10 00:23:48.904,93,4430,556.84
2026/05/10 00:23:49.936,97,4430,552.21
2026/05/10 00:23:50.968,97,4430,558.66
2026/05/10 00:23:52.000,96,4430,450.65
2026/05/10 00:23:53.032,96,4440,199.72
2026/05/10 00:23:54.064,96,4456,199.06
2026/05/10 00:23:55.095,95,4455,197.90
2026/05/10 00:23:56.125,95,4455,198.16
2026/05/10 00:23:57.156,96,4455,524.05
2026/05/10 00:23:58.187,96,4453,567.89
2026/05/10 00:23:59.218,98,4433,555.50
2026/05/10 00:24:00.249,92,4433,557.99
2026/05/10 00:24:01.280,94,4433,564.03
2026/05/10 00:24:02.310,97,4429,565.41
2026/05/10 00:24:03.341,96,4429,479.81
2026/05/10 00:24:04.372,90,4429,201.48
2026/05/10 00:24:05.404,95,4488,201.00
2026/05/10 00:24:06.434,96,4488,200.33
2026/05/10 00:24:07.465,96,4488,200.32
2026/05/10 00:24:08.496,98,4489,486.12
2026/05/10 00:24:09.527,96,4489,554.42
2026/05/10 00:24:10.557,96,4466,560.92
2026/05/10 00:24:11.588,96,4466,559.26
2026/05/10 00:24:12.619,91,4442,561.83
2026/05/10 00:24:13.651,94,4418,556.33
2026/05/10 00:24:14.683,94,4418,553.34
2026/05/10 00:24:15.715,95,4418,376.92
2026/05/10 00:24:16.747,95,4418,201.89
2026/05/10 00:24:17.779,95,4418,200.86
2026/05/10 00:24:18.811,96,4418,200.15
2026/05/10 00:24:19.844,94,4418,410.84
2026/05/10 00:24:20.876,94,4418,554.11
2026/05/10 00:24:21.909,92,4418,560.97
2026/05/10 00:24:22.941,96,4418,551.62
2026/05/10 00:24:23.973,96,4432,548.90
2026/05/10 00:24:25.005,96,4432,557.63
2026/05/10 00:24:26.037,92,4432,556.43
2026/05/10 00:24:27.070,95,4432,419.28
2026/05/10 00:24:28.102,95,4432,202.99
2026/05/10 00:24:29.134,95,4411,201.98
2026/05/10 00:24:30.163,96,4411,201.64
2026/05/10 00:24:31.193,95,4411,202.14
2026/05/10 00:24:32.224,96,4411,525.34
2026/05/10 00:24:33.255,93,4411,556.39
2026/05/10 00:24:34.285,92,4411,559.59
2026/05/10 00:24:35.315,96,4411,548.03
2026/05/10 00:24:36.347,96,4411,554.97
2026/05/10 00:24:37.377,96,4412,561.84
2026/05/10 00:24:38.408,61,4412,438.89
2026/05/10 00:24:39.438,54,4412,128.86
2026/05/10 00:24:40.469,53,4412,149.55
2026/05/10 00:24:41.501,47,4411,153.50
2026/05/10 00:24:42.532,49,4411,147.05
2026/05/10 00:24:43.564,61,4411,126.05
2026/05/10 00:24:44.595,47,4411,139.45
2026/05/10 00:24:45.626,48,4411,146.56
2026/05/10 00:24:46.657,47,4411,146.07
2026/05/10 00:24:47.688,54,4411,131.22
2026/05/10 00:24:48.718,59,4411,128.96
2026/05/10 00:24:49.749,48,4411,148.75
2026/05/10 00:24:50.780,57,4411,148.04
2026/05/10 00:24:51.809,56,4411,139.33
2026/05/10 00:24:52.839,46,4411,133.53
2026/05/10 00:24:53.870,47,4411,142.61
2026/05/10 00:24:54.901,47,4411,143.23
2026/05/10 00:24:55.932,50,4411,128.60
2026/05/10 00:24:56.963,60,4494,127.66
2026/05/10 00:24:57.994,48,4499,146.24
2026/05/10 00:24:59.024,51,4502,146.80
2026/05/10 00:25:00.056,57,4501,136.37
2026/05/10 00:25:01.087,55,4501,124.20
2026/05/10 00:25:02.118,48,4497,148.01
2026/05/10 00:25:03.150,57,4485,146.38
2026/05/10 00:25:04.182,61,4485,133.59
2026/05/10 00:25:05.213,55,4485,119.54
2026/05/10 00:25:06.245,47,4485,139.71
2026/05/10 00:25:07.276,44,4480,139.47
2026/05/10 00:25:08.307,52,4480,139.86
2026/05/10 00:25:09.338,50,4480,119.32
2026/05/10 00:25:10.369,46,4480,140.41
2026/05/10 00:25:11.400,46,4480,140.74
2026/05/10 00:25:12.429,60,4507,138.08
2026/05/10 00:25:13.460,57,4506,117.35
2026/05/10 00:25:14.490,58,4506,138.53
2026/05/10 00:25:15.522,54,4506,146.49
2026/05/10 00:25:16.551,55,4509,143.11
2026/05/10 00:25:17.582,50,4503,117.01
2026/05/10 00:25:18.614,49,4502,131.23
2026/05/10 00:25:19.646,46,4501,140.04
2026/05/10 00:25:20.678,49,4501,139.52
2026/05/10 00:25:21.710,62,4491,126.01
2026/05/10 00:25:22.742,56,4490,126.77
2026/05/10 00:25:23.774,52,4490,147.20
2026/05/10 00:25:24.802,54,4490,116.50
2026/05/10 00:25:25.833,46,4490,140.66
2026/05/10 00:25:26.865,59,4496,144.30
2026/05/10 00:25:27.896,96,4497,159.05
2026/05/10 00:25:28.927,96,4499,194.34
2026/05/10 00:25:29.958,96,4497,194.02
2026/05/10 00:25:30.989,96,4496,194.02
2026/05/10 00:25:32.020,96,4492,193.92
2026/05/10 00:25:33.051,99,5681,492.69
2026/05/10 00:25:34.083,96,5680,528.90
2026/05/10 00:25:35.116,93,5641,552.77
2026/05/10 00:25:36.151,94,5639,547.03
2026/05/10 00:25:37.183,93,5640,557.57
2026/05/10 00:25:38.216,95,5001,562.57
2026/05/10 00:25:39.249,93,5001,547.21
2026/05/10 00:25:40.280,96,5010,422.18
2026/05/10 00:25:41.312,95,4999,199.38
2026/05/10 00:25:42.344,96,5014,198.96
2026/05/10 00:25:43.376,96,4885,198.80
2026/05/10 00:25:44.407,96,4897,344.81
2026/05/10 00:25:45.437,96,4895,556.71
2026/05/10 00:25:46.468,92,4891,550.82
2026/05/10 00:25:47.500,92,4890,562.05
2026/05/10 00:25:48.533,96,4890,562.30
2026/05/10 00:25:49.565,96,4894,559.08
2026/05/10 00:25:50.597,96,4880,557.97
2026/05/10 00:25:51.629,95,4880,495.73
2026/05/10 00:25:52.662,96,4880,202.23
2026/05/10 00:25:53.693,95,4880,200.88
2026/05/10 00:25:54.725,90,4876,200.84
2026/05/10 00:25:55.757,92,4876,200.83
2026/05/10 00:25:56.789,96,4876,472.03
2026/05/10 00:25:57.821,96,4876,559.28
2026/05/10 00:25:58.852,92,4876,560.58
2026/05/10 00:25:59.886,92,4876,558.34
2026/05/10 00:26:00.918,96,4899,553.25
2026/05/10 00:26:01.951,98,4907,567.48
2026/05/10 00:26:02.983,95,4901,522.33
2026/05/10 00:26:04.015,96,4917,203.90
2026/05/10 00:26:05.048,96,4929,202.26
2026/05/10 00:26:06.080,95,4928,201.77
2026/05/10 00:26:07.113,91,4927,201.62
2026/05/10 00:26:08.145,93,4917,438.73
2026/05/10 00:26:09.178,97,4917,562.06
2026/05/10 00:26:10.211,97,4921,568.78
2026/05/10 00:26:11.243,97,4927,563.79
2026/05/10 00:26:12.276,97,4947,550.04
2026/05/10 00:26:13.307,97,4962,564.65
2026/05/10 00:26:14.339,97,4958,561.46
2026/05/10 00:26:15.373,96,4958,218.47
2026/05/10 00:26:16.405,96,4958,203.30
2026/05/10 00:26:17.437,95,4946,202.57
2026/05/10 00:26:18.468,96,4946,202.11
2026/05/10 00:26:19.500,94,4946,408.65
2026/05/10 00:26:20.531,97,4946,554.73
2026/05/10 00:26:21.563,97,4946,561.08
2026/05/10 00:26:22.595,97,4871,556.07
2026/05/10 00:26:23.627,95,4871,561.78
2026/05/10 00:26:24.658,93,4871,560.67
2026/05/10 00:26:25.692,94,4871,559.82
2026/05/10 00:26:26.724,56,4871,397.20
2026/05/10 00:26:27.756,57,4871,129.36
2026/05/10 00:26:28.788,47,4909,149.97
2026/05/10 00:26:29.819,46,4911,150.44
2026/05/10 00:26:30.850,60,4911,137.05
2026/05/10 00:26:31.883,53,4910,128.30
2026/05/10 00:26:32.915,52,4928,153.44
2026/05/10 00:26:33.948,55,4930,153.93
2026/05/10 00:26:34.980,54,4924,140.60
2026/05/10 00:26:36.013,47,4922,125.19
2026/05/10 00:26:37.045,48,4926,147.72
2026/05/10 00:26:38.077,46,4926,145.27
2026/05/10 00:26:39.108,52,4882,141.97
2026/05/10 00:26:40.139,60,4908,120.26
2026/05/10 00:26:41.171,50,4948,136.54
2026/05/10 00:26:42.202,50,4937,144.91
2026/05/10 00:26:43.232,45,4934,143.61
2026/05/10 00:26:44.264,55,4932,127.19
2026/05/10 00:26:45.295,45,4932,123.97
2026/05/10 00:26:46.327,46,4921,142.05
2026/05/10 00:26:47.361,49,4925,142.52
2026/05/10 00:26:48.393,56,4925,122.26
2026/05/10 00:26:49.424,56,4925,127.70
2026/05/10 00:26:50.455,46,4925,144.79
2026/05/10 00:26:51.487,0,4925,97.95
2026/05/10 00:26:52.518,0,4925,86.03
2026/05/10 00:26:53.550,1,4930,67.47
