stride_idx,level,beta_pre,beta_post,delta_beta,beta_max,ess_at_dbeta_chosen,n_smc,theta_dim,chees_L_chosen,chees_score_best,chees_L_candidates,chees_scores,eps_step_size,n_mcmc_moves,total_accepts,accept_frac,log_density_pre_mean,log_density_post_mean,delta_log_density,esjd_total,esjd_per_eps_L,wall_seconds_level
2,1,0.0,0.0010508598964245202,0.0010508598964245202,0.005254299482122601,83.72230568349605,128,16,16,37.023653510585255,16;32;64;128,37.023653510585255;14.889113447367974;9.636565350839028;2.445535468650116,0.2,2,255,0.99609375,-1265.0614153617062,-477.72972044255584,787.3316949191503,45.160278556914754,14.11258704903586,7.776173114776611
2,2,0.0010508598964245202,0.0021017197928490405,0.0010508598964245202,0.005254299482122601,111.9910859864605,128,16,16,31.327552945845234,16;32;64;128,31.327552945845234;11.139300367307534;8.00559901463883;2.698209155775651,0.2,2,253,0.98828125,-477.72972044255584,-284.74379212851636,192.98592831403948,41.75480360544496,13.04837612670155,7.4732911586761475
2,3,0.0021017197928490405,0.003152579689273561,0.0010508598964245205,0.005254299482122601,118.31837361145685,128,16,16,37.027355219777206,16;32;64;128,37.027355219777206;11.961270104894039;9.16899987127529;2.4857965729293974,0.2,2,253,0.98828125,-284.74379212851636,-170.14371225913055,114.60007986938581,40.06265048063043,12.51957827519701,7.633295059204102
2,4,0.003152579689273561,0.004203439585698081,0.00105085989642452,0.005254299482122601,122.32448579098694,128,16,16,33.891122246748346,16;32;64;128,33.891122246748346;11.852933516630134;7.0692117662305;1.8879419562803839,0.2,2,249,0.97265625,-170.14371225913055,-112.37150001933333,57.77221223979723,39.646732856850306,12.38960401776572,7.521238088607788
2,5,0.004203439585698081,0.005254299482122601,0.00105085989642452,0.005254299482122601,124.10674779616616,128,16,16,33.39572607153309,16;32;64;128,33.39572607153309;12.690987105393884;8.534843189381428;2.3328643486246117,0.2,2,250,0.9765625,-112.37150001933333,-83.82034502876922,28.5511549905641,38.42640821817751,12.00825256818047,7.490581035614014
4,1,0.0,0.0010676311723837382,0.0010676311723837382,0.005338155861918691,81.87098432070624,128,16,16,29.362254911591997,16;32;64;128,29.362254911591997;11.34607574820131;8.652624466584406;2.285502903545185,0.2,2,255,0.99609375,-1377.7921325811185,-577.9890478695743,799.8030847115442,42.928522603699115,13.415163313655972,7.656933069229126
4,2,0.0010676311723837382,0.0021352623447674765,0.0010676311723837382,0.005338155861918691,107.12102470355495,128,16,16,37.04642384088491,16;32;64;128,37.04642384088491;14.171106048063557;9.766888243797474;2.5414336947497507,0.2,2,254,0.9921875,-577.9890478695743,-329.7082307235105,248.28081714606378,41.17491743115712,12.867161697236599,7.6048290729522705
4,3,0.0021352623447674765,0.0032028935171512147,0.0010676311723837382,0.005338155861918691,116.65225570254329,128,16,16,28.73719482750474,16;32;64;128,28.73719482750474;10.49538495195852;5.378264150485934;2.0450861872731707,0.2,2,256,1.0,-329.7082307235105,-219.73061052407138,109.97762019943912,38.724624096982595,12.10144503030706,7.4982709884643555
4,4,0.0032028935171512147,0.004270524689534953,0.0010676311723837382,0.005338155861918691,121.39761346983254,128,16,16,35.241452659678046,16;32;64;128,35.241452659678046;11.120706856746727;8.969807915212382;2.799539443951478,0.2,2,247,0.96484375,-219.73061052407138,-196.24823549715802,23.48237502691336,44.14824487236415,13.796326522613796,7.713981866836548
4,5,0.004270524689534953,0.005338155861918691,0.0010676311723837378,0.005338155861918691,122.68769587886268,128,16,16,26.198963149527852,16;32;64;128,26.198963149527852;12.313179021315733;7.3249523696104655;1.7276515053330566,0.2,2,248,0.96875,-196.24823549715802,-137.6462342798477,58.60200121731032,38.850456100396414,12.140767531373879,7.7228851318359375
6,1,0.0,0.0011054644487637764,0.0011054644487637764,0.005527322243818882,75.11785898079816,128,16,16,26.6989989665041,16;32;64;128,26.6989989665041;9.953340565114527;6.189800064288442;1.7619277027825153,0.2,2,256,1.0,-1586.4466730279382,-577.6472745714709,1008.7993984564673,38.665210894517486,12.082878404536714,7.500635862350464
6,2,0.0011054644487637764,0.0022109288975275527,0.0011054644487637764,0.005527322243818882,106.87820457959849,128,16,16,26.67028018427236,16;32;64;128,26.67028018427236;8.728549329877767;8.682730003345652;2.146626659405199,0.2,2,252,0.984375,-577.6472745714709,-312.93360704614315,264.71366752532776,39.81398737530407,12.441871054782522,7.530156850814819
6,3,0.0022109288975275527,0.003316393346291329,0.0011054644487637762,0.005527322243818882,118.56171651445386,128,16,16,29.12366758180561,16;32;64;128,29.12366758180561;11.388195814614132;6.89730783733427;2.3467728557139766,0.2,2,252,0.984375,-312.93360704614315,-240.2845817352645,72.64902531087864,38.70620824409003,12.095690076278133,7.5057759284973145
6,4,0.003316393346291329,0.0044218577950551055,0.0011054644487637766,0.005527322243818882,120.87385699725118,128,16,16,32.114285126033515,16;32;64;128,32.114285126033515;12.154342043317286;6.153310021686479;2.179114914831086,0.2,2,249,0.97265625,-240.2845817352645,-177.8238519707229,62.46072976454161,40.83176190240694,12.759925594502167,7.497694969177246
6,5,0.0044218577950551055,0.005527322243818882,0.0011054644487637766,0.005527322243818882,122.27013427689616,128,16,16,30.733482480631515,16;32;64;128,30.733482480631515;10.671594453075965;7.169098538901483;1.9010339837426988,0.2,2,250,0.9765625,-177.8238519707229,-104.23520631925203,73.58864565147087,38.23047211334586,11.947022535420581,7.679155111312866
8,1,0.0,0.0008242041657009486,0.0008242041657009486,0.004121020828504743,80.2052927941105,128,16,16,31.647765112125736,16;32;64;128,31.647765112125736;10.247789137696653;10.220885528365272;2.5460681262831972,0.2,2,255,0.99609375,-1786.3149183243513,-771.9410268804058,1014.3738914439455,43.31965644903894,13.537392640324667,7.489650011062622
8,2,0.0008242041657009486,0.001648408331401897,0.0008242041657009486,0.004121020828504743,109.42560793705691,128,16,16,30.429578377271852,16;32;64;128,30.429578377271852;10.766229333355405;6.071194964263203;2.626764053222932,0.2,2,252,0.984375,-771.9410268804058,-421.77462717704475,350.1663997033611,44.69589984954191,13.967468702981845,7.508723020553589
8,3,0.001648408331401897,0.0024726124971028458,0.0008242041657009487,0.004121020828504743,117.54518442293066,128,16,16,31.81334036453219,16;32;64;128,31.81334036453219;10.11108242080445;7.451530660590466;2.096355564612684,0.2,2,256,1.0,-421.77462717704475,-322.34446673910134,99.43016043794341,37.69661849007051,11.780193278147035,7.508531093597412
8,4,0.0024726124971028458,0.003296816662803794,0.0008242041657009484,0.004121020828504743,120.92190168351947,128,16,16,35.83021034127025,16;32;64;128,35.83021034127025;8.920822660678695;7.739504072958901;2.3018569130311017,0.2,2,252,0.984375,-322.34446673910134,-254.26328185363673,68.08118488546461,39.68740311593256,12.402313473728924,7.50817608833313
8,5,0.003296816662803794,0.004121020828504743,0.0008242041657009484,0.004121020828504743,122.81810237999262,128,16,16,29.81638767649973,16;32;64;128,29.81638767649973;10.772381726168637;6.6886440158547655;1.9600581381354703,0.2,2,253,0.98828125,-254.26328185363673,-175.71606439049356,78.54721746314317,35.99041389837929,11.247004343243526,7.513832092285156
10,1,0.0,0.0012628187122633709,0.0012628187122633709,0.006314093561316854,72.13491382594827,128,16,16,36.722827400375046,16;32;64;128,36.722827400375046;14.057909701082986;10.72252477477901;3.222385528225836,0.2,2,254,0.9921875,-1501.5571930380538,-464.6809556768276,1036.8762373612262,46.03867268691533,14.387085214661042,7.4848949909210205
10,2,0.0012628187122633709,0.0025256374245267417,0.0012628187122633709,0.006314093561316854,108.06119162643023,128,16,16,30.88669220306092,16;32;64;128,30.88669220306092;11.989141480842953;7.154743065161898;2.312010286540006,0.2,2,254,0.9921875,-464.6809556768276,-307.15102667326573,157.52992900356185,40.158858599433806,12.549643312323063,7.761502027511597
10,3,0.0025256374245267417,0.0037884561367901126,0.0012628187122633709,0.006314093561316854,114.73787463021071,128,16,16,31.724430255484556,16;32;64;128,31.724430255484556;10.908950639684875;6.2604553036394845;2.434195109670747,0.2,2,253,0.98828125,-307.15102667326573,-178.21015689277556,128.94086978049017,37.72016432759278,11.787551352372741,7.608821153640747
10,4,0.0037884561367901126,0.0050512748490534835,0.0012628187122633709,0.006314093561316854,120.29868250107292,128,16,16,30.848452306107497,16;32;64;128,30.848452306107497;12.411598178295234;7.285196423328741;2.0456180870079947,0.2,2,254,0.9921875,-178.21015689277556,-97.4591456259368,80.75101126683876,35.80938792905336,11.190433727829173,7.521106958389282
10,5,0.0050512748490534835,0.006314093561316854,0.0012628187122633704,0.006314093561316854,124.31050922056828,128,16,16,24.304833597193685,16;32;64;128,24.304833597193685;11.687044729160826;6.912590659541291;1.4294193542616367,0.2,2,249,0.97265625,-97.4591456259368,-76.42399956542067,21.035146060516126,37.62396922097888,11.757490381555899,7.734494924545288
12,1,0.0,0.0015979671583317796,0.0015979671583317796,0.007989835791658897,72.19292571959878,128,16,16,32.47956981396257,16;32;64;128,32.47956981396257;9.514471804103017;7.3985835658109265;2.1796467279109986,0.2,2,253,0.98828125,-1097.5287072609644,-382.6865578566212,714.8421494043432,43.130304139273065,13.478220043522832,7.613970994949341
12,2,0.0015979671583317796,0.003195934316663559,0.0015979671583317796,0.007989835791658897,107.10608309785162,128,16,16,32.55275006663272,16;32;64;128,32.55275006663272;12.13924716472377;8.602486166077059;2.1999554015344183,0.2,2,248,0.96875,-382.6865578566212,-199.2212719123345,183.46528594428673,43.42429084028783,13.570090887589947,7.814145088195801
12,3,0.003195934316663559,0.004793901474995339,0.0015979671583317796,0.007989835791658897,115.41130556348429,128,16,16,41.5147236226588,16;32;64;128,41.5147236226588;10.307759667431245;8.443545217558507;1.920720884145504,0.2,2,244,0.953125,-199.2212719123345,-96.33940632478334,102.88186558755115,44.65481811767797,13.954630661774365,7.839787006378174
12,4,0.004793901474995339,0.006391868633327118,0.0015979671583317796,0.007989835791658897,120.70510084614781,128,16,16,27.233934529220853,16;32;64;128,27.233934529220853;11.258009268092316;7.571592064931345;1.323216928382335,0.2,2,236,0.921875,-96.33940632478334,-73.35137169621885,22.988034628564492,42.27383019729494,13.210571936654668,7.778424024581909
12,5,0.006391868633327118,0.007989835791658897,0.0015979671583317787,0.007989835791658897,121.0114660801456,128,16,16,30.705723441076092,16;32;64;128,30.705723441076092;10.362030669885925;5.283644521962872;1.7772015517866806,0.2,2,236,0.921875,-73.35137169621885,-22.17998465616256,51.17138704005629,44.97803016880048,14.05563442775015,7.591958999633789
14,1,0.0,0.001648278637722934,0.001648278637722934,0.008241393188614669,69.27918712365144,128,16,16,23.583691702057028,16;32;64;128,23.583691702057028;11.56554001082622;6.20775103964975;1.8202089396239767,0.2,2,254,0.9921875,-1101.4757829164155,-428.8785352455452,672.5972476708703,44.58616929976618,13.933177906176931,7.780806064605713
14,2,0.001648278637722934,0.003296557275445868,0.001648278637722934,0.008241393188614669,101.81586565130307,128,16,16,36.71614172164872,16;32;64;128,36.71614172164872;10.70080744730458;9.32852855753568;2.284568280814304,0.2,2,253,0.98828125,-428.8785352455452,-218.54385640635155,210.33467883919366,41.72585379450061,13.03932931078144,7.7159810066223145
14,3,0.003296557275445868,0.004944835913168802,0.001648278637722934,0.008241393188614669,115.59196720317127,128,16,16,27.279201773642065,16;32;64;128,27.279201773642065;13.045855090312303;9.890545354233375;1.9091240412908095,0.2,2,252,0.984375,-218.54385640635155,-118.418557273224,100.12529913312756,38.97780531459287,12.180564160810272,7.6299660205841064
14,4,0.004944835913168802,0.006593114550891736,0.001648278637722934,0.008241393188614669,121.04550046782882,128,16,16,34.26399687139884,16;32;64;128,34.26399687139884;7.72644013719103;7.180002103791486;1.9328341881980482,0.2,2,248,0.96875,-118.418557273224,-80.74403690709732,37.67452036612667,40.42861506153385,12.633942206729326,7.622377157211304
14,5,0.006593114550891736,0.008241393188614669,0.001648278637722933,0.008241393188614669,122.21092975463121,128,16,16,27.27643763527791,16;32;64;128,27.27643763527791;11.974364457639531;5.860541024649515;1.1203600479221483,0.2,2,240,0.9375,-80.74403690709732,-58.43902146094479,22.305015446152538,41.62822917454082,13.008821617044006,7.882983922958374
16,1,0.0,0.0015144779328384013,0.0015144779328384013,0.007572389664192006,71.09773989282745,128,16,16,44.3873889622914,16;32;64;128,44.3873889622914;14.844159773979861;9.80880619665776;2.7840656261126417,0.2,2,255,0.99609375,-1268.610070316936,-410.9891859127674,857.6208844041685,43.213606831026105,13.504252134695657,7.503496885299683
16,2,0.0015144779328384013,0.0030289558656768027,0.0015144779328384013,0.007572389664192006,106.76410696243468,128,16,16,39.05024444687711,16;32;64;128,39.05024444687711;13.518003827371299;9.828104676259493;2.5360735030640407,0.2,2,253,0.98828125,-410.9891859127674,-199.51096650748514,211.4782194052823,39.310931675431796,12.284666148572436,7.5278778076171875
16,3,0.0030289558656768027,0.004543433798515204,0.0015144779328384013,0.007572389664192006,118.49332177656834,128,16,16,26.224440546005376,16;32;64;128,26.224440546005376;10.558994723324977;6.533530487929059;1.5415191069475458,0.2,2,251,0.98046875,-199.51096650748514,-124.11000927502755,75.40095723245759,38.4027069392286,12.000845918508936,7.782724142074585
16,4,0.004543433798515204,0.006057911731353605,0.0015144779328384013,0.007572389664192006,121.89269008485284,128,16,16,29.632503958841706,16;32;64;128,29.632503958841706;6.75417739003459;7.191482295106349;1.9151309645860284,0.2,2,244,0.953125,-124.11000927502755,-78.18610575585626,45.92390351917129,40.05718959407741,12.517871748149188,7.538920879364014
16,5,0.006057911731353605,0.007572389664192006,0.0015144779328384005,0.007572389664192006,123.38305569530917,128,16,16,27.737899329038537,16;32;64;128,27.737899329038537;9.058932371018233;7.837220465403224;2.0770626469446585,0.2,2,241,0.94140625,-78.18610575585626,-48.600358333671466,29.585747422184795,40.26543729411792,12.58294915441185,7.614944934844971
18,1,0.0,0.0012913750258450483,0.0012913750258450483,0.006456875129225241,80.79744676673764,128,16,16,27.192864307969984,16;32;64;128,27.192864307969984;9.77085505404657;7.594359238046537;1.8521636762351448,0.2,2,255,0.99609375,-1315.0676114987582,-505.972830216866,809.0947812818922,42.44324649482105,13.263514529631577,7.488313913345337
18,2,0.0012913750258450483,0.0025827500516900966,0.0012913750258450483,0.006456875129225241,106.52369842541462,128,16,16,27.576898490128084,16;32;64;128,27.576898490128084;8.508356162422077;7.730882707079243;2.2313571134728054,0.2,2,253,0.98828125,-505.972830216866,-304.8449734133901,201.12785680347588,42.18736183222577,13.183550572570551,7.6025800704956055
18,3,0.0025827500516900966,0.003874125077535145,0.0012913750258450483,0.006456875129225241,116.05645832984305,128,16,16,39.69180294647336,16;32;64;128,39.69180294647336;13.436727765987971;10.19436202034169;1.843340844709566,0.2,2,251,0.98046875,-304.8449734133901,-205.2233825622825,99.62159085110761,41.14950069764932,12.859218968015412,7.725653171539307
18,4,0.003874125077535145,0.005165500103380193,0.0012913750258450483,0.006456875129225241,119.59577914482531,128,16,16,37.75495528712559,16;32;64;128,37.75495528712559;11.711776641196353;9.610625319169772;1.977744402429348,0.2,2,246,0.9609375,-205.2233825622825,-132.0315153701231,73.1918671921594,42.20110102987541,13.187844071836064,7.740746021270752
18,5,0.005165500103380193,0.006456875129225241,0.0012913750258450474,0.006456875129225241,122.58749900126926,128,16,16,29.397837398412964,16;32;64;128,29.397837398412964;9.84235492451841;6.874729419713992;1.9118440830979404,0.2,2,245,0.95703125,-132.0315153701231,-56.72072556358762,75.31078980653547,39.79126077290578,12.434768991533055,7.592763185501099
20,1,0.0,0.00163425240787723,0.00163425240787723,0.00817126203938615,74.42071431301643,128,16,16,25.61131870734684,16;32;64;128,25.61131870734684;14.424262457977393;10.384564493473635;2.725953705371063,0.2,2,256,1.0,-983.8892604925204,-412.39773994893767,571.4915205435827,45.1326185857362,14.103943308042563,7.926661968231201
20,2,0.00163425240787723,0.00326850481575446,0.00163425240787723,0.00817126203938615,104.38890003827477,128,16,16,36.47361388222123,16;32;64;128,36.47361388222123;15.084288761050736;9.12915595416802;2.333651217408535,0.2,2,249,0.97265625,-412.39773994893767,-196.07784996170085,216.31988998723682,43.574022953821014,13.616882173069067,7.635209083557129
20,3,0.00326850481575446,0.00490275722363169,0.0016342524078772304,0.00817126203938615,117.25581297591437,128,16,16,37.42826838554052,16;32;64;128,37.42826838554052;9.670699351311983;9.5575785499728;1.5544166402534099,0.2,2,252,0.984375,-196.07784996170085,-92.0605314206332,104.01731854106765,38.88887240366256,12.15277262614455,7.594780921936035
20,4,0.00490275722363169,0.00653700963150892,0.0016342524078772295,0.00817126203938615,121.53403645409763,128,16,16,33.040081915765725,16;32;64;128,33.040081915765725;10.358510723659196;7.327493946182027;1.1970321597245797,0.2,2,246,0.9609375,-92.0605314206332,-42.54184909816831,49.51868232246488,41.087883435854685,12.839963573704589,7.683982849121094
20,5,0.00653700963150892,0.00817126203938615,0.0016342524078772295,0.00817126203938615,123.79096571561243,128,16,16,32.56686413484497,16;32;64;128,32.56686413484497;7.528995817659427;6.402450045687791;1.2493465211545718,0.2,2,247,0.96484375,-42.54184909816831,-20.104910562513396,22.436938535654917,38.3844277625071,11.99513367578347,7.569041967391968
22,1,0.0,0.002410353010082398,0.002410353010082398,0.012191632646743219,64.00000002149207,128,16,16,23.01303946615415,16;32;64;128,23.01303946615415;8.05244389635266;5.983500709564849;2.069632471053331,0.2,2,252,0.984375,-954.8705055741593,-286.9924905290827,667.8780150450766,40.75922568796283,12.737258027488384,7.660333156585693
22,2,0.002410353010082398,0.004848679539431042,0.002438326529348644,0.012191632646743219,100.44331091723228,128,16,16,39.15063414456922,16;32;64;128,39.15063414456922;10.995303740512833;9.615897287303499;1.905425810121494,0.2,2,251,0.98046875,-286.9924905290827,-118.366040766472,168.62644976261072,39.46775025858109,12.33367195580659,7.76952600479126
22,3,0.004848679539431042,0.007287006068779686,0.002438326529348644,0.012191632646743219,115.7266164723673,128,16,16,28.9718003359647,16;32;64;128,28.9718003359647;8.343662580113392;6.37159472778867;2.2752525567416324,0.2,2,239,0.93359375,-118.366040766472,-66.1637163432315,52.2023244232405,42.7792858036695,13.368526813646719,7.679579019546509
22,4,0.007287006068779686,0.009725332598128331,0.002438326529348645,0.012191632646743219,118.75418047283787,128,16,16,34.01836981639962,16;32;64;128,34.01836981639962;8.078715360381187;4.704890687927182;2.3525759339692205,0.2,2,238,0.9296875,-66.1637163432315,-18.964911449700594,47.198804893530905,42.847896109125415,13.389967534101691,7.795016050338745
22,5,0.009725332598128331,0.012163659127476975,0.002438326529348644,0.012191632646743219,121.29396797369523,128,16,16,24.393512715917545,16;32;64;128,24.393512715917545;5.713087431081294;3.7523230561822434;0.7113610933836919,0.2,2,224,0.875,-18.964911449700594,15.877781173679978,34.84269262338057,45.86351429715375,14.332348217860545,7.973565101623535
22,6,0.012163659127476975,0.012191632646743219,2.7973519266243432e-5,0.012191632646743219,127.9993358828997,128,16,16,25.259049775674374,16;32;64;128,25.259049775674374;7.659012019571774;4.822852995883398;0.9921064949073455,0.2,2,217,0.84765625,15.877781173679978,26.315824989578687,10.438043815898709,50.507560097707604,15.783612530533626,7.939802885055542
24,1,0.0,0.0012202018844989565,0.0012202018844989565,0.006101009422494782,69.49424922333883,128,16,16,49.217997748347294,16;32;64;128,49.217997748347294;16.944970034130115;11.537356436828627;3.3882698164145064,0.2,2,254,0.9921875,-1520.8740275381133,-478.70580849959515,1042.1682190385181,46.93074877253931,14.665858991418533,7.777112007141113
24,2,0.0012202018844989565,0.002440403768997913,0.0012202018844989565,0.006101009422494782,107.23020163016149,128,16,16,38.80920109978114,16;32;64;128,38.80920109978114;13.299891620391731;10.120548384894757;2.212600224916413,0.2,2,251,0.98046875,-478.70580849959515,-224.58933520223945,254.1164732973557,41.24792461975906,12.889976443674707,7.8939619064331055
24,3,0.002440403768997913,0.0036606056534968694,0.0012202018844989565,0.006101009422494782,119.11159025055667,128,16,16,24.612824290023227,16;32;64;128,24.612824290023227;9.898080540545923;6.138629241812268;1.4630948624985947,0.2,2,254,0.9921875,-224.58933520223945,-139.60871795623098,84.98061724600848,38.911728383999225,12.159915119999757,7.81926703453064
24,4,0.0036606056534968694,0.004880807537995826,0.0012202018844989565,0.006101009422494782,123.1729736415313,128,16,16,32.605288955634336,16;32;64;128,32.605288955634336;18.048840993485275;10.640331913253807;1.8336929083853952,0.2,2,251,0.98046875,-139.60871795623098,-129.45116939768195,10.157548558549024,38.76979331070098,12.115560409594057,7.774165868759155
24,5,0.004880807537995826,0.006101009422494782,0.0012202018844989565,0.006101009422494782,124.02480245657185,128,16,16,38.91735561948209,16;32;64;128,38.91735561948209;8.155465287118918;9.995931055953053;2.0739126767438023,0.2,2,245,0.95703125,-129.45116939768195,-128.7298091800185,0.7213602176634595,41.36755164185174,12.927359888078668,7.851759910583496
26,1,0.0,0.001295462037122233,0.001295462037122233,0.0064773101856111645,81.83526795962858,128,16,16,35.50066028934706,16;32;64;128,35.50066028934706;14.447122338360886;7.922399599360961;1.8308759247542823,0.2,2,254,0.9921875,-1133.177446550224,-362.6774562422652,770.4999903079588,40.880904605105314,12.77528268909541,7.510657787322998
26,2,0.001295462037122233,0.002590924074244466,0.001295462037122233,0.0064773101856111645,110.78045882146681,128,16,16,27.169350298381232,16;32;64;128,27.169350298381232;10.13326536615135;7.387769805609024;1.36908628057497,0.2,2,251,0.98046875,-362.6774562422652,-223.25638712989166,139.42106911237352,39.8386161800393,12.44956755626228,7.632160902023315
26,3,0.002590924074244466,0.003886386111366699,0.001295462037122233,0.0064773101856111645,118.29527872000288,128,16,16,31.023760315929096,16;32;64;128,31.023760315929096;12.573010096218153;6.356776840320647;2.197849533213528,0.2,2,247,0.96484375,-223.25638712989166,-155.3727751711849,67.88361195870675,39.963643419067054,12.488638568458454,7.550440073013306
26,4,0.003886386111366699,0.005181848148488932,0.001295462037122233,0.0064773101856111645,122.49467915609932,128,16,16,34.019889605257156,16;32;64;128,34.019889605257156;10.100170991272286;8.67187092027788;1.7889075219373856,0.2,2,247,0.96484375,-155.3727751711849,-101.4507585966494,53.92201657453552,38.60545293238615,12.06420404137067,7.593754053115845
26,5,0.005181848148488932,0.0064773101856111645,0.0012954620371222322,0.0064773101856111645,124.2559776312039,128,16,16,29.378264776495516,16;32;64;128,29.378264776495516;7.653516902470792;5.585781668106969;1.4930516138303318,0.2,2,240,0.9375,-101.4507585966494,-60.93213278660551,40.518625810043886,40.062111827370934,12.519409946053417,7.52124285697937
28,1,0.0,0.0012144959599954153,0.0012144959599954153,0.006072479799977076,84.11010638339089,128,16,16,32.52993220392449,16;32;64;128,32.52993220392449;11.986603248901428;8.846508712462908;2.2197417016191214,0.2,2,252,0.984375,-1077.1454329206608,-463.3814880964346,613.7639448242262,45.08323211983242,14.08851003744763,7.550951957702637
28,2,0.0012144959599954153,0.0024289919199908306,0.0012144959599954153,0.006072479799977076,108.22022043288447,128,16,16,34.15571066071713,16;32;64;128,34.15571066071713;11.031924026764806;7.879950182620051;2.065268638614347,0.2,2,252,0.984375,-463.3814880964346,-249.2412478919141,214.14024020452052,38.42370679439753,12.007408373249229,7.5944859981536865
28,3,0.0024289919199908306,0.003643487879986246,0.0012144959599954155,0.006072479799977076,118.88225146610473,128,16,16,33.539546814567004,16;32;64;128,33.539546814567004;10.248036034718991;8.098934951916931;2.5830048561269723,0.2,2,251,0.98046875,-249.2412478919141,-173.92508877487853,75.31615911703557,41.26274688913454,12.894608402854542,7.577521800994873
28,4,0.003643487879986246,0.004857983839981661,0.001214495959995415,0.006072479799977076,120.68132295844484,128,16,16,39.59102661122774,16;32;64;128,39.59102661122774;11.941395603086052;9.132740107058867;2.3539452795811555,0.2,2,242,0.9453125,-173.92508877487853,-109.5129029895179,64.41218578536063,41.763044524053115,13.050951413766597,7.541765213012695
28,5,0.004857983839981661,0.006072479799977076,0.001214495959995415,0.006072479799977076,123.48053802166115,128,16,16,27.666556409819705,16;32;64;128,27.666556409819705;10.666819278693861;6.521600123108182;1.5577858944135672,0.2,2,242,0.9453125,-109.5129029895179,-98.38489083829336,11.128012151224539,43.07148074034617,13.459837731358176,7.542612075805664
30,1,0.0,0.0014103095515531489,0.0014103095515531489,0.007051547757765744,83.45739040344951,128,16,16,34.92620187844417,16;32;64;128,34.92620187844417;11.647962858685302;9.491819799244071;2.9332469072305516,0.2,2,251,0.98046875,-1037.166946438956,-449.9213359686546,587.2456104703015,44.49426576553115,13.904458051728485,7.570592880249023
30,2,0.0014103095515531489,0.0028206191031062977,0.0014103095515531489,0.007051547757765744,105.50423878528395,128,16,16,31.444163621816305,16;32;64;128,31.444163621816305;13.794765376569721;6.916389318528037;2.1513843795995746,0.2,2,252,0.984375,-449.9213359686546,-248.9654611867154,200.9558747819392,39.15534771417052,12.236046160678287,7.60153603553772
30,3,0.0028206191031062977,0.0042309286546594466,0.0014103095515531489,0.007051547757765744,115.84392453753523,128,16,16,17.845646841207195,16;32;64;128,17.845646841207195;11.869006942794488;6.764951377101027;2.0027334083326664,0.2,2,240,0.9375,-248.9654611867154,-151.4820533330785,97.48340785363689,42.9736462225523,13.429264444547591,7.52556300163269
30,4,0.0042309286546594466,0.005641238206212595,0.0014103095515531489,0.007051547757765744,121.0944075603181,128,16,16,30.89439085930315,16;32;64;128,30.89439085930315;7.804432741823555;6.281530909047991;1.7919937794626166,0.2,2,248,0.96875,-151.4820533330785,-78.66456369683146,72.81748963624705,41.084921898337264,12.839038093230394,7.520820140838623
30,5,0.005641238206212595,0.007051547757765744,0.0014103095515531489,0.007051547757765744,124.17861652071063,128,16,16,24.286336527159637,16;32;64;128,24.286336527159637;9.007572617200525;5.486651436996924;1.7482217973045593,0.2,2,246,0.9609375,-78.66456369683146,-71.17047957482282,7.494084122008644,39.50525289172785,12.345391528664953,7.533157825469971
32,1,0.0,0.000979857051930257,0.000979857051930257,0.004899285259651285,80.3100745040847,128,16,16,38.05673411480187,16;32;64;128,38.05673411480187;15.742670355800469;7.208160502269323;1.9886080215201567,0.2,2,255,0.99609375,-1513.2602052787552,-682.3609680053778,830.8992372733774,43.231162386511926,13.509738245784977,7.476714134216309
32,2,0.000979857051930257,0.001959714103860514,0.000979857051930257,0.004899285259651285,107.43305420066329,128,16,16,37.395621033283035,16;32;64;128,37.395621033283035;14.637292113127451;10.196006752342793;2.524663268080173,0.2,2,253,0.98828125,-682.3609680053778,-376.15301530319266,306.20795270218514,41.80769584563028,13.06490495175946,7.486138105392456
32,3,0.001959714103860514,0.002939571155790771,0.0009798570519302572,0.004899285259651285,118.84181356955064,128,16,16,28.536659500494114,16;32;64;128,28.536659500494114;12.420536856970262;7.174863559152308;2.473337131650707,0.2,2,248,0.96875,-376.15301530319266,-286.0356193376938,90.11739596549887,45.10181226178504,14.094316331807825,7.506618022918701
32,4,0.002939571155790771,0.003919428207721028,0.0009798570519302567,0.004899285259651285,120.07868015671437,128,16,16,27.1126657060453,16;32;64;128,27.1126657060453;9.97284667426443;6.825838863694324;2.2330790636815268,0.2,2,247,0.96484375,-286.0356193376938,-189.08922124910168,96.9463980885921,43.843795782673816,13.701186182085566,7.5461201667785645
32,5,0.003919428207721028,0.004899285259651285,0.0009798570519302567,0.004899285259651285,123.12285385393281,128,16,16,30.34613886425536,16;32;64;128,30.34613886425536;9.078083503247742;4.398965490574638;1.9162660231559774,0.2,2,251,0.98046875,-189.08922124910168,-146.94355521118268,42.145666037919,37.3434676221343,11.669833631916967,7.511254072189331
34,1,0.0,0.0009588934405410078,0.0009588934405410078,0.004794467202705039,83.67821552855537,128,16,16,23.14352493361698,16;32;64;128,23.14352493361698;11.414387958326655;6.901119709523244;2.3825231714653974,0.2,2,254,0.9921875,-1520.5112924561836,-665.021813003812,855.4894794523716,41.55178091651523,12.984931536411008,7.471620798110962
34,2,0.0009588934405410078,0.0019177868810820156,0.0009588934405410078,0.004794467202705039,108.24275081371252,128,16,16,34.25931829215142,16;32;64;128,34.25931829215142;11.438156365586673;8.221780994770747;2.2193229689702134,0.2,2,255,0.99609375,-665.021813003812,-383.9776034797542,281.0442095240578,42.40490640237093,13.251533250740916,7.49183201789856
34,3,0.0019177868810820156,0.0028766803216230233,0.0009588934405410077,0.004794467202705039,118.10409126008219,128,16,16,31.202438241929002,16;32;64;128,31.202438241929002;13.504147617232544;8.235965204601587;2.2771922525713273,0.2,2,251,0.98046875,-383.9776034797542,-275.0432710882742,108.93433239147998,42.61531323974936,13.317285387421675,7.501205205917358
34,4,0.0028766803216230233,0.003835573762164031,0.0009588934405410079,0.004794467202705039,121.59493282301747,128,16,16,29.03051298886962,16;32;64;128,29.03051298886962;9.535025463300316;6.665064882053855;1.7772574743021954,0.2,2,250,0.9765625,-275.0432710882742,-205.3486143561313,69.6946567321429,42.05914403608933,13.143482511277915,7.495397090911865
34,5,0.003835573762164031,0.004794467202705039,0.0009588934405410075,0.004794467202705039,123.14690033964956,128,16,16,23.39340823790324,16;32;64;128,23.39340823790324;6.8900459903589235;7.364352923062567;2.047663490910494,0.2,2,248,0.96875,-205.3486143561313,-168.72860037791543,36.620013978215866,39.07614258915483,12.211294559110883,7.5088300704956055
36,1,0.0,0.0009052138337389727,0.0009052138337389727,0.004526069168694863,87.83357642397299,128,16,16,28.804257641112734,16;32;64;128,28.804257641112734;10.798582581351667;7.482172628902902;2.226719295772003,0.2,2,255,0.99609375,-1329.6236853622831,-539.7859996590996,789.8376857031835,43.10208885925151,13.469402768516096,7.470050096511841
36,2,0.0009052138337389727,0.0018104276674779454,0.0009052138337389727,0.004526069168694863,112.20351171212138,128,16,16,33.45932448715218,16;32;64;128,33.45932448715218;13.029938246749015;7.561046592911513;2.6044391384227414,0.2,2,255,0.99609375,-539.7859996590996,-398.8980640559457,140.8879356031539,40.65967545977186,12.706148581178706,7.495537996292114
36,3,0.0018104276674779454,0.002715641501216918,0.0009052138337389728,0.004526069168694863,117.94975691877391,128,16,16,26.496288197960578,16;32;64;128,26.496288197960578;9.889059593956873;8.222216618780305;1.9676187604432567,0.2,2,255,0.99609375,-398.8980640559457,-256.6506609474309,142.24740310851485,39.34625339021421,12.29570418444194,7.488903045654297
36,4,0.002715641501216918,0.003620855334955891,0.0009052138337389726,0.004526069168694863,122.02436488610158,128,16,16,29.351702570711346,16;32;64;128,29.351702570711346;11.971921561103853;8.291238710252557;1.998062699377014,0.2,2,252,0.984375,-256.6506609474309,-194.46507371321786,62.18558723421302,39.30135481538235,12.281673379806985,7.495940923690796
36,5,0.003620855334955891,0.004526069168694863,0.0009052138337389726,0.004526069168694863,124.66907370669786,128,16,16,26.222084244553304,16;32;64;128,26.222084244553304;8.160836073114302;6.082667818863414;2.0302091121158887,0.2,2,248,0.96875,-194.46507371321786,-179.73635808716062,14.728715626057237,40.9809576814909,12.806549275465905,7.507453918457031
38,1,0.0,0.002054401896333601,0.002054401896333601,0.010272009481668004,69.76910985657044,128,16,16,38.94403417983199,16;32;64;128,38.94403417983199;13.612720819777758;11.207444773659164;2.6849948532479107,0.2,2,253,0.98828125,-983.8011576824356,-243.7838394503342,740.0173182321014,44.29017983076333,13.84068119711354,7.492532968521118
38,2,0.002054401896333601,0.004108803792667202,0.002054401896333601,0.010272009481668004,106.77909623213904,128,16,16,30.825479944310256,16;32;64;128,30.825479944310256;11.029757648276673;8.764929182598857;1.8730076116552141,0.2,2,248,0.96875,-243.7838394503342,-100.90858607098926,142.87525337934494,40.26873859613838,12.583980811293243,7.505403995513916
38,3,0.004108803792667202,0.006163205689000803,0.002054401896333601,0.010272009481668004,117.83153746012009,128,16,16,24.369830497819567,16;32;64;128,24.369830497819567;8.08720242662992;5.492639015735487;1.4049398352119207,0.2,2,245,0.95703125,-100.90858607098926,-83.56091948319227,17.347666587796994,38.56762626452711,12.05238320766472,7.512362957000732
38,4,0.006163205689000803,0.008217607585334404,0.002054401896333601,0.010272009481668004,119.21850093297859,128,16,16,27.543698926237195,16;32;64;128,27.543698926237195;7.646616739506925;5.4101498105560815;1.5834177265766352,0.2,2,242,0.9453125,-83.56091948319227,-40.35900110658258,43.20191837660968,39.813793274783436,12.441810398369823,7.532543897628784
38,5,0.008217607585334404,0.010272009481668004,0.0020544018963336,0.010272009481668004,121.91659297121112,128,16,16,28.959375120644523,16;32;64;128,28.959375120644523;8.591294406253427;3.53861984483509;2.3838661820775253,0.2,2,239,0.93359375,-40.35900110658258,-14.950668351375498,25.408332755207084,43.17279328962068,13.491497903006461,7.540972948074341
40,1,0.0,0.001072763123972161,0.001072763123972161,0.005363815619860804,85.13631573077808,128,16,16,31.573482679229894,16;32;64;128,31.573482679229894;13.010838581078572;8.588996851067368;2.398283819850776,0.2,2,253,0.98828125,-1257.831197795691,-547.0234329043888,710.8077648913022,46.50242570081196,14.532008031503738,7.466131210327148
40,2,0.001072763123972161,0.002145526247944322,0.001072763123972161,0.005363815619860804,108.17961293513928,128,16,16,25.294957036568032,16;32;64;128,25.294957036568032;11.38996150738711;6.189700349196219;2.1514467541743945,0.2,2,252,0.984375,-547.0234329043888,-348.936345548369,198.08708735601977,40.336659335926875,12.605206042477148,7.487491130828857
40,3,0.002145526247944322,0.003218289371916483,0.0010727631239721611,0.005363815619860804,114.60761647360576,128,16,16,35.76595427435271,16;32;64;128,35.76595427435271;12.741450346642155;7.835379873551083;2.270324496502952,0.2,2,253,0.98828125,-348.936345548369,-219.32121136621572,129.61513418215327,40.915970451381206,12.786240766056626,7.495826005935669
40,4,0.003218289371916483,0.004291052495888644,0.0010727631239721607,0.005363815619860804,119.97323048472751,128,16,16,26.803117543330536,16;32;64;128,26.803117543330536;10.910384734869293;6.6401349628508575;2.209191192099565,0.2,2,252,0.984375,-219.32121136621572,-138.53845695359632,80.7827544126194,39.05283194331471,12.204009982285845,7.503078937530518
40,5,0.004291052495888644,0.005363815619860804,0.0010727631239721607,0.005363815619860804,123.59861603467635,128,16,16,35.57379119682993,16;32;64;128,35.57379119682993;10.471623692394092;6.297704691415857;2.0970878501715795,0.2,2,254,0.9921875,-138.53845695359632,-104.93382478819694,33.60463216539938,37.131422726748745,11.603569602108982,7.5165839195251465
42,1,0.0,0.001137354924597924,0.001137354924597924,0.0056867746229896194,72.22108777707193,128,16,16,37.381532519997236,16;32;64;128,37.381532519997236;13.596982502875065;9.582858424402591;2.667386918399086,0.2,2,255,0.99609375,-1649.422653148882,-672.5478412427474,976.8748119061347,41.7828020594255,13.057125643570467,7.4716410636901855
42,2,0.001137354924597924,0.002274709849195848,0.001137354924597924,0.0056867746229896194,103.42222489817365,128,16,16,34.86747237266126,16;32;64;128,34.86747237266126;12.015942008650692;8.391254350943077;2.3618038879986316,0.2,2,253,0.98828125,-672.5478412427474,-355.48004086338915,317.06780037935823,42.290730561838835,13.215853300574635,7.483220100402832
42,3,0.002274709849195848,0.003412064773793772,0.001137354924597924,0.0056867746229896194,115.84924436029404,128,16,16,30.546309308938493,16;32;64;128,30.546309308938493;12.25898562843478;8.864081468809209;2.7661992631722074,0.2,2,254,0.9921875,-355.48004086338915,-229.49968333519064,125.98035752819851,37.01580604732487,11.567439389789023,7.497066020965576
42,4,0.003412064773793772,0.004549419698391696,0.001137354924597924,0.0056867746229896194,120.8593925111436,128,16,16,32.895887945311955,16;32;64;128,32.895887945311955;11.014040428745085;7.672982273402297;1.5796180126937203,0.2,2,246,0.9609375,-229.49968333519064,-140.7061628230149,88.79352051217575,40.83113629929904,12.75973009353095,7.504894018173218
42,5,0.004549419698391696,0.0056867746229896194,0.0011373549245979235,0.0056867746229896194,123.81414822190071,128,16,16,38.29068843704686,16;32;64;128,38.29068843704686;14.680714895115775;7.951514662926871;2.295579430309761,0.2,2,247,0.96484375,-140.7061628230149,-96.82925638486631,43.87690643814858,41.352262643118756,12.92258207597461,7.5100719928741455
44,1,0.0,0.001514506736312557,0.001514506736312557,0.007572533681562785,80.17961150022703,128,16,16,37.20362203322175,16;32;64;128,37.20362203322175;14.214054819705233;8.549952902529924;2.4175069043285116,0.2,2,254,0.9921875,-974.4408125935588,-402.00571691873483,572.435095674824,46.08131288065928,14.400410275206026,7.507751226425171
44,2,0.001514506736312557,0.003029013472625114,0.001514506736312557,0.007572533681562785,104.72423153067336,128,16,16,37.98210011740655,16;32;64;128,37.98210011740655;14.537134520672664;10.02671680160233;1.8398526527497538,0.2,2,251,0.98046875,-402.00571691873483,-200.46253684768453,201.5431800710503,41.84593392621459,13.076854351942059,7.50778603553772
44,3,0.003029013472625114,0.0045435202089376715,0.0015145067363125575,0.007572533681562785,118.03629998415661,128,16,16,26.280636483733765,16;32;64;128,26.280636483733765;8.484746279764282;4.937188775243993;1.9676116339423244,0.2,2,249,0.97265625,-200.46253684768453,-124.56631190259941,75.89622494508512,40.5572099588693,12.674128112146656,7.521062135696411
44,4,0.0045435202089376715,0.006058026945250228,0.0015145067363125566,0.007572533681562785,121.59326203527046,128,16,16,30.583612820165698,16;32;64;128,30.583612820165698;8.575219995358479;7.660501947319098;2.2645365077271737,0.2,2,240,0.9375,-124.56631190259941,-59.612876440165564,64.95343546243384,42.31824389102669,13.22445121594584,7.5211122035980225
44,5,0.006058026945250228,0.007572533681562785,0.0015145067363125566,0.007572533681562785,123.40084926716636,128,16,16,36.14844315818407,16;32;64;128,36.14844315818407;13.929771224062652;7.891512316250462;1.6567772933648395,0.2,2,240,0.9375,-59.612876440165564,-43.2861504687462,16.326725971419364,41.59467517756991,12.998335992990597,7.529515981674194
46,1,0.0,0.0013697205747928856,0.0013697205747928856,0.006848602873964428,80.16103736625803,128,16,16,28.374526061205696,16;32;64;128,28.374526061205696;10.475688011177988;7.553827922026015;2.5524451369327275,0.2,2,256,1.0,-1043.7323768435745,-336.0047180093825,707.727658834192,44.221720771442925,13.819287741075913,7.505133867263794
46,2,0.0013697205747928856,0.0027394411495857713,0.0013697205747928856,0.006848602873964428,113.51222022593127,128,16,16,32.023021188740074,16;32;64;128,32.023021188740074;12.539200646193766;7.845645280384172;2.5884409226140495,0.2,2,250,0.9765625,-336.0047180093825,-192.08892277569976,143.91579523368273,42.240580799478835,13.200181499837136,7.504179000854492
46,3,0.0027394411495857713,0.004109161724378657,0.0013697205747928856,0.006848602873964428,120.37545849077085,128,16,16,30.63475214219219,16;32;64;128,30.63475214219219;10.230872164640688;6.497188059975108;1.979500875363039,0.2,2,247,0.96484375,-192.08892277569976,-130.2697128150612,61.819209960638545,39.41490323297295,12.317157260304045,7.503341913223267
46,4,0.004109161724378657,0.005478882299171543,0.0013697205747928856,0.006848602873964428,122.5037000613237,128,16,16,38.5017789946388,16;32;64;128,38.5017789946388;11.695367653345588;9.167781430951575;1.142604504924406,0.2,2,243,0.94921875,-130.2697128150612,-72.82639747567009,57.44331533939112,41.27229138466013,12.89759105770629,7.5250749588012695
46,5,0.005478882299171543,0.006848602873964428,0.0013697205747928856,0.006848602873964428,123.81862143310607,128,16,16,32.804465205835605,16;32;64;128,32.804465205835605;9.23369583133239;7.45797391097377;1.8019191343289114,0.2,2,247,0.96484375,-72.82639747567009,-53.81537507288158,19.011022402788512,37.052245535262635,11.578826729769572,7.521405935287476
48,1,0.0,0.0013925788348246844,0.0013925788348246844,0.006962894174123421,75.17411374243763,128,16,16,35.942645764012184,16;32;64;128,35.942645764012184;13.45713492794354;8.361342746152614;2.432442333924554,0.2,2,254,0.9921875,-1232.0240667699836,-480.4160820862744,751.6079846837092,44.699193871609715,13.968498084878036,7.495962142944336
48,2,0.0013925788348246844,0.002785157669649369,0.0013925788348246844,0.006962894174123421,104.52420845348631,128,16,16,34.88859961324012,16;32;64;128,34.88859961324012;10.451081172075051;9.588340422255362;2.1140233870944156,0.2,2,254,0.9921875,-480.4160820862744,-291.33986621687654,189.07621586939786,41.32555786026777,12.914236831333678,7.487349033355713
48,3,0.002785157669649369,0.004177736504474053,0.0013925788348246844,0.006962894174123421,115.01920669763008,128,16,16,24.010637972682687,16;32;64;128,24.010637972682687;8.694765628434036;6.262104025922835;1.780210332666812,0.2,2,254,0.9921875,-291.33986621687654,-146.74109632032923,144.5987698965473,36.448102571689,11.390032053652812,7.607931852340698
48,4,0.004177736504474053,0.005570315339298738,0.0013925788348246844,0.006962894174123421,122.40897078528914,128,16,16,24.86360691056215,16;32;64;128,24.86360691056215;12.878471524994849;6.826495765103527;1.7912286352230173,0.2,2,251,0.98046875,-146.74109632032923,-100.44709628378041,46.29400003654882,37.09272055952275,11.59147517485086,7.621843099594116
48,5,0.005570315339298738,0.006962894174123421,0.0013925788348246836,0.006962894174123421,124.02509394053924,128,16,16,30.037897471490655,16;32;64;128,30.037897471490655;9.61559324421177;7.08197019621614;1.9482475503014207,0.2,2,251,0.98046875,-100.44709628378041,-74.07853514968883,26.36856113409158,34.15157908016899,10.672368462552809,7.585146188735962
50,1,0.0,0.000889468545155273,0.000889468545155273,0.004447342725776364,88.26453354947104,128,16,16,40.478107480813016,16;32;64;128,40.478107480813016;14.789884929580278;10.139695227152147;2.707501789318023,0.2,2,256,1.0,-1367.1899855814409,-701.7985703970771,665.3914151843637,47.23931729001885,14.762286653130891,7.4825780391693115
50,2,0.000889468545155273,0.001778937090310546,0.000889468545155273,0.004447342725776364,108.54784339689674,128,16,16,32.91593951045181,16;32;64;128,32.91593951045181;13.988479418563541;8.524115767051542;2.462838757510726,0.2,2,255,0.99609375,-701.7985703970771,-345.48710375628434,356.3114666407928,42.57252342073262,13.303913568978944,7.548691034317017
50,3,0.001778937090310546,0.002668405635465819,0.000889468545155273,0.004447342725776364,119.91954799350422,128,16,16,35.69618300453109,16;32;64;128,35.69618300453109;10.273183154098163;8.985687925952707;2.0044718514283373,0.2,2,254,0.9921875,-345.48710375628434,-268.7853246391751,76.70177911710925,37.1066099909371,11.595815622167844,7.477360010147095
50,4,0.002668405635465819,0.003557874180621092,0.000889468545155273,0.004447342725776364,122.61537713650428,128,16,16,42.993009588244824,16;32;64;128,42.993009588244824;16.85360901578482;9.997697478263634;3.0995516884284378,0.2,2,254,0.9921875,-268.7853246391751,-200.95301044546068,67.83231419371441,37.56533783642514,11.739168073882855,7.559813022613525
50,5,0.003557874180621092,0.004447342725776364,0.0008894685451552725,0.004447342725776364,124.06304499021441,128,16,16,26.47282920431657,16;32;64;128,26.47282920431657;9.332644161408542;5.689475898736522;1.7925828517471492,0.2,2,251,0.98046875,-200.95301044546068,-146.14279447623994,54.810215969220735,38.79998344462746,12.12499482644608,7.593106031417847
52,1,0.0,0.0008108118352185726,0.0008108118352185726,0.004054059176092863,84.52535610193951,128,16,16,27.219478890218788,16;32;64;128,27.219478890218788;12.45075025436019;7.786489676692862;2.62606227427464,0.2,2,256,1.0,-1732.3648206391372,-724.82299703639,1007.5418236027472,43.65524813301162,13.64226504156613,7.7763991355896
52,2,0.0008108118352185726,0.0016216236704371452,0.0008108118352185726,0.004054059176092863,109.78443057688554,128,16,16,24.98588814424686,16;32;64;128,24.98588814424686;9.479165246328812;6.407238042561463;2.0815373632299905,0.2,2,252,0.984375,-724.82299703639,-457.3221399912145,267.5008570451755,43.5776448527263,13.618014016476968,7.891458988189697
52,3,0.0016216236704371452,0.002432435505655718,0.0008108118352185727,0.004054059176092863,117.62302881063566,128,16,16,27.5384254038834,16;32;64;128,27.5384254038834;9.77503025760489;5.806850878133322;2.118832060514487,0.2,2,251,0.98046875,-457.3221399912145,-363.92451992910355,93.39762006211095,41.11380551549268,12.84806422359146,7.726775884628296
52,4,0.002432435505655718,0.0032432473408742905,0.0008108118352185725,0.004054059176092863,120.09850482616068,128,16,16,29.16108014607425,16;32;64;128,29.16108014607425;8.317730298532558;4.504778451098177;1.9157412409188028,0.2,2,252,0.984375,-363.92451992910355,-242.74092962034047,121.18359030876309,38.41329842075132,12.004155756484787,8.029792070388794
52,5,0.0032432473408742905,0.004054059176092863,0.0008108118352185725,0.004054059176092863,122.08978521341997,128,16,16,25.865898708353107,16;32;64;128,25.865898708353107;7.8449129994503215;7.18741521556515;2.6826127336271752,0.2,2,250,0.9765625,-242.74092962034047,-193.16831809154246,49.57261152879801,37.8838747198085,11.838710849940156,7.87625789642334
54,1,0.0,0.0010508129949997407,0.0010508129949997407,0.005254064974998703,88.2465108767539,128,16,16,35.00940026507697,16;32;64;128,35.00940026507697;13.02737153907538;7.069295618337083;2.093794443888161,0.2,2,256,1.0,-1233.10504789697,-629.023893206846,604.0811546901241,41.80432977070637,13.063853053345738,7.477770090103149
54,2,0.0010508129949997407,0.0021016259899994815,0.0010508129949997407,0.005254064974998703,108.69266201311254,128,16,16,35.47627731906196,16;32;64;128,35.47627731906196;9.756493310975825;8.02952005864456;2.069303101967437,0.2,2,253,0.98828125,-629.023893206846,-344.49494360550307,284.5289496013429,42.31346532055052,13.222957912672037,7.892654180526733
54,3,0.0021016259899994815,0.0031524389849992224,0.001050812994999741,0.005254064974998703,118.3209014333141,128,16,16,30.285218890421667,16;32;64;128,30.285218890421667;9.775057910874919;6.5809121944002476;2.073483727147911,0.2,2,253,0.98828125,-344.49494360550307,-251.59258720232174,92.90235640318133,39.989095823999705,12.496592444999907,7.978916883468628
54,4,0.0031524389849992224,0.004203251979998963,0.0010508129949997405,0.005254064974998703,121.33691124382979,128,16,16,34.3118168244823,16;32;64;128,34.3118168244823;12.260902500200226;8.591568953453935;2.2254910393678435,0.2,2,256,1.0,-251.59258720232174,-194.76820438553113,56.8243828167906,37.635442150605144,11.761075672064107,7.556102991104126
54,5,0.004203251979998963,0.005254064974998703,0.0010508129949997405,0.005254064974998703,123.0252807081333,128,16,16,30.107416121579632,16;32;64;128,30.107416121579632;10.500411544217974;7.511011706844692;1.7695911649964124,0.2,2,254,0.9921875,-194.76820438553113,-163.6367466695374,31.131457715993747,37.62084395411963,11.756513735662383,7.577399969100952
56,1,0.0,0.0012431275675078078,0.0012431275675078078,0.008483190529747118,64.0000000039307,128,16,16,31.870526405604814,16;32;64;128,31.870526405604814;12.546018247433475;9.750874998140482;2.576590411651574,0.2,2,256,1.0,-1726.631404636195,-505.3383983860258,1221.2930062501691,40.35750702771297,12.611720946160302,7.486523866653442
56,2,0.0012431275675078078,0.0029397656734572314,0.0016966381059494236,0.008483190529747118,96.12362284437688,128,16,16,30.035145840619517,16;32;64;128,30.035145840619517;10.377794104975676;7.139926785777509;2.104512715834351,0.2,2,254,0.9921875,-505.3383983860258,-189.9848338626325,315.3535645233933,37.099983597034274,11.59374487407321,7.504816055297852
56,3,0.0029397656734572314,0.0046364037794066545,0.0016966381059494232,0.008483190529747118,116.71081098175691,128,16,16,28.46637345010585,16;32;64;128,28.46637345010585;8.1544046084395;6.821400866027337;1.9347452446999018,0.2,2,252,0.984375,-189.9848338626325,-129.4935580927413,60.49127576989122,37.42917829277987,11.69661821649371,7.5102880001068115
56,4,0.0046364037794066545,0.006333041885356078,0.0016966381059494232,0.008483190529747118,120.14673201798794,128,16,16,26.09663023295051,16;32;64;128,26.09663023295051;6.066446765638318;7.275551282025179;1.837276224796837,0.2,2,246,0.9609375,-129.4935580927413,-86.1789264776744,43.3146316150669,39.021204218974965,12.194126318429676,7.512332916259766
56,5,0.006333041885356078,0.0080296799913055,0.0016966381059494232,0.008483190529747118,122.32973115353963,128,16,16,32.11416594440314,16;32;64;128,32.11416594440314;9.410172658043386;6.855758619063642;2.542163444718827,0.2,2,246,0.9609375,-86.1789264776744,-69.04586814309005,17.133058334584348,35.42089469955838,11.069029593611994,7.525313854217529
56,6,0.0080296799913055,0.008483190529747118,0.00045351053844161666,0.008483190529747118,127.56264824657201,128,16,16,26.675487466015852,16;32;64;128,26.675487466015852;9.610379801240416;7.392411184221095;1.9601474356984805,0.2,2,238,0.9296875,-69.04586814309005,-61.43948612490203,7.606382018188015,42.615517023490916,13.31734906984091,7.526950836181641
58,1,0.0,0.000833634956549968,0.000833634956549968,0.00416817478274984,83.78819628112929,128,16,16,33.80571331620479,16;32;64;128,33.80571331620479;14.139392227739721;8.716572809087086;2.874543431672754,0.2,2,252,0.984375,-1664.6137320664711,-766.526480052853,898.0872520136181,45.58569831359488,14.2455307229984,7.474197864532471
58,2,0.000833634956549968,0.001667269913099936,0.000833634956549968,0.00416817478274984,108.72182453851737,128,16,16,40.19036527717655,16;32;64;128,40.19036527717655;14.375020685565175;9.941086479153041;2.630173636761815,0.2,2,251,0.98046875,-766.526480052853,-426.0716316681355,340.4548483847175,44.45045695240204,13.890767797625637,7.480194091796875
58,3,0.001667269913099936,0.002500904869649904,0.0008336349565499681,0.00416817478274984,119.05265439327971,128,16,16,20.33481973992521,16;32;64;128,20.33481973992521;10.262723878640296;6.0062179948412115;2.1446303783228107,0.2,2,253,0.98828125,-426.0716316681355,-281.42083469126374,144.6507969768718,38.40174113275421,12.00054410398569,7.548049211502075
58,4,0.002500904869649904,0.003334539826199872,0.0008336349565499679,0.00416817478274984,122.76552090560585,128,16,16,27.529553021491264,16;32;64;128,27.529553021491264;9.690932792780952;5.453938248497914;1.827044012367209,0.2,2,252,0.984375,-281.42083469126374,-233.45221697818488,47.96861771307886,38.258477502120186,11.955774219412557,7.473398923873901
58,5,0.003334539826199872,0.00416817478274984,0.0008336349565499679,0.00416817478274984,123.60706607296424,128,16,16,26.186467364160713,16;32;64;128,26.186467364160713;14.003451351954629;7.403523352729018;2.82323776738204,0.2,2,253,0.98828125,-233.45221697818488,-152.3284856081009,81.12373137008399,40.8419879100767,12.763121221898968,7.471537113189697
60,1,0.0,0.0014412945215287036,0.0014412945215287036,0.007206472607643517,69.46688616227972,128,16,16,27.45788101648174,16;32;64;128,27.45788101648174;8.48323271959842;5.894057678046656;2.2053236249275265,0.2,2,253,0.98828125,-1356.863164539449,-481.84746024175547,875.0157042976934,43.40120180494329,13.562875564044777,7.639473915100098
60,2,0.0014412945215287036,0.002882589043057407,0.0014412945215287036,0.007206472607643517,103.45596605237301,128,16,16,39.005036005887895,16;32;64;128,39.005036005887895;11.955646384540666;8.54445547403684;2.5670179913658817,0.2,2,252,0.984375,-481.84746024175547,-285.244667470688,196.60279277106747,40.372058012592625,12.616268128935195,7.7115700244903564
60,3,0.002882589043057407,0.004323883564586111,0.001441294521528704,0.007206472607643517,111.94921117012527,128,16,16,31.650820622378745,16;32;64;128,31.650820622378745;11.800741915842305;9.094206997012492;1.564608149208992,0.2,2,249,0.97265625,-285.244667470688,-161.78651327616535,123.45815419452265,37.867373734069396,11.833554291896686,7.542186975479126
60,4,0.004323883564586111,0.005765178086114814,0.0014412945215287031,0.007206472607643517,119.23019726306634,128,16,16,31.315231272316392,16;32;64;128,31.315231272316392;9.096340827247248;7.089003324504277;1.8816406335473026,0.2,2,244,0.953125,-161.78651327616535,-80.52208183449693,81.26443144166842,39.857701342671334,12.455531669584792,7.605181932449341
60,5,0.005765178086114814,0.007206472607643517,0.0014412945215287031,0.007206472607643517,123.16757783009884,128,16,16,26.402661895843792,16;32;64;128,26.402661895843792;7.614973143057376;4.84525193003823;1.9853525397364626,0.2,2,243,0.94921875,-80.52208183449693,-54.88686143257655,25.635220401920378,39.55144989807545,12.359828093148577,7.51925802230835
62,1,0.0,0.001386894742556313,0.001386894742556313,0.006934473712781565,75.452242743591,128,16,16,31.111535717619585,16;32;64;128,31.111535717619585;12.237307003518328;8.402259062423859;1.7600859434287304,0.2,2,255,0.99609375,-1261.7307640681975,-362.4576525967568,899.2731114714406,43.783169073909576,13.682240335596742,7.5467000007629395
62,2,0.001386894742556313,0.002773789485112626,0.001386894742556313,0.006934473712781565,109.9165744588428,128,16,16,32.303201116972424,16;32;64;128,32.303201116972424;12.145767486220175;7.81832599047007;2.0299430652363895,0.2,2,249,0.97265625,-362.4576525967568,-203.03048892237712,159.4271636743797,42.573780420169136,13.304306381302855,7.675191879272461
62,3,0.002773789485112626,0.004160684227668939,0.001386894742556313,0.006934473712781565,118.39823189496268,128,16,16,25.61692825990213,16;32;64;128,25.61692825990213;9.43812387497288;6.680714083435582;2.2112222221185176,0.2,2,254,0.9921875,-203.03048892237712,-131.1346295545809,71.89585936779622,38.50243103867025,12.032009699584453,7.486588001251221
62,4,0.004160684227668939,0.005547578970225252,0.001386894742556313,0.006934473712781565,122.67681149579985,128,16,16,23.817803274343873,16;32;64;128,23.817803274343873;9.13743696869992;5.69391821053479;1.1758444431112558,0.2,2,250,0.9765625,-131.1346295545809,-82.82525142421946,48.30937813036144,37.96098594397724,11.862808107492887,7.549338102340698
62,5,0.005547578970225252,0.006934473712781565,0.001386894742556313,0.006934473712781565,124.2639862780652,128,16,16,30.802189425275152,16;32;64;128,30.802189425275152;8.92580458899241;7.956129631958085;2.0917694034358356,0.2,2,243,0.94921875,-82.82525142421946,-50.30389261106029,32.52135881315917,39.08797537380768,12.2149923043149,7.49848198890686
64,1,0.0,0.0012059616602479303,0.0012059616602479303,0.006029808301239651,75.67136346321689,128,16,16,34.269830196401905,16;32;64;128,34.269830196401905;11.644984668978088;7.741256881421301;2.1846227286915414,0.2,2,256,1.0,-1315.8182680960745,-430.51063069258817,885.3076374034863,42.41252954549991,13.25391548296872,7.471912860870361
64,2,0.0012059616602479303,0.0024119233204958606,0.0012059616602479303,0.006029808301239651,109.31651927725882,128,16,16,25.44300700271873,16;32;64;128,25.44300700271873;11.054004094206311;7.622298949163144;2.5475265431530834,0.2,2,252,0.984375,-430.51063069258817,-269.5971466128249,160.9134840797633,37.97804148400163,11.868137963750508,7.6123998165130615
64,3,0.0024119233204958606,0.003617884980743791,0.0012059616602479303,0.006029808301239651,116.88405300564841,128,16,16,24.792346454649365,16;32;64;128,24.792346454649365;10.387347199999036;5.555993870738517;2.4903219974992132,0.2,2,252,0.984375,-269.5971466128249,-181.61301723041106,87.98412938241381,38.15467031013962,11.923334471918631,7.544510126113892
64,4,0.003617884980743791,0.004823846640991721,0.0012059616602479303,0.006029808301239651,120.428463270348,128,16,16,26.62002494702301,16;32;64;128,26.62002494702301;13.42124287267049;6.688268392884411;2.2589856825466175,0.2,2,248,0.96875,-181.61301723041106,-139.73763541970402,41.87538181070704,40.55033938507583,12.671981057836197,7.521169900894165
64,5,0.004823846640991721,0.006029808301239651,0.0012059616602479294,0.006029808301239651,123.36092259371655,128,16,16,34.86706569658557,16;32;64;128,34.86706569658557;9.814651787490133;7.589919178914233;2.6664696807377233,0.2,2,250,0.9765625,-139.73763541970402,-95.18427447974682,44.5533609399572,37.39671306864539,11.686472833951683,7.507385969161987
66,1,0.0,0.0012436356231555208,0.0012436356231555208,0.006218178115777603,85.2133009400364,128,16,16,36.91025626527359,16;32;64;128,36.91025626527359;15.090732055836629;11.84073464295937;2.7438228437353454,0.2,2,253,0.98828125,-1150.6652644996066,-442.98341855069157,707.681845948915,46.013402447968666,14.379188264990207,7.609644174575806
66,2,0.0012436356231555208,0.0024872712463110415,0.0012436356231555208,0.006218178115777603,109.68947855087255,128,16,16,29.839229956459103,16;32;64;128,29.839229956459103;10.252861077400123;6.857509405154303;2.6414436518186224,0.2,2,254,0.9921875,-442.98341855069157,-264.28677844884805,178.6966401018435,41.32381069722865,12.913690842883954,7.517455101013184
66,3,0.0024872712463110415,0.003730906869466562,0.0012436356231555206,0.006218178115777603,118.56594729129458,128,16,16,30.638626341046574,16;32;64;128,30.638626341046574;12.773866405601837;6.826974428442975;2.494455498142948,0.2,2,253,0.98828125,-264.28677844884805,-190.03102251444943,74.25575593439862,37.42908914035697,11.696590356361552,7.6780970096588135
66,4,0.003730906869466562,0.004974542492622083,0.001243635623155521,0.006218178115777603,120.82968847191775,128,16,16,33.53531459741253,16;32;64;128,33.53531459741253;11.37127458262388;9.097461418778877;2.3617812926806727,0.2,2,251,0.98046875,-190.03102251444943,-100.21419807127677,89.81682444317266,40.37008559784467,12.615651749326458,7.555625915527344
66,5,0.004974542492622083,0.006218178115777603,0.0012436356231555201,0.006218178115777603,124.34131515858438,128,16,16,35.30430017603384,16;32;64;128,35.30430017603384;12.146249108835995;7.550248574701042;2.5578030776425824,0.2,2,243,0.94921875,-100.21419807127677,-86.83535143511835,13.378846636158414,43.83801580993524,13.699379940604762,7.722967863082886
68,1,0.0,0.0009271396050079721,0.0009271396050079721,0.0046356980250398605,74.05090167999768,128,16,16,37.604072039967576,16;32;64;128,37.604072039967576;10.929457417555572;10.42362584482437;2.604815689931851,0.2,2,254,0.9921875,-1968.7560390275903,-588.4933901275508,1380.2626489000395,42.89464253930353,13.404575793532354,7.528249979019165
68,2,0.0009271396050079721,0.0018542792100159442,0.0009271396050079721,0.0046356980250398605,110.65572346158989,128,16,16,40.92385020612145,16;32;64;128,40.92385020612145;14.360718371407177;10.439553855222773;2.9449165947522165,0.2,2,253,0.98828125,-588.4933901275508,-371.4425458787009,217.0508442488499,41.80520359815626,13.064126124423831,7.532164812088013
68,3,0.0018542792100159442,0.0027814188150239163,0.0009271396050079721,0.0046356980250398605,117.99392182316517,128,16,16,30.16931419681161,16;32;64;128,30.16931419681161;11.744325727201074;6.996644027749855;2.4167629719301145,0.2,2,256,1.0,-371.4425458787009,-290.7919279204216,80.65061795827933,38.566537235869035,12.052042886209072,7.746964931488037
68,4,0.0027814188150239163,0.0037085584200318884,0.0009271396050079721,0.0046356980250398605,121.13732669023491,128,16,16,24.22692673665685,16;32;64;128,24.22692673665685;7.492599209268277;6.450612546212727;2.3342146241116923,0.2,2,252,0.984375,-290.7919279204216,-258.94382141460665,31.84810650581494,36.50651155892461,11.408284862163939,7.782294034957886
68,5,0.0037085584200318884,0.0046356980250398605,0.0009271396050079721,0.0046356980250398605,122.06280478577052,128,16,16,24.51547846665779,16;32;64;128,24.51547846665779;9.007210100321167;6.578366295327884;1.7498714288449728,0.2,2,253,0.98828125,-258.94382141460665,-144.93498203111812,114.00883938348852,37.92010820854773,11.850033815171166,7.901083946228027
70,1,0.0,0.0007590752486706749,0.0007590752486706749,0.003795376243353374,82.54359169712423,128,16,16,30.6506741210977,16;32;64;128,30.6506741210977;15.116892262177922;9.151095153995048;2.3976022523980243,0.2,2,254,0.9921875,-1864.1639546572696,-856.3047113204375,1007.8592433368322,47.734457481080845,14.917017962837763,7.576063871383667
70,2,0.0007590752486706749,0.0015181504973413498,0.0007590752486706749,0.003795376243353374,106.92780364527626,128,16,16,37.20862430451204,16;32;64;128,37.20862430451204;11.448330602666669;9.647063687332638;2.377864285861967,0.2,2,252,0.984375,-856.3047113204375,-513.4231429492356,342.88156837120187,45.162230816534525,14.113197130167038,7.565310001373291
70,3,0.0015181504973413498,0.0022772257460120246,0.0007590752486706749,0.003795376243353374,116.78270293421075,128,16,16,39.307621982887376,16;32;64;128,39.307621982887376;12.59346823227184;8.900192191906644;2.4405637438701357,0.2,2,250,0.9765625,-513.4231429492356,-343.7637718367623,169.6593711124733,39.27657951685637,12.273931099017616,7.569037914276123
70,4,0.0022772257460120246,0.0030363009946826995,0.0007590752486706749,0.003795376243353374,122.65536718476416,128,16,16,23.887642459094906,16;32;64;128,23.887642459094906;10.695030815070849;7.832295799856408;1.4639090253493237,0.2,2,254,0.9921875,-343.7637718367623,-245.916546575143,97.84722526161931,38.98919247338793,12.184122647933728,7.488497018814087
70,5,0.0030363009946826995,0.003795376243353374,0.0007590752486706744,0.003795376243353374,124.51215274549486,128,16,16,30.211136286401516,16;32;64;128,30.211136286401516;13.385602487016298;6.9457714501022645;2.0770216217188233,0.2,2,254,0.9921875,-245.916546575143,-202.67874821228907,43.23779836285394,36.92263339456416,11.538322935801299,7.508730888366699
72,1,0.0,0.0009334813240823614,0.0009334813240823614,0.004667406620411807,79.26562034194846,128,16,16,32.66483677490308,16;32;64;128,32.66483677490308;12.072035075056732;8.84509819284682;2.5969625711015456,0.2,2,255,0.99609375,-1641.0954739004374,-669.0487623431254,972.0467115573119,42.77948281195448,13.368588378735774,7.495180130004883
72,2,0.0009334813240823614,0.0018669626481647229,0.0009334813240823614,0.004667406620411807,108.09911294049222,128,16,16,34.77210464448795,16;32;64;128,34.77210464448795;9.640258146908705;6.7101221527199035;2.478215193628018,0.2,2,254,0.9921875,-669.0487623431254,-388.38006917689927,280.66869316622615,39.971070650274655,12.490959578210829,7.494817018508911
72,3,0.0018669626481647229,0.002800443972247084,0.0009334813240823613,0.004667406620411807,117.11162555535145,128,16,16,33.817159988310465,16;32;64;128,33.817159988310465;12.028315131827917;8.824783268585138;2.827974730784403,0.2,2,251,0.98046875,-388.38006917689927,-265.7861776754726,122.5938915014267,38.85560524001543,12.142376637504821,7.584197998046875
72,4,0.002800443972247084,0.0037339252963294457,0.0009334813240823615,0.004667406620411807,120.66873702473738,128,16,16,30.096948769470913,16;32;64;128,30.096948769470913;11.69851271322167;6.978685255978083;2.271496495439478,0.2,2,252,0.984375,-265.7861776754726,-209.77957790810615,56.006599767366424,40.30974061703481,12.596793942823378,7.492938995361328
72,5,0.0037339252963294457,0.004667406620411807,0.0009334813240823611,0.004667406620411807,122.28155131242478,128,16,16,33.594305409498965,16;32;64;128,33.594305409498965;12.24091979127173;9.022223041874877;1.8732751603355764,0.2,2,252,0.984375,-209.77957790810615,-165.47026460792404,44.30931330018211,39.102569727518485,12.219553039849526,7.512562990188599
74,1,0.0,0.001106063977167553,0.001106063977167553,0.005888653558773533,64.00000003191136,128,16,16,36.27056194102366,16;32;64;128,36.27056194102366;14.537473716857265;8.901620995935417;2.6349548367796873,0.2,2,254,0.9921875,-1908.319735455676,-610.001372504048,1298.318362951628,42.32552532717339,13.226726664741683,7.5600409507751465
74,2,0.001106063977167553,0.00228379468892226,0.001177730711754707,0.005888653558773533,102.82117266698155,128,16,16,27.20656930402832,16;32;64;128,27.20656930402832;15.290623158793789;6.771857866896817;2.76676089401837,0.2,2,252,0.984375,-610.001372504048,-313.6927903385367,296.3085821655113,42.67626917608777,13.336334117527429,7.524955987930298
74,3,0.00228379468892226,0.0034615254006769665,0.0011777307117547065,0.005888653558773533,116.30337971543791,128,16,16,32.92198551827926,16;32;64;128,32.92198551827926;8.556921772186799;7.696482836170524;2.5630104546582904,0.2,2,254,0.9921875,-313.6927903385367,-195.01365483703557,118.67913550150115,37.56582724568321,11.739321014276003,7.492471218109131
74,4,0.0034615254006769665,0.004639256112431673,0.0011777307117547065,0.005888653558773533,121.52314130096411,128,16,16,29.635364390818467,16;32;64;128,29.635364390818467;9.044463937128837;6.099357770570056;1.4598093560623955,0.2,2,252,0.984375,-195.01365483703557,-145.0138206660049,49.99983417103067,37.20122362262389,11.625382382069965,7.555701971054077
74,5,0.004639256112431673,0.005816986824186379,0.0011777307117547065,0.005888653558773533,122.78055104329634,128,16,16,29.97061668004613,16;32;64;128,29.97061668004613;11.047995028265513;7.767937498074586;1.9049275546880113,0.2,2,243,0.94921875,-145.0138206660049,-113.05088054563385,31.96294012037106,39.14600843550502,12.233127636095317,7.601804971694946
74,6,0.005816986824186379,0.005888653558773533,7.166673458715387e-5,0.005888653558773533,127.98373550380099,128,16,16,25.08506077457323,16;32;64;128,25.08506077457323;8.306314119986048;5.255853124239533;1.0801303203948176,0.2,2,243,0.94921875,-113.05088054563385,-81.40751988452394,31.64336066110991,41.70986264714781,13.034332077233689,7.524551868438721
76,1,0.0,0.0014433487342674423,0.0014433487342674423,0.007216743671337211,70.28639431956825,128,16,16,38.37862530673884,16;32;64;128,38.37862530673884;12.664089285838504;9.541146268555321;2.571497795900058,0.2,2,256,1.0,-1455.0836161738262,-481.61539183277637,973.4682243410498,41.084630587202206,12.838947058500688,7.491822957992554
76,2,0.0014433487342674423,0.0028866974685348846,0.0014433487342674423,0.007216743671337211,104.09294148091824,128,16,16,36.510527679662154,16;32;64;128,36.510527679662154;12.260515062285;8.617238174329472;2.233303771716774,0.2,2,255,0.99609375,-481.61539183277637,-281.7424350664951,199.87295676628128,36.91575622151826,11.536173819224455,7.507771015167236
76,3,0.0028866974685348846,0.004330046202802327,0.001443348734267442,0.007216743671337211,113.6681783881862,128,16,16,31.864324799295115,16;32;64;128,31.864324799295115;10.49297175723249;6.029852495273687;2.5974413184624345,0.2,2,251,0.98046875,-281.7424350664951,-174.79508807440288,106.9473469920922,38.97115792361107,12.178486851128458,7.506584882736206
76,4,0.004330046202802327,0.005773394937069769,0.0014433487342674425,0.007216743671337211,120.07272293298182,128,16,16,31.451142401917224,16;32;64;128,31.451142401917224;12.337809117357473;8.030729756494583;2.4455965876066066,0.2,2,249,0.97265625,-174.79508807440288,-96.14594681898598,78.64914125541691,37.47221226021358,11.710066331316744,7.50676703453064
76,5,0.005773394937069769,0.007216743671337211,0.0014433487342674417,0.007216743671337211,123.34730197795652,128,16,16,24.651778860502212,16;32;64;128,24.651778860502212;8.756704541946382;7.5027543505812355;1.9280263546076006,0.2,2,252,0.984375,-96.14594681898598,-71.48214705754071,24.66379976144526,35.695456691157915,11.154830215986848,7.531432151794434
78,1,0.0,0.001115435954064652,0.001115435954064652,0.00557717977032326,71.09329794487451,128,16,16,26.89740382214912,16;32;64;128,26.89740382214912;9.723708193699318;7.485767493121142;1.9257799004518796,0.2,2,253,0.98828125,-1697.5794663885608,-590.019543511793,1107.5599228767678,40.477484472119436,12.649213897537322,7.519922971725464
78,2,0.001115435954064652,0.002230871908129304,0.001115435954064652,0.00557717977032326,105.41347791696052,128,16,16,39.33881805809534,16;32;64;128,39.33881805809534;11.273533961517876;8.217526486806168;2.812133636978975,0.2,2,253,0.98828125,-590.019543511793,-328.7790767692495,261.2404667425435,40.70541111048284,12.720440972025887,7.547300100326538
78,3,0.002230871908129304,0.003346307862193956,0.001115435954064652,0.00557717977032326,117.37675274371378,128,16,16,33.75363549295446,16;32;64;128,33.75363549295446;9.449187363827228;9.162383013121863;1.9225725658259363,0.2,2,251,0.98046875,-328.7790767692495,-248.63215974438936,80.14691702486016,39.773669855877145,12.429271829961607,7.520121097564697
78,4,0.003346307862193956,0.004461743816258608,0.001115435954064652,0.00557717977032326,120.24213271258633,128,16,16,31.100405704363276,16;32;64;128,31.100405704363276;11.623548536819456;6.278116456552853;2.3748780952067015,0.2,2,252,0.984375,-248.63215974438936,-155.32282002223656,93.3093397221528,37.071006899783235,11.58468965618226,7.522531986236572
78,5,0.004461743816258608,0.00557717977032326,0.0011154359540646516,0.00557717977032326,123.30800946041136,128,16,16,28.82721471474261,16;32;64;128,28.82721471474261;9.17240417354741;5.185877284917351;2.0306054031322422,0.2,2,250,0.9765625,-155.32282002223656,-94.77512435638346,60.5476956658531,37.38052904781851,11.681415327443284,7.6179211139678955
80,1,0.0,0.0006929324677299883,0.0006929324677299883,0.0034646623386499413,78.46685914224962,128,16,16,29.374850118230132,16;32;64;128,29.374850118230132;12.681088403449564;8.533202660188527;2.236306298901545,0.2,2,253,0.98828125,-2233.1047482040594,-799.1276424117386,1433.9771057923208,43.333258818468536,13.541643380771417,7.476971864700317
80,2,0.0006929324677299883,0.0013858649354599765,0.0006929324677299883,0.0034646623386499413,110.96938633546904,128,16,16,26.194754717893698,16;32;64;128,26.194754717893698;8.870922633558008;6.6182441090100195;1.6877096055805458,0.2,2,253,0.98828125,-799.1276424117386,-528.7484254194424,270.3792169922963,40.6034321236305,12.68857253863453,7.4965550899505615
80,3,0.0013858649354599765,0.0020787974031899648,0.0006929324677299883,0.0034646623386499413,118.70513038069238,128,16,16,25.337743510489016,16;32;64;128,25.337743510489016;9.396590066973898;5.55447202224864;1.6004324152693343,0.2,2,254,0.9921875,-528.7484254194424,-366.6957610300742,162.05266438936815,36.111757009123906,11.28492406535122,7.530972957611084
80,4,0.0020787974031899648,0.002771729870919953,0.0006929324677299883,0.0034646623386499413,123.09490304959702,128,16,16,26.55708569603718,16;32;64;128,26.55708569603718;7.273358058425847;6.693993036623566;1.8336325523062946,0.2,2,254,0.9921875,-366.6957610300742,-298.1808746950701,68.51488633500412,36.50947407175926,11.409210647424768,7.530604839324951
80,5,0.002771729870919953,0.0034646623386499413,0.0006929324677299883,0.0034646623386499413,123.65360040953027,128,16,16,24.92524175442617,16;32;64;128,24.92524175442617;10.166256108238187;6.818307148344092;1.7325077083721852,0.2,2,253,0.98828125,-298.1808746950701,-255.87278222094756,42.30809247412253,38.099888842510325,11.906215263284476,7.494795083999634
82,1,0.0,0.000942548786127369,0.000942548786127369,0.004712743930636845,86.4158147122885,128,16,16,27.90579245444964,16;32;64;128,27.90579245444964;12.62738320888522;8.200258021146649;2.1964624079160022,0.2,2,255,0.99609375,-1377.885991575662,-592.9252215331653,784.9607700424967,44.05076676733543,13.765864614792322,7.495061874389648
82,2,0.000942548786127369,0.001885097572254738,0.000942548786127369,0.004712743930636845,109.89168497052972,128,16,16,29.48701955702854,16;32;64;128,29.48701955702854;11.915373418150491;9.505164718031555;2.5917950444081397,0.2,2,256,1.0,-592.9252215331653,-348.47373303666245,244.45148849650286,38.01689011269438,11.880278160216992,7.680410861968994
82,3,0.001885097572254738,0.002827646358382107,0.000942548786127369,0.004712743930636845,119.41414973622682,128,16,16,32.65444422876296,16;32;64;128,32.65444422876296;13.901740089112101;7.624858648970576;2.3224949399390007,0.2,2,252,0.984375,-348.47373303666245,-282.35729275853373,66.11644027812872,41.80627039443119,13.064459498259746,7.822976112365723
82,4,0.002827646358382107,0.003770195144509476,0.000942548786127369,0.004712743930636845,121.00837617060506,128,16,16,28.464305761438233,16;32;64;128,28.464305761438233;10.791718762344079;5.680785434226546;2.027420226242713,0.2,2,254,0.9921875,-282.35729275853373,-218.24189845775254,64.11539430078119,36.31389022842843,11.348090696383883,7.598620891571045
82,5,0.003770195144509476,0.004712743930636845,0.0009425487861273686,0.004712743930636845,122.90203333223779,128,16,16,27.717736362936527,16;32;64;128,27.717736362936527;8.263626213085761;6.230509012074021;1.630630756797324,0.2,2,252,0.984375,-218.24189845775254,-181.78274158365093,36.45915687410161,38.706726490101474,12.09585202815671,7.635526180267334
84,1,0.0,0.001522791959027741,0.001522791959027741,0.007613959795138705,77.8785778443375,128,16,16,29.081657251600785,16;32;64;128,29.081657251600785;10.839192957377117;8.152634669779488;2.108124119732034,0.2,2,256,1.0,-1144.3584079793654,-467.77725633699447,676.581151642371,43.05643249097964,13.455135153431137,7.568526983261108
84,2,0.001522791959027741,0.003045583918055482,0.001522791959027741,0.007613959795138705,104.55566890227794,128,16,16,36.72603591178982,16;32;64;128,36.72603591178982;14.166294213594751;8.48421202409451;2.2640216687525303,0.2,2,251,0.98046875,-467.77725633699447,-262.3618152728304,205.41544106416404,42.03317952491729,13.135368601536651,7.583160877227783
84,3,0.003045583918055482,0.004568375877083223,0.0015227919590277412,0.007613959795138705,115.61239102338747,128,16,16,32.845257473250534,16;32;64;128,32.845257473250534;13.300697792372535;7.4310874826536555;2.137971323123412,0.2,2,248,0.96875,-262.3618152728304,-167.83340769680217,94.52840757602826,41.74550597780862,13.045470618065194,7.616969108581543
84,4,0.004568375877083223,0.006091167836110964,0.0015227919590277408,0.007613959795138705,119.96478506196075,128,16,16,31.084809255992827,16;32;64;128,31.084809255992827;11.523564912636642;6.598626454663889;1.9033962206695212,0.2,2,250,0.9765625,-167.83340769680217,-123.99712561559863,43.836282081203535,39.01972642737181,12.19366450855369,7.7455549240112305
84,5,0.006091167836110964,0.007613959795138705,0.0015227919590277408,0.007613959795138705,122.61413710085606,128,16,16,34.16929486563623,16;32;64;128,34.16929486563623;9.40882051955525;5.81834697356754;1.8679533351422952,0.2,2,244,0.953125,-123.99712561559863,-90.15813066076953,33.838994954829104,39.37666695673617,12.305208423980053,7.912003993988037
86,1,0.0,0.0013512316197849894,0.0013512316197849894,0.006756158098924946,72.16085348955808,128,16,16,38.70949522306978,16;32;64;128,38.70949522306978;13.072026371362135;9.236613851510585;2.1852859321370266,0.2,2,251,0.98046875,-1442.1928761596791,-410.8560462857131,1031.336829873966,44.58377792394536,13.932430601232925,7.568092107772827
86,2,0.0013512316197849894,0.002702463239569979,0.0013512316197849894,0.006756158098924946,108.27997547420725,128,16,16,29.824423710882286,16;32;64;128,29.824423710882286;8.59154904860715;7.205681641418982;1.6715502236913877,0.2,2,251,0.98046875,-410.8560462857131,-218.43411667144392,192.42192961426917,41.0090426222976,12.815325819467999,7.795305967330933
86,3,0.002702463239569979,0.004053694859354968,0.0013512316197849894,0.006756158098924946,117.26858340857996,128,16,16,39.86834268335887,16;32;64;128,39.86834268335887;9.453930471020199;8.293091992487795;2.3112492792364083,0.2,2,242,0.9453125,-218.43411667144392,-139.56450302049052,78.8696136509534,44.90717095803179,14.033490924384934,7.854075908660889
86,4,0.004053694859354968,0.005404926479139958,0.0013512316197849894,0.006756158098924946,120.39697700345768,128,16,16,23.843437558275124,16;32;64;128,23.843437558275124;9.41265973335972;5.130234125470626;2.1577359833226994,0.2,2,236,0.921875,-139.56450302049052,-95.89475636847783,43.66974665201269,42.693714254128274,13.341785704415084,7.913171052932739
86,5,0.005404926479139958,0.006756158098924946,0.0013512316197849886,0.006756158098924946,121.76519656844768,128,16,16,23.484772031532216,16;32;64;128,23.484772031532216;7.2437245716338;5.580686054041807;1.7511848471300853,0.2,2,226,0.8828125,-95.89475636847783,-59.481850914657116,36.41290545382071,48.25397360306489,15.079366750957778,7.959378004074097
88,1,0.0,0.0016518691573100713,0.0016518691573100713,0.008259345786550356,72.32256286001359,128,16,16,25.806787117305067,16;32;64;128,25.806787117305067;11.416288349930063;7.878428421550732;2.5012507826805757,0.2,2,255,0.99609375,-1227.4366670382442,-360.40310359792784,867.0335634403164,42.913723727069744,13.410538664709295,8.00800895690918
88,2,0.0016518691573100713,0.0033037383146201425,0.0016518691573100713,0.008259345786550356,108.4218496727922,128,16,16,34.449859326027365,16;32;64;128,34.449859326027365;11.145461927708517;8.061551177463052;2.1042347919280355,0.2,2,254,0.9921875,-360.40310359792784,-223.82778919790871,136.57531440001912,36.599845887926975,11.437451839977179,7.726388931274414
88,3,0.0033037383146201425,0.0049556074719302136,0.001651869157310071,0.008259345786550356,116.89132616955126,128,16,16,30.90308273122026,16;32;64;128,30.90308273122026;10.4850971605518;7.736378273238493;2.606082847854,0.2,2,253,0.98828125,-223.82778919790871,-128.47227846970782,95.3555107282009,36.43674871107297,11.386483972210304,7.626240015029907
88,4,0.0049556074719302136,0.006607476629240285,0.0016518691573100715,0.008259345786550356,121.31997153789337,128,16,16,32.955979037304,16;32;64;128,32.955979037304;11.330152055543651;8.304519769635808;2.101652797441405,0.2,2,250,0.9765625,-128.47227846970782,-103.59390766709112,24.8783708026167,36.31685805260132,11.349018141437911,7.857237100601196
88,5,0.006607476629240285,0.008259345786550356,0.0016518691573100706,0.008259345786550356,122.05806537645923,128,16,16,22.078471290757914,16;32;64;128,22.078471290757914;9.198338431832903;6.257490157411559;2.152625705602964,0.2,2,247,0.96484375,-103.59390766709112,-59.20520859968383,44.38869906740729,38.75021057419777,12.109440804436803,8.02800703048706
90,1,0.0,0.0008055544377215114,0.0008055544377215114,0.004027772188607556,81.87092130314801,128,16,16,30.598867198142965,16;32;64;128,30.598867198142965;13.383284024281753;7.3219834967391355;2.305235848475673,0.2,2,253,0.98828125,-1971.1068461751565,-624.1765171908773,1346.9303289842792,43.47131521916414,13.584786005988793,7.713742017745972
90,2,0.0008055544377215114,0.0016111088754430227,0.0008055544377215114,0.004027772188607556,114.28801364768502,128,16,16,27.5714578907938,16;32;64;128,27.5714578907938;10.045791013576848;7.965096656679696;2.060651013810656,0.2,2,255,0.99609375,-624.1765171908773,-521.2454293034971,102.93108788738027,38.55532126450393,12.048537895157478,7.6768810749053955
90,3,0.0016111088754430227,0.002416663313164534,0.0008055544377215114,0.004027772188607556,116.36114290662287,128,16,16,30.25450066845303,16;32;64;128,30.25450066845303;10.039712332481303;7.843417510605247;2.3401509416031687,0.2,2,255,0.99609375,-521.2454293034971,-350.59641337394714,170.64901592954993,38.67608367428389,12.086276148213715,7.934916019439697
90,4,0.002416663313164534,0.0032222177508860455,0.0008055544377215114,0.004027772188607556,121.53756277073853,128,16,16,26.947460723827888,16;32;64;128,26.947460723827888;12.798728356635653;6.423739034788349;1.3839416133213633,0.2,2,255,0.99609375,-350.59641337394714,-258.06576638808474,92.5306469858624,37.831993787579705,11.822498058618658,7.59855580329895
90,5,0.0032222177508860455,0.004027772188607556,0.0008055544377215109,0.004027772188607556,123.65931415453223,128,16,16,34.41273804177581,16;32;64;128,34.41273804177581;13.340977598840551;7.972876656889365;2.0871261110529638,0.2,2,252,0.984375,-258.06576638808474,-175.69711258867756,82.36865379940718,39.96272693978432,12.4883521686826,7.594182968139648
92,1,0.0,0.0015148743072787262,0.0015148743072787262,0.007574371536393631,69.80327643095508,128,16,16,33.85624536562811,16;32;64;128,33.85624536562811;12.826154113924241;10.026482478050877;3.332731520200919,0.2,2,253,0.98828125,-1219.869678484858,-406.31855401746,813.551124467398,47.32434052529197,14.788856414153742,7.5812671184539795
92,2,0.0015148743072787262,0.0030297486145574523,0.0015148743072787262,0.007574371536393631,105.20960981979424,128,16,16,33.48617472640417,16;32;64;128,33.48617472640417;15.39397238900007;8.426151886554369;1.9126568285770873,0.2,2,255,0.99609375,-406.31855401746,-210.42320481862407,195.8953491988359,41.04197365646828,12.825616767646336,7.611513137817383
92,3,0.0030297486145574523,0.0045446229218361785,0.0015148743072787262,0.007574371536393631,116.02609484987487,128,16,16,32.84336236979191,16;32;64;128,32.84336236979191;9.368422444935602;6.594633099895693;2.126483530097872,0.2,2,253,0.98828125,-210.42320481862407,-148.53527830180246,61.88792651682161,37.8611019691054,11.831594365345437,7.837383985519409
92,4,0.0045446229218361785,0.006059497229114905,0.0015148743072787262,0.007574371536393631,119.82980038180173,128,16,16,22.662201666357927,16;32;64;128,22.662201666357927;9.38657009775675;5.717800541784642;1.4433599267260913,0.2,2,250,0.9765625,-148.53527830180246,-79.21386870800052,69.32140959380195,40.324935792318,12.601542435099375,7.617757081985474
92,5,0.006059497229114905,0.007574371536393631,0.0015148743072787262,0.007574371536393631,123.14190761032516,128,16,16,31.054605967091653,16;32;64;128,31.054605967091653;9.520361627334323;6.454204553552119;1.5790326531306937,0.2,2,246,0.9609375,-79.21386870800052,-54.775455183000304,24.438413525000215,40.023517545838295,12.507349233074466,7.6161158084869385
94,1,0.0,0.0013761441883633988,0.0013761441883633988,0.006880720941816994,76.16109069974934,128,16,16,23.277751854835806,16;32;64;128,23.277751854835806;9.816449369067369;6.319496293105976;2.1230831584849956,0.2,2,255,0.99609375,-1101.9349535424262,-452.292337522842,649.6426160195842,43.02988646369877,13.446839519905867,7.55594801902771
94,2,0.0013761441883633988,0.0027522883767267976,0.0013761441883633988,0.006880720941816994,107.39949659511686,128,16,16,33.217601444798305,16;32;64;128,33.217601444798305;10.74811886582177;6.510492894339316;1.9013466745681435,0.2,2,252,0.984375,-452.292337522842,-237.41837070777547,214.87396681506652,39.42386598901743,12.319958121567947,7.566971063613892
94,3,0.0027522883767267976,0.0041284325650901964,0.0013761441883633988,0.006880720941816994,116.58830438258106,128,16,16,32.80490579752738,16;32;64;128,32.80490579752738;9.175113534466544;8.083650224505389;2.589158364937514,0.2,2,246,0.9609375,-237.41837070777547,-124.63548094115686,112.78288976661861,42.63495211327721,13.323422535399127,7.570915937423706
94,4,0.0041284325650901964,0.005504576753453595,0.0013761441883633988,0.006880720941816994,121.80515610742385,128,16,16,29.925874807214203,16;32;64;128,29.925874807214203;10.942295704084541;6.766177089373797;1.8470924007602534,0.2,2,245,0.95703125,-124.63548094115686,-100.87589344813023,23.75958749302663,44.498722773514395,13.905850866723247,7.585177898406982
94,5,0.005504576753453595,0.006880720941816994,0.0013761441883633988,0.006880720941816994,122.79850206514153,128,16,16,34.68080396570247,16;32;64;128,34.68080396570247;11.46872640881455;9.052233738258312;1.4311217926205106,0.2,2,248,0.96875,-100.87589344813023,-73.94864689151291,26.92724655661732,38.682443427295276,12.088263571029772,7.656275033950806
96,1,0.0,0.0013765742240443057,0.0013765742240443057,0.006882871120221528,77.22880170848644,128,16,16,42.887234853251975,16;32;64;128,42.887234853251975;15.021964590442602;10.973759127557445;3.1848151234532915,0.2,2,252,0.984375,-1163.903674338013,-451.5802155218553,712.3234588161577,45.58171550100882,14.244286094065256,7.545624017715454
96,2,0.0013765742240443057,0.0027531484480886113,0.0013765742240443057,0.006882871120221528,106.23257745676945,128,16,16,28.922568244236704,16;32;64;128,28.922568244236704;9.522870146214041;7.269385894700664;1.8200337899365282,0.2,2,252,0.984375,-451.5802155218553,-261.92575859604403,189.65445692581125,40.873791826953834,12.773059945923073,7.569530963897705
96,3,0.0027531484480886113,0.004129722672132917,0.0013765742240443054,0.006882871120221528,115.59558712979245,128,16,16,35.366793018053,16;32;64;128,35.366793018053;11.360050175176664;7.37290799433989;1.5749854336237397,0.2,2,254,0.9921875,-261.92575859604403,-162.80968188378029,99.11607671226375,36.7191256690156,11.474726771567374,7.591748952865601
96,4,0.004129722672132917,0.005506296896177223,0.0013765742240443059,0.006882871120221528,120.57229992477964,128,16,16,26.822735075169568,16;32;64;128,26.822735075169568;9.350485992743167;5.548453480129771;2.0558359598102647,0.2,2,254,0.9921875,-162.80968188378029,-109.89625072805211,52.913431155728176,36.05779521320984,11.268061004128075,7.585294008255005
96,5,0.005506296896177223,0.006882871120221528,0.001376574224044305,0.006882871120221528,123.26294899456077,128,16,16,24.36078253859206,16;32;64;128,24.36078253859206;9.126028310931057;7.806976915310939;2.8010337621094625,0.2,2,247,0.96484375,-109.89625072805211,-74.64875880582258,35.24749192222953,39.6749493596621,12.398421674894406,7.598966121673584
98,1,0.0,0.0010695828802119818,0.0010695828802119818,0.005347914401059909,74.14908632450977,128,16,16,34.43966753452391,16;32;64;128,34.43966753452391;14.681843041264125;9.726806393584496;2.2879607125420836,0.2,2,256,1.0,-1748.38542059483,-637.7716179687995,1110.6138026260305,44.902606090907696,14.032064403408654,7.593406915664673
98,2,0.0010695828802119818,0.0021391657604239635,0.0010695828802119818,0.005347914401059909,106.99032098789377,128,16,16,25.463889002266086,16;32;64;128,25.463889002266086;9.949268133986113;7.189887627287874;1.8968375696649664,0.2,2,253,0.98828125,-637.7716179687995,-373.62670682393946,264.1449111448601,41.50196901025959,12.969365315706122,7.600895881652832
98,3,0.0021391657604239635,0.0032087486406359453,0.0010695828802119818,0.005347914401059909,115.38401516588915,128,16,16,33.207803560879235,16;32;64;128,33.207803560879235;11.730864418435303;5.956460772420897;1.9241224391681078,0.2,2,253,0.98828125,-373.62670682393946,-234.58475032658316,139.0419564973563,38.63434473207402,12.07323272877313,7.659345865249634
98,4,0.0032087486406359453,0.004278331520847927,0.0010695828802119818,0.005347914401059909,121.83336120143491,128,16,16,29.202323922210972,16;32;64;128,29.202323922210972;11.05007740189829;8.402367972004354;2.030380394984957,0.2,2,252,0.984375,-234.58475032658316,-164.79662896553054,69.78812136105262,37.86025811910818,11.831330662221307,7.712383985519409
98,5,0.004278331520847927,0.005347914401059909,0.0010695828802119818,0.005347914401059909,123.7488301601862,128,16,16,27.055629754452973,16;32;64;128,27.055629754452973;11.031004015513593;5.781200591018814;2.1275616450935115,0.2,2,249,0.97265625,-164.79662896553054,-143.54668472794583,21.249944237584714,39.04455414468103,12.201423170212822,8.082381963729858
100,1,0.0,0.0014602598198616174,0.0014602598198616174,0.007301299099308087,76.13533875470597,128,16,16,33.58298251905881,16;32;64;128,33.58298251905881;13.464231268405701;9.938820117631568;2.5927022354237765,0.2,2,254,0.9921875,-1166.8074420113117,-390.2712857488077,776.5361562625039,45.1249457727617,14.10154555398803,8.069332838058472
100,2,0.0014602598198616174,0.0029205196397232348,0.0014602598198616174,0.007301299099308087,109.9370496691747,128,16,16,34.67977548034975,16;32;64;128,34.67977548034975;10.807382293604425;7.742975072333383;2.4671232216125873,0.2,2,251,0.98046875,-390.2712857488077,-229.83710802928545,160.43417771952227,40.478103615426015,12.649407379820628,7.584744930267334
100,3,0.0029205196397232348,0.004380779459584852,0.0014602598198616176,0.007301299099308087,117.68807201075866,128,16,16,31.219070022692165,16;32;64;128,31.219070022692165;9.52901472033282;7.699413886854269;2.556804457516289,0.2,2,250,0.9765625,-229.83710802928545,-159.50605643342715,70.3310515958583,38.971478473876076,12.178587023086273,7.847567081451416
100,4,0.004380779459584852,0.0058410392794464696,0.0014602598198616172,0.007301299099308087,120.29192421708309,128,16,16,27.232842704914997,16;32;64;128,27.232842704914997;9.517755394150091;7.971118205947187;1.2891876264608393,0.2,2,250,0.9765625,-159.50605643342715,-101.44160555303097,58.06445088039618,39.20556571816708,12.251739286927211,7.98260498046875
100,5,0.0058410392794464696,0.007301299099308087,0.0014602598198616172,0.007301299099308087,123.28173735112414,128,16,16,24.85326717613104,16;32;64;128,24.85326717613104;5.824359579021252;6.952749353720405;1.5999532624373463,0.2,2,250,0.9765625,-101.44160555303097,-51.830046591348946,49.61155896168202,37.44594853804548,11.70185891813921,7.981003999710083
102,1,0.0,0.001190765914244197,0.001190765914244197,0.0059538295712209845,94.12122282857841,128,16,16,32.041598761529485,16;32;64;128,32.041598761529485;12.200064028830067;9.152175302243293;1.8904343398308867,0.2,2,255,0.99609375,-906.1162038925104,-432.36113502131775,473.75506887119263,46.13213430496192,14.4162919703006,7.65169095993042
102,2,0.001190765914244197,0.002381531828488394,0.001190765914244197,0.0059538295712209845,110.91442297007987,128,16,16,26.601957383329506,16;32;64;128,26.601957383329506;11.340962368739968;4.774075680400789;2.6515919521557527,0.2,2,253,0.98828125,-432.36113502131775,-271.7304057556903,160.63072926562745,41.0651758557374,12.832867454917936,7.804369926452637
102,3,0.002381531828488394,0.003572297742732591,0.0011907659142441972,0.0059538295712209845,118.29708641473663,128,16,16,36.10658841565111,16;32;64;128,36.10658841565111;11.268346966540243;8.003677688792976;2.3236725255372854,0.2,2,253,0.98828125,-271.7304057556903,-196.48096168285701,75.24944407283328,41.14110557895347,12.85659549342296,7.632704019546509
102,4,0.003572297742732591,0.004763063656976788,0.0011907659142441967,0.0059538295712209845,120.72486611773412,128,16,16,39.83899453214638,16;32;64;128,39.83899453214638;9.758189974822105;7.639986889071052;2.3367842432692867,0.2,2,248,0.96875,-196.48096168285701,-142.1982004828751,54.282761199981906,43.16289149393752,13.488403591855475,7.574100971221924
102,5,0.004763063656976788,0.0059538295712209845,0.0011907659142441967,0.0059538295712209845,122.70403451012386,128,16,16,32.96927953554032,16;32;64;128,32.96927953554032;9.749343401565612;5.798101858478788;3.0320709235290186,0.2,2,252,0.984375,-142.1982004828751,-112.55277919385117,29.645421289023943,37.299027542514295,11.655946107035717,7.664495944976807
104,1,0.0,0.0011810700378971201,0.0011810700378971201,0.0059053501894856,72.4275204030599,128,16,16,29.397632003792904,16;32;64;128,29.397632003792904;11.461620724070487;7.357824025270121;2.615073622518985,0.2,2,254,0.9921875,-1623.475157354027,-426.0399543103995,1197.4352030436276,43.8023213633804,13.688225426056375,7.506628036499023
104,2,0.0011810700378971201,0.0023621400757942402,0.0011810700378971201,0.0059053501894856,111.26774178121303,128,16,16,30.88627194084323,16;32;64;128,30.88627194084323;10.342428143708467;6.621160291745185;2.1793003667543647,0.2,2,256,1.0,-426.0399543103995,-250.29632622021018,175.7436280901893,40.971560378904684,12.803612618407714,7.563867092132568
104,3,0.0023621400757942402,0.0035432101136913603,0.0011810700378971201,0.0059053501894856,118.31859103897548,128,16,16,28.465389944052387,16;32;64;128,28.465389944052387;12.605298248847202;9.005363154306885;2.5728669393897423,0.2,2,253,0.98828125,-250.29632622021018,-175.04304571123794,75.25328050897224,38.88553172216275,12.15172866317586,7.627669095993042
104,4,0.0035432101136913603,0.0047242801515884805,0.0011810700378971201,0.0059053501894856,121.0543547649397,128,16,16,24.486414708685963,16;32;64;128,24.486414708685963;9.001182237493683;5.626025352339955;2.3060829146529316,0.2,2,247,0.96484375,-175.04304571123794,-112.01705770171247,63.02598800952546,39.231284256025056,12.25977633000783,7.6033148765563965
104,5,0.0047242801515884805,0.0059053501894856,0.0011810700378971197,0.0059053501894856,124.37011666370681,128,16,16,29.597024870265795,16;32;64;128,29.597024870265795;7.720669588424773;6.08207354827391;1.2448301028107085,0.2,2,251,0.98046875,-112.01705770171247,-127.51468844013289,-15.497630738420412,38.71588324494192,12.09871351404435,7.643604040145874
106,1,0.0,0.002216349807699422,0.002216349807699422,0.011081749038497108,76.57979420263273,128,16,16,33.0522063936217,16;32;64;128,33.0522063936217;14.06219987256652;8.753567754241823;2.2761042177874566,0.2,2,250,0.9765625,-761.3732305187732,-277.5514539879514,483.8217765308218,42.657850294543344,13.330578217044794,7.577173948287964
106,2,0.002216349807699422,0.004432699615398844,0.002216349807699422,0.011081749038497108,108.44957531986331,128,16,16,34.54503770537772,16;32;64;128,34.54503770537772;13.446946884850384;8.568755747966406;2.2228887754461546,0.2,2,249,0.97265625,-277.5514539879514,-173.4522675871267,104.09918640082469,43.96630777492553,13.739471179664228,7.549253940582275
106,3,0.004432699615398844,0.006649049423098265,0.0022163498076994215,0.011081749038497108,115.64950481557158,128,16,16,35.3933953011436,16;32;64;128,35.3933953011436;11.491249046178446;7.981261312024642;1.9500284634797542,0.2,2,251,0.98046875,-173.4522675871267,-116.92777790047694,56.52448968664976,37.97446610839128,11.867020658872276,7.55743408203125
106,4,0.006649049423098265,0.008865399230797688,0.0022163498076994224,0.011081749038497108,118.16029066758861,128,16,16,35.12297476136702,16;32;64;128,35.12297476136702;9.501927334013311;8.291775034032625;1.8959219697017538,0.2,2,246,0.9609375,-116.92777790047694,-62.398614692501724,54.529163207975216,39.95534650325643,12.486045782267633,7.5776519775390625
106,5,0.008865399230797688,0.011081749038497108,0.0022163498076994206,0.011081749038497108,121.93768635701524,128,16,16,29.565577520373697,16;32;64;128,29.565577520373697;12.01644177704616;4.1280219934110765;2.0117976865251266,0.2,2,239,0.93359375,-62.398614692501724,-35.32694139366504,27.071673298836686,40.62945598005808,12.69670499376815,7.5927839279174805
108,1,0.0,0.0012416650173364592,0.0012416650173364592,0.006208325086682296,76.16427982213068,128,16,16,34.30208329229712,16;32;64;128,34.30208329229712;13.685353079194462;8.70242978114606;2.388363821184993,0.2,2,256,1.0,-1318.2209663599497,-489.13130904734135,829.0896573126083,44.70450482764988,13.970157758640585,7.600448846817017
108,2,0.0012416650173364592,0.0024833300346729184,0.0012416650173364592,0.006208325086682296,107.14641861917306,128,16,16,25.227236424039123,16;32;64;128,25.227236424039123;8.591156425808384;6.535024250054242;1.9541395730106217,0.2,2,251,0.98046875,-489.13130904734135,-319.0769119231263,170.05439712421503,39.969311641583765,12.490409887994925,7.6619908809661865
108,3,0.0024833300346729184,0.0037249950520093777,0.0012416650173364594,0.006208325086682296,114.66664458668944,128,16,16,26.019560903282095,16;32;64;128,26.019560903282095;11.853304966469409;6.239442691333039;2.169752266981638,0.2,2,252,0.984375,-319.0769119231263,-208.01789073110558,111.05902119202074,41.41974139638107,12.943669186369084,7.705857992172241
108,4,0.0037249950520093777,0.004966660069345837,0.001241665017336459,0.006208325086682296,120.39690613735937,128,16,16,27.698323225631498,16;32;64;128,27.698323225631498;8.045618432388542;7.133566275664993;2.156828753748133,0.2,2,250,0.9765625,-208.01789073110558,-132.6101503582904,75.40774037281517,40.24231652197169,12.575723913116152,8.130634069442749
108,5,0.004966660069345837,0.006208325086682296,0.001241665017336459,0.006208325086682296,123.39154005533052,128,16,16,32.32235921740747,16;32;64;128,32.32235921740747;11.000427469848052;6.673640004859732;1.728919128477308,0.2,2,248,0.96875,-132.6101503582904,-82.76339100534096,49.84675935294945,37.22448510303913,11.632651594699727,7.8878819942474365
110,1,0.0,0.0010863708865579118,0.0010863708865579118,0.005431854432789559,68.28806388226668,128,16,16,33.49642309625818,16;32;64;128,33.49642309625818;15.756185097979113;10.200971680384079;2.820116680700372,0.2,2,255,0.99609375,-1844.3106341762468,-688.9098976515234,1155.4007365247235,42.18663858214544,13.18332455692045,7.537153959274292
110,2,0.0010863708865579118,0.0021727417731158237,0.0010863708865579118,0.005431854432789559,101.44460086818617,128,16,16,37.625201321765935,16;32;64;128,37.625201321765935;11.694655760660783;7.9661577385159505;2.4250021725649575,0.2,2,252,0.984375,-688.9098976515234,-331.7674556639977,357.1424419875257,40.68921722544014,12.715380382950043,7.673521041870117
110,3,0.0021727417731158237,0.0032591126596737355,0.0010863708865579118,0.005431854432789559,116.99593125504789,128,16,16,36.36044357676432,16;32;64;128,36.36044357676432;14.027718331232661;8.11835225110555;2.3383100398656187,0.2,2,250,0.9765625,-331.7674556639977,-235.62268653034698,96.1447691336507,40.174663049925805,12.554582203101813,7.641387939453125
110,4,0.0032591126596737355,0.004345483546231647,0.0010863708865579118,0.005431854432789559,120.23850708951204,128,16,16,26.567840470759265,16;32;64;128,26.567840470759265;9.625272060288129;6.231695484745292;1.6712584253448177,0.2,2,252,0.984375,-235.62268653034698,-177.0388085040031,58.58387802634388,38.77357244953285,12.116741390479016,7.5896430015563965
110,5,0.004345483546231647,0.005431854432789559,0.0010863708865579118,0.005431854432789559,123.03058090756463,128,16,16,24.562729177485412,16;32;64;128,24.562729177485412;10.073378267110211;6.393853381655453;2.7804057688132486,0.2,2,251,0.98046875,-177.0388085040031,-124.26802977081388,52.77077873318922,34.627485787240985,10.821089308512807,7.576948881149292
112,1,0.0,0.0010499885863961753,0.0010499885863961753,0.005249942931980877,80.69652352044712,128,16,16,34.46519728895389,16;32;64;128,34.46519728895389;13.501507567320775;9.506304536139666;2.262598767778527,0.2,2,253,0.98828125,-1429.2507959064096,-624.790403692401,804.4603922140086,42.5320265046549,13.291258282704655,7.613883972167969
112,2,0.0010499885863961753,0.0020999771727923506,0.0010499885863961753,0.005249942931980877,106.69318793586427,128,16,16,37.61253448149392,16;32;64;128,37.61253448149392;10.893336251928577;8.463757505712529;2.509967410995947,0.2,2,253,0.98828125,-624.790403692401,-385.52795632951893,239.26244736288209,42.51757179359941,13.286741185499814,7.627729892730713
112,3,0.0020999771727923506,0.0031499657591885256,0.001049988586396175,0.005249942931980877,115.26287633018643,128,16,16,38.695613821549045,16;32;64;128,38.695613821549045;10.773288248776186;9.33980970157528;1.8221885625765655,0.2,2,254,0.9921875,-385.52795632951893,-248.19684783485718,137.33110849466175,39.42774874990266,12.321171484344582,7.613601922988892
112,4,0.0031499657591885256,0.004199954345584701,0.0010499885863961755,0.005249942931980877,120.16649270562485,128,16,16,23.86939100930671,16;32;64;128,23.86939100930671;9.96369625484126;6.119835236956169;1.9070703990488858,0.2,2,250,0.9765625,-248.19684783485718,-177.18722675694153,71.00962107791565,43.1466829806417,13.48333843145053,7.739512920379639
112,5,0.004199954345584701,0.005249942931980877,0.0010499885863961755,0.005249942931980877,122.96858221929872,128,16,16,23.229871910062734,16;32;64;128,23.229871910062734;10.669677733330305;6.978514022423667;2.1780000635732897,0.2,2,251,0.98046875,-177.18722675694153,-123.8550325713586,53.33219418558292,40.302369074319856,12.594490335724954,8.089401960372925
114,1,0.0,0.0015534784331615703,0.0015534784331615703,0.007767392165807851,83.40652686884232,128,16,16,28.865855411254415,16;32;64;128,28.865855411254415;12.908551335073453;7.659071460540381;2.327132582342431,0.2,2,252,0.984375,-906.3764940936817,-328.0889080406632,578.2875860530185,40.42819802847239,12.63381188389762,8.095672845840454
114,2,0.0015534784331615703,0.0031069568663231405,0.0015534784331615703,0.007767392165807851,110.70223107290887,128,16,16,27.465773142967294,16;32;64;128,27.465773142967294;9.74148194446383;7.977961055126153;1.7566914611884754,0.2,2,252,0.984375,-328.0889080406632,-205.65470934042241,122.43419870024081,43.23955471044976,13.512360847015549,8.131244897842407
114,3,0.0031069568663231405,0.004660435299484711,0.00155347843316157,0.007767392165807851,117.85070809089845,128,16,16,40.31264487516337,16;32;64;128,40.31264487516337;13.259369602997348;11.033892851619331;2.399997962506697,0.2,2,251,0.98046875,-205.65470934042241,-137.95358702191152,67.7011223185109,39.515281636275155,12.348525511335986,7.594727039337158
114,4,0.004660435299484711,0.006213913732646281,0.0015534784331615705,0.007767392165807851,121.12042180906673,128,16,16,34.31517012915842,16;32;64;128,34.31517012915842;9.319065614457848;5.699596406242182;2.098466351490382,0.2,2,252,0.984375,-137.95358702191152,-79.21545182401314,58.73813519789837,37.06742423036846,11.583570071990144,7.580891847610474
114,5,0.006213913732646281,0.007767392165807851,0.0015534784331615696,0.007767392165807851,124.23477809946093,128,16,16,35.33712138125881,16;32;64;128,35.33712138125881;10.888068944157432;9.756284914215835;1.5430986588639286,0.2,2,248,0.96875,-79.21545182401314,-74.31294078426436,4.902511039748788,38.18892404427496,11.934038763835925,7.585643768310547
116,1,0.0,0.0008835674629426055,0.0008835674629426055,0.004417837314713027,80.03651128349632,128,16,16,27.66278435614402,16;32;64;128,27.66278435614402;12.445070568126814;7.67820692810342;1.763113428355546,0.2,2,252,0.984375,-1795.9516754474025,-889.2705823301803,906.6810931172222,43.75864735252021,13.674577297662564,7.572378158569336
116,2,0.0008835674629426055,0.001767134925885211,0.0008835674629426055,0.004417837314713027,102.54268989180022,128,16,16,36.058388758747974,16;32;64;128,36.058388758747974;9.655627864684087;8.016983573405188;2.4802710024367367,0.2,2,254,0.9921875,-889.2705823301803,-456.0178409500513,433.252741380129,39.922769978488425,12.475865618277632,7.598994970321655
116,3,0.001767134925885211,0.0026507023888278167,0.0008835674629426057,0.004417837314713027,116.35454471923414,128,16,16,32.7223858225256,16;32;64;128,32.7223858225256;13.114845355455948;9.113679131666938;2.7762257184934156,0.2,2,254,0.9921875,-456.0178409500513,-348.7296593519859,107.28818159806542,38.40092203413474,12.000288135667105,7.57359504699707
116,4,0.0026507023888278167,0.003534269851770422,0.0008835674629426053,0.004417837314713027,119.46866555007566,128,16,16,31.57087599119942,16;32;64;128,31.57087599119942;10.127160053633512;6.754733335317849;1.756641279713054,0.2,2,251,0.98046875,-348.7296593519859,-214.0791868304368,134.6504725215491,37.76386955956407,11.801209237363771,7.60558295249939
116,5,0.003534269851770422,0.004417837314713027,0.0008835674629426053,0.004417837314713027,124.31114032037948,128,16,16,30.84748208741311,16;32;64;128,30.84748208741311;8.537532985081855;7.445623823246756;2.1700495708144603,0.2,2,251,0.98046875,-214.0791868304368,-190.08286678930745,23.996320041129366,37.74526982510912,11.7953968203466,7.605605840682983
118,1,0.0,0.0015245722357577428,0.0015245722357577428,0.007622861178788714,73.93130794225203,128,16,16,40.43160050026476,16;32;64;128,40.43160050026476;13.615134214495926;7.994817836298883;3.8036062895501446,0.2,2,256,1.0,-1123.843699965626,-414.4610842051916,709.3826157604344,44.308541633929735,13.846419260603042,7.575009107589722
118,2,0.0015245722357577428,0.0030491444715154857,0.0015245722357577428,0.007622861178788714,105.93927675712854,128,16,16,33.82709098473752,16;32;64;128,33.82709098473752;10.719892799770147;7.735807413716067;2.163085785031515,0.2,2,253,0.98828125,-414.4610842051916,-219.69487449678127,194.76620970841032,41.61850162012381,13.00578175628869,7.564995050430298
118,3,0.0030491444715154857,0.004573716707273228,0.0015245722357577424,0.007622861178788714,116.00206705504563,128,16,16,28.847273383254873,16;32;64;128,28.847273383254873;10.158759482710705;7.055864564465029;1.941112721589663,0.2,2,246,0.9609375,-219.69487449678127,-117.39882065879647,102.2960538379848,43.568510697226465,13.61515959288327,7.5733630657196045
118,4,0.004573716707273228,0.006098288943030971,0.0015245722357577433,0.007622861178788714,122.38971124848726,128,16,16,33.37311418691062,16;32;64;128,33.37311418691062;13.323857676293658;7.841109431369043;2.3120597396975238,0.2,2,248,0.96875,-117.39882065879647,-103.92402073403355,13.47479992476292,38.79472793644146,12.123352480137957,7.588931083679199
118,5,0.006098288943030971,0.007622861178788714,0.0015245722357577424,0.007622861178788714,122.26472228434366,128,16,16,19.586630040183515,16;32;64;128,19.586630040183515;7.3834474118024715;5.600796439780564;1.568968522648352,0.2,2,247,0.96484375,-103.92402073403355,-80.44565037731081,23.478370356722735,37.66552218899604,11.770475684061262,7.6055519580841064
120,1,0.0,0.0011059407168867873,0.0011059407168867873,0.005529703584433936,72.26388538695603,128,16,16,25.783328302484534,16;32;64;128,25.783328302484534;11.361425202988713;8.131154002447452;2.040516548661519,0.2,2,254,0.9921875,-1648.2120584952645,-653.5018715001643,994.7101869951002,42.20171759165535,13.188036747392298,7.640405893325806
120,2,0.0011059407168867873,0.0022118814337735745,0.0011059407168867873,0.005529703584433936,103.63786607244718,128,16,16,28.538150169527714,16;32;64;128,28.538150169527714;11.628658425186435;7.301960944065096;2.2439186421588917,0.2,2,253,0.98828125,-653.5018715001643,-328.77382551145274,324.72804598871153,41.30179298628057,12.906810308212677,7.632849931716919
120,3,0.0022118814337735745,0.0033178221506603616,0.001105940716886787,0.005529703584433936,117.80504523692746,128,16,16,28.827166329196228,16;32;64;128,28.827166329196228;10.58316464922548;7.613379222810798;1.6937892723685712,0.2,2,252,0.984375,-328.77382551145274,-233.90388370049186,94.86994181096088,38.71655963079119,12.098924884622246,7.63576602935791
120,4,0.0033178221506603616,0.004423762867547149,0.0011059407168867875,0.005529703584433936,121.70984453022662,128,16,16,29.001394799093102,16;32;64;128,29.001394799093102;11.941715138189487;8.431565080643546;1.980731296764498,0.2,2,246,0.9609375,-233.90388370049186,-153.12863228598144,80.77525141451042,45.4067819574651,14.189619361707843,7.637263059616089
120,5,0.004423762867547149,0.005529703584433936,0.0011059407168867866,0.005529703584433936,123.64467196204053,128,16,16,33.09060874943338,16;32;64;128,33.09060874943338;10.340180182312064;6.6849954966705525;2.542378439205996,0.2,2,246,0.9609375,-153.12863228598144,-87.90042032161728,65.22821196436416,39.74723160140163,12.421009875438008,7.641716957092285
122,1,0.0,0.0006935016803925595,0.0006935016803925595,0.003467508401962797,92.46039760351371,128,16,16,30.627764225520327,16;32;64;128,30.627764225520327;15.711714723561307;8.184311100524923;2.422848877638543,0.2,2,253,0.98828125,-1550.2987824305892,-778.724886109936,771.5738963206531,44.518034724213265,13.911885851316645,7.567709922790527
122,2,0.0006935016803925595,0.001387003360785119,0.0006935016803925595,0.003467508401962797,111.50793775544442,128,16,16,40.68778080719021,16;32;64;128,40.68778080719021;13.017808866648478;9.655850599369634;2.400456785888187,0.2,2,255,0.99609375,-778.724886109936,-532.3198143406189,246.40507176931715,41.108115025416076,12.846285945442522,7.590794086456299
122,3,0.001387003360785119,0.0020805050411776783,0.0006935016803925594,0.003467508401962797,117.35277706880132,128,16,16,26.576855815535342,16;32;64;128,26.576855815535342;13.220236933061804;6.679426691851138;2.6179055746340456,0.2,2,254,0.9921875,-532.3198143406189,-403.94258664990775,128.37722769071115,42.872584180706305,13.39768255647072,7.575888156890869
122,4,0.0020805050411776783,0.002774006721570238,0.0006935016803925596,0.003467508401962797,120.57200587956285,128,16,16,29.861848568611677,16;32;64;128,29.861848568611677;10.471065921029147;7.71860004836754;2.3582498328410204,0.2,2,254,0.9921875,-403.94258664990775,-300.50887940148823,103.43370724841952,36.98785760844463,11.558705502638945,7.618494987487793
122,5,0.002774006721570238,0.003467508401962797,0.0006935016803925591,0.003467508401962797,123.48430574434829,128,16,16,33.92756935625637,16;32;64;128,33.92756935625637;9.22038038648889;6.98785441280787;1.810686952908011,0.2,2,252,0.984375,-300.50887940148823,-232.7526329231914,67.75624647829682,39.0569785885603,12.205305808925093,8.0917489528656
124,1,0.0,0.0016103050790341146,0.0016103050790341146,0.008051525395170572,79.35994293395355,128,16,16,32.19051136574148,16;32;64;128,32.19051136574148;15.257430817987517;9.250093434286397;2.9440086163631833,0.2,2,254,0.9921875,-879.9551951913745,-342.7459927502787,537.2092024410958,41.13161527278696,12.853629772745924,7.862378120422363
124,2,0.0016103050790341146,0.003220610158068229,0.0016103050790341146,0.008051525395170572,108.0521754217935,128,16,16,28.592279128731228,16;32;64;128,28.592279128731228;10.24794375561743;7.36353553963794;1.9133049056671083,0.2,2,249,0.97265625,-342.7459927502787,-199.14671209850349,143.5992806517752,38.799495034212576,12.124842198191429,7.568957805633545
124,3,0.003220610158068229,0.004830915237102344,0.0016103050790341146,0.008051525395170572,118.31947237012061,128,16,16,26.824321249684306,16;32;64;128,26.824321249684306;8.089428509710443;6.489321391235339;1.7947691246364723,0.2,2,255,0.99609375,-199.14671209850349,-128.42904663423542,70.71766546426807,34.82680877674717,10.88337774273349,7.580265045166016
124,4,0.004830915237102344,0.006441220316136458,0.0016103050790341146,0.008051525395170572,121.1970799800768,128,16,16,33.47368809257313,16;32;64;128,33.47368809257313;11.768142329583448;9.483779907826118;2.8359306405149343,0.2,2,252,0.984375,-128.42904663423542,-111.7254672148265,16.703579419408925,37.664503301059895,11.770157281581216,7.628339052200317
124,5,0.006441220316136458,0.008051525395170572,0.0016103050790341137,0.008051525395170572,121.82999640401698,128,16,16,15.765244602685028,16;32;64;128,15.765244602685028;8.568171074484608;6.5092734911162085;1.5935522987532829,0.2,2,246,0.9609375,-111.7254672148265,-68.38643041299656,43.339036801829934,36.18694472166787,11.308420225521209,7.879044055938721
126,1,0.0,0.0010757696602889915,0.0010757696602889915,0.005378848301444958,72.89562002907773,128,16,16,35.679188451968884,16;32;64;128,35.679188451968884;17.074412641426722;10.321920290972283;2.7072224477679376,0.2,2,251,0.98046875,-1614.2198244463652,-604.3887577407295,1009.8310667056357,46.65890511839646,14.580907849498894,7.647264003753662
126,2,0.0010757696602889915,0.002151539320577983,0.0010757696602889915,0.005378848301444958,106.94278656298643,128,16,16,30.749215205076602,16;32;64;128,30.749215205076602;13.159228756765968;6.783189029543857;2.2396936457298713,0.2,2,255,0.99609375,-604.3887577407295,-337.6793140475638,266.70944369316567,38.782592666827675,12.119560208383648,7.682569980621338
126,3,0.002151539320577983,0.0032273089808669744,0.0010757696602889913,0.005378848301444958,118.22993226961032,128,16,16,34.8279448750365,16;32;64;128,34.8279448750365;11.695010106199103;9.158846031892702;2.274169411721277,0.2,2,254,0.9921875,-337.6793140475638,-269.1270185766043,68.5522954709595,38.947416362820384,12.17106761338137,7.778231143951416
126,4,0.0032273089808669744,0.004303078641155966,0.0010757696602889917,0.005378848301444958,120.06575706967504,128,16,16,32.77564451663562,16;32;64;128,32.77564451663562;11.560035172678727;7.113091892315955;2.75548488567996,0.2,2,253,0.98828125,-269.1270185766043,-176.0402455457952,93.08677303080913,38.32235401875493,11.975735630860914,7.633992910385132
126,5,0.004303078641155966,0.005378848301444958,0.0010757696602889917,0.005378848301444958,122.99261700488162,128,16,16,27.265375803528407,16;32;64;128,27.265375803528407;11.454216550357193;8.218501390646114;2.342267755572378,0.2,2,251,0.98046875,-176.0402455457952,-128.0969516749028,47.943293870892376,38.380147088420735,11.99379596513148,7.635400056838989
128,1,0.0,0.001286298786330911,0.001286298786330911,0.006431493931654554,82.98940447129205,128,16,16,38.46019475643298,16;32;64;128,38.46019475643298;15.387959019304162;11.183893855470798;2.313337473780122,0.2,2,255,0.99609375,-1183.657167875208,-507.3024191755103,676.3547486996977,44.76927580877386,13.99039869024183,7.606992959976196
128,2,0.001286298786330911,0.002572597572661822,0.001286298786330911,0.006431493931654554,106.36425182576116,128,16,16,34.76405087161419,16;32;64;128,34.76405087161419;9.915737156304743;8.491515930796359;2.628029180837309,0.2,2,252,0.984375,-507.3024191755103,-325.434497613227,181.8679215622833,41.12097108284312,12.850303463388475,7.6043031215667725
128,3,0.002572597572661822,0.003858896358992733,0.001286298786330911,0.006431493931654554,114.40474692528247,128,16,16,29.25611145461531,16;32;64;128,29.25611145461531;12.538560197346568;7.784748990355779;1.6673661130937656,0.2,2,253,0.98828125,-325.434497613227,-219.52095391356852,105.91354369965848,37.29153841790458,11.653605755595182,7.628568172454834
128,4,0.003858896358992733,0.005145195145323644,0.001286298786330911,0.006431493931654554,119.96083909367823,128,16,16,24.085461766073667,16;32;64;128,24.085461766073667;12.723997426006852;6.001542064515211;1.9499731159325844,0.2,2,250,0.9765625,-219.52095391356852,-128.16645534848794,91.35449856508058,37.584749932386295,11.745234353870716,7.678631067276001
128,5,0.005145195145323644,0.006431493931654554,0.00128629878633091,0.006431493931654554,124.31053687251875,128,16,16,27.891826107126263,16;32;64;128,27.891826107126263;7.457530845219525;5.828014474066913;2.106073398398543,0.2,2,251,0.98046875,-128.16645534848794,-110.11091855494305,18.05553679354489,37.09414385864,11.591919955825,7.669384002685547
130,1,0.0,0.0016864842858303076,0.0016864842858303076,0.008432421429151538,79.17899301820309,128,16,16,33.86129031531818,16;32;64;128,33.86129031531818;16.313352004721363;8.515226768255934;2.7691518153512082,0.2,2,254,0.9921875,-1001.7380801113322,-364.85939496709034,636.8786851442419,43.553573222400175,13.610491632000054,7.615664005279541
130,2,0.0016864842858303076,0.003372968571660615,0.0016864842858303076,0.008432421429151538,106.27374486740075,128,16,16,37.99684433967794,16;32;64;128,37.99684433967794;12.228369456596807;8.189190424936085;2.635538948325514,0.2,2,256,1.0,-364.85939496709034,-232.52331116446294,132.3360838026274,39.87009306006319,12.459404081269746,7.644219160079956
130,3,0.003372968571660615,0.005059452857490923,0.0016864842858303076,0.008432421429151538,115.47169340352679,128,16,16,37.533194772184395,16;32;64;128,37.533194772184395;11.086370006976999;8.747488642270715;2.519508099092108,0.2,2,253,0.98828125,-232.52331116446294,-147.13090559840202,85.39240556606092,39.13430070536693,12.229468970427165,7.706161975860596
130,4,0.005059452857490923,0.00674593714332123,0.0016864842858303076,0.008432421429151538,120.99896676214014,128,16,16,31.681537845567604,16;32;64;128,31.681537845567604;10.314614504015275;8.629056930979644;2.1118063524249853,0.2,2,252,0.984375,-147.13090559840202,-110.63884650176624,36.492059096635785,39.50415307814748,12.345047836921088,8.041985988616943
130,5,0.00674593714332123,0.008432421429151538,0.0016864842858303076,0.008432421429151538,122.39723636454947,128,16,16,26.012592750908123,16;32;64;128,26.012592750908123;8.411958919311836;5.183804714189919;1.574239050723525,0.2,2,248,0.96875,-110.63884650176624,-71.23710343998391,39.40174306178233,41.81699965176338,13.067812391176057,7.91022515296936
132,1,0.0,0.0010763096122478053,0.0010763096122478053,0.005381548061239027,79.8327420876482,128,16,16,27.025263945048405,16;32;64;128,27.025263945048405;8.602043055617479;7.746929806179251;2.2236250714644044,0.2,2,256,1.0,-1502.866818918381,-658.3473799719941,844.5194389463868,42.712238408071315,13.347574502522285,7.530109882354736
132,2,0.0010763096122478053,0.0021526192244956106,0.0010763096122478053,0.005381548061239027,104.03878314004206,128,16,16,33.79922061274399,16;32;64;128,33.79922061274399;11.6949154021514;9.674091360868163;1.8507753096447355,0.2,2,252,0.984375,-658.3473799719941,-352.19725847034715,306.15012150164694,44.633052876475624,13.947829023898631,7.554197072982788
132,3,0.0021526192244956106,0.0032289288367434157,0.001076309612247805,0.005381548061239027,115.54551926314659,128,16,16,31.99496048922229,16;32;64;128,31.99496048922229;10.375097685385475;7.375754008839107;2.1696965624845346,0.2,2,251,0.98046875,-352.19725847034715,-218.17190922470763,134.02534924563952,37.03822101117974,11.574444065993669,7.6503541469573975
132,4,0.0032289288367434157,0.004305238448991221,0.0010763096122478055,0.005381548061239027,122.43439746977766,128,16,16,35.7810504259418,16;32;64;128,35.7810504259418;11.01675896105322;7.493748322377014;2.526083726213797,0.2,2,251,0.98046875,-218.17190922470763,-150.66476613515988,67.50714308954775,38.80039551591605,12.125123598723766,7.651585817337036
132,5,0.004305238448991221,0.005381548061239027,0.0010763096122478055,0.005381548061239027,124.36101597007001,128,16,16,32.5034311438418,16;32;64;128,32.5034311438418;8.879121920823204;7.478249576508982;2.4468326625193986,0.2,2,251,0.98046875,-150.66476613515988,-136.62447417865042,14.040291956509463,38.54711860928046,12.045974565400144,7.878062009811401
134,1,0.0,0.0013197718548973293,0.0013197718548973293,0.006598859274486646,67.99077742342205,128,16,16,27.927678310006286,16;32;64;128,27.927678310006286;9.856298695276404;5.711423863832914;2.16188125689289,0.2,2,253,0.98828125,-1430.496302440064,-413.89250963320956,1016.6037928068545,43.01068693098679,13.440839665933373,7.63488507270813
134,2,0.0013197718548973293,0.0026395437097946586,0.0013197718548973293,0.006598859274486646,109.44880259460648,128,16,16,28.23143403985363,16;32;64;128,28.23143403985363;8.73468284291236;6.452632395839959;1.3268686055748546,0.2,2,253,0.98828125,-413.89250963320956,-271.74682520562783,142.14568442758173,38.725350513572,12.10167203549125,8.21275806427002
134,3,0.0026395437097946586,0.003959315564691988,0.0013197718548973295,0.006598859274486646,116.33906913669719,128,16,16,33.6083281465579,16;32;64;128,33.6083281465579;11.165384925358385;5.5324592591313735;2.1409846868002567,0.2,2,252,0.984375,-271.74682520562783,-140.89263286604546,130.85419233958237,39.589345562185265,12.371670488182895,7.692708969116211
134,4,0.003959315564691988,0.005279087419589317,0.001319771854897329,0.006598859274486646,123.00881610234407,128,16,16,27.588021129593596,16;32;64;128,27.588021129593596;11.088127222387408;6.309785723327967;1.2247899982124595,0.2,2,253,0.98828125,-140.89263286604546,-124.5345994606032,16.358033405442256,37.60520404856117,11.751626265175364,7.582392930984497
134,5,0.005279087419589317,0.006598859274486646,0.001319771854897329,0.006598859274486646,123.38497054775137,128,16,16,26.89198402613241,16;32;64;128,26.89198402613241;11.215380272632895;7.436072301188363;1.3926975103575059,0.2,2,246,0.9609375,-124.5345994606032,-99.10208740108646,25.43251205951674,38.440631381926835,12.012697306852136,7.586136102676392
136,1,0.0,0.001611441451121541,0.001611441451121541,0.009099336511493937,64.00000000701417,128,16,16,34.7056002956902,16;32;64;128,34.7056002956902;12.688109177395313;7.80296712314378;2.179541424543144,0.2,2,252,0.984375,-1304.8656374607235,-348.6113532463787,956.2542842143448,42.12327322021175,13.16352288131617,7.544039964675903
136,2,0.001611441451121541,0.003431308753420329,0.0018198673022987878,0.009099336511493937,104.27589526170124,128,16,16,35.50387528099551,16;32;64;128,35.50387528099551;13.569417288524788;8.695164652509211;2.557232771895872,0.2,2,248,0.96875,-348.6113532463787,-173.05599040025845,175.55536284612026,41.637311275772205,13.011659773678813,7.552806854248047
136,3,0.003431308753420329,0.005251176055719117,0.0018198673022987878,0.009099336511493937,115.44800929475284,128,16,16,28.081847554157246,16;32;64;128,28.081847554157246;8.948891843499627;6.068135583386348;2.0213509665462936,0.2,2,245,0.95703125,-173.05599040025845,-128.48341600899585,44.572574391262606,40.58117936865586,12.681618552704956,7.586541175842285
136,4,0.005251176055719117,0.007071043358017904,0.0018198673022987878,0.009099336511493937,118.20161098709205,128,16,16,34.38412344658358,16;32;64;128,34.38412344658358;9.539631904528154;6.450074314044514;1.5309478652877513,0.2,2,241,0.94140625,-128.48341600899585,-64.3018684607232,64.18154754827265,40.861830413162004,12.769322004113125,7.594503164291382
136,5,0.007071043358017904,0.008890910660316692,0.0018198673022987878,0.009099336511493937,122.57855243773604,128,16,16,26.372962288035815,16;32;64;128,26.372962288035815;7.398667115404678;6.3522231188277445;0.9461846613452275,0.2,2,226,0.8828125,-64.3018684607232,-24.899733856786042,39.40213460393716,43.96807093734806,13.740022167921268,7.6032960414886475
136,6,0.008890910660316692,0.009099336511493937,0.00020842585117724494,0.009099336511493937,127.93694304437815,128,16,16,22.50981903408298,16;32;64;128,22.50981903408298;7.541399241702005;6.81096483115838;1.4290267374457613,0.2,2,226,0.8828125,-24.899733856786042,-23.894234531209804,1.0054993255762383,45.52747838631605,14.227336995723764,7.594640016555786
138,1,0.0,0.0009180440814949781,0.0009180440814949781,0.0045902204074748905,87.89822084049302,128,16,16,47.14965566179726,16;32;64;128,47.14965566179726;20.506606780369;13.369942903068159;3.3750496454857792,0.2,2,253,0.98828125,-1465.8596859875834,-723.1161390234483,742.743546964135,43.512611825220674,13.59769119538146,7.515166997909546
138,2,0.0009180440814949781,0.0018360881629899562,0.0009180440814949781,0.0045902204074748905,108.22211913046993,128,16,16,39.752020885477606,16;32;64;128,39.752020885477606;15.731782202270354;9.72029720988231;2.0944359178016474,0.2,2,254,0.9921875,-723.1161390234483,-377.59115511586424,345.5249839075841,39.23223340030002,12.260072937593755,7.593280076980591
138,3,0.0018360881629899562,0.0027541322444849343,0.0009180440814949781,0.0045902204074748905,119.98408173601375,128,16,16,32.00888427376457,16;32;64;128,32.00888427376457;13.804886290746172;7.500796061121793;2.3086009311629008,0.2,2,251,0.98046875,-377.59115511586424,-261.03238520689774,116.5587699089665,41.013413116541784,12.816691598919308,7.547043085098267
138,4,0.0027541322444849343,0.0036721763259799124,0.0009180440814949781,0.0045902204074748905,123.07427078486586,128,16,16,31.227788801289087,16;32;64;128,31.227788801289087;11.44315233995852;6.307811405581039;2.1575497139181805,0.2,2,254,0.9921875,-261.03238520689774,-211.25945360935293,49.77293159754481,37.361812739698735,11.675566481155855,7.616881847381592
138,5,0.0036721763259799124,0.0045902204074748905,0.0009180440814949781,0.0045902204074748905,124.01312497710909,128,16,16,29.45033678027493,16;32;64;128,29.45033678027493;11.130948620804224;8.325680374034624;2.0806997115117816,0.2,2,252,0.984375,-211.25945360935293,-146.27367570798378,64.98577790136915,38.05212385267524,11.891288703961012,7.705065011978149
140,1,0.0,0.001469141823866144,0.001469141823866144,0.007345709119330719,79.93951783136835,128,16,16,34.3913231647591,16;32;64;128,34.3913231647591;11.266614575571777;8.097556224327766;2.5618883580568568,0.2,2,253,0.98828125,-935.1928506246768,-309.6695964320679,625.5232541926089,43.73602059837981,13.66750643699369,7.537240028381348
140,2,0.001469141823866144,0.002938283647732288,0.001469141823866144,0.007345709119330719,112.81068853197,128,16,16,33.06175929613094,16;32;64;128,33.06175929613094;15.551864177913545;8.772294285892336;2.151380148316889,0.2,2,255,0.99609375,-309.6695964320679,-166.7359958816669,142.93360055040102,38.34175381977104,11.98179806867845,7.570858001708984
140,3,0.002938283647732288,0.004407425471598432,0.001469141823866144,0.007345709119330719,121.0281480085305,128,16,16,24.83941854561975,16;32;64;128,24.83941854561975;8.0879904038272;6.1435975316845175;1.9953608043754938,0.2,2,251,0.98046875,-166.7359958816669,-117.28902382880915,49.446972052857745,39.779952780192055,12.431235243810017,7.602030992507935
140,4,0.004407425471598432,0.005876567295464576,0.001469141823866144,0.007345709119330719,122.13237873703979,128,16,16,36.671567065345585,16;32;64;128,36.671567065345585;12.361975374952682;7.950792273607545;1.8856127452478582,0.2,2,249,0.97265625,-117.28902382880915,-88.40217854006914,28.886845288740005,40.14351936030674,12.544849800095855,7.954179048538208
140,5,0.005876567295464576,0.007345709119330719,0.001469141823866143,0.007345709119330719,124.14632392330168,128,16,16,26.963522133580494,16;32;64;128,26.963522133580494;10.111066056821535;6.163435694641485;1.8985330917411316,0.2,2,246,0.9609375,-88.40217854006914,-52.22734045662219,36.17483808344696,39.454060307241356,12.329393846012923,8.01636004447937
142,1,0.0,0.0009831143168781598,0.0009831143168781598,0.004915571584390798,87.47607432717555,128,16,16,36.55069933928181,16;32;64;128,36.55069933928181;11.974507416242535;10.069481333888838;2.243895759006329,0.2,2,255,0.99609375,-1326.6650913618505,-590.3786285247188,736.2864628371317,44.77311861528148,13.991599567275463,7.71529483795166
142,2,0.0009831143168781598,0.0019662286337563195,0.0009831143168781598,0.004915571584390798,109.97410630328929,128,16,16,33.76081917981485,16;32;64;128,33.76081917981485;12.535493408616471;8.397018700135709;2.0140257271369184,0.2,2,254,0.9921875,-590.3786285247188,-349.5345534629887,240.8440750617301,40.7541578435545,12.73567432611078,8.196176052093506
142,3,0.0019662286337563195,0.0029493429506344793,0.0009831143168781598,0.004915571584390798,118.64956949914433,128,16,16,32.633475877000215,16;32;64;128,32.633475877000215;8.328267663386342;7.127891329562603;2.474560522592314,0.2,2,253,0.98828125,-349.5345534629887,-288.7034202165669,60.831133246421814,39.30145418908368,12.281704434088649,7.719113111495972
142,4,0.0029493429506344793,0.003932457267512639,0.0009831143168781598,0.004915571584390798,120.67406818239441,128,16,16,39.26774530876192,16;32;64;128,39.26774530876192;12.266493429091103;7.604057930043286;2.5679401407589766,0.2,2,254,0.9921875,-288.7034202165669,-182.27321420999942,106.43020600656746,37.73226817195151,11.791333803734846,7.633862018585205
142,5,0.003932457267512639,0.004915571584390798,0.0009831143168781593,0.004915571584390798,124.15656235577184,128,16,16,27.85749983626295,16;32;64;128,27.85749983626295;9.636611367811264;6.5090888307420025;1.9394967049230853,0.2,2,252,0.984375,-182.27321420999942,-155.28589755279245,26.987316657206975,37.333328762047955,11.666665238139986,7.793006896972656
144,1,0.0,0.000801656742386519,0.000801656742386519,0.004008283711932595,80.98008381376138,128,16,16,35.94679896798554,16;32;64;128,35.94679896798554;19.41904799832941;9.374494958225702;2.817410702794321,0.2,2,255,0.99609375,-1809.766860270407,-707.8761137896217,1101.8907464807853,46.43563995350193,14.511137485469353,7.7124409675598145
144,2,0.000801656742386519,0.001603313484773038,0.000801656742386519,0.004008283711932595,110.2130744696979,128,16,16,39.997087812060904,16;32;64;128,39.997087812060904;12.19680243512165;8.042448616611562;3.5537649417546957,0.2,2,255,0.99609375,-707.8761137896217,-445.1934135216288,262.6827002679929,41.09525441795392,12.842267005610598,7.542831897735596
144,3,0.001603313484773038,0.002404970227159557,0.000801656742386519,0.004008283711932595,118.02063441893544,128,16,16,32.8925859160804,16;32;64;128,32.8925859160804;10.203791478856674;8.029117221355344;1.9379611011892202,0.2,2,253,0.98828125,-445.1934135216288,-347.3033740830142,97.89003943861462,38.89297006241585,12.154053144504951,7.5595550537109375
144,4,0.002404970227159557,0.003206626969546076,0.000801656742386519,0.004008283711932595,121.38555516995063,128,16,16,31.617960791540856,16;32;64;128,31.617960791540856;8.232274259854648;6.9339308181209685;1.839915877055942,0.2,2,251,0.98046875,-347.3033740830142,-263.98722800344694,83.31614607956726,41.568982819076446,12.990307130961389,7.559951066970825
144,5,0.003206626969546076,0.004008283711932595,0.000801656742386519,0.004008283711932595,123.1227623421206,128,16,16,28.594127656258472,16;32;64;128,28.594127656258472;11.345538180032374;6.159734263263794;2.0994686005587497,0.2,2,253,0.98828125,-263.98722800344694,-179.85271289362572,84.13451510982122,36.082563293682576,11.275801029275804,7.56047797203064
146,1,0.0,0.0010190963217768792,0.0010190963217768792,0.005095481608884396,85.9517647066535,128,16,16,35.474654217391496,16;32;64;128,35.474654217391496;12.50549153970231;9.531969979656687;2.3656719084202247,0.2,2,253,0.98828125,-1198.8761889336165,-535.3156116381288,663.5605772954877,47.84449513528812,14.951404729777536,7.53712797164917
146,2,0.0010190963217768792,0.0020381926435537583,0.0010190963217768792,0.005095481608884396,111.31072102448903,128,16,16,33.10883236585649,16;32;64;128,33.10883236585649;13.050493263625173;10.289327570322747;2.358750852349725,0.2,2,256,1.0,-535.3156116381288,-315.20057061105035,220.1150410270784,38.93120448978845,12.166001403058889,7.538823127746582
146,3,0.0020381926435537583,0.0030572889653306375,0.0010190963217768792,0.005095481608884396,118.11954524186041,128,16,16,31.211107683243586,16;32;64;128,31.211107683243586;9.706763887434187;7.9665023407801225;2.1953872545894098,0.2,2,253,0.98828125,-315.20057061105035,-207.48503488476854,107.71553572628181,38.88193124983638,12.150603515573867,7.562831878662109
146,4,0.0030572889653306375,0.004076385287107517,0.0010190963217768792,0.005095481608884396,122.8260282017256,128,16,16,26.937456523651797,16;32;64;128,26.937456523651797;12.39112952076146;7.678172971801202;1.6737940725574554,0.2,2,249,0.97265625,-207.48503488476854,-131.91215953673236,75.57287534803618,40.850643228126145,12.76582600878942,7.586658954620361
146,5,0.004076385287107517,0.005095481608884396,0.0010190963217768792,0.005095481608884396,124.43574802914796,128,16,16,32.75254740407553,16;32;64;128,32.75254740407553;10.215911950180573;7.607590696039206;2.0124263585862936,0.2,2,254,0.9921875,-131.91215953673236,-122.33041825774126,9.581741278991103,36.018188407229644,11.255683877259264,7.761412143707275
148,1,0.0,0.0009064705481784485,0.0009064705481784485,0.004532352740892242,86.83325062002253,128,16,16,29.797320510677434,16;32;64;128,29.797320510677434;12.230933151821894;7.562907344116392;1.8571279584595113,0.2,2,255,0.99609375,-1393.2080776551738,-599.8661334103672,793.3419442448067,43.033747065281304,13.448045957900407,7.530724048614502
148,2,0.0009064705481784485,0.001812941096356897,0.0009064705481784485,0.004532352740892242,111.11473544402857,128,16,16,29.260695431203025,16;32;64;128,29.260695431203025;12.268156232352005;8.51607350380284;1.7200885933994037,0.2,2,255,0.99609375,-599.8661334103672,-369.82490062131546,230.04123278905172,38.639695564023576,12.074904863757366,7.491339206695557
148,3,0.001812941096356897,0.002719411644535346,0.0009064705481784487,0.004532352740892242,118.82318372558629,128,16,16,39.88752028592674,16;32;64;128,39.88752028592674;15.878567950194808;9.5947831042867;2.9016109252651967,0.2,2,255,0.99609375,-369.82490062131546,-250.7382269295631,119.08667369175237,39.23796190042711,12.261863093883472,7.4994189739227295
148,4,0.002719411644535346,0.003625882192713794,0.0009064705481784483,0.004532352740892242,122.70693130498961,128,16,16,32.47503038585289,16;32;64;128,32.47503038585289;12.90117682819432;7.039310624851286;1.567781813645898,0.2,2,250,0.9765625,-250.7382269295631,-217.254971786635,33.4832551429281,38.969779198532294,12.17805599954134,7.514107942581177
148,5,0.003625882192713794,0.004532352740892242,0.0009064705481784483,0.004532352740892242,124.04134713753476,128,16,16,30.406193956813595,16;32;64;128,30.406193956813595;11.200793968664247;7.775452276233503;1.9009763539181725,0.2,2,251,0.98046875,-217.254971786635,-171.29289251193404,45.962079274700955,39.82500646472835,12.445314520227608,7.508868932723999
150,1,0.0,0.0010000860729467336,0.0010000860729467336,0.005000430364733668,65.98959009228516,128,16,16,36.10661642334721,16;32;64;128,36.10661642334721;13.671420819190267;9.802670403053737;2.5528717315326976,0.2,2,255,0.99609375,-2197.9113306077197,-624.8992300990503,1573.0121005086694,43.43392847685377,13.573102649016803,7.515507936477661
150,2,0.0010000860729467336,0.002000172145893467,0.0010000860729467336,0.005000430364733668,109.8251707291819,128,16,16,34.36802681783322,16;32;64;128,34.36802681783322;12.950694977561309;8.221210585052416;2.4928355622808236,0.2,2,255,0.99609375,-624.8992300990503,-397.7351124358829,227.16411766316742,38.765547437844255,12.11423357432633,7.538135051727295
150,3,0.002000172145893467,0.0030002582188402007,0.0010000860729467336,0.005000430364733668,117.70468421840845,128,16,16,32.476186334700124,16;32;64;128,32.476186334700124;8.35489279502888;5.644699405256915;2.4283886124244876,0.2,2,253,0.98828125,-397.7351124358829,-288.3013551896438,109.43375724623911,36.82733280307495,11.508541500960922,7.51393985748291
150,4,0.0030002582188402007,0.004000344291786934,0.0010000860729467336,0.005000430364733668,120.89995370598702,128,16,16,30.532270926833117,16;32;64;128,30.532270926833117;10.40726538749729;7.8692849852717925;2.6973610628122957,0.2,2,250,0.9765625,-288.3013551896438,-220.12269318045583,68.17866200918797,35.9474908810656,11.233590900332999,7.505609035491943
150,5,0.004000344291786934,0.005000430364733668,0.0010000860729467336,0.005000430364733668,122.381095915023,128,16,16,27.526908322127042,16;32;64;128,27.526908322127042;8.583746172338284;6.282432247012039;1.7190711316675178,0.2,2,254,0.9921875,-220.12269318045583,-141.9928649739013,78.12982820655452,34.24215286812753,10.700672771289854,7.868267059326172
152,1,0.0,0.0015859342783760882,0.0015859342783760882,0.00792967139188044,68.05924020346862,128,16,16,34.12530962462476,16;32;64;128,34.12530962462476;16.981078226110597;10.523983848168303;2.680562377083149,0.2,2,256,1.0,-1252.8125281578396,-470.23943817266263,782.5730899851769,39.15059641490657,12.234561379658304,7.664036989212036
152,2,0.0015859342783760882,0.0031718685567521765,0.0015859342783760882,0.00792967139188044,101.68707990447585,128,16,16,32.36378985654709,16;32;64;128,32.36378985654709;11.638227667005118;9.023078876857245;2.573901168870099,0.2,2,251,0.98046875,-470.23943817266263,-241.07830463908613,229.1611335335765,40.05779527327797,12.518061022899364,8.198277950286865
152,3,0.0031718685567521765,0.0047578028351282645,0.001585934278376088,0.00792967139188044,115.99145321868282,128,16,16,28.53417065485779,16;32;64;128,28.53417065485779;12.076738252157572;5.800788475885989;1.4337050702019383,0.2,2,256,1.0,-241.07830463908613,-144.7619090215303,96.31639561755583,38.23711431148284,11.949098222338387,7.781483888626099
152,4,0.0047578028351282645,0.006343737113504353,0.0015859342783760885,0.00792967139188044,120.12326142246354,128,16,16,29.44788007992941,16;32;64;128,29.44788007992941;8.872848066806835;5.52901400572615;1.826889851801359,0.2,2,248,0.96875,-144.7619090215303,-92.79634883091785,51.96556019061245,37.363506130866114,11.67609566589566,7.65488600730896
152,5,0.006343737113504353,0.00792967139188044,0.0015859342783760876,0.00792967139188044,122.95901030491827,128,16,16,34.845658480461914,16;32;64;128,34.845658480461914;8.846683042049788;7.664931640304716;2.5630386218489445,0.2,2,247,0.96484375,-92.79634883091785,-61.60910263704136,31.18724619387649,37.4197651470177,11.693676608443031,7.607964038848877
154,1,0.0,0.0015319410601781155,0.0015319410601781155,0.007659705300890577,72.14802705412043,128,16,16,37.147039871834075,16;32;64;128,37.147039871834075;10.827910887839614;8.899921914302459;2.0743529578377857,0.2,2,251,0.98046875,-1123.5589707847685,-361.18849938584026,762.3704713989282,44.91294631967566,14.035295724898644,7.5589869022369385
154,2,0.0015319410601781155,0.003063882120356231,0.0015319410601781155,0.007659705300890577,108.68358998823105,128,16,16,31.307311093739905,16;32;64;128,31.307311093739905;10.691008269819552;6.660030209647232;2.2792774707056545,0.2,2,253,0.98828125,-361.18849938584026,-220.51778124057455,140.6707181452657,41.63632706149166,13.011352206716143,7.556977033615112
154,3,0.003063882120356231,0.004595823180534347,0.0015319410601781157,0.007659705300890577,116.27006562827421,128,16,16,27.54440369915921,16;32;64;128,27.54440369915921;12.308476641532465;7.0716389538420685;2.647527234614302,0.2,2,249,0.97265625,-220.51778124057455,-124.37612653290853,96.14165470766602,38.811008313455034,12.128440097954698,7.592091083526611
154,4,0.004595823180534347,0.006127764240712462,0.0015319410601781153,0.007659705300890577,121.63293362232086,128,16,16,27.493716218917086,16;32;64;128,27.493716218917086;9.874008131065658;6.554395559108492;2.718855952173568,0.2,2,250,0.9765625,-124.37612653290853,-77.94742139603477,46.42870513687376,38.91002518244447,12.159382869513896,7.58527398109436
154,5,0.006127764240712462,0.007659705300890577,0.0015319410601781153,0.007659705300890577,124.07743733712283,128,16,16,35.95315380594098,16;32;64;128,35.95315380594098;9.026655215599003;6.733968656274769;2.503296013503185,0.2,2,249,0.97265625,-77.94742139603477,-63.82878000626806,14.118641389766708,39.6131455170252,12.379107974070376,7.656641006469727
156,1,0.0,0.001871244695124312,0.001871244695124312,0.00935622347562156,69.54202505120288,128,16,16,33.17083041959803,16;32;64;128,33.17083041959803;12.242098558581464;9.260192361159572;1.377453307990463,0.2,2,254,0.9921875,-1136.6590927368961,-331.671765667852,804.9873270690441,39.223642588277635,12.25738830883676,7.554872035980225
156,2,0.001871244695124312,0.003742489390248624,0.001871244695124312,0.00935622347562156,107.54138988280963,128,16,16,30.886644628847133,16;32;64;128,30.886644628847133;13.056749986672203;8.581728687418948;2.299016522338852,0.2,2,254,0.9921875,-331.671765667852,-186.7374627145473,144.93430295330472,37.74012479396188,11.793788998113088,7.603785037994385
156,3,0.003742489390248624,0.005613734085372937,0.0018712446951243125,0.00935622347562156,116.8259144016499,128,16,16,25.514770276864798,16;32;64;128,25.514770276864798;7.895878444348372;5.697733753834786;2.2344703190517063,0.2,2,252,0.984375,-186.7374627145473,-108.14881418563891,78.58864852890838,38.323627507665385,11.976133596145432,7.697750806808472
156,4,0.005613734085372937,0.007484978780497248,0.0018712446951243116,0.00935622347562156,120.90096032995292,128,16,16,39.00474415753766,16;32;64;128,39.00474415753766;14.96719503354973;9.460308974851296;1.8779149628972938,0.2,2,248,0.96875,-108.14881418563891,-89.10770464409143,19.041109541547485,40.03881478759045,12.512129621122014,7.6789281368255615
156,5,0.007484978780497248,0.00935622347562156,0.0018712446951243116,0.00935622347562156,121.42440285329043,128,16,16,32.02189871661467,16;32;64;128,32.02189871661467;8.957396858903229;6.699169382396179;1.5036674554260494,0.2,2,245,0.95703125,-89.10770464409143,-38.268552048073616,50.83915259601781,41.062520694363215,12.832037716988504,8.016310930252075
158,1,0.0,0.001354903860326558,0.001354903860326558,0.00677451930163279,74.25535107953378,128,16,16,34.606489419222335,16;32;64;128,34.606489419222335;10.671797044150088;8.843217714237676;2.080473329732676,0.2,2,253,0.98828125,-1234.245559270028,-395.8849748915527,838.3605843784753,44.964272076096165,14.051335023780052,7.565624952316284
158,2,0.001354903860326558,0.002709807720653116,0.001354903860326558,0.00677451930163279,110.5233432495794,128,16,16,26.9562774728007,16;32;64;128,26.9562774728007;11.77427855795247;7.936810638710011;1.7960009529760803,0.2,2,255,0.99609375,-395.8849748915527,-245.44764884666074,150.43732604489196,39.97793379999296,12.493104312497799,7.59086799621582
158,3,0.002709807720653116,0.0040647115809796745,0.0013549038603265584,0.00677451930163279,117.88751781789003,128,16,16,31.754636482917668,16;32;64;128,31.754636482917668;9.497095274765393;7.222883884695734;2.057321019429731,0.2,2,254,0.9921875,-245.44764884666074,-157.87228340207366,87.57536544458708,39.29962246673497,12.281132020854676,7.58447790145874
158,4,0.0040647115809796745,0.005419615441306232,0.0013549038603265576,0.00677451930163279,122.16619257454428,128,16,16,32.647160419866005,16;32;64;128,32.647160419866005;12.153849248984764;8.07362683651078;2.7487040134644483,0.2,2,254,0.9921875,-157.87228340207366,-129.13047372119036,28.741809680883307,37.0099897706905,11.56562180334078,7.6024298667907715
158,5,0.005419615441306232,0.00677451930163279,0.0013549038603265576,0.00677451930163279,123.44197204419481,128,16,16,24.378283780653202,16;32;64;128,24.378283780653202;8.59026580319695;6.018533215474542;1.9714532140959589,0.2,2,252,0.984375,-129.13047372119036,-115.8059564763098,13.324517244880553,36.194319273849686,11.310724773078027,7.607151985168457
160,1,0.0,0.0009828317147517619,0.0009828317147517619,0.004914158573758809,80.86456834944305,128,16,16,31.638332547842865,16;32;64;128,31.638332547842865;15.823783494615528;9.98693771762988;2.3115276052054416,0.2,2,254,0.9921875,-1536.768691831734,-606.1939949528314,930.5746968789026,44.50033608707868,13.906355027212086,7.781090974807739
160,2,0.0009828317147517619,0.0019656634295035238,0.0009828317147517619,0.004914158573758809,109.21511344565242,128,16,16,35.555256794508686,16;32;64;128,35.555256794508686;12.467468822525378;7.388860846419263;2.7017849439165365,0.2,2,253,0.98828125,-606.1939949528314,-370.88833863899345,235.30565631383797,42.47780167373634,13.274313023042605,8.049870014190674
160,3,0.0019656634295035238,0.0029484951442552854,0.0009828317147517617,0.004914158573758809,117.55530662644452,128,16,16,19.544633027414836,16;32;64;128,19.544633027414836;8.531833397513081;6.065186688620457;1.9093999497764809,0.2,2,255,0.99609375,-370.88833863899345,-305.53949338477105,65.3488452542224,37.6415966046799,11.762998938962467,8.066955089569092
160,4,0.0029484951442552854,0.0039313268590070475,0.000982831714751762,0.004914158573758809,120.77705074485932,128,16,16,31.769668196100284,16;32;64;128,31.769668196100284;15.199077313142476;8.891610029247582;2.8463957933594783,0.2,2,254,0.9921875,-305.53949338477105,-231.16207240335643,74.37742098141462,36.3142144851802,11.348192026618813,7.568464994430542
160,5,0.0039313268590070475,0.004914158573758809,0.0009828317147517612,0.004914158573758809,123.61104261440713,128,16,16,31.078152124195636,16;32;64;128,31.078152124195636;10.312024996117085;7.8558097108383125;2.355958857639172,0.2,2,254,0.9921875,-231.16207240335643,-170.1350682526827,61.02700415067375,36.31177864301537,11.347430825942304,7.571675062179565
162,1,0.0,0.0019359200330874207,0.0019359200330874207,0.009679600165437103,64.68337628431566,128,16,16,28.85565976151444,16;32;64;128,28.85565976151444;12.687738914634098;9.52643147957328;2.642213887076264,0.2,2,251,0.98046875,-1031.0338820004836,-304.3765662400401,726.6573157604435,43.01108441406238,13.440963879394493,7.564203977584839
162,2,0.0019359200330874207,0.0038718400661748413,0.0019359200330874207,0.009679600165437103,106.60175923249281,128,16,16,37.23016585579439,16;32;64;128,37.23016585579439;13.893868500457362;9.92250172628448;2.556798858731722,0.2,2,254,0.9921875,-304.3765662400401,-150.3485163951991,154.028049844841,40.27619287954689,12.586310274858402,7.585687160491943
162,3,0.0038718400661748413,0.005807760099262262,0.0019359200330874207,0.009679600165437103,116.79024487667374,128,16,16,34.5434043288869,16;32;64;128,34.5434043288869;10.082190508798671;8.756147723903371;2.5147341042951643,0.2,2,250,0.9765625,-150.3485163951991,-107.8750418255222,42.47347456967691,40.20723752884011,12.564761727762534,7.701913833618164
162,4,0.005807760099262262,0.007743680132349683,0.0019359200330874207,0.009679600165437103,119.70561789476889,128,16,16,34.88339853931629,16;32;64;128,34.88339853931629;7.9250006078581965;8.43695058505278;2.69715928873398,0.2,2,250,0.9765625,-107.8750418255222,-79.44496225536568,28.430079570156522,40.714233382456236,12.723197932017573,7.696106910705566
162,5,0.007743680132349683,0.009679600165437103,0.0019359200330874207,0.009679600165437103,121.60922090394637,128,16,16,21.294787024809704,16;32;64;128,21.294787024809704;7.737202102937408;4.230497768267775;1.6679570322782802,0.2,2,246,0.9609375,-79.44496225536568,-48.430419223499484,31.014543031866197,39.14335873966244,12.232299606144512,7.631567001342773
164,1,0.0,0.001016627218573987,0.001016627218573987,0.005083136092869935,76.0702831074317,128,16,16,24.53279746483646,16;32;64;128,24.53279746483646;9.433507202931516;6.839626496033878;2.2661735655328124,0.2,2,255,0.99609375,-1618.9743342846632,-717.3300133859739,901.6443208986893,41.56910231421321,12.990344473191628,7.914917945861816
164,2,0.001016627218573987,0.002033254437147974,0.001016627218573987,0.005083136092869935,103.51911611215839,128,16,16,33.69414895318021,16;32;64;128,33.69414895318021;10.755429337874382;8.058236138304528;1.9882314123906948,0.2,2,254,0.9921875,-717.3300133859739,-377.199947270914,340.1300661150599,38.375774549282035,11.992429546650635,8.168045043945312
164,3,0.002033254437147974,0.003049881655721961,0.001016627218573987,0.005083136092869935,116.55495943065976,128,16,16,28.584661251761023,16;32;64;128,28.584661251761023;8.994270115236958;6.6001023071364155;2.190716834926526,0.2,2,253,0.98828125,-377.199947270914,-240.36405193491373,136.83589533600025,36.881674105190505,11.525523157872032,7.806329965591431
164,4,0.003049881655721961,0.004066508874295948,0.001016627218573987,0.005083136092869935,121.84920693070497,128,16,16,26.423564360764182,16;32;64;128,26.423564360764182;9.767876438933202;5.339563960592734;1.9033523438340882,0.2,2,251,0.98046875,-240.36405193491373,-182.38670302391984,57.977348910993896,38.89990555177126,12.156220484928518,8.426326990127563
164,5,0.004066508874295948,0.005083136092869935,0.001016627218573987,0.005083136092869935,123.0509089427976,128,16,16,22.235889378908944,16;32;64;128,22.235889378908944;8.25718501210177;5.948023632407811;2.095989572360262,0.2,2,253,0.98828125,-182.38670302391984,-148.26855704479385,34.118145979125984,37.10951289254087,11.596722778919021,7.754876136779785
166,1,0.0,0.0008452396723978737,0.0008452396723978737,0.004226198361989369,75.98706792565895,128,16,16,37.14530997384952,16;32;64;128,37.14530997384952;15.629735487185599;10.080101498910603;2.347383585756858,0.2,2,255,0.99609375,-1993.0857477013487,-733.1440813931404,1259.9416663082084,42.215404104426824,13.192313782633383,7.608946084976196
166,2,0.0008452396723978737,0.0016904793447957474,0.0008452396723978737,0.004226198361989369,108.6731574703562,128,16,16,36.96883006936424,16;32;64;128,36.96883006936424;13.66510673819401;9.262551197173558;2.104615877877453,0.2,2,254,0.9921875,-733.1440813931404,-428.5224137817859,304.6216676113545,40.40675331145415,12.627110409829422,7.550452947616577
166,3,0.0016904793447957474,0.002535719017193621,0.0008452396723978737,0.004226198361989369,117.5338208949843,128,16,16,26.576578072488992,16;32;64;128,26.576578072488992;11.542355139515871;5.663622961958386;1.3384291551508725,0.2,2,251,0.98046875,-428.5224137817859,-335.09762691304786,93.42478686873801,37.144710620019836,11.607722068756198,7.554455995559692
166,4,0.002535719017193621,0.003380958689591495,0.0008452396723978737,0.004226198361989369,120.51554521421106,128,16,16,25.77047138161199,16;32;64;128,25.77047138161199;9.116921448189865;6.7312426535594305;1.4834877617989235,0.2,2,255,0.99609375,-335.09762691304786,-233.3805026707705,101.71712424227735,36.64839329518226,11.452622904744455,7.586796045303345
166,5,0.003380958689591495,0.004226198361989369,0.0008452396723978737,0.004226198361989369,123.63961989674014,128,16,16,25.368609923123813,16;32;64;128,25.368609923123813;10.503258864401367;7.826005128375037;2.0327829545484586,0.2,2,254,0.9921875,-233.3805026707705,-204.76847593084676,28.61202673992375,36.44497805704497,11.389055642826552,7.633990049362183
168,1,0.0,0.001029649662123519,0.001029649662123519,0.005148248310617595,78.94256217768921,128,16,16,21.256538087937635,16;32;64;128,21.256538087937635;9.852871053457191;7.443727253852564;1.7959128581207198,0.2,2,254,0.9921875,-1534.8003334507812,-700.6879095461918,834.1124239045894,44.839900620234715,14.012468943823349,7.587069988250732
168,2,0.001029649662123519,0.002059299324247038,0.001029649662123519,0.005148248310617595,105.22738649432489,128,16,16,34.87890871307223,16;32;64;128,34.87890871307223;12.474029131267002;8.912743089506998;2.589951691829011,0.2,2,254,0.9921875,-700.6879095461918,-412.90459135873243,287.7833181874594,39.201294478111635,12.250404524409886,7.6308770179748535
168,3,0.002059299324247038,0.0030889489863705575,0.0010296496621235193,0.005148248310617595,115.81105604084799,128,16,16,26.6523407101421,16;32;64;128,26.6523407101421;8.427085630381375;7.018818391985402;2.0121127927138147,0.2,2,256,1.0,-412.90459135873243,-274.16978859121446,138.73480276751798,37.363252128136516,11.67601629004266,7.629212141036987
168,4,0.0030889489863705575,0.004118598648494076,0.0010296496621235189,0.005148248310617595,120.17256760921337,128,16,16,31.0933957241727,16;32;64;128,31.0933957241727;12.09159259351348;7.986981895095453;2.3570864048988844,0.2,2,251,0.98046875,-274.16978859121446,-188.96197754796594,85.20781104324851,38.12578026475973,11.914306332737416,7.745599985122681
168,5,0.004118598648494076,0.005148248310617595,0.0010296496621235189,0.005148248310617595,123.61598305659551,128,16,16,24.283588709125507,16;32;64;128,24.283588709125507;7.923870818213336;6.527803294105173;1.6396994108874023,0.2,2,256,1.0,-188.96197754796594,-143.13126649142941,45.83071105653653,33.500023464179336,10.468757332556041,7.651173114776611
170,1,0.0,0.0019513675898191083,0.0019513675898191083,0.00975683794909554,73.6558616117831,128,16,16,28.716546494628304,16;32;64;128,28.716546494628304;8.433436628077015;7.483133815588384;2.5081858625727187,0.2,2,253,0.98828125,-907.1673223174876,-351.7504663337022,555.4168559837854,42.08292444777391,13.150913889929347,7.647233009338379
170,2,0.0019513675898191083,0.0039027351796382167,0.0019513675898191083,0.00975683794909554,102.44213206212298,128,16,16,25.697989191883867,16;32;64;128,25.697989191883867;12.462815516033906;6.867035185976187;1.9283788404593099,0.2,2,247,0.96484375,-351.7504663337022,-170.05848951329244,181.69197682040976,40.955218379856454,12.79850574370514,8.100815057754517
170,3,0.0039027351796382167,0.005854102769457325,0.0019513675898191083,0.00975683794909554,114.7702984296599,128,16,16,24.05022817405395,16;32;64;128,24.05022817405395;8.918284412424018;6.652220725956437;1.3999952770594832,0.2,2,247,0.96484375,-170.05848951329244,-116.79877075413242,53.25971875916002,40.213108861791355,12.566596519309797,8.223739862442017
170,4,0.005854102769457325,0.007805470359276433,0.0019513675898191083,0.00975683794909554,118.8724282749584,128,16,16,26.351311253551074,16;32;64;128,26.351311253551074;10.669983152330593;6.324652896378613;1.2681723214593699,0.2,2,245,0.95703125,-116.79877075413242,-63.97142694686772,52.8273438072647,37.26972864240845,11.64679020075264,7.743140935897827
170,5,0.007805470359276433,0.00975683794909554,0.0019513675898191075,0.00975683794909554,122.14575534033278,128,16,16,22.584439339435544,16;32;64;128,22.584439339435544;9.220927192692846;4.986576689802778;2.0071961853731057,0.2,2,237,0.92578125,-63.97142694686772,-30.88188585441094,33.089541092456784,43.19361297522282,13.49800405475713,8.000046014785767
172,1,0.0,0.0017055766100629454,0.0017055766100629454,0.008527883050314726,79.82139457817217,128,16,16,27.127059970959255,16;32;64;128,27.127059970959255;13.300876639930827;8.365779011058997;2.639318888020093,0.2,2,254,0.9921875,-885.9098177121487,-338.83021323452704,547.0796044776216,42.98273592632096,13.4321049769753,7.60322117805481
172,2,0.0017055766100629454,0.0034111532201258907,0.0017055766100629454,0.008527883050314726,109.9481885541046,128,16,16,30.12485707908056,16;32;64;128,30.12485707908056;11.054579777139585;6.693703261450852;2.3133326965037857,0.2,2,254,0.9921875,-338.83021323452704,-213.91145888948813,124.9187543450389,40.55112161888057,12.672225505900178,7.586402177810669
172,3,0.0034111532201258907,0.0051167298301888365,0.0017055766100629458,0.008527883050314726,116.25857561895475,128,16,16,32.31047861945594,16;32;64;128,32.31047861945594;7.576296382604806;6.388879381325996;2.385786003060729,0.2,2,251,0.98046875,-213.91145888948813,-152.38827993243467,61.52317895705346,40.42889327552523,12.634029148601634,7.714792966842651
172,4,0.0051167298301888365,0.006822306440251781,0.001705576610062945,0.008527883050314726,118.8856232112449,128,16,16,36.03211479039692,16;32;64;128,36.03211479039692;12.074285356069746;6.753479755605675;1.6515971909000982,0.2,2,247,0.96484375,-152.38827993243467,-99.72535943379626,52.662920498638414,41.671171041879674,13.022240950587397,7.712761878967285
172,5,0.006822306440251781,0.008527883050314726,0.001705576610062945,0.008527883050314726,120.91085091588432,128,16,16,29.788149596177025,16;32;64;128,29.788149596177025;7.325314695667064;7.417492940999908;1.7988285311703296,0.2,2,245,0.95703125,-99.72535943379626,-59.184136895113625,40.54122253868263,38.86471338389281,12.145222932466503,7.996484041213989
174,1,0.0,0.0013479127689088582,0.0013479127689088582,0.00673956384454429,68.66447073680344,128,16,16,36.37413488115293,16;32;64;128,36.37413488115293;13.711687035191247;8.985370909917972;3.2524643205945107,0.2,2,252,0.984375,-1509.4973057522438,-509.54334508802276,999.9539606642211,42.73016827099746,13.353177584686705,7.690598964691162
174,2,0.0013479127689088582,0.0026958255378177164,0.0013479127689088582,0.00673956384454429,104.46296945180833,128,16,16,31.86096386613891,16;32;64;128,31.86096386613891;12.117107525734758;8.084964417563064;2.022081400208912,0.2,2,254,0.9921875,-509.54334508802276,-261.1058615100337,248.43748357798904,39.88047820878841,12.462649440246377,7.6998560428619385
174,3,0.0026958255378177164,0.0040437383067265745,0.0013479127689088582,0.00673956384454429,117.54531786863784,128,16,16,34.9043049180178,16;32;64;128,34.9043049180178;14.233375519340571;10.969941446166628;2.2875153191301867,0.2,2,251,0.98046875,-261.1058615100337,-166.39643531560432,94.7094261944294,40.3968935797479,12.624029243671218,7.6163880825042725
174,4,0.0040437383067265745,0.005391651075635433,0.0013479127689088582,0.00673956384454429,122.14419924002546,128,16,16,33.96225610321026,16;32;64;128,33.96225610321026;11.485566129842637;9.33885853076858;2.57094833496311,0.2,2,255,0.99609375,-166.39643531560432,-113.09125713189133,53.305178183713,38.035247222279004,11.886014756962188,7.729174852371216
174,5,0.005391651075635433,0.00673956384454429,0.0013479127689088573,0.00673956384454429,124.2194481180796,128,16,16,37.70818482912395,16;32;64;128,37.70818482912395;12.995021489796805;7.096737611444339;3.0886705508023375,0.2,2,244,0.953125,-113.09125713189133,-82.35200701275608,30.73925011913525,41.23234069770486,12.885106468032768,7.803117990493774
176,1,0.0,0.0015032420981569428,0.0015032420981569428,0.007516210490784713,65.82653828885822,128,16,16,24.957023404344522,16;32;64;128,24.957023404344522;10.251013870332448;7.717702159948097;2.385201123833836,0.2,2,254,0.9921875,-1520.4647357948124,-486.957915931358,1033.5068198634544,40.49049268051721,12.653278962661627,7.5746870040893555
176,2,0.0015032420981569428,0.0030064841963138855,0.0015032420981569428,0.007516210490784713,102.05513324234322,128,16,16,29.614688861163046,16;32;64;128,29.614688861163046;15.038370223141905;8.504057965210988;2.3233220927340588,0.2,2,252,0.984375,-486.957915931358,-237.1621664238046,249.7957495075534,40.786308137318706,12.745721292912094,7.579797029495239
176,3,0.0030064841963138855,0.004509726294470828,0.0015032420981569428,0.007516210490784713,118.29292991476613,128,16,16,28.777089532913553,16;32;64;128,28.777089532913553;13.79589127386411;8.087472647072277;2.0374415370359786,0.2,2,252,0.984375,-237.1621664238046,-173.40937128016958,63.75279514363501,36.36967975724281,11.365524924138377,7.574190855026245
176,4,0.004509726294470828,0.006012968392627771,0.0015032420981569428,0.007516210490784713,120.26166400718076,128,16,16,27.83117582699829,16;32;64;128,27.83117582699829;8.349144193774574;6.136540150804312;1.5724476974571924,0.2,2,251,0.98046875,-173.40937128016958,-119.67763024580199,53.73174103436759,36.014529938806504,11.254540605877033,7.580980062484741
176,5,0.006012968392627771,0.007516210490784713,0.001503242098156942,0.007516210490784713,122.88475736380559,128,16,16,24.505876269535936,16;32;64;128,24.505876269535936;8.87330785944513;5.912705755805698;1.8418950334653108,0.2,2,249,0.97265625,-119.67763024580199,-93.76164374849759,25.915986497304402,37.815767959037565,11.817427487199238,7.598056077957153
178,1,0.0,0.0015332890585614805,0.0015332890585614805,0.007666445292807402,72.5944264466172,128,16,16,34.38475101396911,16;32;64;128,34.38475101396911;13.01363671651194;7.013402786223125;2.899675860731437,0.2,2,255,0.99609375,-1299.8718596466351,-412.09993618773296,887.7719234589022,42.03723324526076,13.136635389143986,7.556943893432617
178,2,0.0015332890585614805,0.003066578117122961,0.0015332890585614805,0.007666445292807402,105.79863914327144,128,16,16,29.42443004345063,16;32;64;128,29.42443004345063;10.07765410602427;7.2469185834645415;1.652049004896862,0.2,2,252,0.984375,-412.09993618773296,-243.11150025716051,168.98843593057245,38.00130210047296,11.8754069063978,7.627800941467285
178,3,0.003066578117122961,0.0045998671756844415,0.0015332890585614805,0.007666445292807402,115.99273266245858,128,16,16,30.048116090768325,16;32;64;128,30.048116090768325;11.350141100928958;6.500048142823141;2.208016337556306,0.2,2,249,0.97265625,-243.11150025716051,-161.1515357552562,81.95996450190432,37.318884421833445,11.662151381822952,7.598416090011597
178,4,0.0045998671756844415,0.006133156234245922,0.0015332890585614805,0.007666445292807402,120.33019868700379,128,16,16,25.01562039109545,16;32;64;128,25.01562039109545;8.628922139876435;5.58278770899812;2.005946187944664,0.2,2,251,0.98046875,-161.1515357552562,-115.1023226431571,46.049213112099096,37.57080725386652,11.740877266833287,7.685286045074463
178,5,0.006133156234245922,0.007666445292807402,0.0015332890585614796,0.007666445292807402,123.22514575660232,128,16,16,27.14998976072588,16;32;64;128,27.14998976072588;7.897391905598117;4.248847262763286;2.153731162152032,0.2,2,248,0.96875,-115.1023226431571,-86.9149775383994,28.187345104757696,40.18077056642746,12.55649080200858,7.679317951202393
180,1,0.0,0.0009703828711364829,0.0009703828711364829,0.004851914355682415,75.8160047294264,128,16,16,40.83262076957297,16;32;64;128,40.83262076957297;16.414763007199433;11.342215972255941;3.4986979362440653,0.2,2,253,0.98828125,-1645.4113279473968,-695.127704639337,950.2836233080598,45.19750196002435,14.124219362507608,7.606636047363281
180,2,0.0009703828711364829,0.0019407657422729659,0.0009703828711364829,0.004851914355682415,106.19957759572544,128,16,16,36.12982050008688,16;32;64;128,36.12982050008688;13.964294775442804;8.981617712526079;1.906580593628862,0.2,2,254,0.9921875,-695.127704639337,-449.3711751437513,245.7565294955857,39.81598596932469,12.442495615413966,7.65251898765564
180,3,0.0019407657422729659,0.002911148613409449,0.0009703828711364829,0.004851914355682415,114.34512118219067,128,16,16,34.47929054785697,16;32;64;128,34.47929054785697;12.476926633931006;7.131109093761441;2.61463181805131,0.2,2,256,1.0,-449.3711751437513,-295.4088023015065,153.9623728422448,39.45704775145725,12.330327422330392,8.07325792312622
180,4,0.002911148613409449,0.0038815314845459317,0.0009703828711364829,0.004851914355682415,120.22288143012237,128,16,16,23.62473374203967,16;32;64;128,23.62473374203967;9.927692777541047;6.538962565607409;2.205336980513275,0.2,2,254,0.9921875,-295.4088023015065,-228.36075594404247,67.04804635746405,35.14247699462134,10.982024060819167,8.126220941543579
180,5,0.0038815314845459317,0.004851914355682415,0.0009703828711364829,0.004851914355682415,121.9288879160084,128,16,16,22.20271706319603,16;32;64;128,22.20271706319603;8.635752210117515;5.81266353891383;1.929941203771337,0.2,2,253,0.98828125,-228.36075594404247,-151.59542614169186,76.7653298023506,37.51283933196516,11.722762291239112,7.956248998641968
182,1,0.0,0.001288805092122964,0.001288805092122964,0.00644402546061482,72.91966489628743,128,16,16,39.04480800889566,16;32;64;128,39.04480800889566;16.43468215694604;11.489635699991604;2.968503411991286,0.2,2,253,0.98828125,-1371.6744614564814,-392.29188809439074,979.3825733620906,43.18967999884565,13.496774999639264,7.5865700244903564
182,2,0.001288805092122964,0.002577610184245928,0.001288805092122964,0.00644402546061482,110.6145148249837,128,16,16,31.4258112048568,16;32;64;128,31.4258112048568;12.638627312410037;8.254393156829522;2.0734782450688463,0.2,2,255,0.99609375,-392.29188809439074,-215.0946931517683,177.19719494262245,37.706105524670534,11.783157976459542,8.144450902938843
182,3,0.002577610184245928,0.003866415276368892,0.0012888050921229638,0.00644402546061482,119.47068468619948,128,16,16,36.9439632148763,16;32;64;128,36.9439632148763;14.392760308830619;8.48894564632977;2.3359799445600857,0.2,2,254,0.9921875,-215.0946931517683,-166.42203474172857,48.67265841003973,36.76810793786439,11.490033730582622,8.026094913482666
182,4,0.003866415276368892,0.005155220368491856,0.0012888050921229643,0.00644402546061482,121.22351548168805,128,16,16,24.886469596381872,16;32;64;128,24.886469596381872;9.142702298332113;5.468218827536713;1.8942164332160396,0.2,2,249,0.97265625,-166.42203474172857,-107.79516766115557,58.62686708057299,40.59633610604635,12.686355033139485,8.056329011917114
182,5,0.005155220368491856,0.00644402546061482,0.0012888050921229634,0.00644402546061482,124.2458899036335,128,16,16,24.242294721775245,16;32;64;128,24.242294721775245;8.357543097232533;5.557214178215047;1.931200576944342,0.2,2,250,0.9765625,-107.79516766115557,-97.5790888236952,10.216078837460373,38.33041585284836,11.978254954015112,8.088449001312256
184,1,0.0,0.0010257554870416357,0.0010257554870416357,0.005128777435208179,64.5015579172839,128,16,16,34.29653365919595,16;32;64;128,34.29653365919595;12.39465246384809;8.431736617187328;2.2947856002221094,0.2,2,255,0.99609375,-2237.6604589959607,-639.6567600509152,1598.0036989450455,42.58571642202213,13.308036381881916,8.092962980270386
184,2,0.0010257554870416357,0.0020515109740832714,0.0010257554870416357,0.005128777435208179,108.21314175413978,128,16,16,35.32818324342379,16;32;64;128,35.32818324342379;12.57340681484116;8.900377786607246;2.309378284990943,0.2,2,252,0.984375,-639.6567600509152,-425.76845445716754,213.88830559374765,39.8269684547337,12.445927642104282,8.102033138275146
184,3,0.0020515109740832714,0.003077266461124907,0.0010257554870416355,0.005128777435208179,117.3381621428046,128,16,16,37.98149140847773,16;32;64;128,37.98149140847773;12.036632056077906;8.801269412815774;1.9444243783791675,0.2,2,254,0.9921875,-425.76845445716754,-331.00678016780876,94.76167428935878,38.291101174532734,11.965969117041478,7.870966196060181
184,4,0.003077266461124907,0.004103021948166543,0.001025755487041636,0.005128777435208179,119.28619507828259,128,16,16,28.29558866366454,16;32;64;128,28.29558866366454;11.339828052478078;6.350271311374159;1.943469108726097,0.2,2,252,0.984375,-331.00678016780876,-221.61333216930507,109.39344799850369,39.48091918825249,12.337787246328903,7.989450216293335
184,5,0.004103021948166543,0.005128777435208179,0.001025755487041636,0.005128777435208179,122.67880806053073,128,16,16,27.515543705218576,16;32;64;128,27.515543705218576;9.216894412205964;7.90988344135396;2.1993119961003313,0.2,2,251,0.98046875,-221.61333216930507,-156.8675606327597,64.74577153654536,36.11967571826831,11.287398661958846,8.089025020599365
186,1,0.0,0.001149810075795099,0.001149810075795099,0.0057490503789754946,72.51475717440319,128,16,16,32.671816859098,16;32;64;128,32.671816859098;13.988788678375915;8.404532402506275;2.9148174022949647,0.2,2,254,0.9921875,-1702.9909572082106,-554.9220233880333,1148.0689338201773,44.627702781125684,13.946157119101775,7.925075054168701
186,2,0.001149810075795099,0.002299620151590198,0.001149810075795099,0.0057490503789754946,106.64623978986343,128,16,16,29.17577704433591,16;32;64;128,29.17577704433591;11.410675242301043;8.605935788075874;2.648835285149751,0.2,2,253,0.98828125,-554.9220233880333,-297.0120705101872,257.9099528778461,38.63028350701392,12.071963595941849,8.107585191726685
186,3,0.002299620151590198,0.003449430227385297,0.0011498100757950992,0.0057490503789754946,117.90890052261625,128,16,16,26.680535082009467,16;32;64;128,26.680535082009467;12.3159328599009;7.989471055198215;2.8914894070354418,0.2,2,256,1.0,-297.0120705101872,-245.0760684418492,51.936002068337984,37.5057856010419,11.720558000325592,8.10701584815979
186,4,0.003449430227385297,0.004599240303180396,0.0011498100757950987,0.0057490503789754946,120.82442985162962,128,16,16,33.827824169643684,16;32;64;128,33.827824169643684;11.73355292215216;7.934548363063782;2.3173678703537566,0.2,2,254,0.9921875,-245.0760684418492,-174.73185483156703,70.34421361028217,36.17964487047584,11.3061390220237,7.859411954879761
186,5,0.004599240303180396,0.0057490503789754946,0.0011498100757950987,0.0057490503789754946,123.21312252193931,128,16,16,29.82281279110277,16;32;64;128,29.82281279110277;9.652114103487245;7.310781501353653;2.338622839175733,0.2,2,253,0.98828125,-174.73185483156703,-141.07176788320066,33.66008694836637,37.94954890057341,11.85923403142919,7.943979024887085
188,1,0.0,0.0018921849802609175,0.0018921849802609175,0.010086775080252278,64.00000001485054,128,16,16,29.330881479761075,16;32;64;128,29.330881479761075;10.10057796210899;9.888117926876202;2.466871257531163,0.2,2,254,0.9921875,-1156.2765106767183,-291.28518331144005,864.9913273652783,42.17111774408614,13.178474295026918,7.775502920150757
188,2,0.0018921849802609175,0.003909539996311374,0.0020173550160504563,0.010086775080252278,109.7416324738044,128,16,16,34.05062481536615,16;32;64;128,34.05062481536615;14.026220473329833;7.428044772235484;2.6522076162030417,0.2,2,253,0.98828125,-291.28518331144005,-157.60133669740753,133.68384661403252,38.23857181901992,11.949553693443724,7.7395031452178955
188,3,0.003909539996311374,0.00592689501236183,0.0020173550160504563,0.010086775080252278,117.82913946161246,128,16,16,29.34252321076111,16;32;64;128,29.34252321076111;7.574851170518606;7.775766298276301;1.462117922863289,0.2,2,250,0.9765625,-157.60133669740753,-109.206159704132,48.39517699327553,39.27578983730251,12.273684324157035,7.6984357833862305
188,4,0.00592689501236183,0.007944250028412286,0.0020173550160504563,0.010086775080252278,120.70799135720011,128,16,16,26.478523052206047,16;32;64;128,26.478523052206047;8.975249119625248;6.059948413252328;1.9054984306336664,0.2,2,246,0.9609375,-109.206159704132,-85.25519245164469,23.950967252487317,37.15463256147046,11.610822675459517,7.683012008666992
188,5,0.007944250028412286,0.009961605044462743,0.0020173550160504563,0.010086775080252278,121.74406109168099,128,16,16,19.316917733567507,16;32;64;128,19.316917733567507;7.431249088205065;5.013144711843503;1.7867811303498984,0.2,2,249,0.97265625,-85.25519245164469,-51.29741975152865,33.95777270011604,36.84007476598985,11.512523364371827,7.725289821624756
188,6,0.009961605044462743,0.010086775080252278,0.00012517003578953537,0.010086775080252278,127.97750994584243,128,16,16,25.615909656719893,16;32;64;128,25.615909656719893;7.337633760646192;6.741215533851892;2.290616096559154,0.2,2,242,0.9453125,-51.29741975152865,-54.11854250356555,-2.8211227520368993,40.685110025663136,12.71409688301973,7.805531978607178
190,1,0.0,0.0023266746804572335,0.0023266746804572335,0.011633373402286167,80.76146995843663,128,16,16,26.87451326900532,16;32;64;128,26.87451326900532;10.042729621761955;7.920718297252583;1.817147668536462,0.2,2,250,0.9765625,-615.9560088920407,-184.89565806789324,431.06035082414746,44.81953228144907,14.006103837952834,7.60135293006897
190,2,0.0023266746804572335,0.004653349360914467,0.0023266746804572335,0.011633373402286167,108.50599571052385,128,16,16,36.12841105876513,16;32;64;128,36.12841105876513;14.553900732241466;9.990978176314176;2.0133267252670413,0.2,2,244,0.953125,-184.89565806789324,-94.59307146130595,90.30258660658728,46.666600892671475,14.583312778959835,7.617331027984619
190,3,0.004653349360914467,0.006980024041371701,0.002326674680457234,0.011633373402286167,116.69097229735164,128,16,16,35.75012802548985,16;32;64;128,35.75012802548985;10.352713497845862;7.074387834910179;1.5073865019038657,0.2,2,237,0.92578125,-94.59307146130595,-52.07255838031415,42.520513080991805,43.24934713968226,13.515420981150704,7.655704975128174
190,4,0.006980024041371701,0.009306698721828934,0.002326674680457233,0.011633373402286167,119.95757382554694,128,16,16,31.4517633710324,16;32;64;128,31.4517633710324;6.933125461176539;6.71008649038324;0.7955687587604107,0.2,2,230,0.8984375,-52.07255838031415,4.931482334970497,57.004040715284646,45.47330126115391,14.210406644110595,7.7549920082092285
190,5,0.009306698721828934,0.011633373402286167,0.002326674680457233,0.011633373402286167,123.34360855714259,128,16,16,26.66710200345599,16;32;64;128,26.66710200345599;8.483177012313966;5.295557143480401;1.3875160790575143,0.2,2,225,0.87890625,4.931482334970497,21.48781338799745,16.556331053026952,45.846938360669824,14.32716823770932,7.677435874938965
192,1,0.0,0.0015073252653199389,0.0015073252653199389,0.007536626326599694,81.31279625927259,128,16,16,33.85564036423728,16;32;64;128,33.85564036423728;13.524606052522536;9.985856263124342;2.931621238461323,0.2,2,253,0.98828125,-987.7751184473746,-366.0295605506981,621.7455578966765,42.19609573996515,13.186279918739109,7.663127183914185
192,2,0.0015073252653199389,0.0030146505306398778,0.0015073252653199389,0.007536626326599694,110.29547960047182,128,16,16,27.96570206457646,16;32;64;128,27.96570206457646;9.743672001154307;9.224010196222705;2.1269971765303177,0.2,2,252,0.984375,-366.0295605506981,-204.46858964359853,161.56097090709955,38.59680124579019,12.061500389309433,8.120229005813599
192,3,0.0030146505306398778,0.004521975795959816,0.0015073252653199387,0.007536626326599694,118.97849961489125,128,16,16,30.915736874571344,16;32;64;128,30.915736874571344;11.709498433142146;5.363866549969006;2.2077716098146984,0.2,2,254,0.9921875,-204.46858964359853,-166.62597364815883,37.8426159954397,40.63579031099379,12.698684472185558,8.377325057983398
192,4,0.004521975795959816,0.0060293010612797555,0.001507325265319939,0.007536626326599694,120.88865953158404,128,16,16,32.34358985287919,16;32;64;128,32.34358985287919;12.751966948901165;8.15675429638862;1.9516597093733807,0.2,2,251,0.98046875,-166.62597364815883,-121.34250791289378,45.283465735265054,39.56632751276324,12.36447734773851,8.020139932632446
192,5,0.0060293010612797555,0.007536626326599694,0.0015073252653199382,0.007536626326599694,122.6225384136062,128,16,16,30.427328846925423,16;32;64;128,30.427328846925423;11.839255240115023;9.188830537537847;1.7612491678294275,0.2,2,250,0.9765625,-121.34250791289378,-95.00084315089043,26.341664762003347,38.294531605997705,11.967041126874282,8.186453819274902
194,1,0.0,0.0010074915971589082,0.0010074915971589082,0.005037457985794541,78.21733684027551,128,16,16,33.98851867568838,16;32;64;128,33.98851867568838;14.499369227113174;9.771869796454265;3.559913020608918,0.2,2,254,0.9921875,-1642.3749583611498,-504.75731098500546,1137.6176473761443,42.8322299256062,13.385071851751936,7.850248098373413
194,2,0.0010074915971589082,0.0020149831943178163,0.0010074915971589082,0.005037457985794541,112.07494277744325,128,16,16,40.159340095299854,16;32;64;128,40.159340095299854;13.081033185250384;10.402203853318314;2.8323435150409204,0.2,2,255,0.99609375,-504.75731098500546,-370.6462339652935,134.11107701971196,39.0444711427746,12.201397232117062,7.657610177993774
194,3,0.0020149831943178163,0.0030224747914767243,0.001007491597158908,0.005037457985794541,117.0544635020686,128,16,16,32.828505409313244,16;32;64;128,32.828505409313244;11.543811722884492;7.576755510903516;2.901580566299046,0.2,2,255,0.99609375,-370.6462339652935,-273.6349341131281,97.0112998521654,41.12049703120808,12.850155322252524,7.581770896911621
194,4,0.0030224747914767243,0.004029966388635633,0.0010074915971589084,0.005037457985794541,121.29098356269066,128,16,16,39.17567406915363,16;32;64;128,39.17567406915363;15.833625508562507;11.181290887197548;2.7849153246963967,0.2,2,251,0.98046875,-273.6349341131281,-193.2162611526437,80.4186729604844,39.84770672132063,12.452408350412695,7.594563007354736
194,5,0.004029966388635633,0.005037457985794541,0.0010074915971589084,0.005037457985794541,123.70923833013003,128,16,16,31.613011128405557,16;32;64;128,31.613011128405557;10.043405575922739;9.558225015808578;2.258456228367688,0.2,2,252,0.984375,-193.2162611526437,-133.57740979798837,59.638851354655344,39.34694505540936,12.295920329815424,7.939995050430298
196,1,0.0,0.0020053664727571335,0.0020053664727571335,0.010026832363785668,68.671091212536,128,16,16,34.02466090679544,16;32;64;128,34.02466090679544;12.279818084476096;9.319503830323233;3.1096465313080373,0.2,2,252,0.984375,-1048.8366038759705,-304.5027512151282,744.3338526608422,44.272179130190494,13.83505597818453,7.60785698890686
196,2,0.0020053664727571335,0.004010732945514267,0.0020053664727571335,0.010026832363785668,106.53843127872135,128,16,16,31.205888482364756,16;32;64;128,31.205888482364756;13.506195053379095;7.794457864448239;2.429200443317584,0.2,2,254,0.9921875,-304.5027512151282,-169.23752712807618,135.26522408705205,37.897491593767654,11.842966123052392,7.585067987442017
196,3,0.004010732945514267,0.006016099418271401,0.0020053664727571335,0.010026832363785668,115.2317279723162,128,16,16,29.97818931488716,16;32;64;128,29.97818931488716;9.735052364661302;7.66014672812435;2.5541293503687656,0.2,2,249,0.97265625,-169.23752712807618,-81.67381573328748,87.5637113947887,41.983984781399215,13.119995244187255,7.536240100860596
196,4,0.006016099418271401,0.008021465891028534,0.0020053664727571335,0.010026832363785668,120.3351989112751,128,16,16,25.93912273210315,16;32;64;128,25.93912273210315;9.301784959424978;6.620049066833619;1.7304414418425307,0.2,2,245,0.95703125,-81.67381573328748,-61.20863530202769,20.465180431259796,39.63063600259598,12.384573750811242,7.534929037094116
196,5,0.008021465891028534,0.010026832363785668,0.0020053664727571335,0.010026832363785668,121.96672646437396,128,16,16,26.27999843149848,16;32;64;128,26.27999843149848;6.3742394341706365;5.021887699336023;1.5400252828881449,0.2,2,247,0.96484375,-61.20863530202769,-31.014359157416038,30.19427614461165,40.18268016322345,12.557087551007328,7.5573999881744385
198,1,0.0,0.001666537074346505,0.001666537074346505,0.008332685371732524,69.73348195638061,128,16,16,40.028205886828424,16;32;64;128,40.028205886828424;14.958494525208572;10.192751692852218;2.972342372896122,0.2,2,255,0.99609375,-1064.24281464261,-361.79528629384004,702.44752834877,41.96006865560996,13.112521454878111,7.489789009094238
198,2,0.001666537074346505,0.00333307414869301,0.001666537074346505,0.008332685371732524,105.62885943256804,128,16,16,30.674429402061783,16;32;64;128,30.674429402061783;10.950006100229364;7.7568624333874965;1.460263139465865,0.2,2,252,0.984375,-361.79528629384004,-214.29848207323812,147.49680422060192,40.09689105891122,12.530278455909755,7.509888172149658
198,3,0.00333307414869301,0.004999611223039515,0.0016665370743465051,0.008332685371732524,116.72323252176132,128,16,16,29.924410302490827,16;32;64;128,29.924410302490827;11.182786061300575;8.135520149761112;1.4138390534825322,0.2,2,245,0.95703125,-214.29848207323812,-127.9283082204638,86.37017385277431,42.83798408440662,13.386870026377068,7.524024963378906
198,4,0.004999611223039515,0.00666614829738602,0.0016665370743465047,0.008332685371732524,120.39676317393469,128,16,16,23.745409720949894,16;32;64;128,23.745409720949894;7.828654184486188;3.473719953447903;2.0467860844430006,0.2,2,241,0.94140625,-127.9283082204638,-93.75405187672004,34.174256343743764,42.34579832122255,13.233061975382046,7.551871061325073
198,5,0.00666614829738602,0.008332685371732524,0.0016665370743465047,0.008332685371732524,122.27450803876316,128,16,16,20.478199568014563,16;32;64;128,20.478199568014563;6.809248734948445;2.4750442185900416;1.686712644905212,0.2,2,236,0.921875,-93.75405187672004,-52.40674129163381,41.347310585086234,47.46575857961479,14.833049556129621,7.525194883346558
200,1,0.0,0.0015885837805782073,0.0015885837805782073,0.007942918902891036,71.72994693403105,128,16,16,30.89655546554015,16;32;64;128,30.89655546554015;15.621619409423536;8.612612704082888;2.9823065007994454,0.2,2,256,1.0,-1181.0222988566384,-422.75691542809363,758.2653834285447,41.348123998681906,12.921288749588095,7.498829126358032
200,2,0.0015885837805782073,0.0031771675611564146,0.0015885837805782073,0.007942918902891036,106.59899833222694,128,16,16,32.09393743495985,16;32;64;128,32.09393743495985;9.057722104217158;7.05531827753371;2.554500062301329,0.2,2,254,0.9921875,-422.75691542809363,-257.3551756934612,165.40173973463243,39.54726208809427,12.35851940252946,7.495328903198242
200,3,0.0031771675611564146,0.004765751341734622,0.0015885837805782073,0.007942918902891036,116.42077227927795,128,16,16,32.89382909733899,16;32;64;128,32.89382909733899;12.456974141526832;7.058294958111883;1.7608175605894154,0.2,2,254,0.9921875,-257.3551756934612,-163.83474393025972,93.52043176320149,36.66632557977986,11.458226743681205,7.511528968811035
200,4,0.004765751341734622,0.006354335122312829,0.0015885837805782073,0.007942918902891036,120.7995711534258,128,16,16,29.33301687959672,16;32;64;128,29.33301687959672;9.051714589935258;7.54705764373125;2.264717219374358,0.2,2,255,0.99609375,-163.83474393025972,-99.12951460486511,64.70522932539461,35.865007555258046,11.20781486101814,7.527421951293945
200,5,0.006354335122312829,0.007942918902891036,0.0015885837805782073,0.007942918902891036,123.59324114173718,128,16,16,24.161180066671857,16;32;64;128,24.161180066671857;9.70441401060639;6.100350285585063;1.3370075024788353,0.2,2,253,0.98828125,-99.12951460486511,-57.61213437153492,41.51738023333019,35.44602721002824,11.076883503133825,7.556754112243652
202,1,0.0,0.001214296187535469,0.001214296187535469,0.006071480937677344,77.09394705370394,128,16,16,38.89444428494784,16;32;64;128,38.89444428494784;14.278718691252786;9.67402716689282;2.3346252219829506,0.2,2,256,1.0,-1374.2472459352575,-523.0632611646433,851.1839847706142,41.30994980988907,12.909359315590333,7.451799154281616
202,2,0.001214296187535469,0.002428592375070938,0.001214296187535469,0.006071480937677344,107.92531883113136,128,16,16,34.72413004428314,16;32;64;128,34.72413004428314;13.829896723544179;8.282712746912656;2.527562358503768,0.2,2,254,0.9921875,-523.0632611646433,-353.06115819874685,170.00210296589648,39.738123315413944,12.418163536066857,7.45799708366394
202,3,0.002428592375070938,0.003642888562606407,0.001214296187535469,0.006071480937677344,115.02365792829609,128,16,16,36.44978267214546,16;32;64;128,36.44978267214546;11.593110549593918;8.372772753226814;2.979244436356244,0.2,2,253,0.98828125,-353.06115819874685,-228.23282091424335,124.8283372845035,40.24911321162541,12.577847878632939,7.471029996871948
202,4,0.003642888562606407,0.004857184750141876,0.001214296187535469,0.006071480937677344,119.09949181508634,128,16,16,27.984131428193713,16;32;64;128,27.984131428193713;9.023397153259598;6.1061720522159275;1.9101783384385298,0.2,2,251,0.98046875,-228.23282091424335,-152.31679822155274,75.9160226926906,38.13871490457898,11.91834840768093,7.4843549728393555
202,5,0.004857184750141876,0.006071480937677344,0.0012142961875354682,0.006071480937677344,122.73144337853512,128,16,16,30.65869694823132,16;32;64;128,30.65869694823132;11.085208895677987;6.179303673190617;2.3040870321627382,0.2,2,252,0.984375,-152.31679822155274,-116.72572627232876,35.59107194922399,35.09701267922107,10.967816462256584,7.51607608795166
204,1,0.0,0.001560614550971106,0.001560614550971106,0.00780307275485553,74.77131095128989,128,16,16,26.031331898277507,16;32;64;128,26.031331898277507;11.350084732299415;7.212298776411515;2.0361402728547957,0.2,2,256,1.0,-1218.7823813587893,-438.96293900808087,779.8194423507084,37.68786502169647,11.777457819280146,7.476799964904785
204,2,0.001560614550971106,0.003121229101942212,0.001560614550971106,0.00780307275485553,106.75456284195361,128,16,16,37.31867816449114,16;32;64;128,37.31867816449114;12.678962988135515;8.52069941775316;2.651933600599511,0.2,2,253,0.98828125,-438.96293900808087,-287.41127159347525,151.55166741460562,39.676244269891164,12.398826334340988,7.488312005996704
204,3,0.003121229101942212,0.004681843652913319,0.0015606145509711065,0.00780307275485553,114.74173583107213,128,16,16,35.22720002297058,16;32;64;128,35.22720002297058;10.552655964740582;6.987009138390854;2.3420550425470075,0.2,2,250,0.9765625,-287.41127159347525,-169.5515073169372,117.85976427653804,40.5334361039753,12.66669878249228,7.511685848236084
204,4,0.004681843652913319,0.006242458203884424,0.0015606145509711056,0.00780307275485553,120.1853966365583,128,16,16,33.37522395966339,16;32;64;128,33.37522395966339;9.557714973119667;8.417521612529924;2.0443978854298215,0.2,2,253,0.98828125,-169.5515073169372,-113.38425938607543,56.16724793086178,37.35738467264437,11.674182710201366,7.505171060562134
204,5,0.006242458203884424,0.00780307275485553,0.0015606145509711056,0.00780307275485553,122.15997809151825,128,16,16,32.398580626386604,16;32;64;128,32.398580626386604;13.266621798133272;9.214942592045132;2.5971050858541904,0.2,2,246,0.9609375,-113.38425938607543,-92.56469087256119,20.81956851351424,41.85780820110994,13.080565062846855,7.515031099319458
206,1,0.0,0.0012188243229901462,0.0012188243229901462,0.00609412161495073,80.50432984185821,128,16,16,36.98328496783464,16;32;64;128,36.98328496783464;15.421958425424846;9.260470199828138;3.0753371552942697,0.2,2,256,1.0,-1266.966732267756,-634.5606518525165,632.4060804152396,43.768321292554646,13.677600403923327,7.486699104309082
206,2,0.0012188243229901462,0.0024376486459802924,0.0012188243229901462,0.00609412161495073,102.29691258999985,128,16,16,40.07750019891636,16;32;64;128,40.07750019891636;13.36707528728513;10.125655518322578;3.057383847923843,0.2,2,252,0.984375,-634.5606518525165,-359.87896335322876,274.6816884992877,39.61750948282055,12.380471713381421,7.493221998214722
206,3,0.0024376486459802924,0.0036564729689704386,0.0012188243229901462,0.00609412161495073,114.64670377127,128,16,16,25.31209767141478,16;32;64;128,25.31209767141478;9.376551443183816;4.680338487948989;2.322849349638012,0.2,2,255,0.99609375,-359.87896335322876,-229.6284244687995,130.25053888442926,38.81957043660842,12.131115761440132,7.506481885910034
206,4,0.0036564729689704386,0.004875297291960585,0.0012188243229901462,0.00609412161495073,120.35058595917987,128,16,16,28.2911280918757,16;32;64;128,28.2911280918757;12.97664182201419;8.574113035121695;2.267825859449839,0.2,2,254,0.9921875,-229.6284244687995,-196.28000764828175,33.34841682051774,37.65668005289486,11.767712516529643,7.514272928237915
206,5,0.004875297291960585,0.00609412161495073,0.0012188243229901453,0.00609412161495073,121.47030573342907,128,16,16,27.26298058215334,16;32;64;128,27.26298058215334;9.153915498476774;7.242248583266619;1.6825778223532188,0.2,2,249,0.97265625,-196.28000764828175,-140.5772864621249,55.70272118615685,38.462652267934786,12.01957883372962,7.535737991333008
208,1,0.0,0.0010444366035399861,0.0010444366035399861,0.00522218301769993,80.599559532388,128,16,16,36.892386793825494,16;32;64;128,36.892386793825494;11.145738469519424;8.837556536057876;2.72156717093222,0.2,2,251,0.98046875,-1456.7334778620861,-519.7097757444717,937.0237021176144,43.622591221124,13.63205975660125,7.4948570728302
208,2,0.0010444366035399861,0.0020888732070799723,0.0010444366035399861,0.00522218301769993,110.74611710410785,128,16,16,28.167764252909578,16;32;64;128,28.167764252909578;11.21713130331845;6.4004581589038;1.710805028730274,0.2,2,256,1.0,-519.7097757444717,-281.83201576955616,237.87775997491553,37.36322325994265,11.676007268732077,7.483712196350098
208,3,0.0020888732070799723,0.0031333098106199582,0.001044436603539986,0.00522218301769993,119.1773310590347,128,16,16,35.5561090920444,16;32;64;128,35.5561090920444;8.820894044368126;7.6957165498869236;2.11484010406461,0.2,2,253,0.98828125,-281.83201576955616,-213.24441285862122,68.58760291093495,36.998467525618416,11.562021101755754,7.504326105117798
208,4,0.0031333098106199582,0.004177746414159945,0.0010444366035399864,0.00522218301769993,122.07837607173232,128,16,16,25.6168091246395,16;32;64;128,25.6168091246395;9.848628193245563;6.548200363534511;1.4089268137174682,0.2,2,254,0.9921875,-213.24441285862122,-145.05268851068104,68.19172434794018,35.10705722782847,10.970955383696396,7.5175230503082275
208,5,0.004177746414159945,0.00522218301769993,0.0010444366035399855,0.00522218301769993,124.33738928772571,128,16,16,21.58312584419122,16;32;64;128,21.58312584419122;9.754362840722326;6.500919784608269;1.5053826888171598,0.2,2,252,0.984375,-145.05268851068104,-143.04033843812067,2.0123500725603662,37.14085366709566,11.606516770967394,7.5186309814453125
210,1,0.0,0.001583581517712222,0.001583581517712222,0.00791790758856111,76.33015312353403,128,16,16,36.80431691784634,16;32;64;128,36.80431691784634;16.047645575992906;8.47972695164966;2.8178962599553525,0.2,2,255,0.99609375,-1061.7998367000837,-351.85389243403915,709.9459442660445,42.301414159426834,13.219191924820885,7.461825847625732
210,2,0.001583581517712222,0.003167163035424444,0.001583581517712222,0.00791790758856111,109.62325239724481,128,16,16,28.275307336249675,16;32;64;128,28.275307336249675;10.152351547797892;5.719235876368627;1.657947014375854,0.2,2,254,0.9921875,-351.85389243403915,-244.47446012153523,107.37943231250392,39.653573480386314,12.391741712620723,7.508562088012695
210,3,0.003167163035424444,0.004750744553136666,0.0015835815177122222,0.00791790758856111,116.12613815910116,128,16,16,35.30061087849527,16;32;64;128,35.30061087849527;10.896470565508842;8.964071110897951;1.7890308889985296,0.2,2,253,0.98828125,-244.47446012153523,-180.24946682417067,64.22499329736456,40.53419710740274,12.666936596063355,7.516508102416992
210,4,0.004750744553136666,0.006334326070848888,0.0015835815177122218,0.00791790758856111,119.73244629071544,128,16,16,35.956936315208615,16;32;64;128,35.956936315208615;12.661965916074742;8.660928183530952;2.0755265547033517,0.2,2,254,0.9921875,-180.24946682417067,-126.19842322845943,54.051043595711235,37.289807823949154,11.65306494498411,7.498044013977051
210,5,0.006334326070848888,0.00791790758856111,0.0015835815177122218,0.00791790758856111,122.37708575398932,128,16,16,18.591465339932444,16;32;64;128,18.591465339932444;5.664465616623378;3.7375476263196483;1.1881112301648884,0.2,2,250,0.9765625,-126.19842322845943,-66.43146804114804,59.766955187311396,37.385965357371454,11.683114174178579,7.5401930809021
212,1,0.0,0.001191864858586768,0.001191864858586768,0.00595932429293384,79.34988211819508,128,16,16,29.170772042898363,16;32;64;128,29.170772042898363;12.715840667004905;8.70521154212266;2.5035109314535497,0.2,2,255,0.99609375,-1150.7647963073105,-542.4344414233929,608.3303548839176,45.85654244102669,14.33016951282084,7.4943320751190186
212,2,0.001191864858586768,0.002383729717173536,0.001191864858586768,0.00595932429293384,104.52844199901438,128,16,16,34.001671928506504,16;32;64;128,34.001671928506504;14.18395568683374;9.008082852084472;2.3208226893265493,0.2,2,253,0.98828125,-542.4344414233929,-266.94883828621823,275.4856031371746,39.817125167945235,12.442851614982885,7.501909017562866
212,3,0.002383729717173536,0.003575594575760304,0.001191864858586768,0.00595932429293384,118.58375392862851,128,16,16,25.16902057799763,16;32;64;128,25.16902057799763;8.92287741300995;6.713101190669535;1.9688129671615406,0.2,2,252,0.984375,-266.94883828621823,-171.1082115751924,95.84062671102583,39.701799825368894,12.406812445427779,7.521136999130249
212,4,0.003575594575760304,0.004767459434347072,0.001191864858586768,0.00595932429293384,122.95710492213306,128,16,16,27.27721156020403,16;32;64;128,27.27721156020403;10.42825821853038;6.37731246613283;1.4793013485061903,0.2,2,244,0.953125,-171.1082115751924,-137.24468189186882,33.86352968332358,42.26346330906113,13.207332284081602,7.532017946243286
212,5,0.004767459434347072,0.00595932429293384,0.0011918648585867676,0.00595932429293384,123.2750402665884,128,16,16,35.72637067604885,16;32;64;128,35.72637067604885;7.981050265895325;7.6761956185244;2.1191504455444647,0.2,2,249,0.97265625,-137.24468189186882,-97.72391823737416,39.52076365449466,36.80605258618268,11.501891433182086,7.524235963821411
214,1,0.0,0.001817705963259358,0.001817705963259358,0.00908852981629679,67.08793795029243,128,16,16,27.643190543694466,16;32;64;128,27.643190543694466;12.815149593162813;7.222272821190413;2.0901776811575794,0.2,2,255,0.99609375,-1017.702622651821,-339.142883497756,678.559739154065,38.49969364008376,12.031154262526176,7.498571872711182
214,2,0.001817705963259358,0.003635411926518716,0.001817705963259358,0.00908852981629679,105.50774034099476,128,16,16,32.06743065893859,16;32;64;128,32.06743065893859;11.714606838187184;8.025900462112507;2.354127352203226,0.2,2,251,0.98046875,-339.142883497756,-212.5027629629476,126.64012053480837,41.09109996068178,12.840968737713055,7.520543098449707
214,3,0.003635411926518716,0.0054531178897780745,0.0018177059632593583,0.00908852981629679,114.14118512518904,128,16,16,31.073815965653313,16;32;64;128,31.073815965653313;9.260130151949694;6.675154942381907;2.1178259418867005,0.2,2,253,0.98828125,-212.5027629629476,-125.71092431043508,86.79183865251252,38.47784059841695,12.024325187005296,7.511209011077881
214,4,0.0054531178897780745,0.007270823853037432,0.0018177059632593579,0.00908852981629679,119.44549395265804,128,16,16,29.401155233715585,16;32;64;128,29.401155233715585;9.197924169670985;6.574896401018743;2.052909013098455,0.2,2,245,0.95703125,-125.71092431043508,-64.6369173626299,61.074006947805174,40.75429348611073,12.735716714409604,7.5226640701293945
214,5,0.007270823853037432,0.00908852981629679,0.0018177059632593579,0.00908852981629679,123.09230739577887,128,16,16,32.35931017342024,16;32;64;128,32.35931017342024;10.962418679268302;5.7416697468445355;1.6568281987846505,0.2,2,249,0.97265625,-64.6369173626299,-39.09015060344245,25.54676675918745,38.71249258384573,12.09765393245179,7.5211968421936035
216,1,0.0,0.0017485287706963757,0.0017485287706963757,0.008742643853481879,75.98259611081954,128,16,16,24.196057439077826,16;32;64;128,24.196057439077826;10.114177114998814;6.083918061142094;1.9319451689431435,0.2,2,253,0.98828125,-1008.6673104447545,-344.82492770114914,663.8423827436054,45.17408341078574,14.116901065870543,7.487977027893066
216,2,0.0017485287706963757,0.0034970575413927514,0.0017485287706963757,0.008742643853481879,108.12542502166559,128,16,16,37.05433455924586,16;32;64;128,37.05433455924586;13.137750881662535;8.58341561959788;2.1322092462607123,0.2,2,251,0.98046875,-344.82492770114914,-226.3432293292135,118.48169837193564,39.88752807323828,12.46485252288696,7.49259090423584
216,3,0.0034970575413927514,0.005245586312089127,0.0017485287706963757,0.008742643853481879,115.76897786149219,128,16,16,26.928877071694863,16;32;64;128,26.928877071694863;8.933417126150625;8.467681852098037;2.3307200180166103,0.2,2,253,0.98828125,-226.3432293292135,-163.66455453413073,62.67867479508277,38.7852149923692,12.120379685115374,7.50053596496582
216,4,0.005245586312089127,0.006994115082785503,0.0017485287706963757,0.008742643853481879,119.18029896175958,128,16,16,24.01389918445691,16;32;64;128,24.01389918445691;8.412657318422225;6.396238526930718;2.2140274603654864,0.2,2,249,0.97265625,-163.66455453413073,-86.23643512860872,77.42811940552201,36.537289312185685,11.417902910058025,7.524546146392822
216,5,0.006994115082785503,0.008742643853481879,0.0017485287706963757,0.008742643853481879,123.01663068513228,128,16,16,32.264389095111376,16;32;64;128,32.264389095111376;9.124696432939578;7.124060062786804;1.7357538365657572,0.2,2,248,0.96875,-86.23643512860872,-63.66287655098131,22.57355857762741,37.515162211004245,11.723488190938825,7.542006969451904
218,1,0.0,0.001819295515494111,0.001819295515494111,0.009096477577470554,72.47597082058397,128,16,16,33.02164910829499,16;32;64;128,33.02164910829499;13.505508103059633;8.398614366658714;2.3362147959984787,0.2,2,254,0.9921875,-1031.3360350676812,-378.6198753074277,652.7161597602535,42.83730415414747,13.386657548171083,7.486999034881592
218,2,0.001819295515494111,0.003638591030988222,0.001819295515494111,0.009096477577470554,104.40667500926803,128,16,16,34.220511835601336,16;32;64;128,34.220511835601336;13.110327727073267;6.255812944512844;2.4164352633882227,0.2,2,253,0.98828125,-378.6198753074277,-212.3788082121173,166.24106709531043,39.074595092210444,12.210810966315764,7.51093602180481
218,3,0.003638591030988222,0.005457886546482333,0.0018192955154941108,0.009096477577470554,115.77506257594258,128,16,16,36.221246585269085,16;32;64;128,36.221246585269085;10.457960894714136;8.991225195031221;3.079915268730147,0.2,2,252,0.984375,-212.3788082121173,-165.19950586778577,47.17930234433152,40.01648524904043,12.505151640325133,7.5185768604278564
218,4,0.005457886546482333,0.007277182061976444,0.0018192955154941112,0.009096477577470554,117.55524357608921,128,16,16,26.014904950719153,16;32;64;128,26.014904950719153;8.796301306702006;7.017107846665552;2.1752276104597765,0.2,2,244,0.953125,-165.19950586778577,-114.7723781146342,50.42712775315158,38.109101901666634,11.909094344270823,7.5245420932769775
218,5,0.007277182061976444,0.009096477577470554,0.0018192955154941104,0.009096477577470554,120.34336460025304,128,16,16,35.35131803217371,16;32;64;128,35.35131803217371;11.240869986180632;6.651802008355694;1.8944075826187667,0.2,2,242,0.9453125,-114.7723781146342,-60.11137114057783,54.66100697405636,41.21451339085041,12.879535434640754,7.584216117858887
220,1,0.0,0.0014337397486832069,0.0014337397486832069,0.007168698743416034,69.0342984470992,128,16,16,29.218206759586682,16;32;64;128,29.218206759586682;11.793332025119716;7.221103925339734;1.9861602817585278,0.2,2,253,0.98828125,-1483.4106619639788,-436.59548061480746,1046.8151813491713,41.024374960177326,12.820117175055413,7.721456050872803
220,2,0.0014337397486832069,0.0028674794973664137,0.0014337397486832069,0.007168698743416034,108.79183599555024,128,16,16,32.70376313975582,16;32;64;128,32.70376313975582;11.827976471960842;9.333845173494753;2.687649220325403,0.2,2,255,0.99609375,-436.59548061480746,-237.7028254015604,198.89265521324705,38.10342976839131,11.907321802622283,7.495016098022461
220,3,0.0028674794973664137,0.00430121924604962,0.0014337397486832064,0.007168698743416034,117.96836556874975,128,16,16,35.273525713769196,16;32;64;128,35.273525713769196;10.249258965995793;7.103766405311651;1.983301048874017,0.2,2,255,0.99609375,-237.7028254015604,-177.13728969322983,60.56553570833057,37.477223050741316,11.711632203356661,7.504625082015991
220,4,0.00430121924604962,0.005734958994732827,0.0014337397486832073,0.007168698743416034,120.05339548811298,128,16,16,33.83482476909425,16;32;64;128,33.83482476909425;12.20628319974548;7.871378630288704;2.3050507998201053,0.2,2,249,0.97265625,-177.13728969322983,-132.68190542521188,44.45538426801795,36.57253099677224,11.428915936491324,7.519021034240723
220,5,0.005734958994732827,0.007168698743416034,0.0014337397486832064,0.007168698743416034,122.51938754761207,128,16,16,24.603669405034665,16;32;64;128,24.603669405034665;9.05617517388508;6.266095531739213;1.7271944853257473,0.2,2,253,0.98828125,-132.68190542521188,-92.56673969014082,40.11516573507106,35.706572743193334,11.158303982247917,7.518313884735107
222,1,0.0,0.0011357032964398306,0.0011357032964398306,0.005678516482199153,75.07662019902584,128,16,16,33.07311774797451,16;32;64;128,33.07311774797451;13.69090416622952;8.852917787393327;3.5416624424045073,0.2,2,255,0.99609375,-1594.8074996653013,-640.1270963419229,954.6804033233784,41.90544870376658,13.095452719927057,7.465202808380127
222,2,0.0011357032964398306,0.0022714065928796613,0.0011357032964398306,0.005678516482199153,103.48138600765782,128,16,16,40.028834967266974,16;32;64;128,40.028834967266974;15.498161956205136;9.80476405325124;2.0158777217435606,0.2,2,253,0.98828125,-640.1270963419229,-374.54364998056553,265.58344636135735,40.77958914180897,12.743621606815303,7.489119052886963
222,3,0.0022714065928796613,0.003407109889319492,0.0011357032964398306,0.005678516482199153,115.14016491578289,128,16,16,36.58784838459235,16;32;64;128,36.58784838459235;10.682643676685718;6.399400932518061;2.2410000561473065,0.2,2,253,0.98828125,-374.54364998056553,-260.80039104202297,113.74325893854257,38.6644696912652,12.082646778520374,7.494790077209473
222,4,0.003407109889319492,0.004542813185759323,0.0011357032964398306,0.005678516482199153,119.074505419866,128,16,16,40.58236704430887,16;32;64;128,40.58236704430887;11.865457827752799;9.813878891328022;2.430035066112432,0.2,2,254,0.9921875,-260.80039104202297,-165.2584751994582,95.54191584256478,36.73675140969457,11.480234815529553,7.504707098007202
222,5,0.004542813185759323,0.005678516482199153,0.0011357032964398302,0.005678516482199153,123.04871204449951,128,16,16,33.780692159397546,16;32;64;128,33.780692159397546;10.524592919080709;7.616532918730001;2.037504586195099,0.2,2,254,0.9921875,-165.2584751994582,-130.81045839132275,34.448016808135435,38.45879065917538,12.018372080992306,7.5176849365234375
224,1,0.0,0.0014088098930361637,0.0014088098930361637,0.0070440494651808185,83.52713100956255,128,16,16,32.73254244446168,16;32;64;128,32.73254244446168;12.554864046600715;9.230555481320717;2.8380253052680557,0.2,2,256,1.0,-1027.2174288904062,-503.39238726813346,523.8250416222727,42.304666639114735,13.220208324723353,7.470314025878906
224,2,0.0014088098930361637,0.0028176197860723274,0.0014088098930361637,0.0070440494651808185,105.88318419171335,128,16,16,24.14060263751183,16;32;64;128,24.14060263751183;7.464923935215218;6.378055657024788;2.120359858367557,0.2,2,254,0.9921875,-503.39238726813346,-271.91392840619665,231.47845886193682,39.220175596633645,12.256304873948013,7.485660076141357
224,3,0.0028176197860723274,0.004226429679108491,0.0014088098930361637,0.0070440494651808185,117.71821509977202,128,16,16,30.08831463197687,16;32;64;128,30.08831463197687;13.608459377050323;8.172831525485115;2.3992717655516915,0.2,2,253,0.98828125,-271.91392840619665,-162.1927145064692,109.72121389972745,42.06807390529877,13.146273095405864,7.511350154876709
224,4,0.004226429679108491,0.005635239572144655,0.0014088098930361637,0.0070440494651808185,122.93370087586655,128,16,16,34.33389434405269,16;32;64;128,34.33389434405269;8.250586933481978;7.0141435098899425;1.922674180919667,0.2,2,254,0.9921875,-162.1927145064692,-137.18305413227063,25.009660374198575,36.397588059647184,11.374246268639745,7.577919006347656
224,5,0.005635239572144655,0.0070440494651808185,0.0014088098930361637,0.0070440494651808185,123.44197056749213,128,16,16,24.683254785482898,16;32;64;128,24.683254785482898;10.066991064387954;5.749873310358301;1.8957858569422674,0.2,2,252,0.984375,-137.18305413227063,-86.79501368280035,50.38804044947028,35.643941080902934,11.138731587782166,7.7965638637542725
226,1,0.0,0.0013361892407690052,0.0013361892407690052,0.006680946203845026,73.98630062466378,128,16,16,39.47874163851457,16;32;64;128,39.47874163851457;13.74968229375189;10.68546063618137;3.260062819034409,0.2,2,254,0.9921875,-1258.7109103098046,-443.3151330605615,815.3957772492431,44.7569571265355,13.986549102042343,7.633790969848633
226,2,0.0013361892407690052,0.0026723784815380104,0.0013361892407690052,0.006680946203845026,108.8870549207686,128,16,16,31.21225896271675,16;32;64;128,31.21225896271675;11.451306942454242;7.298890776152542;2.173289345676941,0.2,2,254,0.9921875,-443.3151330605615,-254.6072914490942,188.7078416114673,40.20826551418121,12.565082973181626,7.618113994598389
226,3,0.0026723784815380104,0.004008567722307016,0.0013361892407690052,0.006680946203845026,117.77914776278112,128,16,16,28.55332343133379,16;32;64;128,28.55332343133379;11.10060557367388;6.925499278546102;1.9363142810746308,0.2,2,254,0.9921875,-254.6072914490942,-165.19329207157716,89.41399937751703,39.36357461415047,12.301117066922021,7.557158946990967
226,4,0.004008567722307016,0.005344756963076021,0.0013361892407690052,0.006680946203845026,121.74004651391941,128,16,16,33.95101046100151,16;32;64;128,33.95101046100151;10.626829107224198;6.137184761331434;2.8970235364047094,0.2,2,253,0.98828125,-165.19329207157716,-125.62440296786372,39.568889103713445,37.88065797586211,11.837705617456908,7.569383144378662
226,5,0.005344756963076021,0.006680946203845026,0.0013361892407690052,0.006680946203845026,123.8943845298717,128,16,16,37.73550341720378,16;32;64;128,37.73550341720378;13.901975196006326;7.520733237525328;1.7935904987345364,0.2,2,246,0.9609375,-125.62440296786372,-98.00231919065118,27.622083777212538,40.62315683290821,12.694736510283814,7.636530876159668
228,1,0.0,0.0008712965952587684,0.0008712965952587684,0.004356482976293842,81.12008030295029,128,16,16,32.61484626852534,16;32;64;128,32.61484626852534;12.586399896419609;9.600169283674944;2.061417858522343,0.2,2,255,0.99609375,-1689.09990052972,-813.9243308014702,875.1755697282497,40.42214163678292,12.63191926149466,7.621676921844482
228,2,0.0008712965952587684,0.0017425931905175368,0.0008712965952587684,0.004356482976293842,105.36065208787349,128,16,16,40.250443020891396,16;32;64;128,40.250443020891396;12.404038450256353;8.39006589860061;2.883987531778236,0.2,2,256,1.0,-813.9243308014702,-450.30371816421393,363.6206126372563,40.400417975389516,12.625130617309223,7.664345979690552
228,3,0.0017425931905175368,0.0026138897857763055,0.0008712965952587686,0.004356482976293842,117.79330352919925,128,16,16,32.37162873875142,16;32;64;128,32.37162873875142;12.53824696864457;8.23743049643843;2.6809800999395277,0.2,2,254,0.9921875,-450.30371816421393,-316.4342070185812,133.8695111456327,36.71732942224679,11.474165444452122,7.807908058166504
228,4,0.0026138897857763055,0.0034851863810350736,0.0008712965952587682,0.004356482976293842,121.88526846209254,128,16,16,30.057940843703072,16;32;64;128,30.057940843703072;13.810442229919548;8.135297353792945;2.188833690351346,0.2,2,254,0.9921875,-316.4342070185812,-231.24435129383346,85.18985572474776,37.26645076086167,11.645765862769272,7.816789150238037
228,5,0.0034851863810350736,0.004356482976293842,0.0008712965952587682,0.004356482976293842,124.20033977876294,128,16,16,31.773757305722558,16;32;64;128,31.773757305722558;13.538667462457305;8.62014289976543;1.9678663379259544,0.2,2,252,0.984375,-231.24435129383346,-208.704427144723,22.539924149110448,37.42693792115943,11.69591810036232,7.950386047363281
230,1,0.0,0.0015254689212923197,0.0015254689212923197,0.007627344606461598,65.63311340433397,128,16,16,25.281333155270342,16;32;64;128,25.281333155270342;9.15923452486112;6.530639100405083;2.6206933455457713,0.2,2,250,0.9765625,-1458.1314996206202,-496.27986721502384,961.8516324055963,41.71588264418434,13.036213326307605,7.592051029205322
230,2,0.0015254689212923197,0.0030509378425846393,0.0015254689212923197,0.007627344606461598,100.01508568440386,128,16,16,31.253627532010324,16;32;64;128,31.253627532010324;12.923894245525004;8.788427979513859;2.6000504863435396,0.2,2,254,0.9921875,-496.27986721502384,-254.44382400694303,241.8360432080808,38.29557481025093,11.967367128203415,7.617354154586792
230,3,0.0030509378425846393,0.004576406763876959,0.0015254689212923197,0.007627344606461598,114.84257295667584,128,16,16,25.460312509451988,16;32;64;128,25.460312509451988;9.810390253468572;6.664418189495227;1.6278772701507762,0.2,2,251,0.98046875,-254.44382400694303,-162.96243748441339,91.48138652252965,39.78608744332167,12.433152326038021,7.64256477355957
230,4,0.004576406763876959,0.006101875685169279,0.0015254689212923197,0.007627344606461598,119.65613452961958,128,16,16,32.64507501048158,16;32;64;128,32.64507501048158;9.504266463399922;7.635614666663879;1.5361686983136729,0.2,2,251,0.98046875,-162.96243748441339,-126.75840463943314,36.20403284498025,36.13758437889459,11.292995118404558,7.678647041320801
230,5,0.006101875685169279,0.007627344606461598,0.0015254689212923197,0.007627344606461598,122.01148784867175,128,16,16,29.02130811593425,16;32;64;128,29.02130811593425;6.908717840855729;6.551627417297811;1.5771665546089109,0.2,2,251,0.98046875,-126.75840463943314,-89.7766886902973,36.98171594913583,35.63453532304299,11.135792288450933,7.685859203338623
232,1,0.0,0.0011270584049320749,0.0011270584049320749,0.005635292024660374,79.47647649741616,128,16,16,29.67437782929546,16;32;64;128,29.67437782929546;11.387466443635212;7.277585261500086;2.0212853114378504,0.2,2,254,0.9921875,-1334.198096681852,-466.31063001567964,867.8874666661723,45.92988581537521,14.353089317304752,7.666895151138306
232,2,0.0011270584049320749,0.0022541168098641497,0.0011270584049320749,0.005635292024660374,110.34278998165631,128,16,16,36.69461395444078,16;32;64;128,36.69461395444078;15.67106443794244;9.19216136890348;2.6803361486000363,0.2,2,255,0.99609375,-466.31063001567964,-292.62323905160883,173.6873909640708,40.14470853440853,12.545221417002665,7.598282814025879
232,3,0.0022541168098641497,0.0033811752147962244,0.0011270584049320746,0.005635292024660374,118.45790227065436,128,16,16,23.05190418005121,16;32;64;128,23.05190418005121;13.059978010249482;6.496502724564555;1.9105202488915034,0.2,2,250,0.9765625,-292.62323905160883,-196.06604861898813,96.5571904326207,38.542481076749766,12.044525336484302,7.698567867279053
232,4,0.0033811752147962244,0.0045082336197282994,0.001127058404932075,0.005635292024660374,122.1414593823341,128,16,16,31.636978167394776,16;32;64;128,31.636978167394776;10.980175533855931;6.376007128360223;2.5380611224218117,0.2,2,250,0.9765625,-196.06604861898813,-145.85905370721593,50.2069949117722,39.90643406271168,12.4707606445974,7.700222969055176
232,5,0.0045082336197282994,0.005635292024660374,0.0011270584049320742,0.005635292024660374,123.99978821444287,128,16,16,26.41426680838112,16;32;64;128,26.41426680838112;9.582987471705207;6.992967735967779;2.070001364927549,0.2,2,249,0.97265625,-145.85905370721593,-125.68049169325968,20.178562013956252,38.77667038685074,12.117709495890855,7.795845985412598
234,1,0.0,0.0011506846334425253,0.0011506846334425253,0.005753423167212626,74.1705770451918,128,16,16,35.34823569256486,16;32;64;128,35.34823569256486;15.99892966674315;9.075801384920645;3.107095023990686,0.2,2,256,1.0,-1728.3397160528693,-513.6439662952907,1214.6957497575786,41.208179975964796,12.877556242488998,8.047768831253052
234,2,0.0011506846334425253,0.0023013692668850507,0.0011506846334425253,0.005753423167212626,110.84251045391046,128,16,16,35.54131968996889,16;32;64;128,35.54131968996889;13.640655083525472;8.633282645657934;2.62052925953401,0.2,2,253,0.98828125,-513.6439662952907,-324.8359303246252,188.80803597066551,39.96750133777211,12.489844168053784,8.100573062896729
234,3,0.0023013692668850507,0.003452053900327576,0.0011506846334425253,0.005753423167212626,117.58956565384011,128,16,16,34.377345915832635,16;32;64;128,34.377345915832635;8.917080550328874;8.000270790026367;1.7016733336261607,0.2,2,252,0.984375,-324.8359303246252,-215.06490204576403,109.7710282788612,41.3768517067747,12.930266158367093,7.601934194564819
234,4,0.003452053900327576,0.004602738533770101,0.0011506846334425253,0.005753423167212626,122.33773854230338,128,16,16,33.35721866216887,16;32;64;128,33.35721866216887;10.251871371539691;8.090442044899616;2.2993699814718807,0.2,2,255,0.99609375,-215.06490204576403,-169.98748609772883,45.077415948035195,36.56355367196525,11.426110522489141,7.5834760665893555
234,5,0.004602738533770101,0.005753423167212626,0.001150684633442525,0.005753423167212626,123.49072892359717,128,16,16,32.935528547766374,16;32;64;128,32.935528547766374;9.738829990787146;8.694517220636572;1.629955638383679,0.2,2,254,0.9921875,-169.98748609772883,-165.39201459824108,4.595471499487758,35.971528432520365,11.241102635162614,7.600109100341797
236,1,0.0,0.001228359199418301,0.001228359199418301,0.006141795997091504,78.91851609817896,128,16,16,24.106405928760285,16;32;64;128,24.106405928760285;12.140402818861315;7.581976679236484;2.2264855604591425,0.2,2,253,0.98828125,-1227.5239862005692,-489.6283927052282,737.895593495341,44.33940900596106,13.85606531436283,7.544742107391357
236,2,0.001228359199418301,0.002456718398836602,0.001228359199418301,0.006141795997091504,107.08454253855619,128,16,16,30.77165023639027,16;32;64;128,30.77165023639027;11.738297856648092;7.634724101459401;2.21665602212078,0.2,2,253,0.98828125,-489.6283927052282,-285.07372750807554,204.55466519715264,40.53980343361311,12.668688573004095,7.571115016937256
236,3,0.002456718398836602,0.003685077598254903,0.001228359199418301,0.006141795997091504,116.48041901295309,128,16,16,46.13056040963415,16;32;64;128,46.13056040963415;14.994644683628376;9.1731569689554;2.825683330850766,0.2,2,252,0.984375,-285.07372750807554,-213.2569890653249,71.81673844275065,40.349257923539795,12.609143101106186,7.58495306968689
236,4,0.003685077598254903,0.004913436797673204,0.001228359199418301,0.006141795997091504,119.98102645539173,128,16,16,22.78998285588915,16;32;64;128,22.78998285588915;11.765172713342253;5.073785687065704;2.1013430904418584,0.2,2,251,0.98046875,-213.2569890653249,-137.56088179245126,75.69610727287363,39.12545257057421,12.22670392830444,7.59238600730896
236,5,0.004913436797673204,0.006141795997091504,0.0012283591994183005,0.006141795997091504,123.21710644787905,128,16,16,20.19715958502188,16;32;64;128,20.19715958502188;8.842610826456037;6.961803511719888;2.527022261867544,0.2,2,248,0.96875,-137.56088179245126,-123.87400385597721,13.686877936474048,40.00466584022463,12.501458075070197,7.580595016479492
238,1,0.0,0.0008645595704696932,0.0008645595704696932,0.004322797852348466,85.75034366053498,128,16,16,35.30939191763912,16;32;64;128,35.30939191763912;16.294081839918963;7.561146064643714;2.923239780941146,0.2,2,255,0.99609375,-1461.0690561460797,-726.5319504169747,734.537105729105,46.36283102236296,14.488384694488424,7.7013771533966064
238,2,0.0008645595704696932,0.0017291191409393863,0.0008645595704696932,0.004322797852348466,108.53579339542303,128,16,16,31.02346324751788,16;32;64;128,31.02346324751788;16.63676707223941;10.46682382249363;2.3930219273669504,0.2,2,254,0.9921875,-726.5319504169747,-451.9694651479367,274.562485269038,39.955190425322236,12.485997007913198,7.679252862930298
238,3,0.0017291191409393863,0.0025936787114090795,0.0008645595704696932,0.004322797852348466,118.13931463431662,128,16,16,37.72875187739754,16;32;64;128,37.72875187739754;12.248669556680914;9.404599111504913;2.181220012325637,0.2,2,255,0.99609375,-451.9694651479367,-332.22777316882275,119.74169197911397,37.80608579773254,11.814401811791418,7.657795190811157
238,4,0.0025936787114090795,0.0034582382818787727,0.0008645595704696932,0.004322797852348466,120.69740437691136,128,16,16,36.85845516998556,16;32;64;128,36.85845516998556;11.630671841008992;8.610299468948543;2.461701742217929,0.2,2,252,0.984375,-332.22777316882275,-215.22761526989052,117.00015789893223,37.92055640237363,11.850173875741758,7.921228885650635
238,5,0.0034582382818787727,0.004322797852348466,0.0008645595704696932,0.004322797852348466,124.35130389740918,128,16,16,32.42914724484243,16;32;64;128,32.42914724484243;12.957053382024863;6.980839199767318;2.3199296784373336,0.2,2,251,0.98046875,-215.22761526989052,-161.10129482322372,54.126320446666796,38.26607007475585,11.958146898361203,7.773792028427124
