timestamp,gpu_util_percent,memory_used_mib,power_w
2026/05/09 04:31:11.387,2,5005,33.79
2026/05/09 04:31:12.424,2,5005,32.56
2026/05/09 04:31:13.461,2,5005,31.68
2026/05/09 04:31:14.497,2,5005,31.80
2026/05/09 04:31:15.531,2,5008,31.67
2026/05/09 04:31:16.569,2,5008,30.76
2026/05/09 04:31:17.608,2,5008,29.79
2026/05/09 04:31:18.643,2,5008,29.04
2026/05/09 04:31:19.677,2,5008,28.92
2026/05/09 04:31:20.714,2,5008,28.73
2026/05/09 04:31:21.752,2,5008,28.99
2026/05/09 04:31:22.791,2,5008,28.73
2026/05/09 04:31:23.829,2,5008,29.10
2026/05/09 04:31:24.864,2,5008,28.37
2026/05/09 04:31:25.897,2,5008,28.31
2026/05/09 04:31:26.930,2,5008,28.37
2026/05/09 04:31:27.964,2,5008,28.00
2026/05/09 04:31:28.997,2,5008,27.43
2026/05/09 04:31:30.030,2,5008,27.49
2026/05/09 04:31:31.063,2,5008,27.66
2026/05/09 04:31:32.098,2,5008,27.42
2026/05/09 04:31:33.133,2,5008,27.46
2026/05/09 04:31:34.169,2,5008,27.45
2026/05/09 04:31:35.205,2,5008,27.34
2026/05/09 04:31:36.243,2,5008,27.47
2026/05/09 04:31:37.281,2,5008,28.03
2026/05/09 04:31:38.317,2,5008,27.11
2026/05/09 04:31:39.351,0,5895,45.86
2026/05/09 04:31:40.381,0,5895,63.16
2026/05/09 04:31:41.411,0,5895,63.29
2026/05/09 04:31:42.440,0,5895,63.35
2026/05/09 04:31:43.469,0,5895,63.15
2026/05/09 04:31:44.499,0,5895,63.23
2026/05/09 04:31:45.529,0,5895,63.28
2026/05/09 04:31:46.561,0,5895,63.03
2026/05/09 04:31:47.592,0,5895,63.10
2026/05/09 04:31:48.621,0,5895,62.70
2026/05/09 04:31:49.652,0,5961,63.15
2026/05/09 04:31:50.683,0,5961,63.21
2026/05/09 04:31:51.714,0,5961,62.90
2026/05/09 04:31:52.748,0,5961,62.72
2026/05/09 04:31:53.779,0,5961,62.85
2026/05/09 04:31:54.810,0,5961,63.26
2026/05/09 04:31:55.841,51,5993,178.34
2026/05/09 04:31:56.873,0,5993,166.95
2026/05/09 04:31:57.902,83,5993,107.25
2026/05/09 04:31:58.930,80,5993,160.43
2026/05/09 04:31:59.959,85,5993,461.60
2026/05/09 04:32:00.989,84,5993,575.60
2026/05/09 04:32:02.020,81,5993,571.97
2026/05/09 04:32:03.051,84,5993,571.43
2026/05/09 04:32:04.081,84,5993,573.88
2026/05/09 04:32:05.112,84,5993,575.66
2026/05/09 04:32:06.142,79,5993,576.68
2026/05/09 04:32:07.172,79,5993,573.43
2026/05/09 04:32:08.202,83,5993,569.68
2026/05/09 04:32:09.232,82,5993,576.26
2026/05/09 04:32:10.262,80,5993,574.89
2026/05/09 04:32:11.293,76,5993,575.15
2026/05/09 04:32:12.323,75,5993,222.44
2026/05/09 04:32:13.352,85,5993,325.88
2026/05/09 04:32:14.382,84,5993,574.14
2026/05/09 04:32:15.413,84,5993,574.61
2026/05/09 04:32:16.444,84,5993,575.71
2026/05/09 04:32:17.475,84,5993,575.30
2026/05/09 04:32:18.506,84,5993,575.97
2026/05/09 04:32:19.537,84,5993,574.14
2026/05/09 04:32:20.567,84,5993,575.34
2026/05/09 04:32:21.597,84,5993,574.63
2026/05/09 04:32:22.627,83,5993,574.20
2026/05/09 04:32:23.657,76,5993,562.00
2026/05/09 04:32:24.687,76,5993,565.69
2026/05/09 04:32:25.717,75,5993,558.91
2026/05/09 04:32:26.749,86,5993,215.97
2026/05/09 04:32:27.780,73,5993,336.27
2026/05/09 04:32:28.812,73,5993,530.20
2026/05/09 04:32:29.842,74,5993,533.47
2026/05/09 04:32:30.874,74,5993,536.36
2026/05/09 04:32:31.904,74,5993,537.89
2026/05/09 04:32:32.935,74,5993,538.03
2026/05/09 04:32:33.966,74,5993,538.09
2026/05/09 04:32:34.997,74,5993,538.16
2026/05/09 04:32:36.027,74,5993,536.07
2026/05/09 04:32:37.057,73,5993,515.55
2026/05/09 04:32:38.089,71,5993,511.80
2026/05/09 04:32:39.120,73,5993,522.19
2026/05/09 04:32:40.151,74,5993,519.72
2026/05/09 04:32:41.182,77,5993,486.70
2026/05/09 04:32:42.212,80,5993,174.87
2026/05/09 04:32:43.243,80,5993,383.07
2026/05/09 04:32:44.274,84,5993,562.77
2026/05/09 04:32:45.305,83,5993,563.34
2026/05/09 04:32:46.337,68,5993,510.70
2026/05/09 04:32:47.369,69,5993,506.24
2026/05/09 04:32:48.399,71,5993,501.20
2026/05/09 04:32:49.430,67,5993,500.84
2026/05/09 04:32:50.459,69,5993,507.10
2026/05/09 04:32:51.489,74,5993,520.00
2026/05/09 04:32:52.519,74,5993,519.13
2026/05/09 04:32:53.550,74,5993,518.84
2026/05/09 04:32:54.580,70,5993,518.33
2026/05/09 04:32:55.611,73,5993,515.84
2026/05/09 04:32:56.642,60,5993,496.58
2026/05/09 04:32:57.673,78,5993,232.45
2026/05/09 04:32:58.703,83,5993,308.08
2026/05/09 04:32:59.734,75,5993,529.73
2026/05/09 04:33:00.764,75,5993,533.52
2026/05/09 04:33:01.794,75,5993,528.92
2026/05/09 04:33:02.825,72,5993,533.58
2026/05/09 04:33:03.855,74,5993,526.52
2026/05/09 04:33:04.886,68,5993,538.76
2026/05/09 04:33:05.916,84,5993,543.16
2026/05/09 04:33:06.946,78,5993,566.25
2026/05/09 04:33:07.976,83,5993,573.17
2026/05/09 04:33:09.006,84,5993,554.51
2026/05/09 04:33:10.040,68,5993,538.84
2026/05/09 04:33:11.072,82,5993,389.37
2026/05/09 04:33:12.102,82,5993,534.01
2026/05/09 04:33:13.133,79,5993,182.25
2026/05/09 04:33:14.164,77,5993,393.60
2026/05/09 04:33:15.196,82,5993,570.59
2026/05/09 04:33:16.228,83,5993,569.19
2026/05/09 04:33:17.259,80,5993,574.34
2026/05/09 04:33:18.291,83,5993,570.01
2026/05/09 04:33:19.322,82,5993,572.30
2026/05/09 04:33:20.355,81,5993,565.83
2026/05/09 04:33:21.386,81,5993,571.85
2026/05/09 04:33:22.417,83,5993,568.51
2026/05/09 04:33:23.449,82,5993,574.03
2026/05/09 04:33:24.481,83,5993,569.89
2026/05/09 04:33:25.514,79,5993,575.79
2026/05/09 04:33:26.547,0,5993,368.36
2026/05/09 04:33:27.579,63,5993,219.87
2026/05/09 04:33:28.613,62,5993,268.87
2026/05/09 04:33:29.644,82,5993,219.89
2026/05/09 04:33:30.675,81,5993,172.10
2026/05/09 04:33:31.705,84,5993,531.43
2026/05/09 04:33:32.735,84,5993,574.42
2026/05/09 04:33:33.766,83,5993,573.25
2026/05/09 04:33:34.796,77,5993,578.30
2026/05/09 04:33:35.827,83,5993,572.85
2026/05/09 04:33:36.857,83,5993,569.30
2026/05/09 04:33:37.886,82,5993,574.35
2026/05/09 04:33:38.916,77,5993,575.10
2026/05/09 04:33:39.947,84,5993,573.07
2026/05/09 04:33:40.978,83,5993,572.29
2026/05/09 04:33:42.009,76,5993,574.51
2026/05/09 04:33:43.039,83,5993,573.25
2026/05/09 04:33:44.068,79,5993,186.07
2026/05/09 04:33:45.098,75,5993,341.03
2026/05/09 04:33:46.132,82,5993,572.53
2026/05/09 04:33:47.161,84,5993,571.34
2026/05/09 04:33:48.194,76,5993,575.28
2026/05/09 04:33:49.225,84,5993,569.98
2026/05/09 04:33:50.256,78,5993,573.34
2026/05/09 04:33:51.287,81,5993,574.86
2026/05/09 04:33:52.319,79,5993,571.95
2026/05/09 04:33:53.352,83,5993,573.56
2026/05/09 04:33:54.384,82,5993,570.84
2026/05/09 04:33:55.415,81,5993,576.05
2026/05/09 04:33:56.447,82,5993,570.46
2026/05/09 04:33:57.478,76,5993,442.86
2026/05/09 04:33:58.510,89,5993,180.64
2026/05/09 04:33:59.541,66,5993,446.83
2026/05/09 04:34:00.572,64,5993,487.87
2026/05/09 04:34:01.602,64,5993,490.52
2026/05/09 04:34:02.635,65,5993,492.70
2026/05/09 04:34:03.667,73,5993,497.41
2026/05/09 04:34:04.699,74,5993,496.12
2026/05/09 04:34:05.731,74,5993,498.70
2026/05/09 04:34:06.763,73,5993,495.72
2026/05/09 04:34:07.795,66,5993,490.38
2026/05/09 04:34:08.827,68,5993,495.87
2026/05/09 04:34:09.858,71,5993,498.98
2026/05/09 04:34:10.889,72,5993,501.68
2026/05/09 04:34:11.920,72,5993,532.25
2026/05/09 04:34:12.951,74,5993,523.00
2026/05/09 04:34:13.981,86,5993,371.51
2026/05/09 04:34:15.012,76,5993,176.83
2026/05/09 04:34:16.043,67,5993,498.77
2026/05/09 04:34:17.075,73,5993,522.10
2026/05/09 04:34:18.105,70,5993,520.43
2026/05/09 04:34:19.140,66,5993,519.69
2026/05/09 04:34:20.171,74,5993,524.13
2026/05/09 04:34:21.203,74,5993,516.05
2026/05/09 04:34:22.236,73,5993,516.66
2026/05/09 04:34:23.267,68,5993,521.31
2026/05/09 04:34:24.298,74,5993,513.20
2026/05/09 04:34:25.330,71,5993,531.34
2026/05/09 04:34:26.361,72,5993,519.96
2026/05/09 04:34:27.394,68,5993,529.77
2026/05/09 04:34:28.425,83,5993,529.89
2026/05/09 04:34:29.457,78,5993,440.34
2026/05/09 04:34:30.491,78,5993,169.71
2026/05/09 04:34:31.523,73,5993,255.48
2026/05/09 04:34:32.555,77,5993,565.95
2026/05/09 04:34:33.588,81,5993,570.94
2026/05/09 04:34:34.619,84,5993,570.65
2026/05/09 04:34:35.651,78,5993,574.11
2026/05/09 04:34:36.683,83,5993,568.39
2026/05/09 04:34:37.714,76,5993,574.22
2026/05/09 04:34:38.745,82,5993,571.61
2026/05/09 04:34:39.780,83,5993,569.61
2026/05/09 04:34:40.812,83,5993,570.92
2026/05/09 04:34:41.845,82,5993,569.88
2026/05/09 04:34:42.876,83,5993,575.91
2026/05/09 04:34:43.910,79,5993,501.90
2026/05/09 04:34:44.941,79,5993,176.14
2026/05/09 04:34:45.971,76,5993,430.66
2026/05/09 04:34:47.002,83,5993,570.43
2026/05/09 04:34:48.033,82,5993,569.42
2026/05/09 04:34:49.064,81,5993,572.62
2026/05/09 04:34:50.095,82,5993,568.21
2026/05/09 04:34:51.125,81,5993,568.90
2026/05/09 04:34:52.156,73,5993,554.16
2026/05/09 04:34:53.185,75,5993,537.23
2026/05/09 04:34:54.216,72,5993,524.32
2026/05/09 04:34:55.247,72,5993,529.50
2026/05/09 04:34:56.279,72,5993,525.18
2026/05/09 04:34:57.311,72,5993,524.90
2026/05/09 04:34:58.342,73,5993,531.70
2026/05/09 04:34:59.374,63,5993,316.40
2026/05/09 04:35:00.407,64,5993,272.32
2026/05/09 04:35:01.439,91,5993,215.62
2026/05/09 04:35:02.471,72,5993,232.37
2026/05/09 04:35:03.502,75,5993,528.81
2026/05/09 04:35:04.534,65,5993,516.42
2026/05/09 04:35:05.566,68,5993,487.83
2026/05/09 04:35:06.597,58,5993,481.87
2026/05/09 04:35:07.629,63,5993,495.67
2026/05/09 04:35:08.660,74,5993,508.50
2026/05/09 04:35:09.691,68,5993,487.82
2026/05/09 04:35:10.724,63,5993,482.76
2026/05/09 04:35:11.757,72,5993,490.82
2026/05/09 04:35:12.790,74,5993,495.67
2026/05/09 04:35:13.822,74,5993,494.49
2026/05/09 04:35:14.854,74,5993,495.82
2026/05/09 04:35:15.886,74,5993,497.37
2026/05/09 04:35:16.918,74,5993,498.18
2026/05/09 04:35:17.950,74,5993,280.26
2026/05/09 04:35:18.981,72,5993,225.14
2026/05/09 04:35:20.012,61,5993,498.24
2026/05/09 04:35:21.043,68,5993,498.46
2026/05/09 04:35:22.076,70,5993,497.24
2026/05/09 04:35:23.108,66,5993,495.83
2026/05/09 04:35:24.140,74,5993,508.62
2026/05/09 04:35:25.173,72,5993,507.58
2026/05/09 04:35:26.205,71,5993,508.37
2026/05/09 04:35:27.237,72,5993,511.78
2026/05/09 04:35:28.269,72,5993,512.14
2026/05/09 04:35:29.300,69,5993,495.69
2026/05/09 04:35:30.332,63,5993,483.10
2026/05/09 04:35:31.364,73,5993,493.30
2026/05/09 04:35:32.397,71,5993,511.64
2026/05/09 04:35:33.428,63,5993,511.40
2026/05/09 04:35:34.459,79,5993,219.01
2026/05/09 04:35:35.491,75,5993,289.95
2026/05/09 04:35:36.521,74,5993,521.12
2026/05/09 04:35:37.553,74,5993,527.11
2026/05/09 04:35:38.584,74,5993,532.06
2026/05/09 04:35:39.615,74,5993,520.81
2026/05/09 04:35:40.645,74,5993,529.46
2026/05/09 04:35:41.676,73,5993,523.98
2026/05/09 04:35:42.707,76,5993,533.16
2026/05/09 04:35:43.738,75,5993,537.76
2026/05/09 04:35:44.769,77,5993,537.65
2026/05/09 04:35:45.799,80,5993,556.25
2026/05/09 04:35:46.830,84,5993,572.91
2026/05/09 04:35:47.861,74,5993,551.41
2026/05/09 04:35:48.892,78,5993,449.21
2026/05/09 04:35:49.921,89,5993,175.44
2026/05/09 04:35:50.954,73,5993,408.59
2026/05/09 04:35:51.986,63,5993,358.38
2026/05/09 04:35:53.017,84,5993,566.42
2026/05/09 04:35:54.048,84,5993,571.13
2026/05/09 04:35:55.080,82,5993,570.64
2026/05/09 04:35:56.113,80,5993,577.01
2026/05/09 04:35:57.145,84,5993,570.81
2026/05/09 04:35:58.176,82,5993,572.32
2026/05/09 04:35:59.208,77,5993,575.17
2026/05/09 04:36:00.240,83,5993,572.44
2026/05/09 04:36:01.272,84,5993,571.80
2026/05/09 04:36:02.304,81,5993,575.16
2026/05/09 04:36:03.337,78,5993,507.94
2026/05/09 04:36:04.369,78,5993,175.69
2026/05/09 04:36:05.400,76,5993,412.09
2026/05/09 04:36:06.433,84,5993,569.49
2026/05/09 04:36:07.466,80,5993,568.79
2026/05/09 04:36:08.498,82,5993,569.30
2026/05/09 04:36:09.531,82,5993,567.80
2026/05/09 04:36:10.563,80,5993,572.64
2026/05/09 04:36:11.594,82,5993,568.04
2026/05/09 04:36:12.626,82,5993,568.83
2026/05/09 04:36:13.658,77,5993,569.54
2026/05/09 04:36:14.691,83,5993,567.82
2026/05/09 04:36:15.723,80,5993,573.50
2026/05/09 04:36:16.755,82,5993,566.20
2026/05/09 04:36:17.786,84,5993,573.93
2026/05/09 04:36:18.817,81,5993,175.87
2026/05/09 04:36:19.850,83,5993,501.47
2026/05/09 04:36:20.881,81,5993,570.39
2026/05/09 04:36:21.913,79,5993,575.55
2026/05/09 04:36:22.944,82,5993,567.66
2026/05/09 04:36:23.977,76,5993,573.90
2026/05/09 04:36:25.008,84,5993,570.22
2026/05/09 04:36:26.039,76,5993,572.46
2026/05/09 04:36:27.071,83,5993,569.55
2026/05/09 04:36:28.102,76,5993,572.60
2026/05/09 04:36:29.134,82,5993,570.55
2026/05/09 04:36:30.164,76,5993,572.55
2026/05/09 04:36:31.196,81,5993,568.46
2026/05/09 04:36:32.226,58,5993,484.05
2026/05/09 04:36:33.258,63,5993,271.58
2026/05/09 04:36:34.290,63,5993,270.67
2026/05/09 04:36:35.321,79,5993,173.08
2026/05/09 04:36:36.351,74,5993,504.16
2026/05/09 04:36:37.381,70,5993,551.75
2026/05/09 04:36:38.412,74,5993,531.25
2026/05/09 04:36:39.443,75,5993,535.23
2026/05/09 04:36:40.473,76,5993,536.12
2026/05/09 04:36:41.503,75,5993,532.78
2026/05/09 04:36:42.534,69,5993,529.54
2026/05/09 04:36:43.564,75,5993,537.15
2026/05/09 04:36:44.595,70,5993,533.69
2026/05/09 04:36:45.626,78,5993,544.58
2026/05/09 04:36:46.656,83,5993,574.37
2026/05/09 04:36:47.687,83,5993,573.86
2026/05/09 04:36:48.718,84,5993,573.20
2026/05/09 04:36:49.748,79,5993,318.75
2026/05/09 04:36:50.780,79,5993,204.80
2026/05/09 04:36:51.811,84,5993,571.08
2026/05/09 04:36:52.840,84,5993,572.58
2026/05/09 04:36:53.871,84,5993,575.10
2026/05/09 04:36:54.901,78,5993,572.28
2026/05/09 04:36:55.932,82,5993,575.57
2026/05/09 04:36:56.962,83,5993,571.95
2026/05/09 04:36:57.993,68,5993,559.56
2026/05/09 04:36:59.024,75,5993,529.41
2026/05/09 04:37:00.055,68,5987,525.93
2026/05/09 04:37:01.086,74,5987,529.65
2026/05/09 04:37:02.116,68,5987,524.77
2026/05/09 04:37:03.146,74,5987,532.58
2026/05/09 04:37:04.177,73,5987,377.36
2026/05/09 04:37:05.207,85,5987,179.51
2026/05/09 04:37:06.238,78,5987,538.20
2026/05/09 04:37:07.268,76,5987,557.10
2026/05/09 04:37:08.299,74,5987,538.91
2026/05/09 04:37:09.329,74,5987,536.38
2026/05/09 04:37:10.362,0,5987,443.20
2026/05/09 04:37:11.393,75,5987,520.36
2026/05/09 04:37:12.424,84,5987,570.58
2026/05/09 04:37:13.455,82,5987,574.18
2026/05/09 04:37:14.485,79,5987,574.47
2026/05/09 04:37:15.515,84,5987,574.77
2026/05/09 04:37:16.546,84,5987,574.27
2026/05/09 04:37:17.577,84,5987,573.09
2026/05/09 04:37:18.608,81,5987,476.91
2026/05/09 04:37:19.639,79,5987,176.09
2026/05/09 04:37:20.671,80,5987,441.52
2026/05/09 04:37:21.703,82,5987,571.10
2026/05/09 04:37:22.735,81,5987,571.06
2026/05/09 04:37:23.766,82,5987,570.81
2026/05/09 04:37:24.798,83,5987,569.68
2026/05/09 04:37:25.828,84,5987,570.59
2026/05/09 04:37:26.859,78,5987,572.17
2026/05/09 04:37:27.890,82,5987,571.26
2026/05/09 04:37:28.921,79,5987,571.62
2026/05/09 04:37:29.952,82,5987,573.81
2026/05/09 04:37:30.985,77,5987,564.95
2026/05/09 04:37:32.016,84,5987,572.22
2026/05/09 04:37:33.047,78,5987,330.90
2026/05/09 04:37:34.078,78,5987,194.48
2026/05/09 04:37:35.108,82,5987,575.83
2026/05/09 04:37:36.139,84,5987,569.15
2026/05/09 04:37:37.169,79,5987,572.41
2026/05/09 04:37:38.201,83,5987,569.56
2026/05/09 04:37:39.232,77,5987,572.11
2026/05/09 04:37:40.263,80,5987,574.18
2026/05/09 04:37:41.294,77,5987,570.84
2026/05/09 04:37:42.325,83,5987,571.41
2026/05/09 04:37:43.356,76,5987,555.01
2026/05/09 04:37:44.388,79,5987,539.71
2026/05/09 04:37:45.419,80,5987,539.69
2026/05/09 04:37:46.451,81,5987,539.57
2026/05/09 04:37:47.482,82,5987,323.98
2026/05/09 04:37:48.512,74,5987,245.76
2026/05/09 04:37:49.544,74,5987,535.75
2026/05/09 04:37:50.575,72,5987,525.62
2026/05/09 04:37:51.606,74,5987,533.40
2026/05/09 04:37:52.637,74,5987,516.06
2026/05/09 04:37:53.669,74,5987,490.70
2026/05/09 04:37:54.700,69,5987,491.28
2026/05/09 04:37:55.731,64,5987,486.26
2026/05/09 04:37:56.763,64,5987,496.25
2026/05/09 04:37:57.795,65,5987,495.10
2026/05/09 04:37:58.825,74,5987,492.53
2026/05/09 04:37:59.857,68,5987,490.58
2026/05/09 04:38:00.888,60,5987,489.45
2026/05/09 04:38:01.919,60,5987,491.70
2026/05/09 04:38:02.950,60,5987,496.24
2026/05/09 04:38:03.982,66,5987,314.95
2026/05/09 04:38:05.015,67,5987,279.10
2026/05/09 04:38:06.047,86,5987,210.74
2026/05/09 04:38:07.077,74,5987,266.59
2026/05/09 04:38:08.109,71,5987,526.42
2026/05/09 04:38:09.140,72,5987,527.09
2026/05/09 04:38:10.171,73,5987,530.36
2026/05/09 04:38:11.202,80,5987,562.45
2026/05/09 04:38:12.234,84,5987,570.33
2026/05/09 04:38:13.265,76,5987,569.18
2026/05/09 04:38:14.297,83,5987,573.46
2026/05/09 04:38:15.329,81,5987,554.83
2026/05/09 04:38:16.360,72,5987,540.96
2026/05/09 04:38:17.390,74,5987,537.92
2026/05/09 04:38:18.421,74,5987,538.07
2026/05/09 04:38:19.452,74,5987,538.01
2026/05/09 04:38:20.482,76,5987,376.94
2026/05/09 04:38:21.513,85,5987,176.43
2026/05/09 04:38:22.544,73,5987,461.87
2026/05/09 04:38:23.575,73,5987,497.65
2026/05/09 04:38:24.606,68,5987,496.50
2026/05/09 04:38:25.637,65,5987,498.01
2026/05/09 04:38:26.669,65,5987,494.55
2026/05/09 04:38:27.700,65,5987,498.56
2026/05/09 04:38:28.732,67,5987,494.68
2026/05/09 04:38:29.763,70,5987,500.66
2026/05/09 04:38:30.795,74,5987,496.75
2026/05/09 04:38:31.827,66,5987,499.28
2026/05/09 04:38:32.859,67,5987,373.55
2026/05/09 04:38:33.891,86,5987,563.38
2026/05/09 04:38:34.923,78,5987,568.66
2026/05/09 04:38:35.955,83,5987,573.13
2026/05/09 04:38:36.986,80,5987,299.18
2026/05/09 04:38:38.016,81,5987,249.03
2026/05/09 04:38:39.048,78,5987,573.76
2026/05/09 04:38:40.079,82,5987,569.53
2026/05/09 04:38:41.111,78,5987,571.88
2026/05/09 04:38:42.142,82,5987,567.83
2026/05/09 04:38:43.175,81,5987,572.30
2026/05/09 04:38:44.206,81,5987,567.95
2026/05/09 04:38:45.239,80,5987,569.74
2026/05/09 04:38:46.272,79,5987,566.63
2026/05/09 04:38:47.305,80,5987,564.86
2026/05/09 04:38:48.337,81,5987,563.73
2026/05/09 04:38:49.369,79,5987,565.73
2026/05/09 04:38:50.400,80,5987,563.24
2026/05/09 04:38:51.430,74,5987,191.14
2026/05/09 04:38:52.461,80,5987,327.13
2026/05/09 04:38:53.494,82,5987,568.71
2026/05/09 04:38:54.526,80,5987,565.38
2026/05/09 04:38:55.557,80,5987,566.02
2026/05/09 04:38:56.587,78,5987,572.18
2026/05/09 04:38:57.619,82,5987,567.42
2026/05/09 04:38:58.650,81,5987,571.34
2026/05/09 04:38:59.682,75,5987,569.73
2026/05/09 04:39:00.714,79,5987,564.83
2026/05/09 04:39:01.745,80,5987,565.98
2026/05/09 04:39:02.778,81,5987,568.40
2026/05/09 04:39:03.810,82,5987,567.87
2026/05/09 04:39:04.842,79,5987,527.31
2026/05/09 04:39:05.873,79,5987,176.54
2026/05/09 04:39:06.905,80,5987,405.76
2026/05/09 04:39:07.937,82,5987,568.09
2026/05/09 04:39:08.968,83,5987,571.73
2026/05/09 04:39:10.001,82,5987,570.16
2026/05/09 04:39:11.032,79,5987,575.86
2026/05/09 04:39:12.063,82,5987,572.29
2026/05/09 04:39:13.095,83,5987,571.40
2026/05/09 04:39:14.126,83,5987,574.57
2026/05/09 04:39:15.158,82,5987,571.01
2026/05/09 04:39:16.189,83,5987,576.06
2026/05/09 04:39:17.220,81,5987,571.91
2026/05/09 04:39:18.252,79,5987,576.61
2026/05/09 04:39:19.284,83,5987,571.92
2026/05/09 04:39:20.315,76,5987,175.25
2026/05/09 04:39:21.346,83,5987,533.23
2026/05/09 04:39:22.378,67,5987,513.60
2026/05/09 04:39:23.409,74,5987,495.70
2026/05/09 04:39:24.442,73,5987,498.02
2026/05/09 04:39:25.474,68,5987,491.06
2026/05/09 04:39:26.506,74,5987,501.01
2026/05/09 04:39:27.536,72,5987,525.18
2026/05/09 04:39:28.567,74,5987,533.79
2026/05/09 04:39:29.599,72,5987,525.95
2026/05/09 04:39:30.630,74,5987,532.98
2026/05/09 04:39:31.661,72,5987,527.56
2026/05/09 04:39:32.693,72,5987,526.96
2026/05/09 04:39:33.724,62,5987,491.38
2026/05/09 04:39:34.755,66,5987,492.48
2026/05/09 04:39:35.786,67,5987,405.27
2026/05/09 04:39:36.819,59,5987,265.27
2026/05/09 04:39:37.850,87,5987,207.02
2026/05/09 04:39:38.880,60,5987,271.35
2026/05/09 04:39:39.912,63,5987,490.28
2026/05/09 04:39:40.943,58,5987,482.16
2026/05/09 04:39:41.974,58,5987,493.52
2026/05/09 04:39:43.006,65,5987,494.39
2026/05/09 04:39:44.038,71,5987,523.32
2026/05/09 04:39:45.068,72,5987,520.32
2026/05/09 04:39:46.100,68,5987,518.46
2026/05/09 04:39:47.132,74,5987,525.88
2026/05/09 04:39:48.165,79,5987,533.40
2026/05/09 04:39:49.198,88,5987,391.68
2026/05/09 04:39:50.229,85,5987,557.49
2026/05/09 04:39:51.262,79,5987,567.53
2026/05/09 04:39:52.294,78,5987,567.15
2026/05/09 04:39:53.327,78,5987,402.75
2026/05/09 04:39:54.359,79,5987,172.55
2026/05/09 04:39:55.391,82,5987,494.96
2026/05/09 04:39:56.424,81,5987,566.22
2026/05/09 04:39:57.458,79,5987,566.45
2026/05/09 04:39:58.491,75,5987,566.94
2026/05/09 04:39:59.522,81,5987,561.39
2026/05/09 04:40:00.555,80,5987,564.85
2026/05/09 04:40:01.590,80,5987,566.87
2026/05/09 04:40:02.622,81,5987,567.59
2026/05/09 04:40:03.655,77,5987,567.92
2026/05/09 04:40:04.686,78,5987,563.42
2026/05/09 04:40:05.718,81,5987,566.57
2026/05/09 04:40:06.750,82,5987,566.55
2026/05/09 04:40:07.782,77,5987,542.57
2026/05/09 04:40:08.815,79,5987,175.47
2026/05/09 04:40:09.847,84,5987,573.67
2026/05/09 04:40:10.879,75,5987,569.81
2026/05/09 04:40:11.910,82,5987,569.16
2026/05/09 04:40:12.942,80,5987,573.33
2026/05/09 04:40:13.977,80,5987,568.01
2026/05/09 04:40:15.008,82,5987,572.37
2026/05/09 04:40:16.038,77,5987,568.63
2026/05/09 04:40:17.070,80,5987,569.26
2026/05/09 04:40:18.103,81,5987,572.03
2026/05/09 04:40:19.136,82,5987,567.00
2026/05/09 04:40:20.168,80,5987,569.03
2026/05/09 04:40:21.200,80,5987,570.86
2026/05/09 04:40:22.230,75,5987,468.19
2026/05/09 04:40:23.261,78,5987,175.39
2026/05/09 04:40:24.293,78,5987,425.00
2026/05/09 04:40:25.324,79,5987,567.43
2026/05/09 04:40:26.357,75,5987,566.37
2026/05/09 04:40:27.389,76,5987,563.92
2026/05/09 04:40:28.423,81,5987,563.20
2026/05/09 04:40:29.455,75,5987,557.33
2026/05/09 04:40:30.487,69,5987,510.11
2026/05/09 04:40:31.519,64,5987,510.45
2026/05/09 04:40:32.551,69,5987,513.48
2026/05/09 04:40:33.582,68,5987,509.37
2026/05/09 04:40:34.614,70,5987,514.13
2026/05/09 04:40:35.646,75,5987,520.23
2026/05/09 04:40:36.679,71,5987,528.74
2026/05/09 04:40:37.711,91,5987,365.51
2026/05/09 04:40:38.742,64,5987,200.65
2026/05/09 04:40:39.774,72,5987,505.32
2026/05/09 04:40:40.807,70,5987,503.46
2026/05/09 04:40:41.838,74,5987,499.96
2026/05/09 04:40:42.868,72,5987,500.59
2026/05/09 04:40:43.900,63,5987,499.76
2026/05/09 04:40:44.933,63,5987,496.56
2026/05/09 04:40:45.963,58,5987,493.86
2026/05/09 04:40:46.995,71,5987,511.55
2026/05/09 04:40:48.027,63,5987,490.50
2026/05/09 04:40:49.058,63,5987,490.48
2026/05/09 04:40:50.090,64,5987,489.45
2026/05/09 04:40:51.122,74,5987,495.38
2026/05/09 04:40:52.154,70,5987,494.42
2026/05/09 04:40:53.185,64,5987,486.22
2026/05/09 04:40:54.216,78,5987,362.68
2026/05/09 04:40:55.247,82,5987,184.82
2026/05/09 04:40:56.279,71,5987,502.70
2026/05/09 04:40:57.311,74,5987,521.43
2026/05/09 04:40:58.343,73,5987,531.06
2026/05/09 04:40:59.375,70,5987,525.61
2026/05/09 04:41:00.407,74,5987,515.33
2026/05/09 04:41:01.439,73,5987,501.53
2026/05/09 04:41:02.471,74,5987,511.96
2026/05/09 04:41:03.503,62,5987,500.37
2026/05/09 04:41:04.536,74,5987,507.60
2026/05/09 04:41:05.569,66,5987,499.72
2026/05/09 04:41:06.601,70,5987,511.22
2026/05/09 04:41:07.633,67,5987,500.18
2026/05/09 04:41:08.665,66,5987,507.69
2026/05/09 04:41:09.699,74,5987,506.46
2026/05/09 04:41:10.733,63,5987,196.54
2026/05/09 04:41:11.766,67,5987,272.59
2026/05/09 04:41:12.798,79,6019,240.14
2026/05/09 04:41:13.831,71,6019,327.16
2026/05/09 04:41:14.863,74,6019,533.26
2026/05/09 04:41:15.895,72,6019,525.73
2026/05/09 04:41:16.927,74,6019,529.51
2026/05/09 04:41:17.960,71,6019,524.81
2026/05/09 04:41:18.993,74,6019,529.94
2026/05/09 04:41:20.025,72,6019,526.54
2026/05/09 04:41:21.058,74,6019,529.23
2026/05/09 04:41:22.090,72,6019,522.04
2026/05/09 04:41:23.123,74,6019,532.53
2026/05/09 04:41:24.155,71,6019,520.86
2026/05/09 04:41:25.188,74,6019,531.44
2026/05/09 04:41:26.220,81,6019,526.87
2026/05/09 04:41:27.253,80,6019,570.27
2026/05/09 04:41:28.284,75,6019,312.33
2026/05/09 04:41:29.315,74,6019,230.06
2026/05/09 04:41:30.348,73,6019,524.36
2026/05/09 04:41:31.378,72,6019,533.82
2026/05/09 04:41:32.409,72,6019,527.07
2026/05/09 04:41:33.441,74,6019,533.14
2026/05/09 04:41:34.473,72,6019,525.78
2026/05/09 04:41:35.504,74,6019,531.83
2026/05/09 04:41:36.536,72,6019,525.20
2026/05/09 04:41:37.568,74,6019,530.40
2026/05/09 04:41:38.599,71,6019,525.38
2026/05/09 04:41:39.631,83,6019,542.65
2026/05/09 04:41:40.662,76,6019,575.01
2026/05/09 04:41:41.695,73,6019,557.24
2026/05/09 04:41:42.726,73,6019,526.94
2026/05/09 04:41:43.758,81,6019,210.99
2026/05/09 04:41:44.789,84,6019,314.62
2026/05/09 04:41:45.821,84,6019,573.99
2026/05/09 04:41:46.851,77,6019,575.48
2026/05/09 04:41:47.882,82,6019,573.52
2026/05/09 04:41:48.914,83,6019,573.33
2026/05/09 04:41:49.944,80,6019,573.02
2026/05/09 04:41:50.976,82,6019,573.98
2026/05/09 04:41:52.008,82,6019,570.71
2026/05/09 04:41:53.039,79,6019,573.71
2026/05/09 04:41:54.070,84,6019,576.80
2026/05/09 04:41:55.101,83,6019,569.17
2026/05/09 04:41:56.134,82,6019,574.37
2026/05/09 04:41:57.165,74,6019,468.83
2026/05/09 04:41:58.196,79,6019,175.92
2026/05/09 04:41:59.227,83,6019,459.54
2026/05/09 04:42:00.259,82,6019,570.56
2026/05/09 04:42:01.291,82,6019,576.36
2026/05/09 04:42:02.321,84,6019,571.71
2026/05/09 04:42:03.353,83,6019,571.29
2026/05/09 04:42:04.384,81,6019,569.12
2026/05/09 04:42:05.416,83,6019,573.14
2026/05/09 04:42:06.446,81,6019,571.26
2026/05/09 04:42:07.477,73,6019,554.80
2026/05/09 04:42:08.509,72,6019,524.82
2026/05/09 04:42:09.540,72,6019,533.78
2026/05/09 04:42:10.571,72,6019,526.84
2026/05/09 04:42:11.603,90,6019,468.93
2026/05/09 04:42:12.635,79,6019,178.12
2026/05/09 04:42:13.666,76,6019,418.50
2026/05/09 04:42:14.698,83,6019,552.37
2026/05/09 04:42:15.729,81,6019,564.55
2026/05/09 04:42:16.760,79,6019,575.66
2026/05/09 04:42:17.791,74,6019,541.83
2026/05/09 04:42:18.822,74,6019,520.62
2026/05/09 04:42:19.855,64,6019,490.83
2026/05/09 04:42:20.886,64,6019,490.94
2026/05/09 04:42:21.917,64,6019,491.54
2026/05/09 04:42:22.951,64,6019,496.07
2026/05/09 04:42:23.982,64,6019,497.04
2026/05/09 04:42:25.015,70,6019,501.85
2026/05/09 04:42:26.047,72,6019,508.42
2026/05/09 04:42:27.079,74,6019,498.72
2026/05/09 04:42:28.110,80,6019,236.31
2026/05/09 04:42:29.142,59,6019,278.50
2026/05/09 04:42:30.175,58,6019,484.91
2026/05/09 04:42:31.206,69,6019,495.83
2026/05/09 04:42:32.240,68,6019,488.94
2026/05/09 04:42:33.271,64,6019,484.12
2026/05/09 04:42:34.302,0,6019,363.75
2026/05/09 04:42:35.334,76,6019,556.67
2026/05/09 04:42:36.366,83,6019,564.31
2026/05/09 04:42:37.397,78,6019,570.22
2026/05/09 04:42:38.430,82,6019,564.94
2026/05/09 04:42:39.462,82,6019,569.46
2026/05/09 04:42:40.494,80,6019,570.34
2026/05/09 04:42:41.525,76,6019,568.62
2026/05/09 04:42:42.558,82,6019,563.21
2026/05/09 04:42:43.591,62,6019,342.71
2026/05/09 04:42:44.624,64,6019,269.26
2026/05/09 04:42:45.656,80,6019,221.78
2026/05/09 04:42:46.688,78,6019,177.15
2026/05/09 04:42:47.720,74,6019,500.34
2026/05/09 04:42:48.754,72,6019,522.79
2026/05/09 04:42:49.786,72,6019,530.51
2026/05/09 04:42:50.818,71,6019,523.35
2026/05/09 04:42:51.850,72,6019,526.28
2026/05/09 04:42:52.882,74,6019,528.64
2026/05/09 04:42:53.915,72,6019,524.96
2026/05/09 04:42:54.947,65,6019,519.43
2026/05/09 04:42:55.980,74,6019,509.20
2026/05/09 04:42:57.012,65,6019,499.44
2026/05/09 04:42:58.043,72,6019,512.25
2026/05/09 04:42:59.075,72,6019,502.81
2026/05/09 04:43:00.106,70,6019,508.36
2026/05/09 04:43:01.139,79,6019,432.41
2026/05/09 04:43:02.171,81,6019,173.29
2026/05/09 04:43:03.203,73,6019,387.46
2026/05/09 04:43:04.236,65,6019,506.09
2026/05/09 04:43:05.268,74,6019,508.74
2026/05/09 04:43:06.300,65,6019,499.17
2026/05/09 04:43:07.334,72,6019,522.84
2026/05/09 04:43:08.366,72,6019,528.46
2026/05/09 04:43:09.399,72,6019,524.48
2026/05/09 04:43:10.431,64,6019,524.76
2026/05/09 04:43:11.463,72,6019,527.80
2026/05/09 04:43:12.496,72,6019,524.53
2026/05/09 04:43:13.528,72,6019,530.37
2026/05/09 04:43:14.560,75,6019,527.79
2026/05/09 04:43:15.591,71,6019,524.09
2026/05/09 04:43:16.622,73,6019,529.31
2026/05/09 04:43:17.655,85,6019,214.87
2026/05/09 04:43:18.687,73,6019,370.76
2026/05/09 04:43:19.720,72,6019,525.83
2026/05/09 04:43:20.752,64,6019,505.38
2026/05/09 04:43:21.783,64,6019,490.71
2026/05/09 04:43:22.815,66,6019,493.35
2026/05/09 04:43:23.847,69,6019,488.62
2026/05/09 04:43:24.880,71,6019,493.71
2026/05/09 04:43:25.912,64,6019,490.55
2026/05/09 04:43:26.943,68,6019,496.54
2026/05/09 04:43:27.977,72,6019,492.67
2026/05/09 04:43:29.010,64,6019,495.65
2026/05/09 04:43:30.041,61,6019,497.04
2026/05/09 04:43:31.074,66,6019,492.26
2026/05/09 04:43:32.106,63,6019,490.92
2026/05/09 04:43:33.138,68,6019,488.62
2026/05/09 04:43:34.169,85,6019,180.99
2026/05/09 04:43:35.200,65,6019,339.14
2026/05/09 04:43:36.231,65,6019,494.71
2026/05/09 04:43:37.262,65,6019,497.30
2026/05/09 04:43:38.294,65,6019,497.04
2026/05/09 04:43:39.326,75,6019,526.27
2026/05/09 04:43:40.358,75,6019,532.16
2026/05/09 04:43:41.389,74,6019,523.83
2026/05/09 04:43:42.419,84,6019,547.92
2026/05/09 04:43:43.451,82,6019,571.88
2026/05/09 04:43:44.483,84,6019,573.09
2026/05/09 04:43:45.516,73,6019,553.22
2026/05/09 04:43:46.547,79,6019,538.25
2026/05/09 04:43:47.579,82,6019,566.01
2026/05/09 04:43:48.610,75,6019,440.25
2026/05/09 04:43:49.640,77,6019,175.93
2026/05/09 04:43:50.670,83,6019,481.28
2026/05/09 04:43:51.701,73,6019,566.08
2026/05/09 04:43:52.734,76,6019,538.45
2026/05/09 04:43:53.766,81,6019,553.60
2026/05/09 04:43:54.798,84,6019,571.52
2026/05/09 04:43:55.828,78,6019,577.78
2026/05/09 04:43:56.860,75,6019,544.27
2026/05/09 04:43:57.890,77,6019,545.69
2026/05/09 04:43:58.922,84,6019,379.20
2026/05/09 04:43:59.954,79,6019,568.16
2026/05/09 04:44:00.985,83,6019,572.10
2026/05/09 04:44:02.018,82,6019,571.83
2026/05/09 04:44:03.049,82,6019,574.88
2026/05/09 04:44:04.080,79,6019,179.66
2026/05/09 04:44:05.112,84,6019,358.89
2026/05/09 04:44:06.143,80,6019,574.50
2026/05/09 04:44:07.176,84,6019,573.49
2026/05/09 04:44:08.208,82,6019,571.63
2026/05/09 04:44:09.239,82,6019,578.01
2026/05/09 04:44:10.270,84,6019,572.68
2026/05/09 04:44:11.302,81,6019,572.77
2026/05/09 04:44:12.333,84,6019,573.17
2026/05/09 04:44:13.364,84,6019,572.27
2026/05/09 04:44:14.396,79,6019,577.16
2026/05/09 04:44:15.427,84,6019,572.23
2026/05/09 04:44:16.459,81,6019,573.53
2026/05/09 04:44:17.491,63,6019,455.90
2026/05/09 04:44:18.523,63,6019,270.99
2026/05/09 04:44:19.556,75,6019,256.13
2026/05/09 04:44:20.587,78,6019,174.74
2026/05/09 04:44:21.618,75,6019,393.69
2026/05/09 04:44:22.651,81,6019,568.44
2026/05/09 04:44:23.682,77,6019,572.04
2026/05/09 04:44:24.713,80,6019,565.33
2026/05/09 04:44:25.745,81,6019,572.00
2026/05/09 04:44:26.779,82,6019,567.01
2026/05/09 04:44:27.812,80,6019,569.24
2026/05/09 04:44:28.844,81,6019,571.67
2026/05/09 04:44:29.876,83,6019,567.57
2026/05/09 04:44:30.908,82,6019,572.17
2026/05/09 04:44:31.940,76,6019,571.55
2026/05/09 04:44:32.971,84,6019,569.16
2026/05/09 04:44:34.004,75,6019,444.16
2026/05/09 04:44:35.035,75,6019,175.65
2026/05/09 04:44:36.067,80,6019,461.21
2026/05/09 04:44:37.099,82,6019,573.63
2026/05/09 04:44:38.131,82,6019,569.03
2026/05/09 04:44:39.162,80,6019,572.75
2026/05/09 04:44:40.194,84,6019,568.57
2026/05/09 04:44:41.226,82,6019,571.95
2026/05/09 04:44:42.259,78,6019,570.44
2026/05/09 04:44:43.291,65,6019,540.99
2026/05/09 04:44:44.322,72,6019,534.97
2026/05/09 04:44:45.356,72,6019,529.64
2026/05/09 04:44:46.388,74,6019,534.72
2026/05/09 04:44:47.420,77,6019,546.57
2026/05/09 04:44:48.452,80,6019,492.12
2026/05/09 04:44:49.483,79,6019,175.57
2026/05/09 04:44:50.514,79,6019,390.64
2026/05/09 04:44:51.546,80,6019,563.79
2026/05/09 04:44:52.579,81,6019,570.10
2026/05/09 04:44:53.610,76,6019,569.38
2026/05/09 04:44:54.642,80,6019,565.90
2026/05/09 04:44:55.673,80,6019,570.77
2026/05/09 04:44:56.705,83,6019,564.96
2026/05/09 04:44:57.736,75,6019,547.12
2026/05/09 04:44:58.768,78,6019,544.83
2026/05/09 04:44:59.800,82,6019,553.51
2026/05/09 04:45:00.832,75,6019,547.52
2026/05/09 04:45:01.862,76,6019,551.29
2026/05/09 04:45:02.894,73,6019,522.72
2026/05/09 04:45:03.926,74,6019,176.10
2026/05/09 04:45:04.957,71,6019,335.79
2026/05/09 04:45:05.988,65,6019,494.86
2026/05/09 04:45:07.020,62,6019,494.04
2026/05/09 04:45:08.052,60,6019,490.09
2026/05/09 04:45:09.083,60,6019,494.18
2026/05/09 04:45:10.115,61,6019,491.41
2026/05/09 04:45:11.147,60,6019,495.79
2026/05/09 04:45:12.179,73,6019,503.08
2026/05/09 04:45:13.210,67,6019,500.64
2026/05/09 04:45:14.241,73,6019,509.09
2026/05/09 04:45:15.273,74,6019,528.08
2026/05/09 04:45:16.304,73,6019,530.76
2026/05/09 04:45:17.336,71,6019,522.93
2026/05/09 04:45:18.367,72,6019,498.71
2026/05/09 04:45:19.399,84,6019,362.97
2026/05/09 04:45:20.429,77,6019,246.11
2026/05/09 04:45:21.460,84,6019,312.27
2026/05/09 04:45:22.491,84,6019,573.96
2026/05/09 04:45:23.523,82,6019,573.59
2026/05/09 04:45:24.555,83,6019,572.44
2026/05/09 04:45:25.586,82,6019,576.93
2026/05/09 04:45:26.618,82,6019,571.45
2026/05/09 04:45:27.649,79,6019,573.57
2026/05/09 04:45:28.680,81,6019,573.72
2026/05/09 04:45:29.711,83,6019,571.89
2026/05/09 04:45:30.742,77,6019,576.35
2026/05/09 04:45:31.775,82,6019,573.30
2026/05/09 04:45:32.806,84,6019,571.99
2026/05/09 04:45:33.838,78,6019,576.33
2026/05/09 04:45:34.867,75,6019,175.67
2026/05/09 04:45:35.899,82,6019,441.58
2026/05/09 04:45:36.930,78,6019,577.24
2026/05/09 04:45:37.962,83,6019,571.52
2026/05/09 04:45:38.995,79,6019,571.01
2026/05/09 04:45:40.027,83,6019,572.27
2026/05/09 04:45:41.058,81,6019,572.21
2026/05/09 04:45:42.090,76,6019,575.07
2026/05/09 04:45:43.120,83,6019,572.46
2026/05/09 04:45:44.152,81,6019,570.60
2026/05/09 04:45:45.184,82,6019,576.35
2026/05/09 04:45:46.216,81,6019,571.10
2026/05/09 04:45:47.249,75,6019,574.52
2026/05/09 04:45:48.281,63,6019,510.12
2026/05/09 04:45:49.315,62,6019,283.41
2026/05/09 04:45:50.349,74,6019,239.36
2026/05/09 04:45:51.380,78,6019,173.05
2026/05/09 04:45:52.412,74,6019,420.77
2026/05/09 04:45:53.442,73,6019,527.63
2026/05/09 04:45:54.475,74,6019,528.20
2026/05/09 04:45:55.505,72,6019,533.37
2026/05/09 04:45:56.537,72,6019,525.30
2026/05/09 04:45:57.569,74,6019,535.89
2026/05/09 04:45:58.601,72,6019,528.73
2026/05/09 04:45:59.633,74,6019,528.97
2026/05/09 04:46:00.665,72,6019,534.23
2026/05/09 04:46:01.697,73,6019,525.66
2026/05/09 04:46:02.729,74,6019,536.12
2026/05/09 04:46:03.761,72,6019,527.42
2026/05/09 04:46:04.794,74,6019,530.98
2026/05/09 04:46:05.826,73,6019,532.01
2026/05/09 04:46:06.858,79,6019,176.72
2026/05/09 04:46:07.889,72,6019,481.55
2026/05/09 04:46:08.921,72,6019,532.93
2026/05/09 04:46:09.953,72,6019,522.90
2026/05/09 04:46:10.984,74,6019,533.24
2026/05/09 04:46:12.017,71,6019,521.12
2026/05/09 04:46:13.050,72,6019,531.80
2026/05/09 04:46:14.082,72,6019,522.47
2026/05/09 04:46:15.115,71,6019,532.51
2026/05/09 04:46:16.148,72,6019,523.18
2026/05/09 04:46:17.180,72,6019,528.89
2026/05/09 04:46:18.212,74,6019,527.39
2026/05/09 04:46:19.244,71,6019,526.90
2026/05/09 04:46:20.275,74,6019,529.30
2026/05/09 04:46:21.306,71,6019,524.28
2026/05/09 04:46:22.337,80,6019,215.57
2026/05/09 04:46:23.369,71,6019,517.26
2026/05/09 04:46:24.400,71,6019,527.02
2026/05/09 04:46:25.431,74,6019,527.94
2026/05/09 04:46:26.463,74,6019,518.15
2026/05/09 04:46:27.495,71,6019,513.67
2026/05/09 04:46:28.527,63,6019,501.14
2026/05/09 04:46:29.560,73,6019,493.92
2026/05/09 04:46:30.592,64,6019,487.07
2026/05/09 04:46:31.624,58,6019,484.59
2026/05/09 04:46:32.657,68,6019,493.70
2026/05/09 04:46:33.689,69,6019,492.45
2026/05/09 04:46:34.721,63,6019,486.21
2026/05/09 04:46:35.754,62,6019,488.35
2026/05/09 04:46:36.785,73,6019,493.00
2026/05/09 04:46:37.818,73,6019,465.83
2026/05/09 04:46:38.850,73,6019,229.98
2026/05/09 04:46:39.882,74,6019,496.93
2026/05/09 04:46:40.915,71,6019,521.27
2026/05/09 04:46:41.947,72,6019,529.84
2026/05/09 04:46:42.983,0,6019,393.06
2026/05/09 04:46:44.015,79,6019,489.49
2026/05/09 04:46:45.047,80,6019,563.65
2026/05/09 04:46:46.079,80,6019,562.68
2026/05/09 04:46:47.110,79,6019,564.53
2026/05/09 04:46:48.142,80,6019,563.03
2026/05/09 04:46:49.175,80,6019,563.51
2026/05/09 04:46:50.207,80,6019,562.00
2026/05/09 04:46:51.240,76,6019,564.00
2026/05/09 04:46:52.272,76,6019,562.84
2026/05/09 04:46:53.304,78,6019,414.13
2026/05/09 04:46:54.337,80,6019,174.87
2026/05/09 04:46:55.369,83,6019,567.55
2026/05/09 04:46:56.401,79,6019,572.23
2026/05/09 04:46:57.432,81,6019,565.75
2026/05/09 04:46:58.463,83,6019,571.90
2026/05/09 04:46:59.495,75,6019,570.03
2026/05/09 04:47:00.527,81,6019,565.18
2026/05/09 04:47:01.558,83,6019,573.12
2026/05/09 04:47:02.589,80,6019,567.12
2026/05/09 04:47:03.621,81,6019,567.85
2026/05/09 04:47:04.652,80,6019,572.39
2026/05/09 04:47:05.684,80,6019,565.10
2026/05/09 04:47:06.718,81,6019,571.60
2026/05/09 04:47:07.749,78,6019,316.11
2026/05/09 04:47:08.780,81,6019,211.55
2026/05/09 04:47:09.811,79,6019,570.22
2026/05/09 04:47:10.843,78,6019,567.89
2026/05/09 04:47:11.874,83,6019,566.59
2026/05/09 04:47:12.906,82,6019,570.70
2026/05/09 04:47:13.938,79,6019,570.52
2026/05/09 04:47:14.970,83,6019,567.43
2026/05/09 04:47:16.001,82,6019,572.49
2026/05/09 04:47:17.031,76,6019,569.91
2026/05/09 04:47:18.062,83,6019,568.86
2026/05/09 04:47:19.094,80,6019,572.71
2026/05/09 04:47:20.125,80,6019,567.42
2026/05/09 04:47:21.159,81,6019,567.82
2026/05/09 04:47:22.192,63,6019,332.52
2026/05/09 04:47:23.227,62,6019,268.46
2026/05/09 04:47:24.262,79,6019,216.97
2026/05/09 04:47:25.295,74,6019,177.33
2026/05/09 04:47:26.328,81,6019,533.89
2026/05/09 04:47:27.361,81,6019,563.47
2026/05/09 04:47:28.393,80,6019,564.78
2026/05/09 04:47:29.425,80,6019,562.50
2026/05/09 04:47:30.458,80,6019,561.71
2026/05/09 04:47:31.490,79,6019,561.85
2026/05/09 04:47:32.521,80,6019,562.99
2026/05/09 04:47:33.553,80,6019,561.50
2026/05/09 04:47:34.586,80,6019,562.21
2026/05/09 04:47:35.617,76,6019,561.92
2026/05/09 04:47:36.649,75,6019,563.92
2026/05/09 04:47:37.681,75,6019,563.37
2026/05/09 04:47:38.713,79,6019,344.07
2026/05/09 04:47:39.745,72,6019,197.50
2026/05/09 04:47:40.778,74,6019,521.72
2026/05/09 04:47:41.809,65,6019,523.12
2026/05/09 04:47:42.842,74,6019,536.75
2026/05/09 04:47:43.874,72,6019,529.77
2026/05/09 04:47:44.905,73,6019,531.07
2026/05/09 04:47:45.938,75,6019,538.31
2026/05/09 04:47:46.968,74,6019,520.48
2026/05/09 04:47:48.001,74,6019,514.64
2026/05/09 04:47:49.031,71,6019,516.18
2026/05/09 04:47:50.061,68,6019,514.17
2026/05/09 04:47:51.093,66,6019,511.58
2026/05/09 04:47:52.125,70,6019,515.28
2026/05/09 04:47:53.156,62,6019,514.93
2026/05/09 04:47:54.188,91,6019,388.89
2026/05/09 04:47:55.219,87,6019,182.52
2026/05/09 04:47:56.250,73,6019,466.78
2026/05/09 04:47:57.282,71,6019,490.45
2026/05/09 04:47:58.314,64,6019,488.90
2026/05/09 04:47:59.347,63,6019,487.67
2026/05/09 04:48:00.379,68,6019,495.80
2026/05/09 04:48:01.411,74,6019,499.28
2026/05/09 04:48:02.443,66,6019,487.00
2026/05/09 04:48:03.476,64,6019,486.30
2026/05/09 04:48:04.508,79,6019,350.63
2026/05/09 04:48:05.540,77,6019,552.04
2026/05/09 04:48:06.572,81,6019,559.90
2026/05/09 04:48:07.604,81,6019,569.29
2026/05/09 04:48:08.636,73,6019,540.88
2026/05/09 04:48:09.667,74,6019,535.45
2026/05/09 04:48:10.701,82,6019,307.28
2026/05/09 04:48:11.733,73,6019,240.15
2026/05/09 04:48:12.764,73,6019,525.68
2026/05/09 04:48:13.799,74,6019,537.16
2026/05/09 04:48:14.831,73,6019,528.44
2026/05/09 04:48:15.864,75,6019,536.29
2026/05/09 04:48:16.896,72,6019,526.77
2026/05/09 04:48:17.928,74,6019,531.36
2026/05/09 04:48:18.964,72,6019,526.37
2026/05/09 04:48:19.997,75,6019,531.87
2026/05/09 04:48:21.030,72,6019,527.19
2026/05/09 04:48:22.063,75,6019,532.40
2026/05/09 04:48:23.096,72,6019,530.97
2026/05/09 04:48:24.128,75,6019,529.54
2026/05/09 04:48:25.161,72,6019,529.40
2026/05/09 04:48:26.192,86,6019,262.41
2026/05/09 04:48:27.223,73,6019,271.76
2026/05/09 04:48:28.256,66,6019,491.20
2026/05/09 04:48:29.288,65,6019,490.41
2026/05/09 04:48:30.321,65,6019,492.14
2026/05/09 04:48:31.353,63,6019,492.45
2026/05/09 04:48:32.385,74,6019,495.36
2026/05/09 04:48:33.416,68,6019,493.33
2026/05/09 04:48:34.448,60,6019,487.45
2026/05/09 04:48:35.481,60,6019,485.83
2026/05/09 04:48:36.513,70,6019,496.17
2026/05/09 04:48:37.545,63,6019,497.09
2026/05/09 04:48:38.578,74,6019,495.43
2026/05/09 04:48:39.610,69,6019,489.83
2026/05/09 04:48:40.641,64,6019,487.09
2026/05/09 04:48:41.674,63,6019,487.70
2026/05/09 04:48:42.705,79,6019,320.71
2026/05/09 04:48:43.736,75,6019,192.39
2026/05/09 04:48:44.768,71,6019,501.64
2026/05/09 04:48:45.799,71,6019,517.06
2026/05/09 04:48:46.829,69,6019,519.48
2026/05/09 04:48:47.862,74,6019,523.77
2026/05/09 04:48:48.893,72,6019,518.44
2026/05/09 04:48:49.925,70,6019,517.05
2026/05/09 04:48:50.957,74,6019,523.03
2026/05/09 04:48:51.989,69,6019,520.07
2026/05/09 04:48:53.021,74,6019,495.94
2026/05/09 04:48:54.053,71,6019,494.81
2026/05/09 04:48:55.085,65,6019,490.30
2026/05/09 04:48:56.117,64,6019,488.12
2026/05/09 04:48:57.148,65,6019,491.40
2026/05/09 04:48:58.180,70,6019,495.69
2026/05/09 04:48:59.213,66,6019,301.36
2026/05/09 04:49:00.247,61,6019,275.25
2026/05/09 04:49:01.279,85,6019,198.72
2026/05/09 04:49:02.311,67,6019,257.73
2026/05/09 04:49:03.343,64,6019,492.86
2026/05/09 04:49:04.375,67,6019,498.82
2026/05/09 04:49:05.407,64,6019,500.69
2026/05/09 04:49:06.440,73,6019,495.35
2026/05/09 04:49:07.472,68,6019,497.67
2026/05/09 04:49:08.503,64,6019,502.64
2026/05/09 04:49:09.534,69,6019,502.76
2026/05/09 04:49:10.565,74,6019,500.66
2026/05/09 04:49:11.597,66,6019,501.54
2026/05/09 04:49:12.630,60,6019,500.24
2026/05/09 04:49:13.664,72,6019,510.30
2026/05/09 04:49:14.697,75,6019,529.17
2026/05/09 04:49:15.730,73,6019,530.62
2026/05/09 04:49:16.763,78,6019,494.08
2026/05/09 04:49:17.794,78,6019,179.88
2026/05/09 04:49:18.825,73,6019,387.21
2026/05/09 04:49:19.858,61,6019,505.08
2026/05/09 04:49:20.890,74,6019,501.93
2026/05/09 04:49:21.922,72,6019,503.08
2026/05/09 04:49:22.955,75,6019,530.25
2026/05/09 04:49:23.986,67,6019,511.98
2026/05/09 04:49:25.019,73,6019,501.64
2026/05/09 04:49:26.049,86,6019,330.75
2026/05/09 04:49:27.083,87,6019,556.41
2026/05/09 04:49:28.117,79,6019,571.24
2026/05/09 04:49:29.149,76,6019,564.61
2026/05/09 04:49:30.183,78,6019,561.97
2026/05/09 04:49:31.217,80,6019,561.68
2026/05/09 04:49:32.248,81,6019,568.71
2026/05/09 04:49:33.280,79,6019,241.93
2026/05/09 04:49:34.311,82,6019,346.18
2026/05/09 04:49:35.342,79,6019,574.09
2026/05/09 04:49:36.374,83,6019,568.29
2026/05/09 04:49:37.405,81,6019,573.57
2026/05/09 04:49:38.437,83,6019,569.54
2026/05/09 04:49:39.469,81,6019,574.06
2026/05/09 04:49:40.501,82,6019,568.46
2026/05/09 04:49:41.532,83,6019,571.37
2026/05/09 04:49:42.564,82,6019,572.34
2026/05/09 04:49:43.597,82,6019,575.28
2026/05/09 04:49:44.628,81,6019,571.58
2026/05/09 04:49:45.660,78,6019,574.68
2026/05/09 04:49:46.690,76,6019,462.07
2026/05/09 04:49:47.721,76,6019,176.95
2026/05/09 04:49:48.752,83,6019,446.90
2026/05/09 04:49:49.783,84,6019,573.64
2026/05/09 04:49:50.815,79,6019,575.96
2026/05/09 04:49:51.846,81,6019,574.30
2026/05/09 04:49:52.878,84,6019,574.11
2026/05/09 04:49:53.908,84,6019,574.39
2026/05/09 04:49:54.940,80,6019,574.94
2026/05/09 04:49:55.970,81,6019,578.18
2026/05/09 04:49:57.001,84,6019,572.90
2026/05/09 04:49:58.032,84,6019,574.89
2026/05/09 04:49:59.064,80,6019,576.39
2026/05/09 04:50:00.096,81,6019,578.48
2026/05/09 04:50:01.127,80,6019,300.88
2026/05/09 04:50:02.158,84,6019,253.42
2026/05/09 04:50:03.189,83,6019,574.84
2026/05/09 04:50:04.220,76,6019,578.75
2026/05/09 04:50:05.250,83,6019,574.31
2026/05/09 04:50:06.282,84,6019,573.50
2026/05/09 04:50:07.313,84,6019,573.03
2026/05/09 04:50:08.343,77,6019,577.98
2026/05/09 04:50:09.372,82,6019,572.50
2026/05/09 04:50:10.403,83,6019,573.62
2026/05/09 04:50:11.434,79,6019,579.27
2026/05/09 04:50:12.464,83,6019,572.46
2026/05/09 04:50:13.495,83,6019,573.28
2026/05/09 04:50:14.526,78,6019,504.04
2026/05/09 04:50:15.557,78,6019,177.52
2026/05/09 04:50:16.588,81,6019,416.13
2026/05/09 04:50:17.619,74,6019,553.49
2026/05/09 04:50:18.649,72,6019,522.64
2026/05/09 04:50:19.682,75,6019,523.34
2026/05/09 04:50:20.713,81,6019,531.50
2026/05/09 04:50:21.744,74,6019,530.90
2026/05/09 04:50:22.777,75,6019,538.03
2026/05/09 04:50:23.809,80,6019,545.65
2026/05/09 04:50:24.840,77,6019,546.61
2026/05/09 04:50:25.872,82,6019,544.27
2026/05/09 04:50:26.903,81,6019,534.91
2026/05/09 04:50:27.935,64,6019,519.91
2026/05/09 04:50:28.965,71,6019,518.12
2026/05/09 04:50:29.996,62,6019,434.66
2026/05/09 04:50:31.029,62,6019,266.65
2026/05/09 04:50:32.060,71,6019,258.95
2026/05/09 04:50:33.090,78,6019,174.42
2026/05/09 04:50:34.121,77,6019,343.98
2026/05/09 04:50:35.152,74,6019,530.10
2026/05/09 04:50:36.184,77,6019,533.80
2026/05/09 04:50:37.217,71,6019,537.12
2026/05/09 04:50:38.249,76,6019,537.04
2026/05/09 04:50:39.281,71,6019,533.91
2026/05/09 04:50:40.312,77,6019,537.44
2026/05/09 04:50:41.343,72,6019,538.27
2026/05/09 04:50:42.374,76,6019,539.73
2026/05/09 04:50:43.405,75,6019,536.95
2026/05/09 04:50:44.437,84,6019,561.09
2026/05/09 04:50:45.469,61,6019,382.13
2026/05/09 04:50:46.501,75,6019,555.81
2026/05/09 04:50:47.533,84,6019,495.19
2026/05/09 04:50:48.563,76,6019,176.04
2026/05/09 04:50:49.593,77,6019,448.82
2026/05/09 04:50:50.623,78,6019,576.59
2026/05/09 04:50:51.653,82,6019,574.32
2026/05/09 04:50:52.684,84,6019,575.43
2026/05/09 04:50:53.715,84,6019,573.95
2026/05/09 04:50:54.747,83,6019,573.04
2026/05/09 04:50:55.779,83,6019,573.02
2026/05/09 04:50:56.810,84,6019,571.53
2026/05/09 04:50:57.842,75,6019,575.32
2026/05/09 04:50:58.874,82,6019,571.28
2026/05/09 04:50:59.905,79,6019,573.98
2026/05/09 04:51:00.937,82,6019,574.77
2026/05/09 04:51:01.968,76,6019,337.10
2026/05/09 04:51:02.999,83,6019,222.82
2026/05/09 04:51:04.030,84,6019,575.27
2026/05/09 04:51:05.063,84,6019,574.96
2026/05/09 04:51:06.093,83,6019,572.19
2026/05/09 04:51:07.124,82,6019,574.01
2026/05/09 04:51:08.155,83,6019,574.47
2026/05/09 04:51:09.186,83,6019,574.39
2026/05/09 04:51:10.218,80,6019,574.35
2026/05/09 04:51:11.248,82,6019,574.09
2026/05/09 04:51:12.280,84,6019,573.60
2026/05/09 04:51:13.311,84,6019,574.21
2026/05/09 04:51:14.341,78,6019,574.65
2026/05/09 04:51:15.371,83,6019,531.56
2026/05/09 04:51:16.400,82,6019,179.93
2026/05/09 04:51:17.429,79,6019,392.21
2026/05/09 04:51:18.459,82,6019,574.59
2026/05/09 04:51:19.489,83,6019,574.07
2026/05/09 04:51:20.519,84,6019,573.85
2026/05/09 04:51:21.550,75,6019,555.95
2026/05/09 04:51:22.580,75,6019,537.01
2026/05/09 04:51:23.611,75,6019,528.87
2026/05/09 04:51:24.642,74,6019,535.10
2026/05/09 04:51:25.672,73,6019,530.02
2026/05/09 04:51:26.703,72,6019,530.39
2026/05/09 04:51:27.734,74,6019,539.77
2026/05/09 04:51:28.765,69,6019,526.89
2026/05/09 04:51:29.796,74,6019,531.56
2026/05/09 04:51:30.825,80,6019,474.83
2026/05/09 04:51:31.855,82,6019,178.90
2026/05/09 04:51:32.885,83,6019,539.52
2026/05/09 04:51:33.917,83,6019,572.19
2026/05/09 04:51:34.948,80,6019,574.55
2026/05/09 04:51:35.980,83,6019,571.84
2026/05/09 04:51:37.011,82,6019,573.48
2026/05/09 04:51:38.042,83,6019,569.68
2026/05/09 04:51:39.073,81,6019,571.17
2026/05/09 04:51:40.103,73,6019,541.50
2026/05/09 04:51:41.134,75,6019,536.61
2026/05/09 04:51:42.165,72,6019,524.35
2026/05/09 04:51:43.197,75,6019,532.05
2026/05/09 04:51:44.229,63,6019,504.67
2026/05/09 04:51:45.260,70,6019,496.32
2026/05/09 04:51:46.291,79,6019,275.75
2026/05/09 04:51:47.321,73,6019,248.08
2026/05/09 04:51:48.352,62,6019,516.92
2026/05/09 04:51:49.383,74,6019,517.11
2026/05/09 04:51:50.413,71,6019,513.88
2026/05/09 04:51:51.445,74,6019,525.66
2026/05/09 04:51:52.478,74,6019,539.64
2026/05/09 04:51:53.509,74,6019,525.62
2026/05/09 04:51:54.540,78,6019,534.64
2026/05/09 04:51:55.572,71,6019,534.27
2026/05/09 04:51:56.603,76,6019,529.41
2026/05/09 04:51:57.634,83,6019,572.71
2026/05/09 04:51:58.666,80,6019,567.45
2026/05/09 04:51:59.698,68,6019,544.15
2026/05/09 04:52:00.730,73,6019,535.70
2026/05/09 04:52:01.766,0,6019,232.85
2026/05/09 04:52:02.800,65,6019,255.81
2026/05/09 04:52:03.833,78,6019,244.83
2026/05/09 04:52:04.864,85,6019,273.83
2026/05/09 04:52:05.896,77,6019,572.75
2026/05/09 04:52:06.927,83,6019,570.88
2026/05/09 04:52:07.959,82,6019,570.53
2026/05/09 04:52:08.991,81,6019,572.23
2026/05/09 04:52:10.023,83,6019,570.10
2026/05/09 04:52:11.054,79,6019,574.22
2026/05/09 04:52:12.085,83,6019,569.91
2026/05/09 04:52:13.115,75,6019,572.82
2026/05/09 04:52:14.146,81,6019,570.91
2026/05/09 04:52:15.178,79,6019,570.29
2026/05/09 04:52:16.208,81,6019,570.82
2026/05/09 04:52:17.239,72,6019,553.20
2026/05/09 04:52:18.269,77,6019,343.41
2026/05/09 04:52:19.298,80,6019,205.00
2026/05/09 04:52:20.328,83,6019,572.90
2026/05/09 04:52:21.360,83,6019,574.59
2026/05/09 04:52:22.390,80,6019,574.52
2026/05/09 04:52:23.421,82,6019,577.67
2026/05/09 04:52:24.451,83,6019,574.28
2026/05/09 04:52:25.483,83,6019,572.72
2026/05/09 04:52:26.513,78,6019,576.41
2026/05/09 04:52:27.544,84,6019,573.91
2026/05/09 04:52:28.574,84,6019,573.62
2026/05/09 04:52:29.603,83,6019,574.19
2026/05/09 04:52:30.634,76,6019,577.13
2026/05/09 04:52:31.665,77,6019,545.50
2026/05/09 04:52:32.697,78,6019,184.81
2026/05/09 04:52:33.728,77,6019,376.58
2026/05/09 04:52:34.759,81,6019,570.59
2026/05/09 04:52:35.791,78,6019,570.32
2026/05/09 04:52:36.824,82,6019,570.02
2026/05/09 04:52:37.856,79,6019,571.52
2026/05/09 04:52:38.888,83,6019,569.08
2026/05/09 04:52:39.920,83,6019,575.10
2026/05/09 04:52:40.951,81,6019,568.01
2026/05/09 04:52:41.983,83,6019,573.67
2026/05/09 04:52:43.014,82,6019,568.23
2026/05/09 04:52:44.046,81,6019,574.24
2026/05/09 04:52:45.078,76,6019,571.05
2026/05/09 04:52:46.109,74,6019,435.58
2026/05/09 04:52:47.140,74,6019,180.93
2026/05/09 04:52:48.171,80,6019,469.83
2026/05/09 04:52:49.204,62,6019,547.45
2026/05/09 04:52:50.235,79,6019,535.20
2026/05/09 04:52:51.267,74,6019,541.15
2026/05/09 04:52:52.300,79,6019,538.29
2026/05/09 04:52:53.332,73,6019,539.54
2026/05/09 04:52:54.364,80,6019,545.01
2026/05/09 04:52:55.395,72,6019,545.33
2026/05/09 04:52:56.427,78,6019,550.40
2026/05/09 04:52:57.460,76,6019,548.89
2026/05/09 04:52:58.491,71,6019,540.86
2026/05/09 04:52:59.524,73,6019,517.06
2026/05/09 04:53:00.556,70,6019,514.67
2026/05/09 04:53:01.587,74,6019,296.12
2026/05/09 04:53:02.618,77,6019,229.72
2026/05/09 04:53:03.649,72,6019,534.66
2026/05/09 04:53:04.680,73,6019,522.72
2026/05/09 04:53:05.711,63,6019,520.23
2026/05/09 04:53:06.744,61,6019,496.28
2026/05/09 04:53:07.775,72,6019,502.22
2026/05/09 04:53:08.806,73,6019,504.16
2026/05/09 04:53:09.838,73,6019,499.22
2026/05/09 04:53:10.869,72,6019,512.99
2026/05/09 04:53:11.901,72,6019,523.72
2026/05/09 04:53:12.933,72,6019,532.78
2026/05/09 04:53:13.965,72,6019,509.35
2026/05/09 04:53:14.996,66,6019,505.41
2026/05/09 04:53:16.027,74,6019,527.79
2026/05/09 04:53:17.061,91,6019,459.26
2026/05/09 04:53:18.091,89,6019,182.99
2026/05/09 04:53:19.123,72,6019,448.73
2026/05/09 04:53:20.154,71,6019,508.21
2026/05/09 04:53:21.187,74,6019,496.88
2026/05/09 04:53:22.220,74,6019,499.18
2026/05/09 04:53:23.254,26,6019,500.80
2026/05/09 04:53:24.288,88,6019,388.28
2026/05/09 04:53:25.318,79,6019,567.01
2026/05/09 04:53:26.349,82,6019,568.79
2026/05/09 04:53:27.380,82,6019,571.70
2026/05/09 04:53:28.412,76,6019,571.13
2026/05/09 04:53:29.444,81,6019,570.35
2026/05/09 04:53:30.474,80,6019,568.61
2026/05/09 04:53:31.505,75,6019,569.67
2026/05/09 04:53:32.537,61,6019,423.16
2026/05/09 04:53:33.571,63,6019,267.86
2026/05/09 04:53:34.604,78,6019,244.98
2026/05/09 04:53:35.635,75,6019,172.51
2026/05/09 04:53:36.666,82,6019,444.17
2026/05/09 04:53:37.696,82,6019,566.94
2026/05/09 04:53:38.727,82,6019,572.79
2026/05/09 04:53:39.757,82,6019,567.22
2026/05/09 04:53:40.787,81,6019,570.05
2026/05/09 04:53:41.820,78,6019,568.43
2026/05/09 04:53:42.852,82,6019,564.26
2026/05/09 04:53:43.883,75,6019,565.05
2026/05/09 04:53:44.915,80,6019,561.68
2026/05/09 04:53:45.947,81,6019,562.88
2026/05/09 04:53:46.980,81,6019,565.33
2026/05/09 04:53:48.012,80,6019,565.84
2026/05/09 04:53:49.045,78,6019,407.68
2026/05/09 04:53:50.076,78,6019,179.34
2026/05/09 04:53:51.107,75,6019,508.57
2026/05/09 04:53:52.138,82,6019,567.29
2026/05/09 04:53:53.169,80,6019,572.97
2026/05/09 04:53:54.202,81,6019,565.44
2026/05/09 04:53:55.234,82,6019,571.40
2026/05/09 04:53:56.266,76,6019,571.35
2026/05/09 04:53:57.298,81,6019,567.31
2026/05/09 04:53:58.329,82,6019,572.01
2026/05/09 04:53:59.361,79,6019,568.03
2026/05/09 04:54:00.393,78,6019,567.11
2026/05/09 04:54:01.425,81,6019,567.41
2026/05/09 04:54:02.456,81,6019,570.34
2026/05/09 04:54:03.490,74,6019,321.31
2026/05/09 04:54:04.522,81,6019,221.43
2026/05/09 04:54:05.554,82,6019,565.91
2026/05/09 04:54:06.586,80,6019,569.26
2026/05/09 04:54:07.618,79,6019,570.99
2026/05/09 04:54:08.650,77,6019,565.17
2026/05/09 04:54:09.681,80,6019,564.72
2026/05/09 04:54:10.712,81,6019,566.60
2026/05/09 04:54:11.744,82,6019,571.43
2026/05/09 04:54:12.775,79,6019,567.98
2026/05/09 04:54:13.807,81,6019,569.86
2026/05/09 04:54:14.840,81,6019,572.26
2026/05/09 04:54:15.872,81,6019,571.44
2026/05/09 04:54:16.905,76,6019,569.96
2026/05/09 04:54:17.936,78,6019,234.36
2026/05/09 04:54:18.968,75,6019,285.19
2026/05/09 04:54:20.001,81,6019,565.89
2026/05/09 04:54:21.032,81,6019,572.51
2026/05/09 04:54:22.064,76,6019,568.73
2026/05/09 04:54:23.095,81,6019,566.32
2026/05/09 04:54:24.127,81,6019,572.05
2026/05/09 04:54:25.159,76,6019,571.03
2026/05/09 04:54:26.191,81,6019,564.30
2026/05/09 04:54:27.224,82,6019,569.87
2026/05/09 04:54:28.255,81,6019,570.76
2026/05/09 04:54:29.287,78,6019,569.00
2026/05/09 04:54:30.319,81,6019,569.63
2026/05/09 04:54:31.351,81,6019,570.52
2026/05/09 04:54:32.383,81,6019,179.62
2026/05/09 04:54:33.415,72,6019,325.39
2026/05/09 04:54:34.447,72,6019,530.28
2026/05/09 04:54:35.478,74,6019,527.17
2026/05/09 04:54:36.511,71,6019,523.49
2026/05/09 04:54:37.542,73,6019,532.60
2026/05/09 04:54:38.573,71,6019,523.32
2026/05/09 04:54:39.605,71,6019,528.96
2026/05/09 04:54:40.639,74,6019,529.71
2026/05/09 04:54:41.670,72,6019,521.39
2026/05/09 04:54:42.704,0,6019,363.37
2026/05/09 04:54:43.735,83,6019,553.18
2026/05/09 04:54:44.767,81,6019,573.41
2026/05/09 04:54:45.798,81,6019,572.38
2026/05/09 04:54:46.829,78,6019,572.41
2026/05/09 04:54:47.860,79,6019,399.72
2026/05/09 04:54:48.892,82,6019,343.69
2026/05/09 04:54:49.922,77,6019,576.01
2026/05/09 04:54:50.954,83,6019,570.57
2026/05/09 04:54:51.986,80,6019,571.07
2026/05/09 04:54:53.017,84,6019,570.79
2026/05/09 04:54:54.049,82,6019,571.05
2026/05/09 04:54:55.080,81,6019,575.06
2026/05/09 04:54:56.112,83,6019,569.04
2026/05/09 04:54:57.144,82,6019,575.40
2026/05/09 04:54:58.175,83,6019,570.69
2026/05/09 04:54:59.206,82,6019,575.01
2026/05/09 04:55:00.237,81,6019,569.63
2026/05/09 04:55:01.268,81,6019,576.47
2026/05/09 04:55:02.300,63,6019,353.36
2026/05/09 04:55:03.333,61,6019,268.48
2026/05/09 04:55:04.365,80,6019,214.70
2026/05/09 04:55:05.396,81,6019,349.93
2026/05/09 04:55:06.428,82,6019,569.59
2026/05/09 04:55:07.460,81,6019,574.27
2026/05/09 04:55:08.491,83,6019,568.62
2026/05/09 04:55:09.522,82,6019,574.49
2026/05/09 04:55:10.554,82,6019,569.80
2026/05/09 04:55:11.584,80,6019,575.39
2026/05/09 04:55:12.615,82,6019,570.63
2026/05/09 04:55:13.647,76,6019,574.10
2026/05/09 04:55:14.679,83,6019,565.88
2026/05/09 04:55:15.710,81,6019,569.37
2026/05/09 04:55:16.742,76,6019,571.07
2026/05/09 04:55:17.773,83,6019,567.70
2026/05/09 04:55:18.804,91,6019,250.67
2026/05/09 04:55:19.835,74,6019,292.87
2026/05/09 04:55:20.866,71,6019,525.64
2026/05/09 04:55:21.897,72,6019,530.21
2026/05/09 04:55:22.929,75,6019,528.88
2026/05/09 04:55:23.961,71,6019,527.08
2026/05/09 04:55:24.993,74,6019,528.39
2026/05/09 04:55:26.024,72,6019,523.84
2026/05/09 04:55:27.056,74,6019,532.04
2026/05/09 04:55:28.088,72,6019,523.06
2026/05/09 04:55:29.121,72,6019,532.72
2026/05/09 04:55:30.152,74,6019,526.02
2026/05/09 04:55:31.186,71,6019,528.53
2026/05/09 04:55:32.217,74,6019,529.78
2026/05/09 04:55:33.248,72,6019,524.46
2026/05/09 04:55:34.280,86,6019,258.13
2026/05/09 04:55:35.312,72,6019,323.14
2026/05/09 04:55:36.346,72,6019,525.84
2026/05/09 04:55:37.377,72,6019,528.79
2026/05/09 04:55:38.409,74,6019,527.63
2026/05/09 04:55:39.442,71,6019,525.64
2026/05/09 04:55:40.473,72,6019,527.67
2026/05/09 04:55:41.506,75,6019,524.46
2026/05/09 04:55:42.539,71,6019,523.97
2026/05/09 04:55:43.571,72,6019,528.54
2026/05/09 04:55:44.603,75,6019,524.74
2026/05/09 04:55:45.636,70,6019,524.00
2026/05/09 04:55:46.669,71,6019,526.83
2026/05/09 04:55:47.701,74,6019,524.53
2026/05/09 04:55:48.734,71,6019,522.79
2026/05/09 04:55:49.766,79,6019,257.95
2026/05/09 04:55:50.799,82,6019,308.31
2026/05/09 04:55:51.830,76,6019,574.23
2026/05/09 04:55:52.863,81,6019,568.24
2026/05/09 04:55:53.895,81,6019,572.40
2026/05/09 04:55:54.927,78,6019,569.33
2026/05/09 04:55:55.959,82,6019,568.64
2026/05/09 04:55:56.990,76,6019,572.62
2026/05/09 04:55:58.021,83,6019,569.96
2026/05/09 04:55:59.053,77,6019,575.20
2026/05/09 04:56:00.085,82,6019,566.81
2026/05/09 04:56:01.116,82,6019,574.61
2026/05/09 04:56:02.148,84,6019,571.46
2026/05/09 04:56:03.179,74,6019,386.13
2026/05/09 04:56:04.211,79,6019,284.55
2026/05/09 04:56:05.242,85,6019,263.13
2026/05/09 04:56:06.273,82,6019,573.10
2026/05/09 04:56:07.304,80,6019,573.97
2026/05/09 04:56:08.335,84,6019,571.89
2026/05/09 04:56:09.366,83,6019,573.36
2026/05/09 04:56:10.396,78,6019,576.07
2026/05/09 04:56:11.427,83,6019,572.40
2026/05/09 04:56:12.459,82,6019,571.68
2026/05/09 04:56:13.491,83,6019,576.60
2026/05/09 04:56:14.523,81,6019,571.14
2026/05/09 04:56:15.554,79,6019,576.54
2026/05/09 04:56:16.585,84,6019,572.81
2026/05/09 04:56:17.616,79,6019,500.08
2026/05/09 04:56:18.646,78,6019,178.14
2026/05/09 04:56:19.677,81,6019,402.25
2026/05/09 04:56:20.709,83,6019,570.47
2026/05/09 04:56:21.741,82,6019,573.02
2026/05/09 04:56:22.773,82,6019,569.30
2026/05/09 04:56:23.805,83,6019,573.94
2026/05/09 04:56:24.837,75,6019,570.60
2026/05/09 04:56:25.868,80,6019,564.10
2026/05/09 04:56:26.901,79,6019,565.88
2026/05/09 04:56:27.932,82,6019,565.27
2026/05/09 04:56:28.964,82,6019,571.02
2026/05/09 04:56:29.996,80,6019,569.48
2026/05/09 04:56:31.026,76,6019,568.46
2026/05/09 04:56:32.057,61,6019,451.51
2026/05/09 04:56:33.089,61,6019,269.95
2026/05/09 04:56:34.123,78,6019,260.24
2026/05/09 04:56:35.154,78,6019,174.40
2026/05/09 04:56:36.185,81,6019,369.99
2026/05/09 04:56:37.216,83,6019,569.52
2026/05/09 04:56:38.248,74,6019,557.59
2026/05/09 04:56:39.279,73,6019,528.63
2026/05/09 04:56:40.311,75,6019,530.34
2026/05/09 04:56:41.343,73,6019,529.86
2026/05/09 04:56:42.374,73,6019,528.96
2026/05/09 04:56:43.406,72,6019,527.56
2026/05/09 04:56:44.437,74,6019,531.22
2026/05/09 04:56:45.468,72,6019,529.40
2026/05/09 04:56:46.500,74,6019,530.28
2026/05/09 04:56:47.531,72,6019,527.22
2026/05/09 04:56:48.563,74,6019,532.11
2026/05/09 04:56:49.594,85,6019,414.99
2026/05/09 04:56:50.624,81,6019,184.74
2026/05/09 04:56:51.655,71,6019,471.87
2026/05/09 04:56:52.686,72,6019,530.57
2026/05/09 04:56:53.717,72,6019,525.63
2026/05/09 04:56:54.749,72,6019,530.23
2026/05/09 04:56:55.781,75,6019,526.18
2026/05/09 04:56:56.812,72,6019,528.33
2026/05/09 04:56:57.843,74,6019,528.45
2026/05/09 04:56:58.875,71,6019,527.44
2026/05/09 04:56:59.906,73,6019,533.24
2026/05/09 04:57:00.938,72,6019,522.96
2026/05/09 04:57:01.969,71,6019,532.07
2026/05/09 04:57:03.000,72,6019,525.94
2026/05/09 04:57:04.031,72,6019,530.46
2026/05/09 04:57:05.063,84,6019,384.30
2026/05/09 04:57:06.093,75,6019,200.08
2026/05/09 04:57:07.125,72,6019,514.91
2026/05/09 04:57:08.157,72,6019,524.32
2026/05/09 04:57:09.187,72,6019,527.53
2026/05/09 04:57:10.218,74,6019,528.84
2026/05/09 04:57:11.249,71,6019,524.55
2026/05/09 04:57:12.282,74,6019,530.39
2026/05/09 04:57:13.313,71,6019,523.78
2026/05/09 04:57:14.344,72,6019,529.05
2026/05/09 04:57:15.375,71,6019,523.76
2026/05/09 04:57:16.406,72,6019,522.41
2026/05/09 04:57:17.437,72,6019,530.96
2026/05/09 04:57:18.470,37,6019,501.31
2026/05/09 04:57:19.502,81,6019,393.78
2026/05/09 04:57:20.533,78,6019,457.20
2026/05/09 04:57:21.565,78,6019,176.33
2026/05/09 04:57:22.596,83,6019,442.16
2026/05/09 04:57:23.627,80,6019,573.04
2026/05/09 04:57:24.660,83,6019,569.96
2026/05/09 04:57:25.691,76,6019,573.81
2026/05/09 04:57:26.723,81,6019,570.36
2026/05/09 04:57:27.755,81,6019,569.30
2026/05/09 04:57:28.786,82,6019,570.97
2026/05/09 04:57:29.818,83,6019,570.25
2026/05/09 04:57:30.849,81,6019,576.75
2026/05/09 04:57:31.881,82,6019,569.57
2026/05/09 04:57:32.915,81,6019,573.79
2026/05/09 04:57:33.945,74,6019,562.34
2026/05/09 04:57:34.976,79,6019,327.07
2026/05/09 04:57:36.007,72,6019,174.45
2026/05/09 04:57:37.038,63,6019,490.89
2026/05/09 04:57:38.070,72,6019,518.26
2026/05/09 04:57:39.103,75,6019,517.35
2026/05/09 04:57:40.135,65,6019,518.17
2026/05/09 04:57:41.167,73,6019,521.91
2026/05/09 04:57:42.200,71,6019,512.40
2026/05/09 04:57:43.232,66,6019,517.40
2026/05/09 04:57:44.264,71,6019,519.23
2026/05/09 04:57:45.296,69,6019,516.15
2026/05/09 04:57:46.327,78,6019,540.12
2026/05/09 04:57:47.360,76,6019,541.88
2026/05/09 04:57:48.392,73,6019,543.81
2026/05/09 04:57:49.424,81,6019,543.26
2026/05/09 04:57:50.455,79,6019,364.15
2026/05/09 04:57:51.489,83,6019,180.58
2026/05/09 04:57:52.522,66,6019,472.06
2026/05/09 04:57:53.554,64,6019,510.29
2026/05/09 04:57:54.585,74,6019,517.22
2026/05/09 04:57:55.617,65,6019,509.95
2026/05/09 04:57:56.648,70,6019,505.18
2026/05/09 04:57:57.680,74,6019,495.50
2026/05/09 04:57:58.711,73,6019,497.48
2026/05/09 04:57:59.744,72,6019,508.65
2026/05/09 04:58:00.775,63,6019,510.42
2026/05/09 04:58:01.807,67,6019,495.64
2026/05/09 04:58:02.837,72,6019,495.77
2026/05/09 04:58:03.869,73,6019,497.47
2026/05/09 04:58:04.901,68,6019,492.65
2026/05/09 04:58:05.932,63,6019,488.95
2026/05/09 04:58:06.964,64,6019,368.14
2026/05/09 04:58:07.997,64,6019,281.27
2026/05/09 04:58:09.030,86,6019,235.72
2026/05/09 04:58:10.062,78,6019,174.97
2026/05/09 04:58:11.092,74,6019,484.08
2026/05/09 04:58:12.123,71,6019,512.36
2026/05/09 04:58:13.155,73,6019,498.08
2026/05/09 04:58:14.186,64,6019,502.90
2026/05/09 04:58:15.216,68,6019,503.13
2026/05/09 04:58:16.248,74,6019,500.00
2026/05/09 04:58:17.280,70,6019,499.79
2026/05/09 04:58:18.312,65,6019,502.87
2026/05/09 04:58:19.344,74,6019,504.05
2026/05/09 04:58:20.376,72,6019,495.22
2026/05/09 04:58:21.408,61,6019,494.42
2026/05/09 04:58:22.439,73,6019,490.12
2026/05/09 04:58:23.471,59,6019,483.99
2026/05/09 04:58:24.504,65,6019,485.86
2026/05/09 04:58:25.535,86,6019,339.22
2026/05/09 04:58:26.566,80,6019,188.64
2026/05/09 04:58:27.596,66,6019,531.32
2026/05/09 04:58:28.627,74,6019,520.15
2026/05/09 04:58:29.658,74,6019,534.32
2026/05/09 04:58:30.689,76,6019,535.74
2026/05/09 04:58:31.721,74,6019,543.75
2026/05/09 04:58:32.752,74,6019,546.94
2026/05/09 04:58:33.782,74,6019,550.30
2026/05/09 04:58:34.813,72,6019,539.52
2026/05/09 04:58:35.845,72,6019,549.47
2026/05/09 04:58:36.876,76,6019,545.94
2026/05/09 04:58:37.906,73,6019,535.63
2026/05/09 04:58:38.937,74,6019,533.78
2026/05/09 04:58:39.969,75,6019,517.53
2026/05/09 04:58:41.001,79,6019,193.71
2026/05/09 04:58:42.035,80,6019,144.18
2026/05/09 04:58:43.067,89,6019,509.95
2026/05/09 04:58:44.098,81,6019,570.86
2026/05/09 04:58:45.129,83,6019,571.81
2026/05/09 04:58:46.160,82,6019,569.41
2026/05/09 04:58:47.191,76,6019,574.34
2026/05/09 04:58:48.223,82,6019,570.19
2026/05/09 04:58:49.254,77,6019,571.18
2026/05/09 04:58:50.286,82,6019,571.78
2026/05/09 04:58:51.317,83,6019,572.99
2026/05/09 04:58:52.349,82,6019,572.73
2026/05/09 04:58:53.381,82,6019,578.07
2026/05/09 04:58:54.412,83,6019,572.15
2026/05/09 04:58:55.445,80,6019,260.34
2026/05/09 04:58:56.476,79,6019,301.89
2026/05/09 04:58:57.508,81,6019,568.06
2026/05/09 04:58:58.539,78,6019,572.70
2026/05/09 04:58:59.571,80,6019,564.45
2026/05/09 04:59:00.605,81,6019,569.20
2026/05/09 04:59:01.637,82,6019,569.13
2026/05/09 04:59:02.669,75,6019,568.70
2026/05/09 04:59:03.701,82,6019,563.84
2026/05/09 04:59:04.732,81,6019,569.87
2026/05/09 04:59:05.764,79,6019,569.58
2026/05/09 04:59:06.796,77,6019,565.43
2026/05/09 04:59:07.828,81,6019,565.27
2026/05/09 04:59:08.859,81,6019,571.87
2026/05/09 04:59:09.890,79,6019,194.74
2026/05/09 04:59:10.922,82,6019,344.57
2026/05/09 04:59:11.953,79,6019,576.18
2026/05/09 04:59:12.986,82,6019,571.37
2026/05/09 04:59:14.018,81,6019,571.12
2026/05/09 04:59:15.049,83,6019,576.64
2026/05/09 04:59:16.082,82,6019,571.70
2026/05/09 04:59:17.113,77,6019,575.92
2026/05/09 04:59:18.145,82,6019,570.59
2026/05/09 04:59:19.177,82,6019,571.32
2026/05/09 04:59:20.208,82,6019,572.12
2026/05/09 04:59:21.240,81,6019,569.25
2026/05/09 04:59:22.272,82,6019,566.87
2026/05/09 04:59:23.305,73,6019,548.13
2026/05/09 04:59:24.336,91,6019,269.94
2026/05/09 04:59:25.367,73,6019,296.51
2026/05/09 04:59:26.399,71,6019,520.86
2026/05/09 04:59:27.431,72,6019,525.67
2026/05/09 04:59:28.464,75,6019,528.37
2026/05/09 04:59:29.496,72,6019,521.49
2026/05/09 04:59:30.527,71,6019,528.37
2026/05/09 04:59:31.561,74,6019,528.66
2026/05/09 04:59:32.593,71,6019,519.90
2026/05/09 04:59:33.626,71,6019,529.86
2026/05/09 04:59:34.659,74,6019,527.13
2026/05/09 04:59:35.691,72,6019,522.55
2026/05/09 04:59:36.723,72,6019,528.91
2026/05/09 04:59:37.755,74,6019,526.85
2026/05/09 04:59:38.787,71,6019,525.39
2026/05/09 04:59:39.820,61,6019,344.27
2026/05/09 04:59:40.852,67,6019,273.91
2026/05/09 04:59:41.885,82,6019,219.36
2026/05/09 04:59:42.916,74,6019,426.90
2026/05/09 04:59:43.948,71,6019,517.13
2026/05/09 04:59:44.981,71,6019,528.81
2026/05/09 04:59:46.013,74,6019,524.14
2026/05/09 04:59:47.046,71,6019,521.94
2026/05/09 04:59:48.078,73,6019,527.87
2026/05/09 04:59:49.110,72,6019,521.41
2026/05/09 04:59:50.141,71,6019,524.21
2026/05/09 04:59:51.173,74,6019,526.34
2026/05/09 04:59:52.205,72,6019,495.18
2026/05/09 04:59:53.236,62,6019,488.42
2026/05/09 04:59:54.267,61,6019,485.64
2026/05/09 04:59:55.299,71,6019,516.83
2026/05/09 04:59:56.332,71,6019,526.16
2026/05/09 04:59:57.364,89,6019,386.34
2026/05/09 04:59:58.396,59,6019,335.75
2026/05/09 04:59:59.426,65,6019,489.53
2026/05/09 05:00:00.457,73,6019,493.57
2026/05/09 05:00:01.488,72,6019,494.51
2026/05/09 05:00:02.521,0,6019,327.76
2026/05/09 05:00:03.555,80,6019,510.50
2026/05/09 05:00:04.586,82,6019,571.66
2026/05/09 05:00:05.618,84,6019,572.32
2026/05/09 05:00:06.649,82,6019,570.67
2026/05/09 05:00:07.681,78,6019,574.40
2026/05/09 05:00:08.713,84,6019,575.08
2026/05/09 05:00:09.745,81,6019,571.19
2026/05/09 05:00:10.777,84,6019,572.45
2026/05/09 05:00:11.808,77,6019,576.19
2026/05/09 05:00:12.837,80,6019,280.97
2026/05/09 05:00:13.867,74,6019,276.38
2026/05/09 05:00:14.898,74,6019,534.35
2026/05/09 05:00:15.929,74,6019,532.81
2026/05/09 05:00:16.959,74,6019,534.84
2026/05/09 05:00:17.990,74,6019,534.96
2026/05/09 05:00:19.021,74,6019,536.83
2026/05/09 05:00:20.052,74,6019,538.21
2026/05/09 05:00:21.082,74,6019,538.69
2026/05/09 05:00:22.113,74,6019,532.32
2026/05/09 05:00:23.144,73,6019,524.02
2026/05/09 05:00:24.175,83,6019,551.95
2026/05/09 05:00:25.206,84,6019,575.01
2026/05/09 05:00:26.236,83,6019,572.45
2026/05/09 05:00:27.267,91,6019,444.79
2026/05/09 05:00:28.298,79,6019,179.78
2026/05/09 05:00:29.329,78,6019,540.54
2026/05/09 05:00:30.361,83,6019,571.61
2026/05/09 05:00:31.392,80,6019,570.19
2026/05/09 05:00:32.425,82,6019,572.01
2026/05/09 05:00:33.455,83,6019,572.02
2026/05/09 05:00:34.486,76,6019,576.67
2026/05/09 05:00:35.517,82,6019,572.32
2026/05/09 05:00:36.549,84,6019,570.90
2026/05/09 05:00:37.579,82,6019,575.65
2026/05/09 05:00:38.610,83,6019,571.04
2026/05/09 05:00:39.642,76,6019,575.70
2026/05/09 05:00:40.673,82,6019,571.11
2026/05/09 05:00:41.704,79,6019,242.48
2026/05/09 05:00:42.736,75,6019,273.08
2026/05/09 05:00:43.767,73,6019,525.87
2026/05/09 05:00:44.799,74,6019,532.65
2026/05/09 05:00:45.831,72,6019,527.39
2026/05/09 05:00:46.863,81,6019,556.30
2026/05/09 05:00:47.895,76,6019,576.15
2026/05/09 05:00:48.927,82,6019,555.04
2026/05/09 05:00:49.958,76,6019,552.47
2026/05/09 05:00:50.988,81,6019,549.65
2026/05/09 05:00:52.019,76,6019,552.56
2026/05/09 05:00:53.049,75,6019,545.42
2026/05/09 05:00:54.080,73,6019,549.91
2026/05/09 05:00:55.111,66,6019,538.79
2026/05/09 05:00:56.143,79,6019,387.53
2026/05/09 05:00:57.174,82,6019,182.15
2026/05/09 05:00:58.205,73,6019,496.33
2026/05/09 05:00:59.237,71,6019,495.23
2026/05/09 05:01:00.268,71,6019,495.80
2026/05/09 05:01:01.298,66,6019,495.81
2026/05/09 05:01:02.330,63,6019,499.09
2026/05/09 05:01:03.362,67,6019,499.66
2026/05/09 05:01:04.395,71,6019,500.71
2026/05/09 05:01:05.425,71,6019,495.01
2026/05/09 05:01:06.456,74,6019,497.94
2026/05/09 05:01:07.488,73,6019,500.44
2026/05/09 05:01:08.519,69,6019,509.97
2026/05/09 05:01:09.550,73,6019,502.19
2026/05/09 05:01:10.582,72,6019,530.55
2026/05/09 05:01:11.613,65,6019,517.53
2026/05/09 05:01:12.646,67,6019,369.75
2026/05/09 05:01:13.678,64,6019,282.60
2026/05/09 05:01:14.711,76,6019,226.70
2026/05/09 05:01:15.743,71,6019,198.87
2026/05/09 05:01:16.775,63,6019,499.53
2026/05/09 05:01:17.807,74,6019,500.61
2026/05/09 05:01:18.839,72,6019,517.61
2026/05/09 05:01:19.871,74,6019,533.15
2026/05/09 05:01:20.902,71,6019,529.02
2026/05/09 05:01:21.933,77,6019,531.31
2026/05/09 05:01:22.966,83,6019,548.23
2026/05/09 05:01:23.997,76,6019,569.92
2026/05/09 05:01:25.030,68,6019,401.05
2026/05/09 05:01:26.061,77,6019,553.33
2026/05/09 05:01:27.094,84,6019,571.42
2026/05/09 05:01:28.125,81,6019,566.92
2026/05/09 05:01:29.157,82,6019,573.04
2026/05/09 05:01:30.187,78,6019,300.63
2026/05/09 05:01:31.218,75,6019,239.12
2026/05/09 05:01:32.250,75,6019,535.41
2026/05/09 05:01:33.283,72,6019,526.84
2026/05/09 05:01:34.315,73,6019,528.78
2026/05/09 05:01:35.349,73,6019,527.84
2026/05/09 05:01:36.382,73,6019,527.88
2026/05/09 05:01:37.413,73,6019,527.62
2026/05/09 05:01:38.446,73,6019,528.46
2026/05/09 05:01:39.477,72,6019,531.49
2026/05/09 05:01:40.509,73,6019,524.60
2026/05/09 05:01:41.542,72,6019,529.66
2026/05/09 05:01:42.574,73,6019,526.60
2026/05/09 05:01:43.607,72,6019,531.45
2026/05/09 05:01:44.638,73,6019,525.50
2026/05/09 05:01:45.669,87,6019,255.36
2026/05/09 05:01:46.701,73,6019,304.62
2026/05/09 05:01:47.733,72,6019,525.75
2026/05/09 05:01:48.765,72,6019,528.75
2026/05/09 05:01:49.797,73,6019,523.91
2026/05/09 05:01:50.829,72,6019,531.23
2026/05/09 05:01:51.865,73,6019,526.55
2026/05/09 05:01:52.896,74,6019,533.77
2026/05/09 05:01:53.928,72,6019,528.08
2026/05/09 05:01:54.959,72,6019,531.72
2026/05/09 05:01:55.992,72,6019,526.53
2026/05/09 05:01:57.024,72,6019,526.45
2026/05/09 05:01:58.055,75,6019,528.84
2026/05/09 05:01:59.087,72,6019,526.22
2026/05/09 05:02:00.119,75,6019,531.92
2026/05/09 05:02:01.150,83,6019,232.99
2026/05/09 05:02:02.182,72,6019,340.85
2026/05/09 05:02:03.213,72,6019,530.14
2026/05/09 05:02:04.245,73,6019,523.83
2026/05/09 05:02:05.277,72,6019,530.88
2026/05/09 05:02:06.309,72,6019,524.98
2026/05/09 05:02:07.342,72,6019,531.59
2026/05/09 05:02:08.374,73,6019,526.54
2026/05/09 05:02:09.406,72,6019,521.72
2026/05/09 05:02:10.437,71,6019,527.11
2026/05/09 05:02:11.469,74,6019,526.85
2026/05/09 05:02:12.502,72,6019,525.24
2026/05/09 05:02:13.534,63,6019,514.18
2026/05/09 05:02:14.565,64,6019,493.52
2026/05/09 05:02:15.597,71,6019,496.00
2026/05/09 05:02:16.629,78,6019,229.01
2026/05/09 05:02:17.662,82,6019,272.14
2026/05/09 05:02:18.693,75,6019,519.33
2026/05/09 05:02:19.725,73,6019,526.40
2026/05/09 05:02:20.756,82,6019,541.77
2026/05/09 05:02:21.790,82,6019,565.27
2026/05/09 05:02:22.825,82,6019,570.05
2026/05/09 05:02:23.856,75,6019,575.42
2026/05/09 05:02:24.888,83,6019,569.96
2026/05/09 05:02:25.920,70,6019,525.60
2026/05/09 05:02:26.952,71,6019,538.03
2026/05/09 05:02:27.985,70,6019,534.98
2026/05/09 05:02:29.016,71,6019,537.87
2026/05/09 05:02:30.047,71,6019,539.28
2026/05/09 05:02:31.078,75,6019,395.42
2026/05/09 05:02:32.108,76,6019,176.41
2026/05/09 05:02:33.143,68,6019,487.19
2026/05/09 05:02:34.173,75,6019,532.32
2026/05/09 05:02:35.205,77,6019,538.82
2026/05/09 05:02:36.235,75,6019,536.22
2026/05/09 05:02:37.267,76,6019,529.60
2026/05/09 05:02:38.298,75,6019,533.15
2026/05/09 05:02:39.330,74,6019,539.13
2026/05/09 05:02:40.362,79,6019,544.32
2026/05/09 05:02:41.395,37,6019,518.64
2026/05/09 05:02:42.427,83,6019,563.43
2026/05/09 05:02:43.458,77,6019,574.99
2026/05/09 05:02:44.489,81,6019,575.31
2026/05/09 05:02:45.520,84,6019,574.04
2026/05/09 05:02:46.551,65,6019,368.41
2026/05/09 05:02:47.582,63,6019,271.78
2026/05/09 05:02:48.613,77,6019,224.98
2026/05/09 05:02:49.642,81,6019,192.11
2026/05/09 05:02:50.673,81,6019,555.03
2026/05/09 05:02:51.705,84,6019,574.34
2026/05/09 05:02:52.735,84,6019,574.75
2026/05/09 05:02:53.765,84,6019,574.56
2026/05/09 05:02:54.795,84,6019,574.71
2026/05/09 05:02:55.827,83,6019,573.66
2026/05/09 05:02:56.856,81,6019,573.92
2026/05/09 05:02:57.887,76,6019,578.12
2026/05/09 05:02:58.918,84,6019,575.20
2026/05/09 05:02:59.949,84,6019,573.36
2026/05/09 05:03:00.980,84,6019,574.18
2026/05/09 05:03:02.011,79,6019,542.19
2026/05/09 05:03:03.043,82,6019,179.62
2026/05/09 05:03:04.073,74,6019,395.52
2026/05/09 05:03:05.105,74,6019,537.41
2026/05/09 05:03:06.137,73,6019,533.93
2026/05/09 05:03:07.169,72,6019,525.97
2026/05/09 05:03:08.200,73,6019,533.67
2026/05/09 05:03:09.231,72,6019,524.47
2026/05/09 05:03:10.264,74,6019,534.87
2026/05/09 05:03:11.296,72,6019,526.04
2026/05/09 05:03:12.329,74,6019,534.83
2026/05/09 05:03:13.360,72,6019,525.30
2026/05/09 05:03:14.392,74,6019,533.67
2026/05/09 05:03:15.425,72,6019,524.30
2026/05/09 05:03:16.456,74,6019,534.05
2026/05/09 05:03:17.487,90,6019,454.46
2026/05/09 05:03:18.518,91,6019,181.84
2026/05/09 05:03:19.548,82,6019,456.25
2026/05/09 05:03:20.579,83,6019,569.37
2026/05/09 05:03:21.611,82,6019,573.16
2026/05/09 05:03:22.644,81,6019,564.24
2026/05/09 05:03:23.677,81,6019,565.80
2026/05/09 05:03:24.709,81,6019,566.59
2026/05/09 05:03:25.742,80,6019,566.61
2026/05/09 05:03:26.774,76,6019,565.83
2026/05/09 05:03:27.807,78,6019,540.13
2026/05/09 05:03:28.839,79,6019,539.46
2026/05/09 05:03:29.871,81,6019,564.39
2026/05/09 05:03:30.903,80,6019,565.68
2026/05/09 05:03:31.935,73,6019,423.66
2026/05/09 05:03:32.967,79,6019,183.28
2026/05/09 05:03:34.001,58,6019,419.34
2026/05/09 05:03:35.032,66,6019,487.31
2026/05/09 05:03:36.064,74,6019,492.35
2026/05/09 05:03:37.096,62,6019,486.94
2026/05/09 05:03:38.129,62,6019,488.51
2026/05/09 05:03:39.162,74,6019,495.57
2026/05/09 05:03:40.194,62,6019,484.56
2026/05/09 05:03:41.227,60,6019,485.74
2026/05/09 05:03:42.259,64,6019,493.84
2026/05/09 05:03:43.291,67,6019,496.28
2026/05/09 05:03:44.323,62,6019,495.76
2026/05/09 05:03:45.354,61,6019,498.40
2026/05/09 05:03:46.386,65,6019,499.68
2026/05/09 05:03:47.418,74,6019,503.61
2026/05/09 05:03:48.450,79,6019,451.77
2026/05/09 05:03:49.482,90,6019,178.93
2026/05/09 05:03:50.514,65,6019,393.43
2026/05/09 05:03:51.547,61,6019,497.93
2026/05/09 05:03:52.578,70,6019,516.65
2026/05/09 05:03:53.609,80,6019,551.55
2026/05/09 05:03:54.643,80,6019,563.94
2026/05/09 05:03:55.675,78,6019,566.69
2026/05/09 05:03:56.707,74,6019,543.45
2026/05/09 05:03:57.739,75,6019,534.17
2026/05/09 05:03:58.771,82,6019,554.11
2026/05/09 05:03:59.804,80,6019,566.03
2026/05/09 05:04:00.836,73,6019,555.47
2026/05/09 05:04:01.867,73,6019,537.92
2026/05/09 05:04:02.897,72,6019,533.53
2026/05/09 05:04:03.928,78,6019,325.98
2026/05/09 05:04:04.962,82,6019,150.75
2026/05/09 05:04:05.993,89,6019,416.94
2026/05/09 05:04:07.024,81,6019,568.41
2026/05/09 05:04:08.056,75,6019,572.38
2026/05/09 05:04:09.088,82,6019,568.35
2026/05/09 05:04:10.120,75,6019,572.80
2026/05/09 05:04:11.152,84,6019,568.31
2026/05/09 05:04:12.184,76,6019,573.77
2026/05/09 05:04:13.216,82,6019,569.41
2026/05/09 05:04:14.248,76,6019,573.76
2026/05/09 05:04:15.280,81,6019,567.76
2026/05/09 05:04:16.312,79,6019,572.70
2026/05/09 05:04:17.343,82,6019,567.76
2026/05/09 05:04:18.375,69,6019,562.13
2026/05/09 05:04:19.409,61,6019,268.55
2026/05/09 05:04:20.442,75,6019,246.79
2026/05/09 05:04:21.472,84,6019,176.43
2026/05/09 05:04:22.503,73,6019,455.71
2026/05/09 05:04:23.535,73,6019,528.24
2026/05/09 05:04:24.567,74,6019,536.56
2026/05/09 05:04:25.598,73,6019,527.17
2026/05/09 05:04:26.631,74,6019,529.99
2026/05/09 05:04:27.663,73,6019,533.39
2026/05/09 05:04:28.695,73,6019,527.08
2026/05/09 05:04:29.727,74,6019,534.47
2026/05/09 05:04:30.758,73,6019,529.64
2026/05/09 05:04:31.790,74,6019,529.51
2026/05/09 05:04:32.823,74,6019,536.29
2026/05/09 05:04:33.856,72,6019,522.53
2026/05/09 05:04:34.889,75,6019,533.84
2026/05/09 05:04:35.920,86,6019,401.86
2026/05/09 05:04:36.952,79,6019,181.63
2026/05/09 05:04:37.985,73,6019,488.30
2026/05/09 05:04:39.017,74,6019,534.26
2026/05/09 05:04:40.049,72,6019,526.90
2026/05/09 05:04:41.081,74,6019,530.35
2026/05/09 05:04:42.112,72,6019,531.70
2026/05/09 05:04:43.145,73,6019,525.90
2026/05/09 05:04:44.176,72,6019,532.17
2026/05/09 05:04:45.207,72,6019,525.19
2026/05/09 05:04:46.239,75,6019,533.75
2026/05/09 05:04:47.271,72,6019,524.97
2026/05/09 05:04:48.303,74,6019,533.67
2026/05/09 05:04:49.335,72,6019,524.43
2026/05/09 05:04:50.367,74,6019,532.56
2026/05/09 05:04:51.397,78,6019,506.45
2026/05/09 05:04:52.426,88,6019,240.07
2026/05/09 05:04:53.455,74,6019,563.87
2026/05/09 05:04:54.487,72,6019,524.98
2026/05/09 05:04:55.518,74,6019,531.58
2026/05/09 05:04:56.550,73,6019,517.83
2026/05/09 05:04:57.580,72,6019,529.52
2026/05/09 05:04:58.611,73,6019,527.05
2026/05/09 05:04:59.644,68,6019,499.50
2026/05/09 05:05:00.674,73,6019,492.11
2026/05/09 05:05:01.709,74,6019,499.92
2026/05/09 05:05:02.740,62,6019,500.40
2026/05/09 05:05:03.772,72,6019,504.21
2026/05/09 05:05:04.803,67,6019,503.19
2026/05/09 05:05:05.834,73,6019,503.93
2026/05/09 05:05:06.867,70,6019,500.36
2026/05/09 05:05:07.897,73,6019,290.66
2026/05/09 05:05:08.928,80,6019,418.40
2026/05/09 05:05:09.960,79,6019,557.70
2026/05/09 05:05:10.991,72,6019,562.51
2026/05/09 05:05:12.023,77,6019,535.02
2026/05/09 05:05:13.055,83,6019,545.23
2026/05/09 05:05:14.088,80,6019,565.29
2026/05/09 05:05:15.120,71,6019,550.58
2026/05/09 05:05:16.152,70,6019,540.84
2026/05/09 05:05:17.185,71,6019,540.87
2026/05/09 05:05:18.216,75,6019,542.97
2026/05/09 05:05:19.248,74,6019,539.20
2026/05/09 05:05:20.279,72,6019,536.96
2026/05/09 05:05:21.310,72,6019,537.56
2026/05/09 05:05:22.341,73,6019,413.67
2026/05/09 05:05:23.372,80,6019,180.23
2026/05/09 05:05:24.404,74,6019,481.30
2026/05/09 05:05:25.436,77,6019,561.69
2026/05/09 05:05:26.469,74,6019,542.41
2026/05/09 05:05:27.501,60,6019,380.77
2026/05/09 05:05:28.532,84,6019,567.71
2026/05/09 05:05:29.565,79,6019,567.48
2026/05/09 05:05:30.597,80,6019,568.58
2026/05/09 05:05:31.629,82,6019,571.62
2026/05/09 05:05:32.661,79,6019,564.49
2026/05/09 05:05:33.694,80,6019,565.74
2026/05/09 05:05:34.726,81,6019,569.05
2026/05/09 05:05:35.758,78,6019,570.13
2026/05/09 05:05:36.790,81,6019,563.34
2026/05/09 05:05:37.822,79,6019,212.38
2026/05/09 05:05:38.853,74,6019,338.32
2026/05/09 05:05:39.885,73,6019,532.92
2026/05/09 05:05:40.917,75,6019,530.95
2026/05/09 05:05:41.949,72,6019,523.59
2026/05/09 05:05:42.981,75,6019,532.40
2026/05/09 05:05:44.013,72,6019,524.49
2026/05/09 05:05:45.044,75,6019,531.98
2026/05/09 05:05:46.075,72,6019,524.01
2026/05/09 05:05:47.108,75,6019,533.98
2026/05/09 05:05:48.140,71,6019,523.69
2026/05/09 05:05:49.172,72,6019,531.77
2026/05/09 05:05:50.205,72,6019,524.22
2026/05/09 05:05:51.237,72,6019,528.44
2026/05/09 05:05:52.270,75,6019,529.84
2026/05/09 05:05:53.303,67,6019,280.15
2026/05/09 05:05:54.334,67,6019,277.02
2026/05/09 05:05:55.367,82,6019,200.42
2026/05/09 05:05:56.399,72,6019,311.91
2026/05/09 05:05:57.431,72,6019,529.70
2026/05/09 05:05:58.463,73,6019,525.97
2026/05/09 05:05:59.496,80,6019,538.96
2026/05/09 05:06:00.528,82,6019,569.99
2026/05/09 05:06:01.559,77,6019,570.46
2026/05/09 05:06:02.591,80,6019,565.55
2026/05/09 05:06:03.624,81,6019,569.15
2026/05/09 05:06:04.656,78,6019,570.11
2026/05/09 05:06:05.687,79,6019,563.13
2026/05/09 05:06:06.719,82,6019,569.44
2026/05/09 05:06:07.751,80,6019,570.90
2026/05/09 05:06:08.783,80,6019,562.51
2026/05/09 05:06:09.815,78,6019,260.95
2026/05/09 05:06:10.847,80,6019,288.76
2026/05/09 05:06:11.878,82,6019,570.01
2026/05/09 05:06:12.910,78,6019,566.85
2026/05/09 05:06:13.942,78,6019,565.81
2026/05/09 05:06:14.973,79,6019,565.17
2026/05/09 05:06:16.005,81,6019,568.39
2026/05/09 05:06:17.037,76,6019,569.07
2026/05/09 05:06:18.070,80,6019,564.50
2026/05/09 05:06:19.101,81,6019,570.19
2026/05/09 05:06:20.133,77,6019,570.08
2026/05/09 05:06:21.165,80,6019,563.60
2026/05/09 05:06:22.196,81,6019,571.85
2026/05/09 05:06:23.229,75,6019,555.57
2026/05/09 05:06:24.260,78,6019,180.24
2026/05/09 05:06:25.292,71,6019,369.98
2026/05/09 05:06:26.324,72,6019,525.61
2026/05/09 05:06:27.356,72,6019,534.22
2026/05/09 05:06:28.388,72,6019,524.10
2026/05/09 05:06:29.421,70,6019,494.90
2026/05/09 05:06:30.454,74,6019,502.62
2026/05/09 05:06:31.487,75,6019,535.79
2026/05/09 05:06:32.518,72,6019,524.42
2026/05/09 05:06:33.550,75,6019,534.48
2026/05/09 05:06:34.584,72,6019,524.20
2026/05/09 05:06:35.615,71,6019,521.94
2026/05/09 05:06:36.648,74,6019,528.49
2026/05/09 05:06:37.679,72,6019,521.78
2026/05/09 05:06:38.711,71,6019,529.28
2026/05/09 05:06:39.743,91,6019,205.33
2026/05/09 05:06:40.775,74,6019,342.88
2026/05/09 05:06:41.808,72,6019,523.50
2026/05/09 05:06:42.840,74,6019,529.36
2026/05/09 05:06:43.872,69,6019,501.17
2026/05/09 05:06:44.904,74,6019,492.56
2026/05/09 05:06:45.935,74,6019,500.27
2026/05/09 05:06:46.968,65,6019,500.43
2026/05/09 05:06:47.999,72,6019,496.83
2026/05/09 05:06:49.032,59,6019,498.24
2026/05/09 05:06:50.065,85,6019,344.88
2026/05/09 05:06:51.098,89,6019,556.58
2026/05/09 05:06:52.130,78,6019,571.65
2026/05/09 05:06:53.161,81,6019,569.49
2026/05/09 05:06:54.192,81,6019,570.58
2026/05/09 05:06:55.222,74,6019,363.12
2026/05/09 05:06:56.254,73,6019,228.04
2026/05/09 05:06:57.285,73,6019,528.97
2026/05/09 05:06:58.317,74,6019,534.07
2026/05/09 05:06:59.350,73,6019,532.27
2026/05/09 05:07:00.381,73,6019,526.38
2026/05/09 05:07:01.413,74,6019,534.50
2026/05/09 05:07:02.444,73,6019,527.76
2026/05/09 05:07:03.476,74,6019,533.83
2026/05/09 05:07:04.508,72,6019,532.83
2026/05/09 05:07:05.540,73,6019,526.10
2026/05/09 05:07:06.572,75,6019,535.03
2026/05/09 05:07:07.603,73,6019,525.16
2026/05/09 05:07:08.634,74,6019,532.20
2026/05/09 05:07:09.666,71,6019,526.15
2026/05/09 05:07:10.698,90,6019,290.05
2026/05/09 05:07:11.729,77,6019,285.44
2026/05/09 05:07:12.761,80,6019,567.31
2026/05/09 05:07:13.793,72,6019,550.79
2026/05/09 05:07:14.825,75,6019,534.75
2026/05/09 05:07:15.857,73,6019,525.77
2026/05/09 05:07:16.889,75,6019,534.69
2026/05/09 05:07:17.921,72,6019,526.25
2026/05/09 05:07:18.954,72,6019,529.45
2026/05/09 05:07:19.985,73,6019,534.30
2026/05/09 05:07:21.017,72,6019,526.83
2026/05/09 05:07:22.049,74,6019,534.36
2026/05/09 05:07:23.081,73,6019,528.82
2026/05/09 05:07:24.112,73,6019,530.19
2026/05/09 05:07:25.143,61,6019,484.69
2026/05/09 05:07:26.176,66,6019,276.60
2026/05/09 05:07:27.209,68,6019,276.57
2026/05/09 05:07:28.241,80,6019,180.28
2026/05/09 05:07:29.273,78,6019,393.29
2026/05/09 05:07:30.304,80,6019,565.43
2026/05/09 05:07:31.336,79,6019,568.33
2026/05/09 05:07:32.369,81,6019,568.24
2026/05/09 05:07:33.401,76,6019,563.49
2026/05/09 05:07:34.434,81,6019,568.33
2026/05/09 05:07:35.466,80,6019,565.01
2026/05/09 05:07:36.498,81,6019,569.70
2026/05/09 05:07:37.530,81,6019,568.21
2026/05/09 05:07:38.563,77,6019,566.25
2026/05/09 05:07:39.594,82,6019,564.94
2026/05/09 05:07:40.626,82,6019,569.68
2026/05/09 05:07:41.657,79,6019,463.85
2026/05/09 05:07:42.689,78,6019,175.92
2026/05/09 05:07:43.720,74,6019,425.68
2026/05/09 05:07:44.752,71,6019,524.00
2026/05/09 05:07:45.784,75,6019,534.02
2026/05/09 05:07:46.816,72,6019,523.80
2026/05/09 05:07:47.849,75,6019,533.27
2026/05/09 05:07:48.880,72,6019,524.07
2026/05/09 05:07:49.912,75,6019,533.48
2026/05/09 05:07:50.944,73,6019,526.72
2026/05/09 05:07:51.975,72,6019,529.62
2026/05/09 05:07:53.008,72,6019,528.12
2026/05/09 05:07:54.040,71,6019,527.46
2026/05/09 05:07:55.072,75,6019,530.11
2026/05/09 05:07:56.104,72,6019,520.58
2026/05/09 05:07:57.136,78,6019,448.95
2026/05/09 05:07:58.167,91,6019,180.48
2026/05/09 05:07:59.200,72,6019,446.93
2026/05/09 05:08:00.233,73,6019,531.04
2026/05/09 05:08:01.265,72,6019,524.95
2026/05/09 05:08:02.295,72,6019,530.65
2026/05/09 05:08:03.329,70,6019,495.26
2026/05/09 05:08:04.359,62,6019,487.71
2026/05/09 05:08:05.390,63,6019,495.13
2026/05/09 05:08:06.421,72,6019,504.85
2026/05/09 05:08:07.453,65,6019,508.60
2026/05/09 05:08:08.486,70,6019,518.32
2026/05/09 05:08:09.517,71,6019,515.98
2026/05/09 05:08:10.550,64,6019,508.40
2026/05/09 05:08:11.581,69,6019,510.79
2026/05/09 05:08:12.613,66,6019,516.66
2026/05/09 05:08:13.646,74,6019,264.67
2026/05/09 05:08:14.679,81,6019,149.87
2026/05/09 05:08:15.711,82,6019,481.22
2026/05/09 05:08:16.742,84,6019,566.64
2026/05/09 05:08:17.773,77,6019,569.79
2026/05/09 05:08:18.805,82,6019,574.29
2026/05/09 05:08:19.837,78,6019,567.66
2026/05/09 05:08:20.870,80,6019,574.90
2026/05/09 05:08:21.901,84,6019,573.35
2026/05/09 05:08:22.932,80,6019,575.22
2026/05/09 05:08:23.963,83,6019,573.38
2026/05/09 05:08:24.994,84,6019,571.13
2026/05/09 05:08:26.025,77,6019,573.33
2026/05/09 05:08:27.056,84,6019,575.58
2026/05/09 05:08:28.087,76,6019,293.89
2026/05/09 05:08:29.118,79,6019,235.53
2026/05/09 05:08:30.149,82,6019,572.70
2026/05/09 05:08:31.180,83,6019,574.66
2026/05/09 05:08:32.211,82,6019,572.41
2026/05/09 05:08:33.243,83,6019,571.23
2026/05/09 05:08:34.273,84,6019,576.41
2026/05/09 05:08:35.305,82,6019,571.95
2026/05/09 05:08:36.336,77,6019,571.45
2026/05/09 05:08:37.368,82,6019,573.90
2026/05/09 05:08:38.399,83,6019,572.08
2026/05/09 05:08:39.430,83,6019,574.28
2026/05/09 05:08:40.461,77,6019,552.64
2026/05/09 05:08:41.493,76,6019,543.27
2026/05/09 05:08:42.523,81,6019,222.54
2026/05/09 05:08:43.553,81,6019,338.90
2026/05/09 05:08:44.585,70,6019,538.66
2026/05/09 05:08:45.617,74,6019,522.07
2026/05/09 05:08:46.648,74,6019,531.14
2026/05/09 05:08:47.680,74,6019,525.53
2026/05/09 05:08:48.711,73,6019,525.95
2026/05/09 05:08:49.742,72,6019,527.10
2026/05/09 05:08:50.773,73,6019,526.03
2026/05/09 05:08:51.804,75,6019,522.05
2026/05/09 05:08:52.834,68,6019,523.23
2026/05/09 05:08:53.865,72,6019,524.46
2026/05/09 05:08:54.897,71,6019,528.92
2026/05/09 05:08:55.928,75,6019,526.05
2026/05/09 05:08:56.960,67,6019,525.42
2026/05/09 05:08:57.991,62,6019,315.47
2026/05/09 05:08:59.023,65,6019,267.73
2026/05/09 05:09:00.054,85,6019,219.22
2026/05/09 05:09:01.085,73,6019,251.82
2026/05/09 05:09:02.116,64,6019,487.56
2026/05/09 05:09:03.148,64,6019,494.94
2026/05/09 05:09:04.180,65,6019,494.28
2026/05/09 05:09:05.212,65,6019,495.43
2026/05/09 05:09:06.245,65,6019,495.70
2026/05/09 05:09:07.277,60,6019,499.38
2026/05/09 05:09:08.307,72,6019,505.21
2026/05/09 05:09:09.337,74,6019,504.84
2026/05/09 05:09:10.368,72,6019,499.29
2026/05/09 05:09:11.399,71,6019,495.90
2026/05/09 05:09:12.429,71,6019,495.24
2026/05/09 05:09:13.462,64,6019,488.74
2026/05/09 05:09:14.492,64,6019,487.20
2026/05/09 05:09:15.525,64,6019,492.43
2026/05/09 05:09:16.556,81,6019,322.79
2026/05/09 05:09:17.586,58,6019,231.35
2026/05/09 05:09:18.617,64,6019,498.71
2026/05/09 05:09:19.650,74,6019,497.25
2026/05/09 05:09:20.681,74,6019,500.91
2026/05/09 05:09:21.713,62,6019,495.65
2026/05/09 05:09:22.744,72,6019,508.52
2026/05/09 05:09:23.776,72,6019,525.70
2026/05/09 05:09:24.808,65,6019,517.29
2026/05/09 05:09:25.840,68,6019,509.53
2026/05/09 05:09:26.872,74,6019,504.34
2026/05/09 05:09:27.903,61,6019,500.64
2026/05/09 05:09:28.935,69,6019,501.28
2026/05/09 05:09:29.967,65,6019,503.51
2026/05/09 05:09:30.999,73,6019,506.94
2026/05/09 05:09:32.031,67,6019,499.55
2026/05/09 05:09:33.064,78,6019,221.86
2026/05/09 05:09:34.096,69,6019,335.32
2026/05/09 05:09:35.129,71,6019,498.17
2026/05/09 05:09:36.161,72,6019,498.55
2026/05/09 05:09:37.193,65,6019,497.98
2026/05/09 05:09:38.225,24,6019,338.14
2026/05/09 05:09:39.257,77,6019,557.50
2026/05/09 05:09:40.290,82,6019,570.42
2026/05/09 05:09:41.322,75,6019,572.75
2026/05/09 05:09:42.354,82,6019,566.52
2026/05/09 05:09:43.388,82,6019,572.40
2026/05/09 05:09:44.419,80,6019,566.04
2026/05/09 05:09:45.451,81,6019,565.26
2026/05/09 05:09:46.482,82,6019,567.89
2026/05/09 05:09:47.514,85,6019,482.98
2026/05/09 05:09:48.545,85,6019,178.89
2026/05/09 05:09:49.576,73,6019,440.89
2026/05/09 05:09:50.608,73,6019,526.74
2026/05/09 05:09:51.640,74,6019,534.81
2026/05/09 05:09:52.670,73,6019,525.72
2026/05/09 05:09:53.701,74,6019,532.96
2026/05/09 05:09:54.731,72,6019,529.16
2026/05/09 05:09:55.760,74,6019,528.97
2026/05/09 05:09:56.791,82,6019,564.05
2026/05/09 05:09:57.823,81,6019,568.98
2026/05/09 05:09:58.854,83,6019,573.24
2026/05/09 05:09:59.886,81,6019,570.91
2026/05/09 05:10:00.919,82,6019,572.93
2026/05/09 05:10:01.951,82,6019,573.57
2026/05/09 05:10:02.982,75,6019,218.19
2026/05/09 05:10:04.013,82,6019,325.31
2026/05/09 05:10:05.044,77,6019,577.38
2026/05/09 05:10:06.075,73,6019,544.48
2026/05/09 05:10:07.106,74,6019,536.27
2026/05/09 05:10:08.136,74,6019,537.40
2026/05/09 05:10:09.169,73,6019,531.44
2026/05/09 05:10:10.200,71,6019,530.89
2026/05/09 05:10:11.231,74,6019,537.74
2026/05/09 05:10:12.262,72,6019,530.20
2026/05/09 05:10:13.293,74,6019,531.94
2026/05/09 05:10:14.325,74,6019,536.42
2026/05/09 05:10:15.356,72,6019,524.83
2026/05/09 05:10:16.389,74,6019,534.89
2026/05/09 05:10:17.419,72,6019,525.31
2026/05/09 05:10:18.450,80,6019,175.98
2026/05/09 05:10:19.480,82,6019,462.38
2026/05/09 05:10:20.512,84,6019,572.37
2026/05/09 05:10:21.542,75,6019,574.49
2026/05/09 05:10:22.573,82,6019,572.70
2026/05/09 05:10:23.604,83,6019,570.46
2026/05/09 05:10:24.634,82,6019,575.58
2026/05/09 05:10:25.667,84,6019,570.44
2026/05/09 05:10:26.699,81,6019,576.07
2026/05/09 05:10:27.732,82,6019,568.99
2026/05/09 05:10:28.762,65,6019,564.36
2026/05/09 05:10:29.793,76,6019,552.98
2026/05/09 05:10:30.825,75,6019,548.77
2026/05/09 05:10:31.857,81,6019,544.22
2026/05/09 05:10:32.889,64,6019,297.76
2026/05/09 05:10:33.922,62,6019,267.04
2026/05/09 05:10:34.954,80,6019,173.64
2026/05/09 05:10:35.985,74,6019,391.10
2026/05/09 05:10:37.016,74,6019,518.31
2026/05/09 05:10:38.048,73,6019,514.62
2026/05/09 05:10:39.079,74,6019,515.90
2026/05/09 05:10:40.111,71,6019,513.19
2026/05/09 05:10:41.141,64,6019,511.98
2026/05/09 05:10:42.171,70,6019,512.59
2026/05/09 05:10:43.202,72,6019,495.73
2026/05/09 05:10:44.234,73,6019,499.51
2026/05/09 05:10:45.266,74,6019,494.49
2026/05/09 05:10:46.297,73,6019,496.27
2026/05/09 05:10:47.329,71,6019,494.76
2026/05/09 05:10:48.361,66,6019,492.57
2026/05/09 05:10:49.392,65,6019,492.85
2026/05/09 05:10:50.423,64,6019,493.74
2026/05/09 05:10:51.454,83,6019,181.36
2026/05/09 05:10:52.486,73,6019,440.20
2026/05/09 05:10:53.517,69,6019,517.74
2026/05/09 05:10:54.548,74,6019,529.23
2026/05/09 05:10:55.579,74,6019,519.11
2026/05/09 05:10:56.611,71,6019,517.77
2026/05/09 05:10:57.642,73,6019,517.77
2026/05/09 05:10:58.674,71,6019,529.11
2026/05/09 05:10:59.707,71,6019,529.43
2026/05/09 05:11:00.740,74,6019,534.22
2026/05/09 05:11:01.773,86,6019,368.04
2026/05/09 05:11:02.805,85,6019,565.50
2026/05/09 05:11:03.837,83,6019,572.18
2026/05/09 05:11:04.871,83,6019,573.35
2026/05/09 05:11:05.902,82,6019,577.96
2026/05/09 05:11:06.934,83,6019,181.31
2026/05/09 05:11:07.966,74,6019,517.59
2026/05/09 05:11:08.997,73,6019,527.29
2026/05/09 05:11:10.031,74,6019,531.68
2026/05/09 05:11:11.063,72,6019,525.82
2026/05/09 05:11:12.095,74,6019,533.21
2026/05/09 05:11:13.126,72,6019,530.58
2026/05/09 05:11:14.157,72,6019,528.03
2026/05/09 05:11:15.187,73,6019,532.11
2026/05/09 05:11:16.218,72,6019,526.35
2026/05/09 05:11:17.251,75,6019,535.74
2026/05/09 05:11:18.283,72,6019,524.18
2026/05/09 05:11:19.314,74,6019,536.34
2026/05/09 05:11:20.346,72,6019,524.84
2026/05/09 05:11:21.378,78,6019,517.19
2026/05/09 05:11:22.412,78,6019,199.31
2026/05/09 05:11:23.443,80,6019,564.02
2026/05/09 05:11:24.475,78,6019,563.75
2026/05/09 05:11:25.508,76,6019,564.02
2026/05/09 05:11:26.539,76,6019,563.36
2026/05/09 05:11:27.573,70,6019,524.54
2026/05/09 05:11:28.606,74,6019,534.73
2026/05/09 05:11:29.638,70,6019,526.90
2026/05/09 05:11:30.669,74,6019,532.70
2026/05/09 05:11:31.702,71,6019,525.64
2026/05/09 05:11:32.733,75,6019,534.16
2026/05/09 05:11:33.766,79,6019,527.11
2026/05/09 05:11:34.798,71,6019,528.12
2026/05/09 05:11:35.831,72,6019,526.34
2026/05/09 05:11:36.863,80,6019,392.08
2026/05/09 05:11:37.895,78,6019,178.04
2026/05/09 05:11:38.928,64,6019,452.23
2026/05/09 05:11:39.959,70,6019,496.67
2026/05/09 05:11:40.993,72,6019,496.61
2026/05/09 05:11:42.026,74,6019,500.18
2026/05/09 05:11:43.059,73,6019,499.92
2026/05/09 05:11:44.091,72,6019,500.95
2026/05/09 05:11:45.122,72,6019,501.37
2026/05/09 05:11:46.154,71,6019,499.49
2026/05/09 05:11:47.186,73,6019,502.57
2026/05/09 05:11:48.218,74,6019,501.65
2026/05/09 05:11:49.249,69,6019,500.08
2026/05/09 05:11:50.281,68,6019,497.44
2026/05/09 05:11:51.312,68,6019,501.98
2026/05/09 05:11:52.344,68,6019,501.80
2026/05/09 05:11:53.376,91,6019,347.06
2026/05/09 05:11:54.407,82,6019,192.12
2026/05/09 05:11:55.439,64,6019,499.18
2026/05/09 05:11:56.470,80,6019,514.29
2026/05/09 05:11:57.502,73,6019,543.23
2026/05/09 05:11:58.534,76,6019,544.43
2026/05/09 05:11:59.565,66,6019,531.93
2026/05/09 05:12:00.596,74,6019,535.10
2026/05/09 05:12:01.629,71,6019,507.59
2026/05/09 05:12:02.660,67,6019,511.84
2026/05/09 05:12:03.692,72,6019,513.03
2026/05/09 05:12:04.723,69,6019,508.51
2026/05/09 05:12:05.755,69,6019,514.58
2026/05/09 05:12:06.787,68,6019,512.37
2026/05/09 05:12:07.818,64,6019,508.58
2026/05/09 05:12:08.852,64,6019,455.18
2026/05/09 05:12:09.886,70,6019,267.46
2026/05/09 05:12:10.919,62,6019,273.15
2026/05/09 05:12:11.952,70,6019,212.75
2026/05/09 05:12:12.984,63,6019,492.92
2026/05/09 05:12:14.016,61,6019,494.13
2026/05/09 05:12:15.048,68,6019,500.69
2026/05/09 05:12:16.081,72,6019,501.39
2026/05/09 05:12:17.116,68,6019,499.81
2026/05/09 05:12:18.149,65,6019,502.87
2026/05/09 05:12:19.181,74,6019,505.38
2026/05/09 05:12:20.213,68,6019,498.96
2026/05/09 05:12:21.246,65,6019,504.75
2026/05/09 05:12:22.278,74,6019,501.33
2026/05/09 05:12:23.309,72,6019,519.16
2026/05/09 05:12:24.339,78,6019,537.10
2026/05/09 05:12:25.371,72,6019,538.71
2026/05/09 05:12:26.402,82,6019,551.82
2026/05/09 05:12:27.434,80,6019,312.64
2026/05/09 05:12:28.466,73,6019,227.76
2026/05/09 05:12:29.498,75,6019,531.88
2026/05/09 05:12:30.529,74,6019,524.43
2026/05/09 05:12:31.560,75,6019,536.97
2026/05/09 05:12:32.591,74,6019,538.44
2026/05/09 05:12:33.621,74,6019,537.65
2026/05/09 05:12:34.652,74,6019,537.58
2026/05/09 05:12:35.683,75,6019,537.10
2026/05/09 05:12:36.713,75,6019,537.52
2026/05/09 05:12:37.744,75,6019,538.47
2026/05/09 05:12:38.775,75,6019,538.71
2026/05/09 05:12:39.807,74,6019,539.12
2026/05/09 05:12:40.837,75,6019,539.16
2026/05/09 05:12:41.868,74,6019,539.01
2026/05/09 05:12:42.900,86,6019,361.53
2026/05/09 05:12:43.930,74,6019,232.86
2026/05/09 05:12:44.961,74,6019,533.99
2026/05/09 05:12:45.992,73,6019,531.63
2026/05/09 05:12:47.023,73,6019,533.78
2026/05/09 05:12:48.054,73,6019,537.65
2026/05/09 05:12:49.086,74,6019,538.58
2026/05/09 05:12:50.118,75,6019,537.16
2026/05/09 05:12:51.151,74,6019,530.09
2026/05/09 05:12:52.182,71,6019,530.93
2026/05/09 05:12:53.216,72,6019,533.56
2026/05/09 05:12:54.249,73,6019,528.43
2026/05/09 05:12:55.280,74,6019,534.86
2026/05/09 05:12:56.311,72,6019,533.08
2026/05/09 05:12:57.342,73,6019,528.93
2026/05/09 05:12:58.373,79,6019,231.71
2026/05/09 05:12:59.403,81,6019,281.04
2026/05/09 05:13:00.435,83,6019,571.61
2026/05/09 05:13:01.466,84,6019,573.11
2026/05/09 05:13:02.498,83,6019,572.57
2026/05/09 05:13:03.529,81,6019,574.21
2026/05/09 05:13:04.561,78,6019,575.07
2026/05/09 05:13:05.591,83,6019,572.86
2026/05/09 05:13:06.622,83,6019,573.43
2026/05/09 05:13:07.653,80,6019,574.83
2026/05/09 05:13:08.684,74,6019,563.18
2026/05/09 05:13:09.715,75,6019,537.84
2026/05/09 05:13:10.748,73,6019,528.60
2026/05/09 05:13:11.780,74,6019,532.37
2026/05/09 05:13:12.811,75,6019,198.55
2026/05/09 05:13:13.841,84,6019,326.57
2026/05/09 05:13:14.871,81,6019,573.73
2026/05/09 05:13:15.902,83,6019,570.21
2026/05/09 05:13:16.933,78,6019,556.26
2026/05/09 05:13:17.963,75,6019,534.24
2026/05/09 05:13:18.994,68,6019,521.13
2026/05/09 05:13:20.025,74,6019,536.04
2026/05/09 05:13:21.055,68,6019,528.44
2026/05/09 05:13:22.086,75,6019,528.08
2026/05/09 05:13:23.117,72,6019,534.31
2026/05/09 05:13:24.149,74,6019,527.26
2026/05/09 05:13:25.181,74,6019,536.02
2026/05/09 05:13:26.212,74,6019,527.17
2026/05/09 05:13:27.243,74,6019,406.66
2026/05/09 05:13:28.277,75,6019,175.27
2026/05/09 05:13:29.309,62,6019,408.36
2026/05/09 05:13:30.339,60,6019,488.30
2026/05/09 05:13:31.370,61,6019,497.33
2026/05/09 05:13:32.401,67,6019,499.37
2026/05/09 05:13:33.432,73,6019,499.84
2026/05/09 05:13:34.463,72,6019,504.78
2026/05/09 05:13:35.495,72,6019,523.26
2026/05/09 05:13:36.525,72,6019,523.52
2026/05/09 05:13:37.555,65,6019,509.84
2026/05/09 05:13:38.587,68,6019,495.47
2026/05/09 05:13:39.618,68,6019,495.22
2026/05/09 05:13:40.651,64,6019,492.91
2026/05/09 05:13:41.682,63,6019,488.94
2026/05/09 05:13:42.714,64,6019,491.78
2026/05/09 05:13:43.746,69,6019,407.30
2026/05/09 05:13:44.778,60,6019,273.04
2026/05/09 05:13:45.810,78,6019,250.14
2026/05/09 05:13:46.841,79,6019,172.77
2026/05/09 05:13:47.872,80,6019,387.33
2026/05/09 05:13:48.903,64,6019,529.55
2026/05/09 05:13:49.934,73,6019,521.39
2026/05/09 05:13:50.966,69,6019,514.76
2026/05/09 05:13:51.998,87,6019,368.69
2026/05/09 05:13:53.030,77,6019,555.90
2026/05/09 05:13:54.061,82,6019,574.11
2026/05/09 05:13:55.092,79,6019,572.97
2026/05/09 05:13:56.124,84,6019,567.32
2026/05/09 05:13:57.155,77,6019,574.00
2026/05/09 05:13:58.187,82,6019,568.83
2026/05/09 05:13:59.219,76,6019,571.88
2026/05/09 05:14:00.251,80,6019,569.58
2026/05/09 05:14:01.283,75,6019,336.66
2026/05/09 05:14:02.314,83,6019,207.29
2026/05/09 05:14:03.345,79,6019,572.83
2026/05/09 05:14:04.375,76,6019,577.14
2026/05/09 05:14:05.407,80,6019,574.89
2026/05/09 05:14:06.437,84,6019,573.53
2026/05/09 05:14:07.467,83,6019,574.67
2026/05/09 05:14:08.498,84,6019,573.86
2026/05/09 05:14:09.529,77,6019,577.80
2026/05/09 05:14:10.560,83,6019,574.26
2026/05/09 05:14:11.591,83,6019,574.30
2026/05/09 05:14:12.622,84,6019,574.10
2026/05/09 05:14:13.653,80,6019,575.38
2026/05/09 05:14:14.684,79,6019,526.37
2026/05/09 05:14:15.715,82,6019,177.54
2026/05/09 05:14:16.745,76,6019,413.24
2026/05/09 05:14:17.776,83,6019,574.48
2026/05/09 05:14:18.808,83,6019,573.28
2026/05/09 05:14:19.839,84,6019,573.01
2026/05/09 05:14:20.871,76,6019,576.38
2026/05/09 05:14:21.900,83,6019,574.06
2026/05/09 05:14:22.931,78,6019,571.50
2026/05/09 05:14:23.962,74,6019,538.31
2026/05/09 05:14:24.992,72,6019,535.46
2026/05/09 05:14:26.023,73,6019,525.84
2026/05/09 05:14:27.054,75,6019,538.54
2026/05/09 05:14:28.085,74,6019,526.72
2026/05/09 05:14:29.116,74,6019,536.75
2026/05/09 05:14:30.146,86,6019,204.00
2026/05/09 05:14:31.177,75,6019,341.07
2026/05/09 05:14:32.209,73,6019,526.01
2026/05/09 05:14:33.241,77,6019,550.51
2026/05/09 05:14:34.272,84,6019,575.04
2026/05/09 05:14:35.304,82,6019,571.09
2026/05/09 05:14:36.336,76,6019,575.14
2026/05/09 05:14:37.369,82,6019,571.66
2026/05/09 05:14:38.401,83,6019,572.04
2026/05/09 05:14:39.433,84,6019,574.39
2026/05/09 05:14:40.464,82,6019,570.64
2026/05/09 05:14:41.495,81,6019,577.81
2026/05/09 05:14:42.527,83,6019,572.95
2026/05/09 05:14:43.559,78,6019,483.56
2026/05/09 05:14:44.590,78,6019,176.73
2026/05/09 05:14:45.622,82,6019,439.27
2026/05/09 05:14:46.653,69,6019,547.65
2026/05/09 05:14:47.685,70,6019,534.84
2026/05/09 05:14:48.717,82,6019,537.56
2026/05/09 05:14:49.749,69,6019,534.51
2026/05/09 05:14:50.781,70,6019,534.29
2026/05/09 05:14:51.812,82,6019,545.11
2026/05/09 05:14:52.843,68,6019,539.88
2026/05/09 05:14:53.874,77,6019,560.53
2026/05/09 05:14:54.905,78,6019,557.72
2026/05/09 05:14:55.937,80,6019,553.30
2026/05/09 05:14:56.968,81,6019,554.05
2026/05/09 05:14:57.998,79,6019,558.30
2026/05/09 05:14:59.031,79,6019,277.12
2026/05/09 05:15:00.062,73,6019,260.18
2026/05/09 05:15:01.093,73,6019,516.57
2026/05/09 05:15:02.125,60,6019,511.77
2026/05/09 05:15:03.157,64,6019,495.42
2026/05/09 05:15:04.189,62,6019,484.43
2026/05/09 05:15:05.221,64,6019,504.29
2026/05/09 05:15:06.253,64,6019,492.64
2026/05/09 05:15:07.285,67,6019,499.93
2026/05/09 05:15:08.317,64,6019,493.28
2026/05/09 05:15:09.349,64,6019,491.84
2026/05/09 05:15:10.380,71,6019,515.90
2026/05/09 05:15:11.414,56,6019,527.75
2026/05/09 05:15:12.447,84,6019,546.91
2026/05/09 05:15:13.479,82,6019,554.95
2026/05/09 05:15:14.510,73,6019,555.66
2026/05/09 05:15:15.546,64,6019,282.24
2026/05/09 05:15:16.578,61,6019,270.93
2026/05/09 05:15:17.611,78,6019,194.32
2026/05/09 05:15:18.642,82,6019,264.06
2026/05/09 05:15:19.675,81,6019,567.61
2026/05/09 05:15:20.708,82,6019,572.35
2026/05/09 05:15:21.740,82,6019,568.39
2026/05/09 05:15:22.772,82,6019,571.57
2026/05/09 05:15:23.804,82,6019,569.20
2026/05/09 05:15:24.836,82,6019,573.67
2026/05/09 05:15:25.867,82,6019,566.83
2026/05/09 05:15:26.899,82,6019,573.20
2026/05/09 05:15:27.931,81,6019,566.98
2026/05/09 05:15:28.962,81,6019,565.22
2026/05/09 05:15:29.993,81,6019,571.64
2026/05/09 05:15:31.024,79,6019,533.60
2026/05/09 05:15:32.056,83,6019,178.80
2026/05/09 05:15:33.087,73,6019,373.34
2026/05/09 05:15:34.120,72,6019,531.88
2026/05/09 05:15:35.152,73,6019,526.58
2026/05/09 05:15:36.183,75,6019,534.43
2026/05/09 05:15:37.215,72,6019,526.30
2026/05/09 05:15:38.248,72,6019,531.18
2026/05/09 05:15:39.279,72,6019,530.81
2026/05/09 05:15:40.312,72,6019,528.04
2026/05/09 05:15:41.345,72,6019,531.58
2026/05/09 05:15:42.377,72,6019,526.47
2026/05/09 05:15:43.410,72,6019,530.54
2026/05/09 05:15:44.442,73,6019,528.24
2026/05/09 05:15:45.475,71,6019,525.19
2026/05/09 05:15:46.507,79,6019,467.40
2026/05/09 05:15:47.539,82,6019,182.35
2026/05/09 05:15:48.571,67,6019,395.41
2026/05/09 05:15:49.603,64,6019,493.11
2026/05/09 05:15:50.633,65,6019,494.25
2026/05/09 05:15:51.664,65,6019,494.09
2026/05/09 05:15:52.696,63,6019,493.34
2026/05/09 05:15:53.728,64,6019,491.01
2026/05/09 05:15:54.759,64,6019,491.00
2026/05/09 05:15:55.792,64,6019,492.59
2026/05/09 05:15:56.823,67,6019,495.77
2026/05/09 05:15:57.855,73,6019,495.75
2026/05/09 05:15:58.887,75,6019,495.34
2026/05/09 05:15:59.919,64,6019,499.68
2026/05/09 05:16:00.952,70,6019,503.53
2026/05/09 05:16:01.984,63,6019,496.92
2026/05/09 05:16:03.016,77,6019,454.77
2026/05/09 05:16:04.047,82,6019,179.20
2026/05/09 05:16:05.078,72,6019,412.85
2026/05/09 05:16:06.111,73,6019,522.55
2026/05/09 05:16:07.142,66,6019,520.49
2026/05/09 05:16:08.173,74,6019,523.64
2026/05/09 05:16:09.205,70,6019,519.83
2026/05/09 05:16:10.237,72,6019,517.73
2026/05/09 05:16:11.269,72,6019,519.48
2026/05/09 05:16:12.300,65,6019,518.27
2026/05/09 05:16:13.333,72,6019,522.62
2026/05/09 05:16:14.364,71,6019,516.78
2026/05/09 05:16:15.396,65,6019,520.53
2026/05/09 05:16:16.428,71,6019,521.11
2026/05/09 05:16:17.459,74,6019,538.20
2026/05/09 05:16:18.492,77,6019,521.43
2026/05/09 05:16:19.522,85,6019,177.61
2026/05/09 05:16:20.553,74,6019,339.68
2026/05/09 05:16:21.584,67,6019,506.50
2026/05/09 05:16:22.616,73,6019,506.42
2026/05/09 05:16:23.648,72,6019,519.28
2026/05/09 05:16:24.680,81,6019,545.03
2026/05/09 05:16:25.712,77,6019,574.63
2026/05/09 05:16:26.744,74,6019,562.64
2026/05/09 05:16:27.776,70,6019,525.42
2026/05/09 05:16:28.808,82,6019,561.18
2026/05/09 05:16:29.840,81,6019,571.66
2026/05/09 05:16:30.872,72,6019,559.69
2026/05/09 05:16:31.902,75,6019,547.36
2026/05/09 05:16:32.933,77,6019,539.70
2026/05/09 05:16:33.965,6,6019,396.13
2026/05/09 05:16:34.998,62,6019,218.77
2026/05/09 05:16:36.031,62,6019,264.19
2026/05/09 05:16:37.062,92,6019,194.33
2026/05/09 05:16:38.093,85,6019,333.17
2026/05/09 05:16:39.124,82,6019,569.02
2026/05/09 05:16:40.156,79,6019,570.36
2026/05/09 05:16:41.188,84,6019,568.01
2026/05/09 05:16:42.220,82,6019,573.74
2026/05/09 05:16:43.251,82,6019,568.50
2026/05/09 05:16:44.282,84,6019,575.16
2026/05/09 05:16:45.314,80,6019,569.95
2026/05/09 05:16:46.346,81,6019,575.28
2026/05/09 05:16:47.377,82,6019,569.92
2026/05/09 05:16:48.410,80,6019,573.96
2026/05/09 05:16:49.442,84,6019,568.81
2026/05/09 05:16:50.474,78,6019,478.99
2026/05/09 05:16:51.506,75,6019,175.61
2026/05/09 05:16:52.536,84,6019,432.16
2026/05/09 05:16:53.566,84,6019,573.35
2026/05/09 05:16:54.596,83,6019,575.22
2026/05/09 05:16:55.626,78,6019,575.38
2026/05/09 05:16:56.656,83,6019,574.38
2026/05/09 05:16:57.687,84,6019,573.10
2026/05/09 05:16:58.717,84,6019,574.49
2026/05/09 05:16:59.749,80,6019,578.90
2026/05/09 05:17:00.780,83,6019,574.55
2026/05/09 05:17:01.812,83,6019,574.75
2026/05/09 05:17:02.842,81,6019,574.08
2026/05/09 05:17:03.873,83,6019,578.05
2026/05/09 05:17:04.904,80,6019,500.40
2026/05/09 05:17:05.934,79,6019,178.06
2026/05/09 05:17:06.965,83,6019,574.28
2026/05/09 05:17:07.996,84,6019,574.16
2026/05/09 05:17:09.028,81,6019,574.10
2026/05/09 05:17:10.060,81,6019,577.44
2026/05/09 05:17:11.091,83,6019,574.02
2026/05/09 05:17:12.122,84,6019,573.60
2026/05/09 05:17:13.154,75,6019,577.11
2026/05/09 05:17:14.185,83,6019,574.03
2026/05/09 05:17:15.216,83,6019,572.75
2026/05/09 05:17:16.248,75,6019,577.43
2026/05/09 05:17:17.279,84,6019,574.85
2026/05/09 05:17:18.310,82,6019,573.88
2026/05/09 05:17:19.339,76,6019,319.51
2026/05/09 05:17:20.369,80,6019,205.79
2026/05/09 05:17:21.399,84,6019,563.82
2026/05/09 05:17:22.430,78,6019,574.33
2026/05/09 05:17:23.462,72,6019,549.98
2026/05/09 05:17:24.493,74,6019,539.37
2026/05/09 05:17:25.525,71,6019,522.45
2026/05/09 05:17:26.556,72,6019,531.87
2026/05/09 05:17:27.588,72,6019,524.24
2026/05/09 05:17:28.619,72,6019,532.37
2026/05/09 05:17:29.652,64,6019,494.07
2026/05/09 05:17:30.683,64,6019,490.90
2026/05/09 05:17:31.715,64,6019,494.55
2026/05/09 05:17:32.747,70,6019,497.04
2026/05/09 05:17:33.777,72,6019,503.87
2026/05/09 05:17:34.809,91,6019,340.06
2026/05/09 05:17:35.840,74,6019,223.93
2026/05/09 05:17:36.872,73,6019,529.00
2026/05/09 05:17:37.903,72,6019,533.25
2026/05/09 05:17:38.935,72,6019,525.23
2026/05/09 05:17:39.967,73,6019,529.54
2026/05/09 05:17:40.998,72,6019,552.54
2026/05/09 05:17:42.030,72,6019,526.02
2026/05/09 05:17:43.062,78,6019,528.18
2026/05/09 05:17:44.094,79,6019,540.59
2026/05/09 05:17:45.125,77,6019,539.12
2026/05/09 05:17:46.155,77,6019,539.45
2026/05/09 05:17:47.185,78,6019,544.07
2026/05/09 05:17:48.216,70,6019,534.17
2026/05/09 05:17:49.247,64,6019,514.53
2026/05/09 05:17:50.279,78,6019,238.25
2026/05/09 05:17:51.310,73,6019,258.40
2026/05/09 05:17:52.341,64,6019,520.06
2026/05/09 05:17:53.372,65,6019,495.43
2026/05/09 05:17:54.403,64,6019,495.20
2026/05/09 05:17:55.434,65,6019,494.41
2026/05/09 05:17:56.466,83,6019,359.66
2026/05/09 05:17:57.498,80,6019,570.35
2026/05/09 05:17:58.529,77,6019,574.70
2026/05/09 05:17:59.560,83,6019,574.18
2026/05/09 05:18:00.592,84,6019,574.26
2026/05/09 05:18:01.623,84,6019,574.48
2026/05/09 05:18:02.654,84,6019,575.30
2026/05/09 05:18:03.685,80,6019,574.26
2026/05/09 05:18:04.716,64,6019,551.72
2026/05/09 05:18:05.749,66,6019,275.56
2026/05/09 05:18:06.782,59,6019,268.50
2026/05/09 05:18:07.814,79,6019,190.16
2026/05/09 05:18:08.846,71,6019,272.32
2026/05/09 05:18:09.877,74,6019,533.52
2026/05/09 05:18:10.909,72,6019,524.11
2026/05/09 05:18:11.941,74,6019,530.50
2026/05/09 05:18:12.974,72,6019,524.04
2026/05/09 05:18:14.006,72,6019,530.22
2026/05/09 05:18:15.038,72,6019,527.14
2026/05/09 05:18:16.072,71,6019,529.96
2026/05/09 05:18:17.105,73,6019,526.93
2026/05/09 05:18:18.138,73,6019,529.31
2026/05/09 05:18:19.171,74,6019,528.07
2026/05/09 05:18:20.203,72,6019,520.92
2026/05/09 05:18:21.235,75,6019,531.76
2026/05/09 05:18:22.272,73,6019,522.29
2026/05/09 05:18:23.302,79,6019,230.81
2026/05/09 05:18:24.333,83,6019,282.00
2026/05/09 05:18:25.364,83,6019,572.81
2026/05/09 05:18:26.394,82,6019,572.58
2026/05/09 05:18:27.424,80,6019,573.98
2026/05/09 05:18:28.454,83,6019,573.35
2026/05/09 05:18:29.485,83,6019,572.96
2026/05/09 05:18:30.515,78,6019,578.11
2026/05/09 05:18:31.545,83,6019,574.42
2026/05/09 05:18:32.576,83,6019,571.71
2026/05/09 05:18:33.607,76,6019,575.72
2026/05/09 05:18:34.638,83,6019,573.64
2026/05/09 05:18:35.667,83,6019,573.84
2026/05/09 05:18:36.698,78,6019,464.48
2026/05/09 05:18:37.729,83,6019,182.69
2026/05/09 05:18:38.764,73,6019,475.18
2026/05/09 05:18:39.796,73,6019,528.15
2026/05/09 05:18:40.829,75,6019,537.40
2026/05/09 05:18:41.861,72,6019,524.98
2026/05/09 05:18:42.893,74,6019,532.52
2026/05/09 05:18:43.924,72,6019,530.03
2026/05/09 05:18:44.956,72,6019,528.35
2026/05/09 05:18:45.989,73,6019,525.89
2026/05/09 05:18:47.021,74,6019,531.99
2026/05/09 05:18:48.053,73,6019,529.40
2026/05/09 05:18:49.085,73,6019,529.13
2026/05/09 05:18:50.117,72,6019,530.91
2026/05/09 05:18:51.149,72,6019,527.12
2026/05/09 05:18:52.181,77,6019,376.64
2026/05/09 05:18:53.213,74,6019,179.67
2026/05/09 05:18:54.246,72,6019,471.65
2026/05/09 05:18:55.279,74,6019,533.57
2026/05/09 05:18:56.311,73,6019,522.19
2026/05/09 05:18:57.343,72,6019,532.54
2026/05/09 05:18:58.375,73,6019,525.69
2026/05/09 05:18:59.409,72,6019,531.78
2026/05/09 05:19:00.440,73,6019,526.08
2026/05/09 05:19:01.472,72,6019,525.89
2026/05/09 05:19:02.504,75,6019,532.92
2026/05/09 05:19:03.536,72,6019,522.93
2026/05/09 05:19:04.569,75,6019,533.79
2026/05/09 05:19:05.602,72,6019,522.08
2026/05/09 05:19:06.634,71,6019,528.93
2026/05/09 05:19:07.666,91,6019,369.85
2026/05/09 05:19:08.699,82,6019,191.23
2026/05/09 05:19:09.732,81,6019,564.75
2026/05/09 05:19:10.764,74,6019,540.44
2026/05/09 05:19:11.795,72,6019,549.57
2026/05/09 05:19:12.827,71,6019,539.83
2026/05/09 05:19:13.860,63,6019,369.44
2026/05/09 05:19:14.893,78,6019,549.48
2026/05/09 05:19:15.924,83,6019,567.81
2026/05/09 05:19:16.957,81,6019,570.53
2026/05/09 05:19:17.989,81,6019,572.41
2026/05/09 05:19:19.021,81,6019,567.26
2026/05/09 05:19:20.053,82,6019,567.64
2026/05/09 05:19:21.086,80,6019,570.24
2026/05/09 05:19:22.118,79,6019,502.24
2026/05/09 05:19:23.149,80,6019,177.39
2026/05/09 05:19:24.181,78,6019,431.15
2026/05/09 05:19:25.213,82,6019,569.76
2026/05/09 05:19:26.245,75,6019,572.92
2026/05/09 05:19:27.277,72,6019,541.28
2026/05/09 05:19:28.309,74,6019,535.81
2026/05/09 05:19:29.341,73,6019,526.19
2026/05/09 05:19:30.373,74,6019,534.92
2026/05/09 05:19:31.405,73,6019,528.70
2026/05/09 05:19:32.435,73,6019,530.84
2026/05/09 05:19:33.467,72,6019,526.30
2026/05/09 05:19:34.499,75,6019,529.73
2026/05/09 05:19:35.531,74,6019,521.24
2026/05/09 05:19:36.563,71,6019,522.36
2026/05/09 05:19:37.595,67,6019,415.62
2026/05/09 05:19:38.628,61,6019,271.09
2026/05/09 05:19:39.661,75,6019,236.58
2026/05/09 05:19:40.693,74,6019,172.82
2026/05/09 05:19:41.723,77,6019,423.56
2026/05/09 05:19:42.756,72,6019,541.70
2026/05/09 05:19:43.789,75,6019,531.63
2026/05/09 05:19:44.821,72,6019,522.28
2026/05/09 05:19:45.854,75,6019,534.09
2026/05/09 05:19:46.886,72,6019,523.33
2026/05/09 05:19:47.918,73,6019,532.41
2026/05/09 05:19:48.952,72,6019,523.18
2026/05/09 05:19:49.984,72,6019,525.97
2026/05/09 05:19:51.017,75,6019,529.76
2026/05/09 05:19:52.050,71,6019,521.75
2026/05/09 05:19:53.082,71,6019,530.73
2026/05/09 05:19:54.114,72,6019,525.35
2026/05/09 05:19:55.147,73,6019,412.01
2026/05/09 05:19:56.177,79,6019,176.26
2026/05/09 05:19:57.209,83,6019,491.94
2026/05/09 05:19:58.241,75,6019,574.49
2026/05/09 05:19:59.273,83,6019,570.03
2026/05/09 05:20:00.304,79,6019,570.13
2026/05/09 05:20:01.335,82,6019,575.09
2026/05/09 05:20:02.366,84,6019,570.72
2026/05/09 05:20:03.397,81,6019,574.80
2026/05/09 05:20:04.428,83,6019,570.64
2026/05/09 05:20:05.459,74,6019,552.69
2026/05/09 05:20:06.491,67,6019,526.13
2026/05/09 05:20:07.522,75,6019,525.01
2026/05/09 05:20:08.553,74,6019,522.22
2026/05/09 05:20:09.584,79,6019,473.97
2026/05/09 05:20:10.615,78,6019,176.18
2026/05/09 05:20:11.644,74,6019,390.90
2026/05/09 05:20:12.675,73,6019,525.34
2026/05/09 05:20:13.705,75,6019,533.12
2026/05/09 05:20:14.735,75,6019,525.49
2026/05/09 05:20:15.765,74,6019,531.71
2026/05/09 05:20:16.795,75,6019,524.92
2026/05/09 05:20:17.826,72,6019,531.67
2026/05/09 05:20:18.856,83,6019,552.70
2026/05/09 05:20:19.887,83,6019,573.68
2026/05/09 05:20:20.918,72,6019,570.35
2026/05/09 05:20:21.950,78,6019,544.46
2026/05/09 05:20:22.981,76,6019,565.94
2026/05/09 05:20:24.013,82,6019,569.10
2026/05/09 05:20:25.044,86,6019,328.96
2026/05/09 05:20:26.074,74,6019,262.49
2026/05/09 05:20:27.105,75,6019,542.45
2026/05/09 05:20:28.134,71,6019,539.29
2026/05/09 05:20:29.165,71,6019,542.83
2026/05/09 05:20:30.196,75,6019,538.09
2026/05/09 05:20:31.227,71,6019,534.19
2026/05/09 05:20:32.257,72,6019,545.17
2026/05/09 05:20:33.290,80,6019,544.12
2026/05/09 05:20:34.321,81,6019,546.97
2026/05/09 05:20:35.354,75,6019,545.15
2026/05/09 05:20:36.386,67,6019,386.73
2026/05/09 05:20:37.417,84,6019,569.23
2026/05/09 05:20:38.450,78,6019,573.02
2026/05/09 05:20:39.481,79,6019,532.25
2026/05/09 05:20:40.512,79,6019,178.25
2026/05/09 05:20:41.543,83,6019,389.50
2026/05/09 05:20:42.575,82,6019,572.34
2026/05/09 05:20:43.607,82,6019,573.52
2026/05/09 05:20:44.640,82,6019,566.97
2026/05/09 05:20:45.672,80,6019,568.00
2026/05/09 05:20:46.702,80,6019,571.55
2026/05/09 05:20:47.734,82,6019,564.74
2026/05/09 05:20:48.766,80,6019,568.01
2026/05/09 05:20:49.798,81,6019,571.95
2026/05/09 05:20:50.830,81,6019,567.17
2026/05/09 05:20:51.861,80,6019,569.16
2026/05/09 05:20:52.895,81,6019,570.71
2026/05/09 05:20:53.927,76,6019,569.06
2026/05/09 05:20:54.958,81,6019,282.53
2026/05/09 05:20:55.990,76,6019,459.02
2026/05/09 05:20:57.021,81,6019,571.99
2026/05/09 05:20:58.052,82,6019,570.67
2026/05/09 05:20:59.083,82,6019,570.84
2026/05/09 05:21:00.115,83,6019,570.93
2026/05/09 05:21:01.146,83,6019,574.20
2026/05/09 05:21:02.178,82,6019,571.27
2026/05/09 05:21:03.211,83,6019,575.64
2026/05/09 05:21:04.242,82,6019,570.39
2026/05/09 05:21:05.274,78,6019,576.73
2026/05/09 05:21:06.306,82,6019,570.57
2026/05/09 05:21:07.337,77,6019,574.63
2026/05/09 05:21:08.368,61,6019,528.15
2026/05/09 05:21:09.400,61,6019,268.02
2026/05/09 05:21:10.432,61,6019,262.32
2026/05/09 05:21:11.463,74,6019,192.56
2026/05/09 05:21:12.495,80,6019,487.84
2026/05/09 05:21:13.527,81,6019,568.73
2026/05/09 05:21:14.559,81,6019,567.04
2026/05/09 05:21:15.591,75,6019,568.85
2026/05/09 05:21:16.624,79,6019,563.78
2026/05/09 05:21:17.656,81,6019,567.57
2026/05/09 05:21:18.687,80,6019,570.72
2026/05/09 05:21:19.719,80,6019,567.62
2026/05/09 05:21:20.750,82,6019,565.98
2026/05/09 05:21:21.781,80,6019,571.22
2026/05/09 05:21:22.812,81,6019,567.64
2026/05/09 05:21:23.844,81,6019,568.00
2026/05/09 05:21:24.876,75,6019,556.13
2026/05/09 05:21:25.908,74,6019,178.44
2026/05/09 05:21:26.938,78,6019,358.65
2026/05/09 05:21:27.970,77,6019,567.11
2026/05/09 05:21:29.002,80,6019,563.72
2026/05/09 05:21:30.033,82,6019,566.55
2026/05/09 05:21:31.065,82,6019,569.52
2026/05/09 05:21:32.097,77,6019,568.76
2026/05/09 05:21:33.129,81,6019,563.55
2026/05/09 05:21:34.161,83,6019,568.78
2026/05/09 05:21:35.194,79,6019,571.00
2026/05/09 05:21:36.226,82,6019,567.92
2026/05/09 05:21:37.256,81,6019,569.72
2026/05/09 05:21:38.288,79,6019,571.06
2026/05/09 05:21:39.320,79,6019,500.80
2026/05/09 05:21:40.351,78,6019,176.99
2026/05/09 05:21:41.383,81,6019,401.65
2026/05/09 05:21:42.416,79,6019,568.44
2026/05/09 05:21:43.448,82,6019,570.93
2026/05/09 05:21:44.480,82,6019,571.59
2026/05/09 05:21:45.512,73,6019,534.47
2026/05/09 05:21:46.544,75,6019,534.87
2026/05/09 05:21:47.577,72,6019,526.08
2026/05/09 05:21:48.608,74,6019,532.25
2026/05/09 05:21:49.640,72,6019,529.87
2026/05/09 05:21:50.673,72,6019,529.21
2026/05/09 05:21:51.704,72,6019,532.82
2026/05/09 05:21:52.736,72,6019,527.51
2026/05/09 05:21:53.767,72,6019,533.88
2026/05/09 05:21:54.799,91,6019,331.89
2026/05/09 05:21:55.832,80,6019,151.29
2026/05/09 05:21:56.863,75,6019,405.31
2026/05/09 05:21:57.895,74,6019,538.42
2026/05/09 05:21:58.926,73,6019,532.87
2026/05/09 05:21:59.957,73,6019,530.01
2026/05/09 05:22:00.990,75,6019,536.25
2026/05/09 05:22:02.022,73,6019,527.84
2026/05/09 05:22:03.053,73,6019,530.12
2026/05/09 05:22:04.085,74,6019,534.80
2026/05/09 05:22:05.117,74,6019,528.36
2026/05/09 05:22:06.149,73,6019,533.55
2026/05/09 05:22:07.181,72,6019,533.72
2026/05/09 05:22:08.214,73,6019,526.85
2026/05/09 05:22:09.246,75,6019,533.98
2026/05/09 05:22:10.279,73,6019,407.90
2026/05/09 05:22:11.312,80,6019,178.83
2026/05/09 05:22:12.344,82,6019,482.06
2026/05/09 05:22:13.376,81,6019,570.89
2026/05/09 05:22:14.408,80,6019,566.02
2026/05/09 05:22:15.441,82,6019,569.14
2026/05/09 05:22:16.474,82,6019,569.48
2026/05/09 05:22:17.507,80,6019,570.57
2026/05/09 05:22:18.539,76,6019,567.49
2026/05/09 05:22:19.571,82,6019,565.54
2026/05/09 05:22:20.603,81,6019,571.06
2026/05/09 05:22:21.636,77,6019,570.28
2026/05/09 05:22:22.668,81,6019,565.28
2026/05/09 05:22:23.701,80,6019,568.21
2026/05/09 05:22:24.733,77,6019,340.91
2026/05/09 05:22:25.763,75,6019,192.93
2026/05/09 05:22:26.797,82,6019,576.76
2026/05/09 05:22:27.829,82,6019,571.42
2026/05/09 05:22:28.861,78,6019,573.33
2026/05/09 05:22:29.893,82,6019,571.19
2026/05/09 05:22:30.923,83,6019,571.60
2026/05/09 05:22:31.955,80,6019,576.11
2026/05/09 05:22:32.986,84,6019,573.77
2026/05/09 05:22:34.017,83,6019,574.60
2026/05/09 05:22:35.048,79,6019,578.81
2026/05/09 05:22:36.078,83,6019,574.26
2026/05/09 05:22:37.108,84,6019,574.66
2026/05/09 05:22:38.141,80,6019,573.01
2026/05/09 05:22:39.174,60,6019,290.59
2026/05/09 05:22:40.207,63,6019,264.73
2026/05/09 05:22:41.239,85,6019,202.02
2026/05/09 05:22:42.271,74,6019,260.87
2026/05/09 05:22:43.302,73,6019,533.99
2026/05/09 05:22:44.335,74,6019,525.09
2026/05/09 05:22:45.365,75,6019,518.91
2026/05/09 05:22:46.397,75,6019,516.56
2026/05/09 05:22:47.429,75,6019,518.64
2026/05/09 05:22:48.461,74,6019,513.80
2026/05/09 05:22:49.493,74,6019,530.23
2026/05/09 05:22:50.526,73,6019,528.70
2026/05/09 05:22:51.559,72,6019,531.99
2026/05/09 05:22:52.591,72,6019,529.67
2026/05/09 05:22:53.623,73,6019,528.04
2026/05/09 05:22:54.655,73,6019,522.23
2026/05/09 05:22:55.686,75,6019,532.77
2026/05/09 05:22:56.718,91,6019,291.33
2026/05/09 05:22:57.749,72,6019,253.42
2026/05/09 05:22:58.780,73,6019,529.66
2026/05/09 05:22:59.812,73,6019,519.31
2026/05/09 05:23:00.842,74,6019,494.47
2026/05/09 05:23:01.874,72,6019,499.77
2026/05/09 05:23:02.905,65,6019,495.77
2026/05/09 05:23:03.936,72,6019,497.98
2026/05/09 05:23:04.965,67,6019,487.49
2026/05/09 05:23:05.996,69,6019,487.07
2026/05/09 05:23:07.027,74,6019,499.15
2026/05/09 05:23:08.060,74,6019,495.53
2026/05/09 05:23:09.091,74,6019,495.95
2026/05/09 05:23:10.122,74,6019,496.88
2026/05/09 05:23:11.153,72,6019,494.73
2026/05/09 05:23:12.184,69,6019,500.10
2026/05/09 05:23:13.216,83,6019,267.42
2026/05/09 05:23:14.247,68,6019,250.36
2026/05/09 05:23:15.278,74,6019,502.46
2026/05/09 05:23:16.310,66,6019,519.09
2026/05/09 05:23:17.342,65,6019,503.87
2026/05/09 05:23:18.374,74,6019,503.51
2026/05/09 05:23:19.407,17,6019,331.87
2026/05/09 05:23:20.438,80,6019,563.54
2026/05/09 05:23:21.471,79,6019,574.59
2026/05/09 05:23:22.502,81,6019,573.46
2026/05/09 05:23:23.535,83,6019,572.65
2026/05/09 05:23:24.565,78,6019,575.01
2026/05/09 05:23:25.596,82,6019,575.51
2026/05/09 05:23:26.628,84,6019,572.55
2026/05/09 05:23:27.659,77,6019,536.53
2026/05/09 05:23:28.688,79,6019,176.56
2026/05/09 05:23:29.719,83,6019,361.49
2026/05/09 05:23:30.749,78,6019,573.83
2026/05/09 05:23:31.780,82,6019,574.38
2026/05/09 05:23:32.813,83,6019,571.63
2026/05/09 05:23:33.844,79,6019,572.48
2026/05/09 05:23:34.877,82,6019,574.76
2026/05/09 05:23:35.909,82,6019,572.00
2026/05/09 05:23:36.941,78,6019,573.66
2026/05/09 05:23:37.972,80,6019,569.14
2026/05/09 05:23:39.003,82,6019,571.54
2026/05/09 05:23:40.035,81,6019,567.36
2026/05/09 05:23:41.068,82,6019,570.97
2026/05/09 05:23:42.100,78,6019,407.73
2026/05/09 05:23:43.131,85,6019,181.45
2026/05/09 05:23:44.162,72,6019,503.38
2026/05/09 05:23:45.195,74,6019,535.74
2026/05/09 05:23:46.227,73,6019,526.12
2026/05/09 05:23:47.259,74,6019,530.93
2026/05/09 05:23:48.291,72,6019,530.55
2026/05/09 05:23:49.323,73,6019,527.42
2026/05/09 05:23:50.355,72,6019,531.73
2026/05/09 05:23:51.386,72,6019,526.61
2026/05/09 05:23:52.418,70,6019,531.52
2026/05/09 05:23:53.451,73,6019,525.49
2026/05/09 05:23:54.483,72,6019,523.30
2026/05/09 05:23:55.516,71,6019,531.35
2026/05/09 05:23:56.548,72,6019,524.33
2026/05/09 05:23:57.579,79,6019,361.02
2026/05/09 05:23:58.611,78,6019,175.75
2026/05/09 05:23:59.643,82,6019,555.66
2026/05/09 05:24:00.676,83,6019,568.04
2026/05/09 05:24:01.707,81,6019,570.35
2026/05/09 05:24:02.739,78,6019,570.83
2026/05/09 05:24:03.771,83,6019,564.78
2026/05/09 05:24:04.804,80,6019,567.38
2026/05/09 05:24:05.836,80,6019,569.25
2026/05/09 05:24:06.868,77,6019,566.87
2026/05/09 05:24:07.901,80,6019,568.65
2026/05/09 05:24:08.934,80,6019,566.36
2026/05/09 05:24:09.966,81,6019,569.12
2026/05/09 05:24:10.999,75,6019,556.33
2026/05/09 05:24:12.031,66,6019,380.67
2026/05/09 05:24:13.064,66,6019,270.34
2026/05/09 05:24:14.095,91,6019,241.66
2026/05/09 05:24:15.126,77,6019,178.98
2026/05/09 05:24:16.159,73,6019,524.94
2026/05/09 05:24:17.189,74,6019,529.09
2026/05/09 05:24:18.221,65,6019,520.74
2026/05/09 05:24:19.253,71,6019,526.35
2026/05/09 05:24:20.284,74,6019,520.99
2026/05/09 05:24:21.317,82,6019,524.66
2026/05/09 05:24:22.349,81,6019,534.79
2026/05/09 05:24:23.381,79,6019,565.56
2026/05/09 05:24:24.414,80,6019,566.51
2026/05/09 05:24:25.445,80,6019,565.38
2026/05/09 05:24:26.477,74,6019,529.59
2026/05/09 05:24:27.509,62,6019,501.60
2026/05/09 05:24:28.541,80,6019,519.10
2026/05/09 05:24:29.574,85,6019,307.83
2026/05/09 05:24:30.606,74,6019,244.04
2026/05/09 05:24:31.639,71,6019,519.15
2026/05/09 05:24:32.671,71,6019,526.91
2026/05/09 05:24:33.704,71,6019,512.74
2026/05/09 05:24:34.736,71,6019,510.26
2026/05/09 05:24:35.768,74,6019,517.14
2026/05/09 05:24:36.799,72,6019,495.64
2026/05/09 05:24:37.832,58,6019,484.01
2026/05/09 05:24:38.864,66,6020,487.74
2026/05/09 05:24:39.896,70,6020,490.04
2026/05/09 05:24:40.931,62,6020,484.26
2026/05/09 05:24:41.964,57,6020,351.69
2026/05/09 05:24:42.997,75,6019,564.47
2026/05/09 05:24:44.029,75,6019,562.15
2026/05/09 05:24:45.061,80,6019,561.41
2026/05/09 05:24:46.093,78,6019,176.70
2026/05/09 05:24:47.124,73,6019,315.91
2026/05/09 05:24:48.156,72,6019,525.96
2026/05/09 05:24:49.187,74,6019,535.02
2026/05/09 05:24:50.219,73,6019,526.13
2026/05/09 05:24:51.250,74,6019,531.65
2026/05/09 05:24:52.283,70,6019,528.24
2026/05/09 05:24:53.316,75,6019,528.90
2026/05/09 05:24:54.347,73,6019,525.32
2026/05/09 05:24:55.381,74,6019,531.84
2026/05/09 05:24:56.413,73,6019,526.47
2026/05/09 05:24:57.446,74,6019,530.96
2026/05/09 05:24:58.477,72,6019,527.24
2026/05/09 05:24:59.509,75,6019,534.68
2026/05/09 05:25:00.540,74,6019,523.04
2026/05/09 05:25:01.571,79,6019,177.73
2026/05/09 05:25:02.602,83,6019,354.52
2026/05/09 05:25:03.633,82,6019,570.71
2026/05/09 05:25:04.664,78,6019,575.83
2026/05/09 05:25:05.697,81,6019,569.29
2026/05/09 05:25:06.729,78,6019,572.52
2026/05/09 05:25:07.760,84,6019,575.35
2026/05/09 05:25:08.792,83,6019,571.94
2026/05/09 05:25:09.823,84,6019,574.40
2026/05/09 05:25:10.855,81,6019,575.87
2026/05/09 05:25:11.887,82,6019,570.32
2026/05/09 05:25:12.919,77,6019,575.44
2026/05/09 05:25:13.952,82,6019,570.00
2026/05/09 05:25:14.982,78,6019,573.44
2026/05/09 05:25:16.013,81,6019,178.44
2026/05/09 05:25:17.045,78,6019,524.10
2026/05/09 05:25:18.077,81,6019,570.42
2026/05/09 05:25:19.108,77,6019,570.75
2026/05/09 05:25:20.140,82,6019,569.75
2026/05/09 05:25:21.171,78,6019,571.54
2026/05/09 05:25:22.203,83,6019,574.38
2026/05/09 05:25:23.234,81,6019,571.22
2026/05/09 05:25:24.264,81,6019,578.76
2026/05/09 05:25:25.295,69,6019,549.59
2026/05/09 05:25:26.326,83,6019,540.68
2026/05/09 05:25:27.357,75,6019,536.62
2026/05/09 05:25:28.388,75,6019,537.47
2026/05/09 05:25:29.418,75,6019,538.44
2026/05/09 05:25:30.449,79,6019,245.41
2026/05/09 05:25:31.479,71,6019,295.75
2026/05/09 05:25:32.511,71,6019,524.62
2026/05/09 05:25:33.543,72,6019,521.85
2026/05/09 05:25:34.574,74,6019,520.80
2026/05/09 05:25:35.605,75,6019,520.28
2026/05/09 05:25:36.637,68,6019,520.21
2026/05/09 05:25:37.668,72,6019,520.49
2026/05/09 05:25:38.699,70,6019,520.82
2026/05/09 05:25:39.732,67,6019,522.65
2026/05/09 05:25:40.763,75,6019,529.43
2026/05/09 05:25:41.796,72,6019,520.80
2026/05/09 05:25:42.827,70,6019,518.64
2026/05/09 05:25:43.859,70,6019,520.03
2026/05/09 05:25:44.891,72,6019,526.37
2026/05/09 05:25:45.924,61,6019,368.85
2026/05/09 05:25:46.957,62,6019,262.50
2026/05/09 05:25:47.989,76,6019,192.44
2026/05/09 05:25:49.019,74,6019,281.07
2026/05/09 05:25:50.049,84,6019,544.63
2026/05/09 05:25:51.079,84,6019,573.30
2026/05/09 05:25:52.110,77,6019,574.21
2026/05/09 05:25:53.141,76,6019,564.28
2026/05/09 05:25:54.173,74,6019,541.95
2026/05/09 05:25:55.204,83,6019,556.15
2026/05/09 05:25:56.236,84,6019,572.29
2026/05/09 05:25:57.265,68,6019,567.40
2026/05/09 05:25:58.297,75,6019,545.99
2026/05/09 05:25:59.328,74,6019,541.21
2026/05/09 05:26:00.358,75,6019,549.22
2026/05/09 05:26:01.388,75,6019,547.78
2026/05/09 05:26:02.420,78,6019,459.04
2026/05/09 05:26:03.455,0,6019,161.51
2026/05/09 05:26:04.488,74,6019,489.03
2026/05/09 05:26:05.520,80,6019,567.56
2026/05/09 05:26:06.554,82,6019,574.08
2026/05/09 05:26:07.586,82,6019,568.55
2026/05/09 05:26:08.618,80,6019,568.16
2026/05/09 05:26:09.650,81,6019,569.47
2026/05/09 05:26:10.682,82,6019,571.95
2026/05/09 05:26:11.714,78,6019,570.47
2026/05/09 05:26:12.745,84,6019,571.73
2026/05/09 05:26:13.778,77,6019,571.53
2026/05/09 05:26:14.810,82,6019,572.11
2026/05/09 05:26:15.842,76,6019,571.72
2026/05/09 05:26:16.874,85,6019,509.26
2026/05/09 05:26:17.906,79,6019,180.63
2026/05/09 05:26:18.938,76,6019,408.70
2026/05/09 05:26:19.969,82,6019,567.96
2026/05/09 05:26:21.001,82,6019,572.71
2026/05/09 05:26:22.034,82,6019,567.41
2026/05/09 05:26:23.065,84,6019,571.28
2026/05/09 05:26:24.097,80,6019,569.62
2026/05/09 05:26:25.129,82,6019,572.34
2026/05/09 05:26:26.160,76,6019,570.53
2026/05/09 05:26:27.192,80,6019,567.03
2026/05/09 05:26:28.224,82,6019,572.38
2026/05/09 05:26:29.256,81,6019,566.74
2026/05/09 05:26:30.288,80,6019,571.44
2026/05/09 05:26:31.319,79,6019,406.76
2026/05/09 05:26:32.349,80,6019,177.30
2026/05/09 05:26:33.380,83,6019,525.48
2026/05/09 05:26:34.412,79,6019,574.99
2026/05/09 05:26:35.444,83,6019,570.72
2026/05/09 05:26:36.477,76,6019,574.80
2026/05/09 05:26:37.509,81,6019,570.49
2026/05/09 05:26:38.541,80,6019,574.50
2026/05/09 05:26:39.574,84,6019,569.37
2026/05/09 05:26:40.604,79,6019,573.68
2026/05/09 05:26:41.635,83,6019,570.56
2026/05/09 05:26:42.666,82,6019,575.86
2026/05/09 05:26:43.697,82,6019,569.46
2026/05/09 05:26:44.729,80,6019,572.46
2026/05/09 05:26:45.761,78,6019,303.08
2026/05/09 05:26:46.792,75,6019,249.69
2026/05/09 05:26:47.824,81,6019,567.37
2026/05/09 05:26:48.856,77,6019,571.44
2026/05/09 05:26:49.888,80,6019,565.15
2026/05/09 05:26:50.920,80,6019,569.67
2026/05/09 05:26:51.952,79,6019,568.59
2026/05/09 05:26:52.985,76,6019,566.95
2026/05/09 05:26:54.017,82,6019,568.60
2026/05/09 05:26:55.050,81,6019,557.88
2026/05/09 05:26:56.083,79,6019,566.91
2026/05/09 05:26:57.115,80,6019,565.51
2026/05/09 05:26:58.148,76,6019,568.79
2026/05/09 05:26:59.181,77,6019,564.33
2026/05/09 05:27:00.215,80,6019,234.54
2026/05/09 05:27:01.246,75,6019,285.36
2026/05/09 05:27:02.278,81,6019,564.59
2026/05/09 05:27:03.310,82,6019,568.74
2026/05/09 05:27:04.342,80,6019,568.47
2026/05/09 05:27:05.375,77,6019,566.24
2026/05/09 05:27:06.406,75,6019,561.70
2026/05/09 05:27:07.437,72,6019,524.51
2026/05/09 05:27:08.468,68,6019,508.71
2026/05/09 05:27:09.500,59,6019,490.43
2026/05/09 05:27:10.532,58,6019,488.48
2026/05/09 05:27:11.564,69,6019,496.13
2026/05/09 05:27:12.596,74,6019,497.36
2026/05/09 05:27:13.628,62,6019,487.68
2026/05/09 05:27:14.660,75,6019,503.48
2026/05/09 05:27:15.693,64,6019,363.28
2026/05/09 05:27:16.725,64,6019,277.04
2026/05/09 05:27:17.758,83,6019,229.21
2026/05/09 05:27:18.789,73,6019,212.06
2026/05/09 05:27:19.821,67,6019,497.22
2026/05/09 05:27:20.854,59,6019,494.95
2026/05/09 05:27:21.886,62,6019,500.52
2026/05/09 05:27:22.918,74,6019,504.89
2026/05/09 05:27:23.951,0,6019,410.63
2026/05/09 05:27:24.983,60,6019,422.88
2026/05/09 05:27:26.016,77,6019,558.20
2026/05/09 05:27:27.048,82,6019,563.92
2026/05/09 05:27:28.080,80,6019,569.68
2026/05/09 05:27:29.113,75,6019,568.48
2026/05/09 05:27:30.144,81,6019,564.16
2026/05/09 05:27:31.178,81,6019,570.41
2026/05/09 05:27:32.210,75,6019,568.55
2026/05/09 05:27:33.243,79,6019,328.24
2026/05/09 05:27:34.274,81,6019,214.11
2026/05/09 05:27:35.307,78,6019,570.33
2026/05/09 05:27:36.339,62,6019,542.96
2026/05/09 05:27:37.371,73,6019,519.72
2026/05/09 05:27:38.403,72,6019,513.82
2026/05/09 05:27:39.435,71,6019,518.01
2026/05/09 05:27:40.467,72,6019,512.11
2026/05/09 05:27:41.498,74,6019,515.19
2026/05/09 05:27:42.530,72,6019,511.98
2026/05/09 05:27:43.562,62,6019,510.16
2026/05/09 05:27:44.595,69,6019,516.09
2026/05/09 05:27:45.627,71,6019,511.93
2026/05/09 05:27:46.660,64,6019,516.16
2026/05/09 05:27:47.693,73,6019,517.21
2026/05/09 05:27:48.725,80,6019,373.73
2026/05/09 05:27:49.756,80,6019,175.04
2026/05/09 05:27:50.786,74,6019,480.82
2026/05/09 05:27:51.816,74,6019,532.28
2026/05/09 05:27:52.847,75,6019,528.88
2026/05/09 05:27:53.878,74,6019,531.17
2026/05/09 05:27:54.908,75,6019,528.90
2026/05/09 05:27:55.938,70,6019,528.88
2026/05/09 05:27:56.969,74,6019,530.61
2026/05/09 05:27:58.000,75,6019,532.81
2026/05/09 05:27:59.031,73,6019,527.59
2026/05/09 05:28:00.061,74,6019,530.75
2026/05/09 05:28:01.090,74,6019,529.93
2026/05/09 05:28:02.120,73,6019,528.70
2026/05/09 05:28:03.151,74,6019,528.72
2026/05/09 05:28:04.182,88,6019,367.48
2026/05/09 05:28:05.212,79,6019,177.80
2026/05/09 05:28:06.242,64,6019,476.65
2026/05/09 05:28:07.274,64,6019,494.07
2026/05/09 05:28:08.305,68,6019,494.91
2026/05/09 05:28:09.336,74,6019,496.33
2026/05/09 05:28:10.367,74,6019,496.98
2026/05/09 05:28:11.401,70,6019,491.86
2026/05/09 05:28:12.433,65,6019,490.73
2026/05/09 05:28:13.465,73,6019,499.59
2026/05/09 05:28:14.498,64,6019,501.49
2026/05/09 05:28:15.529,60,6019,499.02
2026/05/09 05:28:16.560,75,6019,503.99
2026/05/09 05:28:17.593,67,6019,500.84
2026/05/09 05:28:18.625,64,6019,496.07
2026/05/09 05:28:19.656,66,6019,500.13
2026/05/09 05:28:20.687,91,6019,381.20
2026/05/09 05:28:21.718,81,6019,181.53
2026/05/09 05:28:22.750,60,6019,464.92
2026/05/09 05:28:23.780,64,6019,494.43
2026/05/09 05:28:24.811,71,6019,494.84
2026/05/09 05:28:25.842,62,6019,487.83
2026/05/09 05:28:26.875,62,6019,484.95
2026/05/09 05:28:27.906,66,6019,501.76
2026/05/09 05:28:28.939,69,6019,502.82
2026/05/09 05:28:29.970,74,6019,500.16
2026/05/09 05:28:31.002,65,6019,495.62
2026/05/09 05:28:32.033,64,6019,506.11
2026/05/09 05:28:33.064,72,6019,503.81
2026/05/09 05:28:34.097,66,6019,503.02
2026/05/09 05:28:35.129,73,6019,508.02
2026/05/09 05:28:36.161,68,6019,505.65
2026/05/09 05:28:37.191,91,6019,333.53
2026/05/09 05:28:38.222,67,6019,195.36
2026/05/09 05:28:39.254,74,6019,535.28
2026/05/09 05:28:40.285,74,6019,536.70
2026/05/09 05:28:41.316,76,6019,534.92
2026/05/09 05:28:42.347,83,6019,556.72
2026/05/09 05:28:43.378,83,6019,573.44
2026/05/09 05:28:44.408,82,6019,572.80
2026/05/09 05:28:45.441,75,6019,562.05
2026/05/09 05:28:46.473,76,6019,543.27
2026/05/09 05:28:47.504,83,6019,575.08
2026/05/09 05:28:48.537,86,6019,392.36
2026/05/09 05:28:49.568,71,6019,556.38
2026/05/09 05:28:50.599,78,6019,572.70
2026/05/09 05:28:51.629,65,6019,511.68
2026/05/09 05:28:52.662,69,6019,277.23
2026/05/09 05:28:53.694,88,6019,265.86
2026/05/09 05:28:54.725,80,6019,176.89
2026/05/09 05:28:55.757,76,6019,412.58
2026/05/09 05:28:56.788,82,6019,572.87
2026/05/09 05:28:57.820,82,6019,572.49
2026/05/09 05:28:58.851,81,6019,571.21
2026/05/09 05:28:59.883,83,6019,571.48
2026/05/09 05:29:00.915,82,6019,570.32
2026/05/09 05:29:01.947,80,6019,573.79
2026/05/09 05:29:02.979,82,6019,574.79
2026/05/09 05:29:04.010,80,6019,571.17
2026/05/09 05:29:05.042,83,6019,575.11
2026/05/09 05:29:06.074,80,6019,568.61
2026/05/09 05:29:07.104,80,6019,575.47
2026/05/09 05:29:08.135,81,6019,384.01
2026/05/09 05:29:09.166,79,6019,176.23
2026/05/09 05:29:10.197,81,6019,558.99
2026/05/09 05:29:11.228,82,6019,576.77
2026/05/09 05:29:12.260,84,6019,572.89
2026/05/09 05:29:13.293,76,6019,573.13
2026/05/09 05:29:14.325,84,6019,572.78
2026/05/09 05:29:15.357,82,6019,570.69
2026/05/09 05:29:16.389,81,6019,577.30
2026/05/09 05:29:17.420,84,6019,571.44
2026/05/09 05:29:18.453,77,6019,574.84
2026/05/09 05:29:19.485,82,6019,571.48
2026/05/09 05:29:20.517,78,6019,573.94
2026/05/09 05:29:21.548,82,6019,572.35
2026/05/09 05:29:22.580,82,6019,225.60
2026/05/09 05:29:23.610,73,6019,305.96
2026/05/09 05:29:24.642,73,6019,530.88
2026/05/09 05:29:25.672,73,6019,532.09
2026/05/09 05:29:26.702,75,6019,535.58
2026/05/09 05:29:27.734,73,6019,528.90
2026/05/09 05:29:28.766,73,6019,531.28
2026/05/09 05:29:29.798,72,6019,533.07
2026/05/09 05:29:30.828,73,6019,529.06
2026/05/09 05:29:31.859,75,6019,534.74
2026/05/09 05:29:32.891,73,6019,528.15
2026/05/09 05:29:33.923,73,6019,532.01
2026/05/09 05:29:34.955,73,6019,528.48
2026/05/09 05:29:35.986,72,6019,531.29
2026/05/09 05:29:37.019,74,6019,523.23
2026/05/09 05:29:38.051,85,6019,210.01
2026/05/09 05:29:39.081,75,6019,376.91
2026/05/09 05:29:40.114,74,6019,532.48
2026/05/09 05:29:41.145,72,6019,530.92
2026/05/09 05:29:42.177,75,6019,531.88
2026/05/09 05:29:43.209,73,6019,531.92
2026/05/09 05:29:44.241,74,6019,531.77
2026/05/09 05:29:45.272,70,6019,527.44
2026/05/09 05:29:46.303,69,6019,516.34
2026/05/09 05:29:47.335,67,6019,515.71
2026/05/09 05:29:48.366,74,6019,505.08
2026/05/09 05:29:49.398,70,6019,492.06
2026/05/09 05:29:50.429,64,6019,490.56
2026/05/09 05:29:51.460,64,6019,491.73
2026/05/09 05:29:52.491,63,6019,491.50
2026/05/09 05:29:53.523,86,6019,318.03
2026/05/09 05:29:54.554,67,6019,232.47
2026/05/09 05:29:55.586,69,6019,497.67
2026/05/09 05:29:56.618,74,6019,498.76
2026/05/09 05:29:57.649,74,6019,494.23
2026/05/09 05:29:58.681,74,6019,495.17
2026/05/09 05:29:59.711,74,6019,495.97
2026/05/09 05:30:00.741,74,6019,492.41
2026/05/09 05:30:01.774,71,6019,493.85
2026/05/09 05:30:02.804,68,6019,493.23
2026/05/09 05:30:03.838,64,6019,489.64
2026/05/09 05:30:04.868,65,6019,491.18
2026/05/09 05:30:05.899,64,6019,491.76
2026/05/09 05:30:06.931,64,6019,493.06
2026/05/09 05:30:07.962,64,6019,492.52
2026/05/09 05:30:08.994,74,6019,494.73
2026/05/09 05:30:10.026,77,6019,353.17
2026/05/09 05:30:11.061,6,6019,144.76
2026/05/09 05:30:12.093,80,6019,325.05
2026/05/09 05:30:13.124,69,6019,520.82
2026/05/09 05:30:14.156,67,6019,507.97
2026/05/09 05:30:15.187,65,6019,505.60
2026/05/09 05:30:16.220,74,6019,513.30
2026/05/09 05:30:17.251,72,6019,509.22
2026/05/09 05:30:18.281,67,6019,508.08
2026/05/09 05:30:19.313,73,6019,513.66
2026/05/09 05:30:20.343,66,6019,506.46
2026/05/09 05:30:21.375,73,6019,503.34
2026/05/09 05:30:22.407,74,6019,513.19
2026/05/09 05:30:23.439,64,6019,505.21
2026/05/09 05:30:24.471,71,6019,504.98
2026/05/09 05:30:25.503,64,6019,496.25
2026/05/09 05:30:26.538,69,6019,410.30
2026/05/09 05:30:27.571,62,6019,268.00
2026/05/09 05:30:28.602,83,6019,249.48
2026/05/09 05:30:29.634,81,6019,174.14
2026/05/09 05:30:30.665,65,6019,375.04
2026/05/09 05:30:31.697,65,6019,489.85
2026/05/09 05:30:32.728,64,6019,491.35
2026/05/09 05:30:33.758,64,6019,489.34
2026/05/09 05:30:34.789,63,6019,485.29
2026/05/09 05:30:35.819,67,6019,492.64
2026/05/09 05:30:36.850,72,6019,496.65
2026/05/09 05:30:37.881,74,6019,491.11
2026/05/09 05:30:38.912,69,6019,491.30
2026/05/09 05:30:39.944,63,6019,486.49
2026/05/09 05:30:40.976,74,6019,503.19
2026/05/09 05:30:42.008,66,6019,488.70
2026/05/09 05:30:43.039,63,6019,487.22
2026/05/09 05:30:44.071,72,6019,517.16
2026/05/09 05:30:45.103,69,6019,474.05
2026/05/09 05:30:46.135,88,6019,178.72
2026/05/09 05:30:47.166,74,6019,388.49
2026/05/09 05:30:48.197,75,6019,517.45
2026/05/09 05:30:49.229,75,6019,520.92
2026/05/09 05:30:50.260,68,6019,524.81
2026/05/09 05:30:51.291,68,6019,537.94
2026/05/09 05:30:52.323,70,6019,524.34
2026/05/09 05:30:53.356,74,6019,520.79
2026/05/09 05:30:54.388,74,6019,519.48
2026/05/09 05:30:55.419,74,6019,516.15
2026/05/09 05:30:56.451,74,6019,517.74
2026/05/09 05:30:57.483,74,6019,517.82
2026/05/09 05:30:58.515,69,6019,515.96
2026/05/09 05:30:59.547,72,6019,524.62
2026/05/09 05:31:00.579,75,6019,518.97
2026/05/09 05:31:01.610,86,6019,177.21
2026/05/09 05:31:02.642,74,6019,339.95
2026/05/09 05:31:03.672,65,6019,494.35
2026/05/09 05:31:04.703,64,6019,497.10
2026/05/09 05:31:05.735,74,6019,506.75
2026/05/09 05:31:06.767,60,6019,501.28
2026/05/09 05:31:07.800,66,6019,513.11
2026/05/09 05:31:08.831,70,6019,512.59
2026/05/09 05:31:09.863,70,6019,502.00
2026/05/09 05:31:10.896,72,6019,508.61
2026/05/09 05:31:11.928,68,6019,492.66
2026/05/09 05:31:12.959,73,6019,496.61
2026/05/09 05:31:13.991,73,6019,499.45
2026/05/09 05:31:15.022,63,6019,502.47
2026/05/09 05:31:16.055,67,6019,500.36
2026/05/09 05:31:17.088,81,6019,435.71
2026/05/09 05:31:18.120,80,6019,180.62
2026/05/09 05:31:19.151,63,6019,435.04
2026/05/09 05:31:20.183,78,6019,520.86
2026/05/09 05:31:21.214,72,6019,526.06
2026/05/09 05:31:22.245,77,6019,528.16
2026/05/09 05:31:23.277,71,6019,530.38
2026/05/09 05:31:24.308,64,6019,505.37
2026/05/09 05:31:25.340,72,6019,507.93
2026/05/09 05:31:26.372,68,6019,501.74
2026/05/09 05:31:27.404,62,6019,501.91
2026/05/09 05:31:28.436,74,6019,505.55
2026/05/09 05:31:29.468,65,6019,499.47
2026/05/09 05:31:30.501,61,6019,500.67
2026/05/09 05:31:31.533,75,6019,503.42
2026/05/09 05:31:32.564,64,6019,499.56
2026/05/09 05:31:33.596,90,6019,272.70
2026/05/09 05:31:34.626,59,6019,278.64
2026/05/09 05:31:35.662,62,6019,498.18
2026/05/09 05:31:36.694,72,6019,504.86
2026/05/09 05:31:37.726,71,6019,528.73
2026/05/09 05:31:38.759,65,6019,503.70
2026/05/09 05:31:39.791,79,6019,344.25
2026/05/09 05:31:40.823,84,6019,550.87
2026/05/09 05:31:41.857,82,6019,569.18
2026/05/09 05:31:42.888,81,6019,569.25
2026/05/09 05:31:43.920,79,6019,565.61
2026/05/09 05:31:44.952,80,6019,565.23
2026/05/09 05:31:45.983,81,6019,565.64
2026/05/09 05:31:47.014,76,6019,563.22
2026/05/09 05:31:48.046,81,6019,560.58
2026/05/09 05:31:49.078,91,6019,180.77
2026/05/09 05:31:50.110,74,6019,359.52
2026/05/09 05:31:51.143,72,6019,525.79
2026/05/09 05:31:52.179,74,6019,529.26
2026/05/09 05:31:53.211,72,6019,527.33
2026/05/09 05:31:54.242,73,6019,527.48
2026/05/09 05:31:55.274,72,6019,528.21
2026/05/09 05:31:56.307,73,6019,528.13
2026/05/09 05:31:57.339,72,6019,530.65
2026/05/09 05:31:58.374,73,6019,527.09
2026/05/09 05:31:59.407,72,6019,529.92
2026/05/09 05:32:00.440,75,6019,526.42
2026/05/09 05:32:01.472,72,6019,524.16
2026/05/09 05:32:02.505,75,6019,533.39
2026/05/09 05:32:03.539,64,6019,503.32
2026/05/09 05:32:04.572,67,6019,279.89
2026/05/09 05:32:05.605,75,6019,280.36
2026/05/09 05:32:06.636,85,6019,183.71
2026/05/09 05:32:07.667,78,6019,390.76
2026/05/09 05:32:08.700,77,6019,560.57
2026/05/09 05:32:09.732,80,6019,563.02
2026/05/09 05:32:10.764,81,6019,567.03
2026/05/09 05:32:11.797,82,6019,568.66
2026/05/09 05:32:12.830,76,6019,566.67
2026/05/09 05:32:13.862,81,6019,560.97
2026/05/09 05:32:14.894,82,6019,566.19
2026/05/09 05:32:15.926,80,6019,567.28
2026/05/09 05:32:16.959,80,6019,566.90
2026/05/09 05:32:17.990,77,6019,567.18
2026/05/09 05:32:19.021,71,6019,561.22
2026/05/09 05:32:20.054,77,6019,458.74
2026/05/09 05:32:21.088,79,6019,176.57
2026/05/09 05:32:22.119,77,6019,429.97
2026/05/09 05:32:23.151,81,6019,573.69
2026/05/09 05:32:24.182,83,6019,573.11
2026/05/09 05:32:25.213,83,6019,574.16
2026/05/09 05:32:26.244,84,6019,574.12
2026/05/09 05:32:27.276,77,6019,577.55
2026/05/09 05:32:28.308,84,6019,573.58
2026/05/09 05:32:29.339,83,6019,572.81
2026/05/09 05:32:30.370,82,6019,572.89
2026/05/09 05:32:31.401,79,6019,578.27
2026/05/09 05:32:32.432,83,6019,573.97
2026/05/09 05:32:33.463,84,6019,574.13
2026/05/09 05:32:34.494,76,6019,516.38
2026/05/09 05:32:35.526,64,6019,214.93
2026/05/09 05:32:36.559,59,6019,491.74
2026/05/09 05:32:37.589,65,6019,495.52
2026/05/09 05:32:38.620,74,6019,496.43
2026/05/09 05:32:39.652,75,6019,493.54
2026/05/09 05:32:40.683,61,6019,497.97
2026/05/09 05:32:41.715,72,6019,495.46
2026/05/09 05:32:42.746,70,6019,495.36
2026/05/09 05:32:43.777,67,6019,495.53
2026/05/09 05:32:44.809,74,6019,496.39
2026/05/09 05:32:45.841,74,6019,495.01
2026/05/09 05:32:46.873,64,6019,489.44
2026/05/09 05:32:47.904,64,6019,488.34
2026/05/09 05:32:48.937,64,6019,489.10
2026/05/09 05:32:49.968,64,6019,495.13
2026/05/09 05:32:51.000,70,6019,501.29
2026/05/09 05:32:52.031,77,6019,176.65
2026/05/09 05:32:53.062,74,6019,482.62
2026/05/09 05:32:54.093,74,6019,494.83
2026/05/09 05:32:55.124,66,6019,490.42
2026/05/09 05:32:56.156,64,6019,487.89
2026/05/09 05:32:57.187,64,6019,487.52
2026/05/09 05:32:58.218,72,6019,493.67
2026/05/09 05:32:59.249,64,6019,494.64
2026/05/09 05:33:00.280,74,6019,493.42
2026/05/09 05:33:01.311,65,6019,490.45
2026/05/09 05:33:02.343,64,6019,486.64
2026/05/09 05:33:03.376,0,6019,360.37
2026/05/09 05:33:04.408,88,6019,479.99
2026/05/09 05:33:05.439,82,6019,560.88
2026/05/09 05:33:06.470,80,6019,570.82
2026/05/09 05:33:07.501,79,6019,525.14
2026/05/09 05:33:08.533,76,6019,196.07
2026/05/09 05:33:09.564,79,6019,567.43
2026/05/09 05:33:10.598,80,6019,562.79
2026/05/09 05:33:11.629,82,6019,569.12
2026/05/09 05:33:12.661,79,6019,568.90
2026/05/09 05:33:13.695,81,6019,563.16
2026/05/09 05:33:14.727,82,6019,567.47
2026/05/09 05:33:15.759,81,6019,567.48
2026/05/09 05:33:16.791,76,6019,567.17
2026/05/09 05:33:17.824,82,6019,564.17
2026/05/09 05:33:18.856,80,6019,570.05
2026/05/09 05:33:19.888,76,6019,568.31
2026/05/09 05:33:20.922,82,6019,562.49
2026/05/09 05:33:21.955,61,6019,477.59
2026/05/09 05:33:22.988,62,6019,263.37
2026/05/09 05:33:24.021,85,6019,222.87
2026/05/09 05:33:25.053,81,6019,206.45
2026/05/09 05:33:26.085,82,6019,564.60
2026/05/09 05:33:27.118,79,6019,571.10
2026/05/09 05:33:28.149,84,6019,566.52
2026/05/09 05:33:29.181,81,6019,570.14
2026/05/09 05:33:30.213,79,6019,565.93
2026/05/09 05:33:31.245,84,6019,568.84
2026/05/09 05:33:32.277,73,6019,566.97
2026/05/09 05:33:33.309,72,6019,523.08
2026/05/09 05:33:34.341,71,6019,527.31
2026/05/09 05:33:35.374,74,6019,526.18
2026/05/09 05:33:36.407,72,6019,524.76
2026/05/09 05:33:37.439,74,6019,529.41
2026/05/09 05:33:38.470,72,6019,520.47
2026/05/09 05:33:39.502,79,6019,247.88
2026/05/09 05:33:40.535,82,6019,458.87
2026/05/09 05:33:41.567,80,6019,563.56
2026/05/09 05:33:42.600,75,6019,565.15
2026/05/09 05:33:43.632,77,6019,560.19
2026/05/09 05:33:44.663,78,6019,559.55
2026/05/09 05:33:45.695,79,6019,558.45
2026/05/09 05:33:46.727,82,6019,565.13
2026/05/09 05:33:47.760,81,6019,563.62
2026/05/09 05:33:48.792,80,6019,563.04
2026/05/09 05:33:49.824,80,6019,565.95
2026/05/09 05:33:50.855,78,6019,565.64
2026/05/09 05:33:51.888,76,6019,548.70
2026/05/09 05:33:52.920,71,6019,523.90
2026/05/09 05:33:53.952,79,6019,274.98
2026/05/09 05:33:54.983,73,6019,248.59
2026/05/09 05:33:56.015,65,6019,491.28
2026/05/09 05:33:57.048,73,6019,495.08
2026/05/09 05:33:58.081,71,6019,493.89
2026/05/09 05:33:59.112,61,6019,488.53
2026/05/09 05:34:00.143,59,6019,484.32
2026/05/09 05:34:01.176,59,6019,492.76
2026/05/09 05:34:02.208,70,6019,493.66
2026/05/09 05:34:03.241,72,6019,490.49
2026/05/09 05:34:04.273,63,6019,484.78
2026/05/09 05:34:05.305,73,6019,491.39
2026/05/09 05:34:06.338,61,6019,502.25
2026/05/09 05:34:07.371,68,6019,500.85
2026/05/09 05:34:08.402,74,6019,500.54
2026/05/09 05:34:09.435,72,6019,499.00
2026/05/09 05:34:10.467,90,6019,322.09
2026/05/09 05:34:11.499,67,6019,201.02
2026/05/09 05:34:12.531,74,6019,503.63
2026/05/09 05:34:13.564,73,6019,514.81
2026/05/09 05:34:14.597,72,6019,524.35
2026/05/09 05:34:15.629,74,6019,530.83
2026/05/09 05:34:16.661,73,6019,499.63
2026/05/09 05:34:17.693,69,6019,495.72
2026/05/09 05:34:18.724,72,6019,503.76
2026/05/09 05:34:19.757,75,6019,529.59
2026/05/09 05:34:20.790,74,6019,517.72
2026/05/09 05:34:21.821,64,6019,498.77
2026/05/09 05:34:22.854,72,6019,506.07
2026/05/09 05:34:23.885,73,6019,500.79
2026/05/09 05:34:24.916,62,6019,496.46
2026/05/09 05:34:25.949,72,6019,502.61
2026/05/09 05:34:26.984,77,6019,178.87
2026/05/09 05:34:28.017,90,6019,359.20
2026/05/09 05:34:29.049,80,6019,566.88
2026/05/09 05:34:30.080,80,6019,576.22
2026/05/09 05:34:31.112,83,6019,570.47
2026/05/09 05:34:32.142,84,6019,571.67
2026/05/09 05:34:33.173,77,6019,575.39
2026/05/09 05:34:34.205,82,6019,570.27
2026/05/09 05:34:35.236,84,6019,570.99
2026/05/09 05:34:36.267,78,6019,575.09
2026/05/09 05:34:37.299,84,6019,570.83
2026/05/09 05:34:38.331,80,6019,571.60
2026/05/09 05:34:39.362,73,6019,555.49
2026/05/09 05:34:40.394,73,6019,525.74
2026/05/09 05:34:41.425,91,6019,296.17
2026/05/09 05:34:42.456,73,6019,309.16
2026/05/09 05:34:43.488,74,6019,530.46
2026/05/09 05:34:44.520,73,6019,526.60
2026/05/09 05:34:45.552,72,6019,530.74
2026/05/09 05:34:46.583,73,6019,525.95
2026/05/09 05:34:47.616,75,6019,531.33
2026/05/09 05:34:48.648,72,6019,522.84
2026/05/09 05:34:49.681,74,6019,531.95
2026/05/09 05:34:50.712,71,6019,521.82
2026/05/09 05:34:51.742,73,6019,526.16
2026/05/09 05:34:52.771,74,6019,530.20
2026/05/09 05:34:53.801,71,6019,529.43
2026/05/09 05:34:54.832,72,6019,524.23
2026/05/09 05:34:55.864,71,6019,524.28
2026/05/09 05:34:56.898,67,6019,316.39
2026/05/09 05:34:57.929,69,6019,278.96
2026/05/09 05:34:58.961,80,6019,199.31
2026/05/09 05:34:59.993,71,6019,264.10
2026/05/09 05:35:01.026,74,6019,529.82
2026/05/09 05:35:02.059,73,6019,524.32
2026/05/09 05:35:03.091,75,6019,529.68
2026/05/09 05:35:04.122,72,6019,524.28
2026/05/09 05:35:05.156,72,6019,529.86
2026/05/09 05:35:06.188,71,6019,522.64
2026/05/09 05:35:07.220,72,6019,527.28
2026/05/09 05:35:08.252,75,6019,528.76
2026/05/09 05:35:09.284,72,6019,523.70
2026/05/09 05:35:10.316,70,6019,527.60
2026/05/09 05:35:11.348,75,6019,525.20
2026/05/09 05:35:12.381,71,6019,524.81
2026/05/09 05:35:13.413,70,6019,526.56
2026/05/09 05:35:14.445,78,6019,258.18
2026/05/09 05:35:15.477,72,6019,288.69
2026/05/09 05:35:16.510,71,6019,525.33
2026/05/09 05:35:17.542,71,6019,525.40
2026/05/09 05:35:18.574,75,6019,527.89
2026/05/09 05:35:19.606,72,6019,519.08
2026/05/09 05:35:20.638,71,6019,524.63
2026/05/09 05:35:21.670,75,6019,527.25
2026/05/09 05:35:22.703,71,6019,520.89
2026/05/09 05:35:23.736,71,6019,524.75
2026/05/09 05:35:24.768,72,6019,526.32
2026/05/09 05:35:25.801,71,6019,523.61
2026/05/09 05:35:26.832,71,6019,524.96
2026/05/09 05:35:27.864,74,6019,527.86
2026/05/09 05:35:28.897,71,6019,514.60
2026/05/09 05:35:29.929,86,6019,299.58
2026/05/09 05:35:30.960,81,6019,264.31
2026/05/09 05:35:31.991,81,6019,570.59
2026/05/09 05:35:33.022,81,6019,546.07
2026/05/09 05:35:34.056,75,6019,552.87
2026/05/09 05:35:35.088,77,6019,548.28
2026/05/09 05:35:36.120,78,6019,544.91
2026/05/09 05:35:37.151,78,6019,534.46
2026/05/09 05:35:38.183,76,6019,531.59
2026/05/09 05:35:39.214,81,6019,532.10
2026/05/09 05:35:40.246,81,6019,531.94
2026/05/09 05:35:41.278,71,6019,526.38
2026/05/09 05:35:42.309,65,6019,511.77
2026/05/09 05:35:43.341,71,6019,516.47
2026/05/09 05:35:44.373,64,6019,379.75
2026/05/09 05:35:45.404,79,6019,280.31
2026/05/09 05:35:46.434,76,6019,239.94
2026/05/09 05:35:47.465,84,6019,572.03
2026/05/09 05:35:48.497,82,6019,574.04
2026/05/09 05:35:49.528,83,6019,573.02
2026/05/09 05:35:50.559,83,6019,574.45
2026/05/09 05:35:51.590,76,6019,578.14
2026/05/09 05:35:52.621,83,6019,573.56
2026/05/09 05:35:53.652,83,6019,573.19
2026/05/09 05:35:54.683,80,6019,570.56
2026/05/09 05:35:55.713,80,6019,577.95
2026/05/09 05:35:56.744,84,6019,573.07
2026/05/09 05:35:57.776,83,6019,573.60
2026/05/09 05:35:58.807,81,6019,502.84
2026/05/09 05:35:59.838,80,6019,178.41
2026/05/09 05:36:00.869,83,6019,432.03
2026/05/09 05:36:01.900,78,6019,575.39
2026/05/09 05:36:02.931,83,6019,572.35
2026/05/09 05:36:03.961,82,6019,573.52
2026/05/09 05:36:04.992,79,6019,572.76
2026/05/09 05:36:06.024,83,6019,572.01
2026/05/09 05:36:07.058,83,6019,572.67
2026/05/09 05:36:08.090,76,6019,576.37
2026/05/09 05:36:09.121,83,6019,573.39
2026/05/09 05:36:10.151,83,6019,572.22
2026/05/09 05:36:11.182,77,6019,576.57
2026/05/09 05:36:12.213,83,6019,573.62
2026/05/09 05:36:13.243,76,6019,331.21
2026/05/09 05:36:14.273,82,6019,210.51
2026/05/09 05:36:15.304,84,6019,566.05
2026/05/09 05:36:16.336,83,6019,572.69
2026/05/09 05:36:17.366,79,6019,574.71
2026/05/09 05:36:18.397,81,6019,573.79
2026/05/09 05:36:19.427,84,6019,573.35
2026/05/09 05:36:20.459,83,6019,573.85
2026/05/09 05:36:21.489,80,6019,575.46
2026/05/09 05:36:22.520,82,6019,575.44
2026/05/09 05:36:23.551,83,6019,572.80
2026/05/09 05:36:24.582,78,6019,574.93
2026/05/09 05:36:25.613,82,6019,575.84
2026/05/09 05:36:26.643,71,6019,555.58
2026/05/09 05:36:27.675,63,6019,267.21
2026/05/09 05:36:28.709,61,6019,265.62
2026/05/09 05:36:29.738,79,6019,198.71
2026/05/09 05:36:30.769,75,6019,257.23
2026/05/09 05:36:31.800,78,6019,538.89
2026/05/09 05:36:32.830,82,6019,557.51
2026/05/09 05:36:33.861,76,6019,563.05
2026/05/09 05:36:34.893,80,6019,557.16
2026/05/09 05:36:35.924,82,6019,560.61
2026/05/09 05:36:36.955,76,6019,549.49
2026/05/09 05:36:37.985,73,6019,539.64
2026/05/09 05:36:39.016,74,6019,534.59
2026/05/09 05:36:40.048,75,6019,532.91
2026/05/09 05:36:41.079,74,6019,527.63
2026/05/09 05:36:42.110,74,6019,530.85
2026/05/09 05:36:43.141,74,6019,525.19
2026/05/09 05:36:44.171,79,6019,465.93
2026/05/09 05:36:45.202,80,6019,175.74
2026/05/09 05:36:46.233,75,6019,387.45
2026/05/09 05:36:47.263,73,6019,538.54
2026/05/09 05:36:48.294,79,6019,539.17
2026/05/09 05:36:49.325,72,6019,539.78
2026/05/09 05:36:50.355,83,6019,541.00
2026/05/09 05:36:51.387,76,6019,577.30
2026/05/09 05:36:52.418,81,6019,572.22
2026/05/09 05:36:53.449,74,6019,547.64
2026/05/09 05:36:54.478,71,6019,539.57
2026/05/09 05:36:55.509,71,6019,537.45
2026/05/09 05:36:56.541,74,6019,538.91
2026/05/09 05:36:57.572,76,6019,540.48
2026/05/09 05:36:58.602,76,6019,541.47
2026/05/09 05:36:59.632,89,6019,296.06
2026/05/09 05:37:00.663,74,6019,283.23
2026/05/09 05:37:01.694,74,6019,518.27
2026/05/09 05:37:02.726,75,6019,535.22
2026/05/09 05:37:03.758,71,6019,531.98
2026/05/09 05:37:04.789,73,6019,528.46
2026/05/09 05:37:05.821,73,6019,380.85
2026/05/09 05:37:06.851,83,6019,559.26
2026/05/09 05:37:07.882,82,6019,568.22
2026/05/09 05:37:08.913,80,6019,572.41
2026/05/09 05:37:09.945,79,6019,570.26
2026/05/09 05:37:10.977,82,6019,567.96
2026/05/09 05:37:12.008,76,6019,571.61
2026/05/09 05:37:13.039,81,6019,568.42
2026/05/09 05:37:14.070,75,6019,432.85
2026/05/09 05:37:15.101,88,6019,181.06
2026/05/09 05:37:16.131,72,6019,457.43
2026/05/09 05:37:17.163,74,6019,532.76
2026/05/09 05:37:18.195,72,6019,523.77
2026/05/09 05:37:19.226,75,6019,533.98
2026/05/09 05:37:20.257,71,6019,522.66
2026/05/09 05:37:21.288,75,6019,532.47
2026/05/09 05:37:22.321,71,6019,523.81
2026/05/09 05:37:23.352,74,6019,533.52
2026/05/09 05:37:24.384,72,6019,523.87
2026/05/09 05:37:25.417,74,6019,533.06
2026/05/09 05:37:26.449,72,6019,520.72
2026/05/09 05:37:27.480,71,6019,530.57
2026/05/09 05:37:28.512,71,6019,524.18
2026/05/09 05:37:29.543,91,6019,381.33
2026/05/09 05:37:30.573,78,6019,178.25
2026/05/09 05:37:31.605,71,6019,472.34
2026/05/09 05:37:32.637,74,6019,532.41
2026/05/09 05:37:33.669,72,6019,522.93
2026/05/09 05:37:34.701,74,6019,532.79
2026/05/09 05:37:35.734,72,6019,523.41
2026/05/09 05:37:36.766,74,6019,533.92
2026/05/09 05:37:37.798,72,6019,522.34
2026/05/09 05:37:38.830,72,6019,531.53
2026/05/09 05:37:39.863,72,6019,525.12
2026/05/09 05:37:40.893,71,6019,531.13
2026/05/09 05:37:41.925,75,6019,526.65
2026/05/09 05:37:42.957,72,6019,524.09
2026/05/09 05:37:43.987,75,6019,534.84
2026/05/09 05:37:45.018,72,6019,524.12
2026/05/09 05:37:46.049,77,6019,191.43
2026/05/09 05:37:47.081,73,6019,528.71
2026/05/09 05:37:48.113,75,6019,536.93
2026/05/09 05:37:49.146,72,6019,528.14
2026/05/09 05:37:50.177,73,6019,530.13
2026/05/09 05:37:51.209,75,6019,538.02
2026/05/09 05:37:52.240,70,6019,525.31
2026/05/09 05:37:53.271,75,6019,534.06
2026/05/09 05:37:54.303,72,6019,527.35
2026/05/09 05:37:55.333,73,6019,530.73
2026/05/09 05:37:56.364,72,6019,530.01
2026/05/09 05:37:57.396,72,6019,529.30
2026/05/09 05:37:58.428,72,6019,532.75
2026/05/09 05:37:59.460,71,6019,525.99
2026/05/09 05:38:00.492,60,6019,499.06
2026/05/09 05:38:01.526,67,6019,271.15
2026/05/09 05:38:02.559,74,6019,229.23
2026/05/09 05:38:03.590,77,6019,172.61
2026/05/09 05:38:04.620,82,6019,474.09
2026/05/09 05:38:05.650,79,6019,576.68
2026/05/09 05:38:06.681,83,6019,570.97
2026/05/09 05:38:07.712,81,6019,571.40
2026/05/09 05:38:08.742,83,6019,573.31
2026/05/09 05:38:09.773,82,6019,572.39
2026/05/09 05:38:10.804,76,6019,576.25
2026/05/09 05:38:11.837,84,6019,572.02
2026/05/09 05:38:12.869,82,6019,570.16
2026/05/09 05:38:13.901,84,6019,573.08
2026/05/09 05:38:14.933,82,6019,570.81
2026/05/09 05:38:15.965,76,6019,575.28
2026/05/09 05:38:16.996,78,6019,481.70
2026/05/09 05:38:18.027,80,6019,176.14
2026/05/09 05:38:19.059,81,6019,576.73
2026/05/09 05:38:20.090,82,6019,572.17
2026/05/09 05:38:21.124,80,6019,571.53
2026/05/09 05:38:22.155,83,6019,574.88
2026/05/09 05:38:23.186,82,6019,570.54
2026/05/09 05:38:24.218,80,6019,576.65
2026/05/09 05:38:25.249,82,6019,569.07
2026/05/09 05:38:26.280,76,6019,575.04
2026/05/09 05:38:27.313,0,6019,443.89
2026/05/09 05:38:28.345,88,6019,517.38
2026/05/09 05:38:29.377,84,6019,575.55
2026/05/09 05:38:30.409,76,6019,576.51
2026/05/09 05:38:31.440,78,6019,497.91
2026/05/09 05:38:32.472,79,6019,176.86
2026/05/09 05:38:33.504,84,6019,411.93
2026/05/09 05:38:34.535,83,6019,569.86
2026/05/09 05:38:35.566,79,6019,569.22
2026/05/09 05:38:36.599,81,6019,573.95
2026/05/09 05:38:37.630,80,6019,570.22
2026/05/09 05:38:38.662,80,6019,569.75
2026/05/09 05:38:39.694,76,6019,572.51
2026/05/09 05:38:40.725,83,6019,569.66
2026/05/09 05:38:41.756,78,6019,573.64
2026/05/09 05:38:42.788,84,6019,568.97
2026/05/09 05:38:43.821,82,6019,574.32
2026/05/09 05:38:44.852,79,6019,569.86
2026/05/09 05:38:45.883,78,6019,382.50
2026/05/09 05:38:46.914,78,6019,186.34
2026/05/09 05:38:47.946,81,6019,571.69
2026/05/09 05:38:48.977,82,6019,576.38
2026/05/09 05:38:50.010,82,6019,570.68
2026/05/09 05:38:51.042,82,6019,569.41
2026/05/09 05:38:52.074,81,6019,570.14
2026/05/09 05:38:53.106,75,6019,565.34
2026/05/09 05:38:54.138,82,6019,572.68
2026/05/09 05:38:55.170,83,6019,571.09
2026/05/09 05:38:56.204,75,6019,565.48
2026/05/09 05:38:57.235,82,6019,570.61
2026/05/09 05:38:58.266,83,6019,572.55
2026/05/09 05:38:59.299,79,6019,568.10
2026/05/09 05:39:00.330,87,6019,250.44
2026/05/09 05:39:01.361,73,6019,281.52
2026/05/09 05:39:02.392,66,6019,492.46
2026/05/09 05:39:03.424,66,6019,496.42
2026/05/09 05:39:04.455,64,6019,493.08
2026/05/09 05:39:05.487,65,6019,496.07
2026/05/09 05:39:06.519,63,6019,491.69
2026/05/09 05:39:07.550,66,6019,496.63
2026/05/09 05:39:08.581,65,6019,496.14
2026/05/09 05:39:09.612,64,6019,499.22
2026/05/09 05:39:10.644,65,6019,497.33
2026/05/09 05:39:11.674,66,6019,496.34
2026/05/09 05:39:12.705,64,6019,498.49
2026/05/09 05:39:13.738,64,6019,500.72
2026/05/09 05:39:14.769,66,6019,499.67
2026/05/09 05:39:15.801,70,6019,494.62
2026/05/09 05:39:16.833,67,6019,351.82
2026/05/09 05:39:17.866,66,6019,268.81
2026/05/09 05:39:18.898,79,6019,220.61
2026/05/09 05:39:19.930,78,6019,185.26
2026/05/09 05:39:20.963,69,6019,526.40
2026/05/09 05:39:21.993,75,6019,527.58
2026/05/09 05:39:23.024,69,6019,522.83
2026/05/09 05:39:24.056,75,6019,520.43
2026/05/09 05:39:25.087,66,6019,526.80
2026/05/09 05:39:26.119,74,6019,521.29
2026/05/09 05:39:27.153,71,6019,519.27
2026/05/09 05:39:28.185,72,6019,519.74
2026/05/09 05:39:29.216,74,6019,517.35
2026/05/09 05:39:30.248,66,6019,520.50
2026/05/09 05:39:31.280,69,6019,515.32
2026/05/09 05:39:32.312,71,6019,518.86
2026/05/09 05:39:33.343,67,6019,516.92
2026/05/09 05:39:34.375,79,6019,390.97
2026/05/09 05:39:35.406,79,6019,173.20
2026/05/09 05:39:36.438,77,6019,443.24
2026/05/09 05:39:37.469,74,6019,547.83
2026/05/09 05:39:38.501,75,6019,542.59
2026/05/09 05:39:39.532,77,6019,538.91
2026/05/09 05:39:40.562,74,6019,544.11
2026/05/09 05:39:41.593,76,6019,570.48
2026/05/09 05:39:42.624,73,6019,558.59
2026/05/09 05:39:43.655,73,6019,555.26
2026/05/09 05:39:44.686,76,6019,547.21
2026/05/09 05:39:45.718,76,6019,552.16
2026/05/09 05:39:46.749,75,6019,548.64
2026/05/09 05:39:47.781,82,6019,551.56
2026/05/09 05:39:48.810,75,6019,530.94
2026/05/09 05:39:49.844,79,6019,190.68
2026/05/09 05:39:50.877,81,6019,201.21
2026/05/09 05:39:51.907,86,6019,566.96
2026/05/09 05:39:52.938,84,6019,574.63
2026/05/09 05:39:53.969,84,6019,575.98
2026/05/09 05:39:55.000,79,6019,573.69
2026/05/09 05:39:56.031,80,6019,575.02
2026/05/09 05:39:57.063,84,6019,575.43
2026/05/09 05:39:58.094,83,6019,572.62
2026/05/09 05:39:59.125,82,6019,573.65
2026/05/09 05:40:00.156,78,6019,574.66
2026/05/09 05:40:01.186,84,6019,578.85
2026/05/09 05:40:02.218,84,6019,572.69
2026/05/09 05:40:03.249,83,6019,520.93
2026/05/09 05:40:04.279,79,6019,178.25
2026/05/09 05:40:05.310,82,6019,410.74
2026/05/09 05:40:06.341,82,6019,568.10
2026/05/09 05:40:07.372,72,6019,553.21
2026/05/09 05:40:08.403,79,6019,548.17
2026/05/09 05:40:09.434,72,6019,547.44
2026/05/09 05:40:10.466,72,6019,532.60
2026/05/09 05:40:11.498,72,6019,528.66
2026/05/09 05:40:12.530,72,6019,530.67
2026/05/09 05:40:13.561,73,6019,527.78
2026/05/09 05:40:14.592,74,6019,534.08
2026/05/09 05:40:15.623,74,6019,536.30
2026/05/09 05:40:16.654,73,6019,528.53
2026/05/09 05:40:17.686,73,6019,534.07
2026/05/09 05:40:18.717,91,6019,378.91
2026/05/09 05:40:19.749,85,6019,217.67
2026/05/09 05:40:20.782,73,6019,531.69
2026/05/09 05:40:21.814,73,6019,531.67
2026/05/09 05:40:22.845,73,6019,534.55
2026/05/09 05:40:23.876,72,6019,531.51
2026/05/09 05:40:24.907,73,6019,530.52
2026/05/09 05:40:25.939,75,6019,534.08
2026/05/09 05:40:26.971,72,6019,525.64
2026/05/09 05:40:28.004,74,6019,534.35
2026/05/09 05:40:29.036,72,6019,525.51
2026/05/09 05:40:30.068,72,6019,508.07
2026/05/09 05:40:31.100,63,6019,487.37
2026/05/09 05:40:32.133,63,6019,491.74
2026/05/09 05:40:33.165,64,6019,496.86
2026/05/09 05:40:34.196,66,6019,418.68
2026/05/09 05:40:35.230,60,6019,261.72
2026/05/09 05:40:36.262,58,6019,256.08
2026/05/09 05:40:37.293,85,6019,177.00
2026/05/09 05:40:38.325,64,6019,355.87
2026/05/09 05:40:39.357,64,6019,494.13
2026/05/09 05:40:40.389,64,6019,494.20
2026/05/09 05:40:41.421,67,6019,496.12
2026/05/09 05:40:42.452,74,6019,491.17
2026/05/09 05:40:43.484,74,6019,490.92
2026/05/09 05:40:44.515,68,6019,487.33
2026/05/09 05:40:45.547,63,6019,494.22
2026/05/09 05:40:46.578,64,6019,489.99
2026/05/09 05:40:47.610,64,6019,497.29
2026/05/09 05:40:48.642,72,6019,494.44
2026/05/09 05:40:49.674,71,6019,494.97
2026/05/09 05:40:50.705,73,6019,490.10
2026/05/09 05:40:51.738,64,6019,489.70
2026/05/09 05:40:52.770,64,6019,488.88
2026/05/09 05:40:53.801,80,6019,239.39
2026/05/09 05:40:54.832,74,6019,299.34
2026/05/09 05:40:55.863,64,6019,516.40
2026/05/09 05:40:56.896,71,6019,516.00
2026/05/09 05:40:57.928,73,6019,517.32
2026/05/09 05:40:58.960,70,6019,518.96
2026/05/09 05:40:59.991,72,6019,522.02
2026/05/09 05:41:01.023,73,6019,532.56
2026/05/09 05:41:02.055,82,6019,527.43
2026/05/09 05:41:03.087,74,6019,535.98
2026/05/09 05:41:04.121,72,6019,522.05
2026/05/09 05:41:05.153,74,6019,534.48
2026/05/09 05:41:06.186,79,6019,560.07
2026/05/09 05:41:07.219,74,6019,545.60
2026/05/09 05:41:08.251,74,6019,527.42
2026/05/09 05:41:09.281,78,6019,235.07
2026/05/09 05:41:10.313,68,6019,272.58
2026/05/09 05:41:11.344,72,6019,495.05
2026/05/09 05:41:12.374,73,6019,508.75
2026/05/09 05:41:13.406,63,6019,501.42
2026/05/09 05:41:14.438,72,6019,505.92
2026/05/09 05:41:15.471,43,6019,346.88
2026/05/09 05:41:16.503,81,6019,531.40
2026/05/09 05:41:17.534,78,6019,575.57
2026/05/09 05:41:18.566,77,6019,570.68
2026/05/09 05:41:19.599,82,6019,565.41
2026/05/09 05:41:20.630,82,6019,573.39
2026/05/09 05:41:21.661,82,6019,565.14
2026/05/09 05:41:22.693,72,6019,552.28
2026/05/09 05:41:23.725,72,6019,526.47
2026/05/09 05:41:24.757,83,6019,234.24
2026/05/09 05:41:25.788,72,6019,302.80
2026/05/09 05:41:26.822,72,6019,527.04
2026/05/09 05:41:27.854,71,6019,525.31
2026/05/09 05:41:28.886,74,6019,530.27
2026/05/09 05:41:29.919,71,6019,522.39
2026/05/09 05:41:30.951,72,6019,529.42
2026/05/09 05:41:31.983,72,6019,523.06
2026/05/09 05:41:33.015,72,6019,528.84
2026/05/09 05:41:34.047,71,6019,528.01
2026/05/09 05:41:35.079,75,6019,526.82
2026/05/09 05:41:36.110,72,6019,525.04
2026/05/09 05:41:37.143,74,6019,530.66
2026/05/09 05:41:38.175,70,6019,522.50
2026/05/09 05:41:39.207,71,6019,528.72
2026/05/09 05:41:40.239,79,6019,252.41
2026/05/09 05:41:41.270,75,6019,308.26
2026/05/09 05:41:42.303,72,6019,526.77
2026/05/09 05:41:43.335,72,6019,529.10
2026/05/09 05:41:44.367,72,6019,531.46
2026/05/09 05:41:45.401,72,6019,527.32
2026/05/09 05:41:46.433,74,6019,531.93
2026/05/09 05:41:47.466,72,6019,524.69
2026/05/09 05:41:48.499,74,6019,532.47
2026/05/09 05:41:49.531,72,6019,526.35
2026/05/09 05:41:50.565,72,6019,531.83
2026/05/09 05:41:51.599,73,6019,526.89
2026/05/09 05:41:52.632,72,6019,530.23
2026/05/09 05:41:53.666,72,6019,526.73
2026/05/09 05:41:54.699,72,6019,532.16
2026/05/09 05:41:55.731,74,6019,187.48
2026/05/09 05:41:56.763,73,6019,340.25
2026/05/09 05:41:57.796,72,6019,530.50
2026/05/09 05:41:58.827,73,6019,528.86
2026/05/09 05:41:59.859,74,6019,534.58
2026/05/09 05:42:00.891,73,6019,527.33
2026/05/09 05:42:01.924,72,6019,530.78
2026/05/09 05:42:02.957,73,6019,530.13
2026/05/09 05:42:03.988,72,6019,528.34
2026/05/09 05:42:05.021,72,6019,531.27
2026/05/09 05:42:06.053,74,6019,531.35
2026/05/09 05:42:07.085,81,6019,534.92
2026/05/09 05:42:08.116,80,6019,566.80
2026/05/09 05:42:09.147,77,6019,565.42
2026/05/09 05:42:10.180,70,6019,476.52
2026/05/09 05:42:11.214,62,6019,271.83
2026/05/09 05:42:12.246,89,6019,265.37
2026/05/09 05:42:13.278,87,6019,181.49
2026/05/09 05:42:14.310,81,6019,467.20
2026/05/09 05:42:15.343,81,6019,568.53
2026/05/09 05:42:16.375,81,6019,572.10
2026/05/09 05:42:17.407,81,6019,565.97
2026/05/09 05:42:18.439,82,6019,571.97
2026/05/09 05:42:19.471,77,6019,571.36
2026/05/09 05:42:20.505,80,6019,563.11
2026/05/09 05:42:21.537,83,6019,570.49
2026/05/09 05:42:22.569,84,6019,572.65
2026/05/09 05:42:23.601,75,6019,570.69
2026/05/09 05:42:24.633,83,6019,568.81
2026/05/09 05:42:25.665,77,6019,574.33
2026/05/09 05:42:26.696,79,6019,362.52
2026/05/09 05:42:27.727,79,6019,176.09
2026/05/09 05:42:28.759,77,6019,559.61
2026/05/09 05:42:29.790,84,6019,573.71
2026/05/09 05:42:30.822,82,6019,571.88
2026/05/09 05:42:31.853,76,6019,576.01
2026/05/09 05:42:32.884,83,6019,570.36
2026/05/09 05:42:33.916,81,6019,571.34
2026/05/09 05:42:34.948,84,6019,572.24
2026/05/09 05:42:35.981,82,6019,570.48
2026/05/09 05:42:37.014,37,6019,538.84
2026/05/09 05:42:38.048,70,6019,555.25
2026/05/09 05:42:39.081,78,6019,565.14
2026/05/09 05:42:40.112,82,6019,571.67
2026/05/09 05:42:41.143,81,6019,391.30
2026/05/09 05:42:42.174,80,6019,176.98
2026/05/09 05:42:43.204,77,6019,507.99
2026/05/09 05:42:44.235,82,6019,575.20
2026/05/09 05:42:45.267,83,6019,571.30
2026/05/09 05:42:46.299,77,6019,575.15
2026/05/09 05:42:47.330,84,6019,573.15
2026/05/09 05:42:48.362,82,6019,571.46
2026/05/09 05:42:49.394,77,6019,575.66
2026/05/09 05:42:50.424,83,6019,573.73
2026/05/09 05:42:51.455,82,6019,572.83
2026/05/09 05:42:52.486,79,6019,576.91
2026/05/09 05:42:53.517,82,6019,572.40
2026/05/09 05:42:54.548,76,6019,577.27
2026/05/09 05:42:55.580,79,6019,234.55
2026/05/09 05:42:56.611,84,6019,296.67
2026/05/09 05:42:57.642,84,6019,574.65
2026/05/09 05:42:58.673,84,6019,575.18
2026/05/09 05:42:59.704,80,6019,577.99
2026/05/09 05:43:00.735,84,6019,573.63
2026/05/09 05:43:01.766,83,6019,574.24
2026/05/09 05:43:02.797,81,6019,573.41
2026/05/09 05:43:03.827,79,6019,575.86
2026/05/09 05:43:04.857,84,6019,574.24
2026/05/09 05:43:05.888,84,6019,572.60
2026/05/09 05:43:06.920,78,6019,577.33
2026/05/09 05:43:07.951,84,6019,573.05
2026/05/09 05:43:08.983,82,6019,570.79
2026/05/09 05:43:10.014,78,6019,295.95
2026/05/09 05:43:11.048,81,6019,451.14
2026/05/09 05:43:12.082,80,6019,571.53
2026/05/09 05:43:13.112,77,6019,569.16
2026/05/09 05:43:14.145,75,6019,546.73
2026/05/09 05:43:15.176,73,6019,521.42
2026/05/09 05:43:16.207,64,6019,524.10
2026/05/09 05:43:17.239,72,6019,522.64
2026/05/09 05:43:18.271,75,6019,524.67
2026/05/09 05:43:19.303,74,6019,520.81
2026/05/09 05:43:20.335,72,6019,518.95
2026/05/09 05:43:21.366,64,6019,522.54
2026/05/09 05:43:22.397,73,6019,529.82
2026/05/09 05:43:23.428,75,6019,525.39
2026/05/09 05:43:24.461,75,6019,522.32
2026/05/09 05:43:25.495,66,6019,316.47
2026/05/09 05:43:26.527,67,6019,272.74
2026/05/09 05:43:27.559,73,6019,180.84
2026/05/09 05:43:28.591,73,6019,436.16
2026/05/09 05:43:29.622,72,6019,517.74
2026/05/09 05:43:30.653,70,6019,525.66
2026/05/09 05:43:31.684,74,6019,525.87
2026/05/09 05:43:32.716,67,6019,520.14
2026/05/09 05:43:33.748,71,6019,525.99
2026/05/09 05:43:34.780,73,6019,524.83
2026/05/09 05:43:35.812,74,6019,522.88
2026/05/09 05:43:36.845,76,6019,524.57
2026/05/09 05:43:37.876,67,6019,522.83
2026/05/09 05:43:38.908,74,6019,527.82
2026/05/09 05:43:39.940,64,6019,519.87
2026/05/09 05:43:40.971,73,6019,525.02
2026/05/09 05:43:42.004,75,6019,524.50
2026/05/09 05:43:43.035,74,6019,313.61
2026/05/09 05:43:44.066,75,6019,390.83
2026/05/09 05:43:45.097,74,6019,527.74
2026/05/09 05:43:46.128,72,6019,527.42
2026/05/09 05:43:47.160,71,6019,525.36
2026/05/09 05:43:48.192,67,6019,519.05
2026/05/09 05:43:49.225,74,6019,529.50
2026/05/09 05:43:50.255,78,6019,532.10
2026/05/09 05:43:51.287,70,6019,526.30
2026/05/09 05:43:52.320,75,6019,534.34
2026/05/09 05:43:53.352,64,6019,523.97
2026/05/09 05:43:54.383,78,6019,527.16
2026/05/09 05:43:55.414,70,6019,532.58
2026/05/09 05:43:56.446,72,6019,526.50
2026/05/09 05:43:57.478,70,6019,535.06
2026/05/09 05:43:58.510,43,6019,282.76
2026/05/09 05:43:59.543,81,6019,149.49
2026/05/09 05:44:00.575,78,6019,555.78
2026/05/09 05:44:01.607,81,6019,565.20
2026/05/09 05:44:02.640,82,6019,568.40
2026/05/09 05:44:03.672,77,6019,567.97
2026/05/09 05:44:04.706,81,6019,566.66
2026/05/09 05:44:05.738,79,6019,570.62
2026/05/09 05:44:06.770,80,6019,564.33
2026/05/09 05:44:07.802,81,6019,568.30
2026/05/09 05:44:08.834,78,6019,570.34
2026/05/09 05:44:09.869,81,6019,564.47
2026/05/09 05:44:10.902,79,6019,567.26
2026/05/09 05:44:11.935,83,6019,570.66
2026/05/09 05:44:12.967,78,6019,364.72
2026/05/09 05:44:14.000,80,6019,190.11
2026/05/09 05:44:15.032,72,6019,523.61
2026/05/09 05:44:16.066,72,6019,523.91
2026/05/09 05:44:17.099,74,6019,530.84
2026/05/09 05:44:18.131,73,6019,521.22
2026/05/09 05:44:19.164,74,6019,532.65
2026/05/09 05:44:20.196,72,6019,522.16
2026/05/09 05:44:21.229,71,6019,530.80
2026/05/09 05:44:22.262,72,6019,522.98
2026/05/09 05:44:23.294,72,6019,526.72
2026/05/09 05:44:24.327,72,6019,528.99
2026/05/09 05:44:25.360,72,6019,526.28
2026/05/09 05:44:26.392,75,6019,530.54
2026/05/09 05:44:27.425,73,6019,523.26
2026/05/09 05:44:28.457,89,6019,339.27
2026/05/09 05:44:29.487,80,6019,214.60
2026/05/09 05:44:30.520,83,6019,571.29
2026/05/09 05:44:31.552,76,6019,572.68
2026/05/09 05:44:32.585,80,6019,563.67
2026/05/09 05:44:33.618,81,6019,566.02
2026/05/09 05:44:34.650,80,6019,570.79
2026/05/09 05:44:35.682,80,6019,563.51
2026/05/09 05:44:36.714,80,6019,568.98
2026/05/09 05:44:37.746,82,6019,570.00
2026/05/09 05:44:38.778,75,6019,567.16
2026/05/09 05:44:39.811,75,6019,563.22
2026/05/09 05:44:40.844,79,6019,559.13
2026/05/09 05:44:41.877,80,6019,557.64
2026/05/09 05:44:42.913,66,6019,328.34
2026/05/09 05:44:43.945,67,6019,272.01
2026/05/09 05:44:44.977,85,6019,218.36
2026/05/09 05:44:46.009,74,6019,229.02
2026/05/09 05:44:47.042,75,6019,519.00
2026/05/09 05:44:48.075,72,6019,524.68
2026/05/09 05:44:49.108,72,6019,527.52
2026/05/09 05:44:50.141,75,6019,530.23
2026/05/09 05:44:51.173,72,6019,524.74
2026/05/09 05:44:52.207,75,6019,530.52
2026/05/09 05:44:53.240,73,6019,517.55
2026/05/09 05:44:54.273,72,6019,523.37
2026/05/09 05:44:55.305,72,6019,528.18
2026/05/09 05:44:56.338,74,6019,529.40
2026/05/09 05:44:57.369,71,6019,520.27
2026/05/09 05:44:58.402,74,6019,499.23
2026/05/09 05:44:59.434,63,6019,487.92
2026/05/09 05:45:00.466,86,6019,385.15
2026/05/09 05:45:01.497,90,6019,184.42
2026/05/09 05:45:02.528,64,6019,480.38
2026/05/09 05:45:03.560,71,6019,512.24
2026/05/09 05:45:04.591,70,6019,519.45
2026/05/09 05:45:05.623,73,6019,518.41
2026/05/09 05:45:06.655,80,6019,553.27
2026/05/09 05:45:07.686,74,6019,561.08
2026/05/09 05:45:08.717,68,6019,527.49
2026/05/09 05:45:09.749,72,6019,541.85
2026/05/09 05:45:10.780,71,6019,535.78
2026/05/09 05:45:11.812,71,6019,538.93
2026/05/09 05:45:12.844,71,6019,538.11
2026/05/09 05:45:13.876,71,6019,536.78
2026/05/09 05:45:14.908,71,6019,538.32
2026/05/09 05:45:15.940,79,6019,337.37
2026/05/09 05:45:16.970,66,6019,191.99
2026/05/09 05:45:18.001,67,6019,512.70
2026/05/09 05:45:19.032,75,6019,548.82
2026/05/09 05:45:20.063,75,6019,549.71
2026/05/09 05:45:21.096,37,6019,510.66
2026/05/09 05:45:22.128,81,6019,411.38
2026/05/09 05:45:23.160,82,6019,560.94
2026/05/09 05:45:24.191,78,6019,577.94
2026/05/09 05:45:25.223,83,6019,571.91
2026/05/09 05:45:26.256,83,6019,571.08
2026/05/09 05:45:27.287,81,6019,575.97
2026/05/09 05:45:28.318,84,6019,572.96
2026/05/09 05:45:29.349,76,6019,575.49
2026/05/09 05:45:30.382,79,6019,472.57
2026/05/09 05:45:31.414,74,6019,175.87
2026/05/09 05:45:32.445,77,6019,450.08
2026/05/09 05:45:33.477,82,6019,567.41
2026/05/09 05:45:34.508,76,6019,573.32
2026/05/09 05:45:35.540,84,6019,569.44
2026/05/09 05:45:36.573,84,6019,573.50
2026/05/09 05:45:37.607,75,6019,571.85
2026/05/09 05:45:38.638,82,6019,570.47
2026/05/09 05:45:39.670,78,6019,574.62
2026/05/09 05:45:40.702,81,6019,566.23
2026/05/09 05:45:41.734,82,6019,572.46
2026/05/09 05:45:42.765,81,6019,568.53
2026/05/09 05:45:43.796,81,6019,569.46
2026/05/09 05:45:44.829,78,6019,373.36
2026/05/09 05:45:45.861,79,6019,178.20
2026/05/09 05:45:46.893,82,6019,559.65
2026/05/09 05:45:47.925,81,6019,574.06
2026/05/09 05:45:48.958,80,6019,569.96
2026/05/09 05:45:49.990,82,6019,572.26
2026/05/09 05:45:51.023,84,6019,571.20
2026/05/09 05:45:52.054,77,6019,578.41
2026/05/09 05:45:53.086,82,6019,570.81
2026/05/09 05:45:54.118,80,6019,575.34
2026/05/09 05:45:55.149,83,6019,571.80
2026/05/09 05:45:56.181,79,6019,573.53
2026/05/09 05:45:57.216,83,6019,569.88
2026/05/09 05:45:58.248,81,6019,576.18
2026/05/09 05:45:59.280,65,6019,315.00
2026/05/09 05:46:00.311,59,6019,271.21
2026/05/09 05:46:01.343,85,6019,210.84
2026/05/09 05:46:02.375,81,6019,270.31
2026/05/09 05:46:03.406,83,6019,569.82
2026/05/09 05:46:04.437,81,6019,574.73
2026/05/09 05:46:05.468,81,6019,569.50
2026/05/09 05:46:06.500,83,6019,571.10
2026/05/09 05:46:07.532,76,6019,568.81
2026/05/09 05:46:08.565,72,6019,527.90
2026/05/09 05:46:09.596,75,6019,532.04
2026/05/09 05:46:10.628,72,6019,526.75
2026/05/09 05:46:11.660,74,6019,532.41
2026/05/09 05:46:12.692,73,6019,525.75
2026/05/09 05:46:13.724,74,6019,532.32
2026/05/09 05:46:14.756,72,6019,521.86
2026/05/09 05:46:15.787,78,6019,414.73
2026/05/09 05:46:16.819,77,6019,180.64
2026/05/09 05:46:17.851,71,6019,466.84
2026/05/09 05:46:18.883,72,6019,524.03
2026/05/09 05:46:19.914,72,6019,530.95
2026/05/09 05:46:20.946,72,6019,525.16
2026/05/09 05:46:21.978,70,6019,529.83
2026/05/09 05:46:23.009,72,6019,525.97
2026/05/09 05:46:24.041,71,6019,518.15
2026/05/09 05:46:25.073,67,6019,518.97
2026/05/09 05:46:26.105,73,6019,510.91
2026/05/09 05:46:27.136,64,6019,499.85
2026/05/09 05:46:28.168,60,6019,497.74
2026/05/09 05:46:29.200,72,6019,497.96
2026/05/09 05:46:30.232,60,6019,500.13
2026/05/09 05:46:31.264,74,6019,505.01
2026/05/09 05:46:32.296,86,6019,213.81
2026/05/09 05:46:33.326,75,6019,375.44
2026/05/09 05:46:34.358,74,6019,514.88
2026/05/09 05:46:35.390,64,6019,507.31
2026/05/09 05:46:36.422,66,6019,510.45
2026/05/09 05:46:37.453,64,6019,513.37
2026/05/09 05:46:38.484,64,6019,494.35
2026/05/09 05:46:39.517,69,6019,494.58
2026/05/09 05:46:40.548,74,6019,493.03
2026/05/09 05:46:41.579,64,6019,488.82
2026/05/09 05:46:42.610,67,6019,497.17
2026/05/09 05:46:43.645,84,6019,349.53
2026/05/09 05:46:44.677,81,6019,550.69
2026/05/09 05:46:45.708,83,6019,566.55
2026/05/09 05:46:46.741,75,6019,569.60
2026/05/09 05:46:47.773,80,6019,415.90
2026/05/09 05:46:48.804,78,6019,174.22
2026/05/09 05:46:49.835,79,6019,473.07
2026/05/09 05:46:50.868,81,6019,569.07
2026/05/09 05:46:51.900,83,6019,568.66
2026/05/09 05:46:52.932,80,6019,573.71
2026/05/09 05:46:53.964,83,6019,569.98
2026/05/09 05:46:54.996,75,6019,573.28
2026/05/09 05:46:56.027,82,6019,570.54
2026/05/09 05:46:57.059,79,6019,570.34
2026/05/09 05:46:58.091,82,6019,569.94
2026/05/09 05:46:59.123,76,6019,573.81
2026/05/09 05:47:00.154,84,6019,570.47
2026/05/09 05:47:01.186,76,6019,572.51
2026/05/09 05:47:02.217,79,6019,312.38
2026/05/09 05:47:03.249,81,6019,227.82
2026/05/09 05:47:04.281,83,6019,567.34
2026/05/09 05:47:05.312,76,6019,569.81
2026/05/09 05:47:06.343,81,6019,562.98
2026/05/09 05:47:07.375,83,6019,569.56
2026/05/09 05:47:08.407,72,6019,558.91
2026/05/09 05:47:09.438,71,6019,532.89
2026/05/09 05:47:10.470,73,6019,528.58
2026/05/09 05:47:11.502,69,6019,523.37
2026/05/09 05:47:12.534,68,6019,512.95
2026/05/09 05:47:13.566,68,6019,510.46
2026/05/09 05:47:14.598,65,6019,508.81
2026/05/09 05:47:15.630,71,6019,518.22
2026/05/09 05:47:16.663,63,6019,500.83
2026/05/09 05:47:17.695,70,6019,305.69
2026/05/09 05:47:18.728,70,6019,281.28
2026/05/09 05:47:19.760,91,6019,200.53
2026/05/09 05:47:20.792,65,6019,319.92
2026/05/09 05:47:21.824,74,6019,496.10
2026/05/09 05:47:22.856,67,6019,486.23
2026/05/09 05:47:23.888,59,6019,487.64
2026/05/09 05:47:24.918,59,6019,488.55
2026/05/09 05:47:25.951,61,6019,494.23
2026/05/09 05:47:26.983,72,6019,495.08
2026/05/09 05:47:28.014,70,6019,488.60
2026/05/09 05:47:29.046,72,6019,514.31
2026/05/09 05:47:30.078,75,6019,531.32
2026/05/09 05:47:31.110,72,6019,523.94
2026/05/09 05:47:32.142,75,6019,532.32
2026/05/09 05:47:33.173,74,6019,498.64
2026/05/09 05:47:34.205,65,6019,486.87
2026/05/09 05:47:35.235,75,6019,467.17
2026/05/09 05:47:36.266,92,6019,190.37
2026/05/09 05:47:37.297,60,6019,389.19
2026/05/09 05:47:38.329,73,6019,503.78
2026/05/09 05:47:39.361,64,6019,510.00
2026/05/09 05:47:40.392,70,6019,506.01
2026/05/09 05:47:41.424,63,6019,494.90
2026/05/09 05:47:42.456,69,6019,493.45
2026/05/09 05:47:43.489,74,6019,495.60
2026/05/09 05:47:44.521,63,6019,488.90
2026/05/09 05:47:45.554,59,6019,490.18
2026/05/09 05:47:46.586,59,6019,491.17
2026/05/09 05:47:47.618,69,6019,493.62
2026/05/09 05:47:48.651,71,6019,493.50
2026/05/09 05:47:49.683,64,6019,488.42
2026/05/09 05:47:50.714,64,6019,488.24
2026/05/09 05:47:51.748,77,6019,474.60
2026/05/09 05:47:52.779,91,6019,182.82
2026/05/09 05:47:53.811,66,6019,400.44
2026/05/09 05:47:54.843,74,6019,497.86
2026/05/09 05:47:55.875,70,6019,492.73
2026/05/09 05:47:56.906,60,6019,488.25
2026/05/09 05:47:57.939,60,6019,490.77
2026/05/09 05:47:58.971,59,6019,486.27
2026/05/09 05:48:00.004,60,6019,494.27
2026/05/09 05:48:01.035,70,6019,494.42
2026/05/09 05:48:02.067,70,6019,493.02
2026/05/09 05:48:03.100,64,6019,489.81
2026/05/09 05:48:04.132,65,6019,489.36
2026/05/09 05:48:05.165,64,6019,489.36
2026/05/09 05:48:06.196,65,6019,492.73
2026/05/09 05:48:07.228,63,6019,496.89
2026/05/09 05:48:08.260,69,6019,496.29
2026/05/09 05:48:09.294,83,6019,175.79
2026/05/09 05:48:10.327,82,6019,183.65
2026/05/09 05:48:11.357,74,6019,544.07
2026/05/09 05:48:12.389,83,6019,562.80
2026/05/09 05:48:13.422,80,6019,565.13
2026/05/09 05:48:14.454,81,6019,566.71
2026/05/09 05:48:15.487,75,6019,570.79
2026/05/09 05:48:16.520,81,6019,567.21
2026/05/09 05:48:17.551,78,6019,571.80
2026/05/09 05:48:18.584,76,6019,569.91
2026/05/09 05:48:19.618,82,6019,568.77
2026/05/09 05:48:20.650,78,6019,570.86
2026/05/09 05:48:21.681,83,6019,567.73
2026/05/09 05:48:22.714,83,6019,572.61
2026/05/09 05:48:23.745,80,6019,238.30
2026/05/09 05:48:24.776,83,6019,273.61
2026/05/09 05:48:25.806,78,6019,576.66
2026/05/09 05:48:26.837,78,6019,577.84
2026/05/09 05:48:27.868,83,6019,571.11
2026/05/09 05:48:28.901,84,6019,572.50
2026/05/09 05:48:29.933,76,6019,576.50
2026/05/09 05:48:30.965,73,6019,553.08
2026/05/09 05:48:31.997,74,6019,542.14
2026/05/09 05:48:33.029,75,6019,545.56
2026/05/09 05:48:34.062,72,6019,541.40
2026/05/09 05:48:35.092,73,6019,544.34
2026/05/09 05:48:36.124,81,6019,573.18
2026/05/09 05:48:37.155,84,6019,573.28
2026/05/09 05:48:38.187,62,6019,299.77
2026/05/09 05:48:39.221,62,6019,260.89
2026/05/09 05:48:40.254,76,6019,209.20
2026/05/09 05:48:41.286,82,6019,200.86
2026/05/09 05:48:42.318,83,6019,558.67
2026/05/09 05:48:43.351,76,6019,568.63
2026/05/09 05:48:44.382,79,6019,562.85
2026/05/09 05:48:45.414,78,6019,563.60
2026/05/09 05:48:46.447,80,6019,565.01
2026/05/09 05:48:47.479,81,6019,567.20
2026/05/09 05:48:48.512,81,6019,566.00
2026/05/09 05:48:49.544,80,6019,566.22
2026/05/09 05:48:50.575,81,6019,567.70
2026/05/09 05:48:51.607,81,6019,568.73
2026/05/09 05:48:52.639,79,6019,567.04
2026/05/09 05:48:53.671,76,6019,565.55
2026/05/09 05:48:54.705,77,6019,313.13
2026/05/09 05:48:55.736,81,6019,232.41
2026/05/09 05:48:56.769,76,6019,558.06
2026/05/09 05:48:57.801,80,6019,563.59
2026/05/09 05:48:58.833,81,6019,564.93
2026/05/09 05:48:59.866,81,6019,567.45
2026/05/09 05:49:00.897,81,6019,566.27
2026/05/09 05:49:01.929,80,6019,564.06
2026/05/09 05:49:02.960,80,6019,564.88
2026/05/09 05:49:03.991,69,6019,518.87
2026/05/09 05:49:05.022,77,6019,544.80
2026/05/09 05:49:06.054,75,6019,545.21
2026/05/09 05:49:07.087,79,6019,540.41
2026/05/09 05:49:08.118,79,6019,542.09
2026/05/09 05:49:09.151,74,6019,415.05
2026/05/09 05:49:10.182,76,6019,176.97
2026/05/09 05:49:11.213,72,6019,417.36
2026/05/09 05:49:12.246,74,6019,495.71
2026/05/09 05:49:13.278,72,6019,495.99
2026/05/09 05:49:14.309,64,6019,499.86
2026/05/09 05:49:15.340,65,6019,496.08
2026/05/09 05:49:16.372,65,6019,495.82
2026/05/09 05:49:17.404,65,6019,495.56
2026/05/09 05:49:18.435,67,6019,524.91
2026/05/09 05:49:19.467,74,6019,509.81
2026/05/09 05:49:20.499,73,6019,512.45
2026/05/09 05:49:21.531,73,6019,531.24
2026/05/09 05:49:22.564,60,6019,519.62
2026/05/09 05:49:23.596,67,6019,512.91
2026/05/09 05:49:24.628,67,6019,506.39
2026/05/09 05:49:25.659,85,6019,303.96
2026/05/09 05:49:26.690,60,6019,226.34
2026/05/09 05:49:27.722,73,6019,523.53
2026/05/09 05:49:28.754,73,6019,531.76
2026/05/09 05:49:29.787,65,6019,518.53
2026/05/09 05:49:30.818,67,6019,504.74
2026/05/09 05:49:31.851,63,6019,343.50
2026/05/09 05:49:32.882,74,6019,535.17
2026/05/09 05:49:33.914,76,6019,553.25
2026/05/09 05:49:34.947,76,6019,561.88
2026/05/09 05:49:35.979,76,6019,564.22
2026/05/09 05:49:37.012,80,6019,560.92
2026/05/09 05:49:38.046,81,6019,565.01
2026/05/09 05:49:39.077,77,6019,563.05
2026/05/09 05:49:40.109,81,6019,562.86
2026/05/09 05:49:41.141,80,6019,232.51
2026/05/09 05:49:42.173,73,6019,288.77
2026/05/09 05:49:43.205,81,6019,539.71
2026/05/09 05:49:44.236,75,6019,566.43
2026/05/09 05:49:45.270,80,6019,562.02
2026/05/09 05:49:46.302,80,6019,565.89
2026/05/09 05:49:47.334,81,6019,566.57
2026/05/09 05:49:48.366,81,6019,568.08
2026/05/09 05:49:49.398,76,6019,569.76
2026/05/09 05:49:50.430,81,6019,566.98
2026/05/09 05:49:51.462,83,6019,573.29
2026/05/09 05:49:52.494,77,6019,567.85
2026/05/09 05:49:53.526,81,6019,566.41
2026/05/09 05:49:54.557,82,6019,572.19
2026/05/09 05:49:55.590,63,6019,303.71
2026/05/09 05:49:56.626,60,6019,267.09
2026/05/09 05:49:57.660,80,6019,202.18
2026/05/09 05:49:58.692,72,6019,248.91
2026/05/09 05:49:59.725,74,6019,534.27
2026/05/09 05:50:00.758,72,6019,527.86
2026/05/09 05:50:01.790,73,6019,530.25
2026/05/09 05:50:02.822,73,6019,531.32
2026/05/09 05:50:03.855,72,6019,530.09
2026/05/09 05:50:04.888,74,6019,532.71
2026/05/09 05:50:05.920,73,6019,527.01
2026/05/09 05:50:06.952,75,6019,531.49
2026/05/09 05:50:07.984,73,6019,529.02
2026/05/09 05:50:09.016,72,6019,528.53
2026/05/09 05:50:10.048,73,6019,530.09
2026/05/09 05:50:11.079,75,6019,532.47
2026/05/09 05:50:12.110,72,6019,528.80
2026/05/09 05:50:13.143,81,6019,275.57
2026/05/09 05:50:14.174,73,6019,312.99
2026/05/09 05:50:15.206,72,6019,527.45
2026/05/09 05:50:16.239,72,6019,532.61
2026/05/09 05:50:17.270,72,6019,530.73
2026/05/09 05:50:18.302,75,6019,533.27
2026/05/09 05:50:19.334,73,6019,529.93
2026/05/09 05:50:20.366,73,6019,529.24
2026/05/09 05:50:21.397,75,6019,536.09
2026/05/09 05:50:22.429,73,6019,531.71
2026/05/09 05:50:23.460,72,6019,530.40
2026/05/09 05:50:24.492,72,6019,535.44
2026/05/09 05:50:25.524,63,6019,504.25
2026/05/09 05:50:26.555,70,6019,496.13
2026/05/09 05:50:27.588,74,6019,499.45
2026/05/09 05:50:28.618,84,6019,295.13
2026/05/09 05:50:29.649,63,6019,278.26
2026/05/09 05:50:30.681,71,6019,494.92
2026/05/09 05:50:31.711,74,6019,492.88
2026/05/09 05:50:32.743,71,6019,494.36
2026/05/09 05:50:33.774,74,6019,497.42
2026/05/09 05:50:34.806,68,6019,490.06
2026/05/09 05:50:35.837,64,6019,489.24
2026/05/09 05:50:36.869,64,6019,490.12
2026/05/09 05:50:37.900,65,6019,497.41
2026/05/09 05:50:38.932,65,6019,492.27
2026/05/09 05:50:39.965,65,6019,491.63
2026/05/09 05:50:40.997,65,6019,493.37
2026/05/09 05:50:42.028,69,6019,495.30
2026/05/09 05:50:43.059,74,6019,494.78
2026/05/09 05:50:44.091,71,6019,490.43
2026/05/09 05:50:45.122,86,6019,308.83
2026/05/09 05:50:46.154,58,6019,225.59
2026/05/09 05:50:47.186,59,6019,491.15
2026/05/09 05:50:48.217,70,6019,493.14
2026/05/09 05:50:49.250,67,6019,498.07
2026/05/09 05:50:50.281,74,6019,493.38
2026/05/09 05:50:51.313,68,6019,492.06
2026/05/09 05:50:52.346,63,6019,487.61
2026/05/09 05:50:53.378,64,6019,486.64
2026/05/09 05:50:54.410,66,6019,493.70
2026/05/09 05:50:55.442,74,6019,498.19
2026/05/09 05:50:56.474,74,6019,496.70
2026/05/09 05:50:57.510,1,6019,325.45
2026/05/09 05:50:58.543,86,6019,508.12
2026/05/09 05:50:59.574,80,6019,564.75
2026/05/09 05:51:00.607,82,6019,566.17
2026/05/09 05:51:01.639,80,6019,308.71
2026/05/09 05:51:02.671,80,6019,244.13
2026/05/09 05:51:03.703,81,6019,561.88
2026/05/09 05:51:04.736,82,6019,568.01
2026/05/09 05:51:05.769,78,6019,568.18
2026/05/09 05:51:06.800,80,6019,565.08
2026/05/09 05:51:07.832,81,6019,570.32
2026/05/09 05:51:08.865,81,6019,567.22
2026/05/09 05:51:09.897,81,6019,566.58
2026/05/09 05:51:10.929,82,6019,572.22
2026/05/09 05:51:11.962,76,6019,568.83
2026/05/09 05:51:12.994,81,6019,567.44
2026/05/09 05:51:14.026,81,6019,572.65
2026/05/09 05:51:15.058,80,6019,566.41
2026/05/09 05:51:16.090,74,6019,232.75
2026/05/09 05:51:17.123,74,6019,323.86
2026/05/09 05:51:18.154,75,6019,533.67
2026/05/09 05:51:19.187,73,6019,526.46
2026/05/09 05:51:20.220,75,6019,531.11
2026/05/09 05:51:21.253,73,6019,527.72
2026/05/09 05:51:22.285,73,6019,529.53
2026/05/09 05:51:23.318,73,6019,530.91
2026/05/09 05:51:24.351,72,6019,526.69
2026/05/09 05:51:25.383,72,6019,529.20
2026/05/09 05:51:26.416,72,6019,527.47
2026/05/09 05:51:27.449,73,6019,528.95
2026/05/09 05:51:28.481,73,6019,528.06
2026/05/09 05:51:29.513,73,6019,531.84
2026/05/09 05:51:30.545,73,6019,527.16
2026/05/09 05:51:31.577,68,6019,294.10
2026/05/09 05:51:32.610,62,6019,263.09
2026/05/09 05:51:33.646,81,6019,201.44
2026/05/09 05:51:34.676,84,6019,273.09
2026/05/09 05:51:35.708,83,6019,570.75
2026/05/09 05:51:36.739,79,6019,574.70
2026/05/09 05:51:37.769,82,6019,572.26
2026/05/09 05:51:38.800,84,6019,571.10
2026/05/09 05:51:39.831,77,6019,576.25
2026/05/09 05:51:40.863,82,6019,571.92
2026/05/09 05:51:41.895,83,6019,569.46
2026/05/09 05:51:42.926,82,6019,576.54
2026/05/09 05:51:43.958,84,6019,573.16
2026/05/09 05:51:44.990,79,6019,574.35
2026/05/09 05:51:46.023,82,6019,571.92
2026/05/09 05:51:47.055,83,6019,571.19
2026/05/09 05:51:48.087,80,6019,178.09
2026/05/09 05:51:49.117,84,6019,420.94
2026/05/09 05:51:50.147,82,6019,562.31
2026/05/09 05:51:51.178,83,6019,554.09
2026/05/09 05:51:52.211,83,6019,555.12
2026/05/09 05:51:53.241,75,6019,544.00
2026/05/09 05:51:54.271,76,6019,553.04
2026/05/09 05:51:55.303,68,6019,545.63
2026/05/09 05:51:56.335,68,6019,549.02
2026/05/09 05:51:57.366,75,6019,550.88
2026/05/09 05:51:58.396,69,6019,538.92
2026/05/09 05:51:59.427,74,6019,535.05
2026/05/09 05:52:00.459,69,6019,527.64
2026/05/09 05:52:01.489,76,6019,538.05
2026/05/09 05:52:02.520,78,6019,449.67
2026/05/09 05:52:03.551,91,6019,182.74
2026/05/09 05:52:04.583,75,6019,511.27
2026/05/09 05:52:05.614,70,6019,500.28
2026/05/09 05:52:06.646,74,6019,513.84
2026/05/09 05:52:07.675,70,6019,519.49
2026/05/09 05:52:08.707,74,6019,519.54
2026/05/09 05:52:09.738,74,6019,515.27
2026/05/09 05:52:10.769,74,6019,510.52
2026/05/09 05:52:11.800,69,6019,515.58
2026/05/09 05:52:12.831,65,6019,514.53
2026/05/09 05:52:13.863,65,6019,512.59
2026/05/09 05:52:14.893,71,6019,515.12
2026/05/09 05:52:15.924,63,6019,518.38
2026/05/09 05:52:16.954,63,6019,500.78
2026/05/09 05:52:17.985,74,6019,513.03
2026/05/09 05:52:19.018,44,6019,271.64
2026/05/09 05:52:20.050,79,6019,150.89
2026/05/09 05:52:21.080,81,6019,497.65
2026/05/09 05:52:22.111,84,6019,572.69
2026/05/09 05:52:23.141,84,6019,575.63
2026/05/09 05:52:24.171,84,6019,574.33
2026/05/09 05:52:25.201,84,6019,575.35
2026/05/09 05:52:26.232,76,6019,575.18
2026/05/09 05:52:27.262,83,6019,575.88
2026/05/09 05:52:28.291,84,6019,574.02
2026/05/09 05:52:29.323,85,6019,573.81
2026/05/09 05:52:30.354,84,6019,574.93
2026/05/09 05:52:31.384,79,6019,576.73
2026/05/09 05:52:32.415,83,6019,574.63
2026/05/09 05:52:33.445,90,6019,236.40
2026/05/09 05:52:34.475,78,6019,293.73
2026/05/09 05:52:35.506,82,6019,575.22
2026/05/09 05:52:36.536,84,6019,574.40
2026/05/09 05:52:37.568,85,6019,574.27
2026/05/09 05:52:38.599,84,6019,573.46
2026/05/09 05:52:39.629,77,6019,577.51
2026/05/09 05:52:40.659,81,6019,575.42
2026/05/09 05:52:41.690,83,6019,574.74
2026/05/09 05:52:42.720,84,6019,574.85
2026/05/09 05:52:43.750,83,6019,572.97
2026/05/09 05:52:44.781,78,6019,576.66
2026/05/09 05:52:45.812,83,6019,576.09
2026/05/09 05:52:46.843,63,6019,476.75
2026/05/09 05:52:47.875,69,6019,271.76
2026/05/09 05:52:48.907,77,6019,260.56
2026/05/09 05:52:49.936,80,6019,177.00
2026/05/09 05:52:50.968,74,6019,387.39
2026/05/09 05:52:51.999,74,6019,535.56
2026/05/09 05:52:53.030,74,6019,535.06
2026/05/09 05:52:54.061,75,6019,537.48
2026/05/09 05:52:55.091,74,6019,539.58
2026/05/09 05:52:56.122,74,6019,539.44
2026/05/09 05:52:57.152,74,6019,540.07
2026/05/09 05:52:58.184,75,6019,540.64
2026/05/09 05:52:59.216,72,6019,538.36
2026/05/09 05:53:00.248,75,6019,535.63
2026/05/09 05:53:01.278,75,6019,538.65
2026/05/09 05:53:02.310,75,6019,540.96
2026/05/09 05:53:03.340,75,6019,539.61
2026/05/09 05:53:04.370,91,6019,357.04
2026/05/09 05:53:05.401,73,6019,195.07
2026/05/09 05:53:06.432,75,6019,535.52
2026/05/09 05:53:07.464,75,6019,538.84
2026/05/09 05:53:08.494,75,6019,536.76
2026/05/09 05:53:09.525,73,6019,533.63
2026/05/09 05:53:10.555,75,6019,537.31
2026/05/09 05:53:11.587,75,6019,539.45
2026/05/09 05:53:12.617,74,6019,539.67
2026/05/09 05:53:13.648,74,6019,540.17
2026/05/09 05:53:14.678,74,6019,540.21
2026/05/09 05:53:15.709,74,6019,540.31
2026/05/09 05:53:16.739,75,6019,540.58
2026/05/09 05:53:17.769,75,6019,540.30
2026/05/09 05:53:18.799,74,6019,540.57
2026/05/09 05:53:19.830,80,6019,237.11
2026/05/09 05:53:20.860,74,6019,337.44
2026/05/09 05:53:21.891,73,6019,531.43
2026/05/09 05:53:22.922,74,6019,532.67
2026/05/09 05:53:23.953,74,6019,536.91
2026/05/09 05:53:24.984,75,6019,533.62
2026/05/09 05:53:26.015,73,6019,528.11
2026/05/09 05:53:27.046,73,6019,531.62
2026/05/09 05:53:28.077,74,6019,532.90
2026/05/09 05:53:29.109,73,6019,530.83
2026/05/09 05:53:30.139,75,6019,533.18
2026/05/09 05:53:31.171,73,6019,530.62
2026/05/09 05:53:32.202,75,6019,528.19
2026/05/09 05:53:33.233,73,6019,529.64
2026/05/09 05:53:34.265,77,6019,494.04
2026/05/09 05:53:35.297,78,6019,176.39
2026/05/09 05:53:36.329,78,6019,373.46
2026/05/09 05:53:37.361,81,6019,569.88
2026/05/09 05:53:38.393,78,6019,568.74
2026/05/09 05:53:39.424,83,6019,566.67
2026/05/09 05:53:40.458,0,6019,416.40
2026/05/09 05:53:41.490,89,6019,536.02
2026/05/09 05:53:42.522,80,6019,569.86
2026/05/09 05:53:43.554,81,6019,568.54
2026/05/09 05:53:44.585,80,6019,570.00
2026/05/09 05:53:45.617,84,6019,568.79
2026/05/09 05:53:46.649,81,6019,575.64
2026/05/09 05:53:47.681,83,6019,569.46
2026/05/09 05:53:48.713,78,6019,574.98
2026/05/09 05:53:49.745,77,6019,214.78
2026/05/09 05:53:50.777,83,6019,348.04
2026/05/09 05:53:51.810,79,6019,571.45
2026/05/09 05:53:52.841,84,6019,568.17
2026/05/09 05:53:53.873,77,6019,571.52
2026/05/09 05:53:54.906,83,6019,569.07
2026/05/09 05:53:55.939,80,6019,570.40
2026/05/09 05:53:56.971,81,6019,571.82
2026/05/09 05:53:58.003,82,6019,570.11
2026/05/09 05:53:59.036,83,6019,572.37
2026/05/09 05:54:00.069,83,6019,568.41
2026/05/09 05:54:01.101,83,6019,570.26
2026/05/09 05:54:02.133,78,6019,573.01
2026/05/09 05:54:03.164,61,6019,487.30
2026/05/09 05:54:04.197,62,6019,260.79
2026/05/09 05:54:05.230,77,6019,265.51
2026/05/09 05:54:06.260,83,6019,181.88
2026/05/09 05:54:07.292,84,6019,439.46
2026/05/09 05:54:08.324,78,6019,574.87
2026/05/09 05:54:09.355,81,6019,567.80
2026/05/09 05:54:10.386,82,6019,573.56
2026/05/09 05:54:11.417,81,6019,566.96
2026/05/09 05:54:12.449,77,6019,575.31
2026/05/09 05:54:13.481,83,6019,568.77
2026/05/09 05:54:14.512,77,6019,573.67
2026/05/09 05:54:15.542,85,6019,570.67
2026/05/09 05:54:16.574,76,6019,571.61
2026/05/09 05:54:17.607,81,6019,566.48
2026/05/09 05:54:18.638,82,6019,573.51
2026/05/09 05:54:19.669,78,6019,367.05
2026/05/09 05:54:20.701,81,6019,175.79
2026/05/09 05:54:21.732,82,6019,557.79
2026/05/09 05:54:22.764,72,6019,536.01
2026/05/09 05:54:23.795,73,6019,532.46
2026/05/09 05:54:24.828,75,6019,533.57
2026/05/09 05:54:25.860,71,6019,526.64
2026/05/09 05:54:26.893,74,6019,532.50
2026/05/09 05:54:27.924,73,6019,528.24
2026/05/09 05:54:28.956,75,6019,532.45
2026/05/09 05:54:29.989,73,6019,528.89
2026/05/09 05:54:31.020,73,6019,530.59
2026/05/09 05:54:32.055,73,6019,530.50
2026/05/09 05:54:33.087,72,6019,529.95
2026/05/09 05:54:34.118,73,6019,529.07
2026/05/09 05:54:35.150,86,6019,322.16
2026/05/09 05:54:36.182,75,6019,272.25
2026/05/09 05:54:37.214,73,6019,530.01
2026/05/09 05:54:38.246,73,6019,529.91
2026/05/09 05:54:39.278,75,6019,534.18
2026/05/09 05:54:40.310,73,6019,526.33
2026/05/09 05:54:41.342,75,6019,534.00
2026/05/09 05:54:42.373,73,6019,528.92
2026/05/09 05:54:43.405,73,6019,530.02
2026/05/09 05:54:44.437,73,6019,535.26
2026/05/09 05:54:45.468,75,6019,523.79
2026/05/09 05:54:46.500,73,6019,528.31
2026/05/09 05:54:47.531,73,6019,529.68
2026/05/09 05:54:48.562,72,6019,532.80
2026/05/09 05:54:49.594,72,6019,529.99
2026/05/09 05:54:50.626,84,6019,233.67
2026/05/09 05:54:51.657,72,6019,296.52
2026/05/09 05:54:52.690,74,6019,532.12
2026/05/09 05:54:53.722,72,6019,527.69
2026/05/09 05:54:54.753,72,6019,530.02
2026/05/09 05:54:55.786,71,6019,530.02
2026/05/09 05:54:56.817,74,6019,502.57
2026/05/09 05:54:57.849,70,6019,494.55
2026/05/09 05:54:58.881,64,6019,492.62
2026/05/09 05:54:59.913,70,6019,499.04
2026/05/09 05:55:00.944,68,6019,516.37
2026/05/09 05:55:01.977,0,6019,440.50
2026/05/09 05:55:03.011,61,6019,432.87
2026/05/09 05:55:04.044,66,6019,532.63
2026/05/09 05:55:05.076,76,6019,569.71
2026/05/09 05:55:06.108,78,6019,418.67
2026/05/09 05:55:07.139,91,6019,180.93
2026/05/09 05:55:08.170,73,6019,483.84
2026/05/09 05:55:09.202,73,6019,531.73
2026/05/09 05:55:10.233,75,6019,531.43
2026/05/09 05:55:11.266,73,6019,529.69
2026/05/09 05:55:12.297,73,6019,530.27
2026/05/09 05:55:13.329,74,6019,533.67
2026/05/09 05:55:14.361,73,6019,529.67
2026/05/09 05:55:15.393,72,6019,531.77
2026/05/09 05:55:16.426,72,6019,530.02
2026/05/09 05:55:17.458,73,6019,530.25
2026/05/09 05:55:18.490,73,6019,534.65
2026/05/09 05:55:19.521,73,6019,529.69
2026/05/09 05:55:20.552,75,6019,531.85
2026/05/09 05:55:21.584,76,6019,503.14
2026/05/09 05:55:22.614,74,6019,247.96
2026/05/09 05:55:23.646,73,6019,525.41
2026/05/09 05:55:24.678,73,6019,531.64
2026/05/09 05:55:25.710,75,6019,535.15
2026/05/09 05:55:26.742,73,6019,530.30
2026/05/09 05:55:27.774,72,6019,529.86
2026/05/09 05:55:28.806,75,6019,535.02
2026/05/09 05:55:29.837,73,6019,530.41
2026/05/09 05:55:30.870,73,6019,532.88
2026/05/09 05:55:31.902,75,6019,534.12
2026/05/09 05:55:32.934,74,6019,531.33
2026/05/09 05:55:33.967,74,6019,534.47
2026/05/09 05:55:34.998,75,6019,533.27
2026/05/09 05:55:36.032,73,6019,532.54
2026/05/09 05:55:37.065,61,6019,440.89
2026/05/09 05:55:38.098,61,6019,270.75
2026/05/09 05:55:39.130,91,6019,209.23
2026/05/09 05:55:40.161,69,6019,271.02
2026/05/09 05:55:41.192,80,6019,555.45
2026/05/09 05:55:42.225,81,6019,565.79
2026/05/09 05:55:43.256,75,6019,566.44
2026/05/09 05:55:44.289,80,6019,559.89
2026/05/09 05:55:45.321,80,6019,563.49
2026/05/09 05:55:46.354,73,6019,538.84
2026/05/09 05:55:47.387,72,6019,511.55
2026/05/09 05:55:48.419,70,6019,505.62
2026/05/09 05:55:49.451,66,6019,511.72
2026/05/09 05:55:50.484,65,6019,507.28
2026/05/09 05:55:51.516,68,6019,501.02
2026/05/09 05:55:52.550,68,6019,522.72
2026/05/09 05:55:53.581,75,6019,529.33
2026/05/09 05:55:54.612,74,6019,174.47
2026/05/09 05:55:55.645,81,6019,344.17
2026/05/09 05:55:56.676,82,6019,567.33
2026/05/09 05:55:57.710,79,6019,563.91
2026/05/09 05:55:58.741,78,6019,560.37
2026/05/09 05:55:59.773,72,6019,539.55
2026/05/09 05:56:00.805,82,6019,549.39
2026/05/09 05:56:01.837,65,6019,532.49
2026/05/09 05:56:02.869,70,6019,511.39
2026/05/09 05:56:03.901,70,6019,511.73
2026/05/09 05:56:04.932,74,6019,518.55
2026/05/09 05:56:05.964,72,6019,520.48
2026/05/09 05:56:06.997,73,6019,530.02
2026/05/09 05:56:08.028,68,6019,522.96
2026/05/09 05:56:09.060,74,6019,538.44
2026/05/09 05:56:10.092,90,6019,253.30
2026/05/09 05:56:11.123,63,6019,442.28
2026/05/09 05:56:12.155,74,6019,511.29
2026/05/09 05:56:13.187,72,6019,500.80
2026/05/09 05:56:14.219,70,6019,507.87
2026/05/09 05:56:15.251,63,6019,500.19
2026/05/09 05:56:16.282,73,6019,510.91
2026/05/09 05:56:17.312,66,6019,501.52
2026/05/09 05:56:18.345,64,6019,506.24
2026/05/09 05:56:19.375,70,6019,505.50
2026/05/09 05:56:20.407,66,6019,504.33
2026/05/09 05:56:21.439,70,6019,505.37
2026/05/09 05:56:22.471,64,6019,489.26
2026/05/09 05:56:23.508,64,6019,495.35
2026/05/09 05:56:24.539,64,6019,489.59
2026/05/09 05:56:25.571,71,6019,504.61
2026/05/09 05:56:26.606,35,6019,145.24
2026/05/09 05:56:27.638,85,6019,358.53
2026/05/09 05:56:28.670,79,6019,564.95
2026/05/09 05:56:29.701,82,6019,566.14
2026/05/09 05:56:30.732,78,6019,570.69
2026/05/09 05:56:31.765,81,6019,563.31
2026/05/09 05:56:32.797,82,6019,571.85
2026/05/09 05:56:33.830,78,6019,567.92
2026/05/09 05:56:34.862,80,6019,568.42
2026/05/09 05:56:35.894,78,6019,571.57
2026/05/09 05:56:36.927,80,6019,563.85
2026/05/09 05:56:37.959,80,6019,570.29
2026/05/09 05:56:38.991,76,6019,571.97
2026/05/09 05:56:40.024,81,6019,562.74
2026/05/09 05:56:41.055,81,6019,250.53
2026/05/09 05:56:42.086,80,6019,275.26
2026/05/09 05:56:43.117,80,6019,563.55
2026/05/09 05:56:44.150,82,6019,568.19
2026/05/09 05:56:45.181,77,6019,571.50
2026/05/09 05:56:46.213,80,6019,562.27
2026/05/09 05:56:47.245,83,6019,572.48
2026/05/09 05:56:48.277,76,6019,570.30
2026/05/09 05:56:49.309,81,6019,566.26
2026/05/09 05:56:50.341,82,6019,572.16
2026/05/09 05:56:51.373,77,6019,568.60
2026/05/09 05:56:52.405,81,6019,567.32
2026/05/09 05:56:53.437,83,6019,571.70
2026/05/09 05:56:54.470,70,6019,555.22
2026/05/09 05:56:55.503,65,6019,260.38
2026/05/09 05:56:56.537,62,6019,262.76
2026/05/09 05:56:57.567,80,6019,194.99
2026/05/09 05:56:58.599,82,6019,257.38
2026/05/09 05:56:59.630,79,6019,577.23
2026/05/09 05:57:00.661,83,6019,571.41
2026/05/09 05:57:01.691,81,6019,572.29
2026/05/09 05:57:02.722,75,6019,576.47
2026/05/09 05:57:03.753,83,6019,571.63
2026/05/09 05:57:04.785,82,6019,570.90
2026/05/09 05:57:05.816,77,6019,577.66
2026/05/09 05:57:06.850,82,6019,570.69
2026/05/09 05:57:07.879,80,6019,572.33
2026/05/09 05:57:08.910,84,6019,575.01
2026/05/09 05:57:09.942,81,6019,568.87
2026/05/09 05:57:10.972,79,6019,508.48
2026/05/09 05:57:12.002,78,6019,176.60
2026/05/09 05:57:13.032,81,6019,392.22
2026/05/09 05:57:14.064,82,6019,576.03
2026/05/09 05:57:15.095,81,6019,571.21
2026/05/09 05:57:16.127,82,6019,574.16
2026/05/09 05:57:17.158,79,6019,565.96
2026/05/09 05:57:18.191,84,6019,572.27
2026/05/09 05:57:19.222,82,6019,572.37
2026/05/09 05:57:20.253,82,6019,574.74
2026/05/09 05:57:21.285,82,6019,569.26
2026/05/09 05:57:22.316,81,6019,571.60
2026/05/09 05:57:23.349,83,6019,567.85
2026/05/09 05:57:24.380,82,6019,569.59
2026/05/09 05:57:25.411,78,6019,390.00
2026/05/09 05:57:26.443,79,6019,178.85
2026/05/09 05:57:27.473,80,6019,542.01
2026/05/09 05:57:28.506,73,6019,551.26
2026/05/09 05:57:29.537,73,6019,535.30
2026/05/09 05:57:30.568,73,6019,532.02
2026/05/09 05:57:31.599,75,6019,536.23
2026/05/09 05:57:32.631,74,6019,516.15
2026/05/09 05:57:33.662,65,6019,499.26
2026/05/09 05:57:34.693,65,6019,498.48
2026/05/09 05:57:35.725,65,6019,496.10
2026/05/09 05:57:36.755,70,6019,504.09
2026/05/09 05:57:37.787,73,6019,509.45
2026/05/09 05:57:38.818,63,6019,504.10
2026/05/09 05:57:39.850,74,6019,509.89
2026/05/09 05:57:40.881,85,6019,466.63
2026/05/09 05:57:41.913,87,6019,184.38
2026/05/09 05:57:42.945,73,6019,429.08
2026/05/09 05:57:43.977,73,6019,534.20
2026/05/09 05:57:45.009,66,6019,529.97
2026/05/09 05:57:46.041,68,6019,502.42
2026/05/09 05:57:47.074,37,6019,481.62
2026/05/09 05:57:48.107,77,6019,526.00
2026/05/09 05:57:49.139,81,6019,562.08
2026/05/09 05:57:50.171,82,6019,573.15
2026/05/09 05:57:51.202,83,6019,569.80
2026/05/09 05:57:52.233,84,6019,575.12
2026/05/09 05:57:53.265,81,6019,568.56
2026/05/09 05:57:54.297,82,6019,574.60
2026/05/09 05:57:55.329,82,6019,569.27
2026/05/09 05:57:56.361,79,6019,357.57
2026/05/09 05:57:57.392,80,6019,175.35
2026/05/09 05:57:58.425,81,6019,562.41
2026/05/09 05:57:59.457,81,6019,572.77
2026/05/09 05:58:00.490,82,6019,565.82
2026/05/09 05:58:01.522,81,6019,569.12
2026/05/09 05:58:02.553,75,6019,570.47
2026/05/09 05:58:03.586,82,6019,566.94
2026/05/09 05:58:04.618,82,6019,569.30
2026/05/09 05:58:05.651,76,6019,570.61
2026/05/09 05:58:06.684,82,6019,567.25
2026/05/09 05:58:07.716,79,6019,575.73
2026/05/09 05:58:08.749,82,6019,565.98
2026/05/09 05:58:09.781,83,6019,573.38
2026/05/09 05:58:10.813,61,6019,348.14
2026/05/09 05:58:11.846,62,6019,261.28
2026/05/09 05:58:12.878,78,6019,215.11
2026/05/09 05:58:13.909,79,6019,172.54
2026/05/09 05:58:14.941,78,6019,558.78
2026/05/09 05:58:15.973,81,6019,564.35
2026/05/09 05:58:17.006,81,6019,568.66
2026/05/09 05:58:18.038,78,6019,563.80
2026/05/09 05:58:19.070,81,6019,566.94
2026/05/09 05:58:20.103,82,6019,569.30
2026/05/09 05:58:21.136,82,6019,569.13
2026/05/09 05:58:22.168,76,6019,568.17
2026/05/09 05:58:23.199,80,6019,563.94
2026/05/09 05:58:24.232,82,6019,569.41
2026/05/09 05:58:25.264,77,6019,570.53
2026/05/09 05:58:26.296,80,6019,561.85
2026/05/09 05:58:27.329,79,6019,287.62
2026/05/09 05:58:28.360,79,6019,225.73
2026/05/09 05:58:29.393,80,6019,568.59
2026/05/09 05:58:30.426,76,6019,568.84
2026/05/09 05:58:31.457,80,6019,563.68
2026/05/09 05:58:32.490,82,6019,569.11
2026/05/09 05:58:33.522,81,6019,567.52
2026/05/09 05:58:34.553,75,6019,567.03
2026/05/09 05:58:35.586,81,6019,563.53
2026/05/09 05:58:36.616,65,6019,515.17
2026/05/09 05:58:37.647,73,6019,512.46
2026/05/09 05:58:38.678,71,6019,514.31
2026/05/09 05:58:39.711,73,6019,512.84
2026/05/09 05:58:40.742,64,6019,499.84
2026/05/09 05:58:41.774,71,6019,469.85
2026/05/09 05:58:42.805,87,6019,182.41
2026/05/09 05:58:43.837,72,6019,368.03
2026/05/09 05:58:44.870,64,6019,486.77
2026/05/09 05:58:45.902,65,6019,489.98
2026/05/09 05:58:46.933,65,6019,490.42
2026/05/09 05:58:47.964,72,6019,495.28
2026/05/09 05:58:48.996,74,6019,496.43
2026/05/09 05:58:50.027,64,6019,490.15
2026/05/09 05:58:51.061,64,6019,486.29
2026/05/09 05:58:52.094,63,6019,490.58
2026/05/09 05:58:53.126,71,6019,499.76
2026/05/09 05:58:54.158,72,6019,506.94
2026/05/09 05:58:55.189,72,6019,530.03
2026/05/09 05:58:56.221,71,6019,524.50
2026/05/09 05:58:57.254,58,6019,496.47
2026/05/09 05:58:58.286,82,6019,443.64
2026/05/09 05:58:59.317,87,6019,182.85
2026/05/09 05:59:00.349,71,6019,402.12
2026/05/09 05:59:01.381,72,6019,529.50
2026/05/09 05:59:02.414,69,6019,504.30
2026/05/09 05:59:03.446,62,6019,499.02
2026/05/09 05:59:04.482,72,6019,501.98
2026/05/09 05:59:05.514,85,6019,354.60
2026/05/09 05:59:06.546,75,6019,551.62
2026/05/09 05:59:07.578,76,6019,557.33
2026/05/09 05:59:08.611,80,6019,567.04
2026/05/09 05:59:09.643,80,6019,573.59
2026/05/09 05:59:10.675,83,6019,567.81
2026/05/09 05:59:11.706,77,6019,573.36
2026/05/09 05:59:12.738,85,6019,570.91
2026/05/09 05:59:13.770,79,6019,405.50
2026/05/09 05:59:14.801,78,6019,175.33
2026/05/09 05:59:15.832,73,6019,452.43
2026/05/09 05:59:16.863,75,6019,533.35
2026/05/09 05:59:17.895,74,6019,527.02
2026/05/09 05:59:18.928,74,6019,532.63
2026/05/09 05:59:19.959,75,6019,532.96
2026/05/09 05:59:20.992,73,6019,529.31
2026/05/09 05:59:22.022,74,6019,532.96
2026/05/09 05:59:23.054,75,6019,531.17
2026/05/09 05:59:24.086,73,6019,530.24
2026/05/09 05:59:25.118,72,6019,531.19
2026/05/09 05:59:26.149,72,6019,532.46
2026/05/09 05:59:27.182,73,6019,526.79
2026/05/09 05:59:28.214,72,6019,531.41
2026/05/09 05:59:29.246,61,6019,390.96
2026/05/09 05:59:30.280,63,6019,270.53
2026/05/09 05:59:31.315,76,6019,230.65
2026/05/09 05:59:32.347,78,6019,174.42
2026/05/09 05:59:33.379,71,6019,432.83
2026/05/09 05:59:34.412,70,6019,524.76
2026/05/09 05:59:35.444,74,6019,530.67
2026/05/09 05:59:36.476,73,6019,527.17
2026/05/09 05:59:37.508,73,6019,529.26
2026/05/09 05:59:38.538,72,6019,532.31
2026/05/09 05:59:39.569,74,6019,532.60
2026/05/09 05:59:40.601,74,6019,537.29
2026/05/09 05:59:41.632,73,6019,530.06
2026/05/09 05:59:42.664,75,6019,534.56
2026/05/09 05:59:43.695,74,6019,532.62
2026/05/09 05:59:44.726,74,6019,537.43
2026/05/09 05:59:45.757,75,6019,535.87
2026/05/09 05:59:46.789,90,6019,374.07
2026/05/09 05:59:47.820,78,6019,182.60
2026/05/09 05:59:48.851,84,6019,575.00
2026/05/09 05:59:49.882,85,6019,576.68
2026/05/09 05:59:50.913,84,6019,573.59
2026/05/09 05:59:51.944,75,6019,573.50
2026/05/09 05:59:52.975,84,6019,570.72
2026/05/09 05:59:54.007,84,6019,572.79
2026/05/09 05:59:55.039,76,6019,573.31
2026/05/09 05:59:56.070,84,6019,572.56
2026/05/09 05:59:57.102,82,6019,571.20
2026/05/09 05:59:58.133,82,6019,572.92
2026/05/09 05:59:59.163,83,6019,572.48
2026/05/09 06:00:00.195,83,6019,572.23
2026/05/09 06:00:01.227,77,6019,176.95
2026/05/09 06:00:02.258,80,6019,353.86
2026/05/09 06:00:03.291,84,6019,568.76
2026/05/09 06:00:04.322,79,6019,573.14
2026/05/09 06:00:05.353,71,6019,565.12
2026/05/09 06:00:06.384,71,6019,552.90
2026/05/09 06:00:07.415,77,6019,556.15
2026/05/09 06:00:08.447,76,6019,547.24
2026/05/09 06:00:09.478,78,6019,557.12
2026/05/09 06:00:10.510,81,6019,544.85
2026/05/09 06:00:11.541,83,6019,559.91
2026/05/09 06:00:12.572,76,6019,576.55
2026/05/09 06:00:13.603,73,6019,566.83
2026/05/09 06:00:14.634,70,6019,547.10
2026/05/09 06:00:15.665,75,6019,177.59
2026/05/09 06:00:16.695,82,6019,358.22
2026/05/09 06:00:17.726,74,6019,556.33
2026/05/09 06:00:18.757,65,6019,520.07
2026/05/09 06:00:19.788,74,6019,531.34
2026/05/09 06:00:20.819,74,6019,525.65
2026/05/09 06:00:21.854,75,6019,526.37
2026/05/09 06:00:22.886,75,6019,527.15
2026/05/09 06:00:23.917,74,6019,524.33
2026/05/09 06:00:24.949,73,6019,534.78
2026/05/09 06:00:25.982,65,6019,534.59
2026/05/09 06:00:27.014,74,6019,387.76
2026/05/09 06:00:28.045,78,6019,559.75
2026/05/09 06:00:29.075,83,6019,574.39
2026/05/09 06:00:30.107,78,6019,575.36
2026/05/09 06:00:31.138,80,6019,177.52
2026/05/09 06:00:32.169,83,6019,403.84
2026/05/09 06:00:33.201,81,6019,569.28
2026/05/09 06:00:34.233,81,6019,573.10
2026/05/09 06:00:35.265,84,6019,569.67
2026/05/09 06:00:36.297,77,6019,576.85
2026/05/09 06:00:37.330,84,6019,573.03
2026/05/09 06:00:38.361,83,6019,572.29
2026/05/09 06:00:39.392,76,6019,576.02
2026/05/09 06:00:40.423,84,6019,572.88
2026/05/09 06:00:41.455,82,6019,571.20
2026/05/09 06:00:42.487,79,6019,575.38
2026/05/09 06:00:43.517,82,6019,572.96
2026/05/09 06:00:44.550,82,6019,567.30
2026/05/09 06:00:45.580,79,6019,178.49
2026/05/09 06:00:46.611,81,6019,357.74
2026/05/09 06:00:47.642,84,6019,572.38
2026/05/09 06:00:48.673,81,6019,568.19
2026/05/09 06:00:49.706,82,6019,574.16
2026/05/09 06:00:50.738,82,6019,566.20
2026/05/09 06:00:51.771,81,6019,570.15
2026/05/09 06:00:52.802,84,6019,568.88
2026/05/09 06:00:53.834,83,6019,571.01
2026/05/09 06:00:54.867,83,6019,571.02
2026/05/09 06:00:55.898,77,6019,575.28
2026/05/09 06:00:56.930,83,6019,571.67
2026/05/09 06:00:57.962,84,6019,570.39
2026/05/09 06:00:58.994,63,6019,463.64
2026/05/09 06:01:00.026,62,6019,262.24
2026/05/09 06:01:01.058,78,6019,245.84
2026/05/09 06:01:02.089,78,6019,173.86
2026/05/09 06:01:03.121,83,6019,570.77
2026/05/09 06:01:04.152,83,6019,572.18
2026/05/09 06:01:05.184,77,6019,575.15
2026/05/09 06:01:06.214,81,6019,570.67
2026/05/09 06:01:07.247,83,6019,570.46
2026/05/09 06:01:08.278,81,6019,573.72
2026/05/09 06:01:09.310,83,6019,571.52
2026/05/09 06:01:10.342,81,6019,571.02
2026/05/09 06:01:11.374,83,6019,575.20
2026/05/09 06:01:12.405,84,6019,571.14
2026/05/09 06:01:13.436,76,6019,575.33
2026/05/09 06:01:14.469,84,6019,572.20
2026/05/09 06:01:15.500,78,6019,369.10
2026/05/09 06:01:16.532,78,6019,175.13
2026/05/09 06:01:17.565,76,6019,507.93
2026/05/09 06:01:18.597,80,6019,562.30
2026/05/09 06:01:19.629,77,6019,563.30
2026/05/09 06:01:20.660,80,6019,563.43
2026/05/09 06:01:21.693,83,6019,569.34
2026/05/09 06:01:22.725,78,6019,571.47
2026/05/09 06:01:23.758,81,6019,563.28
2026/05/09 06:01:24.790,72,6019,560.74
2026/05/09 06:01:25.822,68,6019,539.57
2026/05/09 06:01:26.853,78,6019,545.88
2026/05/09 06:01:27.885,82,6019,550.69
2026/05/09 06:01:28.917,73,6019,537.28
2026/05/09 06:01:29.949,73,6019,409.74
2026/05/09 06:01:30.979,80,6019,175.72
2026/05/09 06:01:32.011,76,6019,433.70
2026/05/09 06:01:33.040,69,6019,528.83
2026/05/09 06:01:34.071,75,6019,531.67
2026/05/09 06:01:35.102,70,6019,531.52
2026/05/09 06:01:36.132,68,6019,527.99
2026/05/09 06:01:37.162,75,6019,535.60
2026/05/09 06:01:38.192,69,6019,529.96
2026/05/09 06:01:39.222,75,6019,529.20
2026/05/09 06:01:40.252,70,6019,530.48
2026/05/09 06:01:41.283,73,6019,531.32
2026/05/09 06:01:42.314,80,6019,547.98
2026/05/09 06:01:43.345,75,6019,548.67
2026/05/09 06:01:44.376,77,6019,540.75
2026/05/09 06:01:45.409,79,6019,359.89
2026/05/09 06:01:46.441,83,6019,150.55
2026/05/09 06:01:47.472,74,6019,371.27
2026/05/09 06:01:48.505,85,6019,552.26
2026/05/09 06:01:49.534,83,6019,573.84
2026/05/09 06:01:50.565,83,6019,571.91
2026/05/09 06:01:51.595,76,6019,575.46
2026/05/09 06:01:52.627,82,6019,571.94
2026/05/09 06:01:53.659,84,6019,572.92
2026/05/09 06:01:54.691,76,6019,576.03
2026/05/09 06:01:55.723,83,6019,572.84
2026/05/09 06:01:56.755,84,6019,573.60
2026/05/09 06:01:57.787,77,6019,573.83
2026/05/09 06:01:58.819,71,6019,540.82
2026/05/09 06:01:59.851,76,6019,413.48
2026/05/09 06:02:00.883,78,6019,176.85
2026/05/09 06:02:01.915,73,6019,476.06
2026/05/09 06:02:02.947,73,6019,541.72
2026/05/09 06:02:03.979,73,6019,538.12
2026/05/09 06:02:05.011,73,6019,539.33
2026/05/09 06:02:06.041,74,6019,539.18
2026/05/09 06:02:07.073,75,6019,540.68
2026/05/09 06:02:08.104,75,6019,542.35
2026/05/09 06:02:09.138,84,6019,541.50
2026/05/09 06:02:10.171,84,6019,544.53
2026/05/09 06:02:11.202,84,6019,546.03
2026/05/09 06:02:12.234,75,6019,525.36
2026/05/09 06:02:13.265,75,6019,526.58
2026/05/09 06:02:14.297,69,6019,525.99
2026/05/09 06:02:15.329,63,6019,363.12
2026/05/09 06:02:16.362,61,6019,260.77
2026/05/09 06:02:17.394,79,6019,232.08
2026/05/09 06:02:18.425,78,6019,172.78
2026/05/09 06:02:19.455,75,6019,477.36
2026/05/09 06:02:20.485,69,6019,527.47
2026/05/09 06:02:21.515,75,6019,530.95
2026/05/09 06:02:22.547,69,6019,527.31
2026/05/09 06:02:23.579,75,6019,530.47
2026/05/09 06:02:24.610,74,6019,534.43
2026/05/09 06:02:25.640,77,6019,537.60
2026/05/09 06:02:26.673,76,6019,555.53
2026/05/09 06:02:27.703,80,6019,559.01
2026/05/09 06:02:28.733,81,6019,558.62
2026/05/09 06:02:29.764,70,6019,555.55
2026/05/09 06:02:30.794,76,6019,546.96
2026/05/09 06:02:31.823,76,6019,545.41
2026/05/09 06:02:32.853,80,6019,225.23
2026/05/09 06:02:33.883,84,6019,301.09
2026/05/09 06:02:34.914,83,6019,574.07
2026/05/09 06:02:35.944,83,6019,574.81
2026/05/09 06:02:36.975,84,6019,575.59
2026/05/09 06:02:38.005,83,6019,574.00
2026/05/09 06:02:39.036,76,6019,573.91
2026/05/09 06:02:40.067,75,6019,571.16
2026/05/09 06:02:41.099,80,6019,560.19
2026/05/09 06:02:42.130,81,6019,569.60
2026/05/09 06:02:43.161,76,6019,548.89
2026/05/09 06:02:44.192,77,6019,544.57
2026/05/09 06:02:45.226,84,6019,541.92
2026/05/09 06:02:46.257,83,6019,540.28
2026/05/09 06:02:47.287,75,6019,176.46
2026/05/09 06:02:48.317,74,6019,319.64
2026/05/09 06:02:49.348,83,6019,534.92
2026/05/09 06:02:50.379,82,6019,568.52
2026/05/09 06:02:51.411,76,6019,566.76
2026/05/09 06:02:52.441,83,6019,536.31
2026/05/09 06:02:53.473,83,6019,550.98
2026/05/09 06:02:54.505,80,6019,567.58
2026/05/09 06:02:55.536,82,6019,568.96
2026/05/09 06:02:56.567,74,6019,545.76
2026/05/09 06:02:57.598,72,6019,540.21
2026/05/09 06:02:58.629,74,6019,541.39
2026/05/09 06:02:59.661,75,6019,540.06
2026/05/09 06:03:00.696,0,6019,432.30
2026/05/09 06:03:01.727,78,6019,383.78
2026/05/09 06:03:02.757,82,6019,178.05
2026/05/09 06:03:03.788,78,6019,483.71
2026/05/09 06:03:04.819,77,6019,574.12
2026/05/09 06:03:05.851,81,6019,575.51
2026/05/09 06:03:06.881,85,6019,573.89
2026/05/09 06:03:07.912,83,6019,573.42
2026/05/09 06:03:08.943,84,6019,574.65
2026/05/09 06:03:09.973,84,6019,575.23
2026/05/09 06:03:11.004,83,6019,573.82
2026/05/09 06:03:12.034,77,6019,573.94
2026/05/09 06:03:13.065,81,6019,576.24
2026/05/09 06:03:14.097,84,6019,574.80
2026/05/09 06:03:15.128,84,6019,574.32
2026/05/09 06:03:16.158,79,6019,277.55
2026/05/09 06:03:17.188,84,6019,295.52
2026/05/09 06:03:18.218,80,6019,574.68
2026/05/09 06:03:19.250,78,6019,575.24
2026/05/09 06:03:20.281,82,6019,571.83
2026/05/09 06:03:21.313,83,6019,573.73
2026/05/09 06:03:22.343,84,6019,574.90
2026/05/09 06:03:23.374,81,6019,574.11
2026/05/09 06:03:24.404,79,6019,578.85
2026/05/09 06:03:25.435,83,6019,574.19
2026/05/09 06:03:26.464,84,6019,574.97
2026/05/09 06:03:27.494,84,6019,573.25
2026/05/09 06:03:28.525,78,6019,575.51
2026/05/09 06:03:29.556,81,6019,577.00
2026/05/09 06:03:30.588,63,6019,333.51
2026/05/09 06:03:31.620,61,6019,268.75
2026/05/09 06:03:32.650,76,6019,177.84
2026/05/09 06:03:33.681,77,6019,423.94
2026/05/09 06:03:34.713,84,6019,571.93
2026/05/09 06:03:35.745,82,6019,573.39
2026/05/09 06:03:36.776,82,6019,572.47
2026/05/09 06:03:37.810,79,6019,577.46
2026/05/09 06:03:38.840,83,6019,572.11
2026/05/09 06:03:39.873,84,6019,570.04
2026/05/09 06:03:40.905,83,6019,572.19
2026/05/09 06:03:41.936,83,6019,568.46
2026/05/09 06:03:42.969,84,6019,574.00
2026/05/09 06:03:44.001,81,6019,566.73
2026/05/09 06:03:45.033,79,6019,574.85
2026/05/09 06:03:46.065,80,6019,532.63
2026/05/09 06:03:47.096,79,6019,180.52
2026/05/09 06:03:48.128,71,6019,499.70
2026/05/09 06:03:49.159,74,6019,496.50
2026/05/09 06:03:50.190,73,6019,493.82
2026/05/09 06:03:51.221,71,6019,494.33
2026/05/09 06:03:52.252,67,6019,492.82
2026/05/09 06:03:53.283,64,6019,490.71
2026/05/09 06:03:54.313,75,6019,506.44
2026/05/09 06:03:55.343,73,6019,527.92
2026/05/09 06:03:56.374,73,6019,528.55
2026/05/09 06:03:57.405,72,6019,530.77
2026/05/09 06:03:58.436,65,6019,526.33
2026/05/09 06:03:59.467,75,6019,517.72
2026/05/09 06:04:00.499,75,6019,537.30
2026/05/09 06:04:01.531,75,6019,548.21
2026/05/09 06:04:02.561,77,6019,281.31
2026/05/09 06:04:03.591,82,6019,245.37
2026/05/09 06:04:04.623,82,6019,563.86
2026/05/09 06:04:05.655,72,6019,509.81
2026/05/09 06:04:06.686,59,6019,499.34
2026/05/09 06:04:07.717,74,6019,510.49
2026/05/09 06:04:08.750,72,6019,515.16
2026/05/09 06:04:09.781,67,6019,513.61
2026/05/09 06:04:10.811,72,6019,512.46
2026/05/09 06:04:11.844,69,6019,515.15
2026/05/09 06:04:12.876,72,6019,518.45
2026/05/09 06:04:13.908,66,6019,516.45
2026/05/09 06:04:14.939,74,6019,507.29
2026/05/09 06:04:15.971,64,6019,499.48
2026/05/09 06:04:17.003,67,6019,499.77
2026/05/09 06:04:18.034,79,6019,413.44
2026/05/09 06:04:19.065,81,6019,175.04
2026/05/09 06:04:20.096,74,6019,439.55
2026/05/09 06:04:21.128,63,6019,511.80
2026/05/09 06:04:22.159,69,6019,506.37
2026/05/09 06:04:23.192,67,6019,501.37
2026/05/09 06:04:24.225,72,6019,339.67
2026/05/09 06:04:25.257,78,6019,545.16
2026/05/09 06:04:26.289,82,6019,555.36
2026/05/09 06:04:27.321,83,6019,571.67
2026/05/09 06:04:28.353,76,6019,573.99
2026/05/09 06:04:29.385,82,6019,570.32
2026/05/09 06:04:30.415,84,6019,569.97
2026/05/09 06:04:31.446,80,6019,574.54
2026/05/09 06:04:32.477,83,6019,570.34
2026/05/09 06:04:33.508,75,6019,357.40
2026/05/09 06:04:34.538,72,6019,213.56
2026/05/09 06:04:35.570,74,6019,533.09
2026/05/09 06:04:36.601,73,6019,521.00
2026/05/09 06:04:37.633,74,6019,495.46
2026/05/09 06:04:38.664,66,6019,490.37
2026/05/09 06:04:39.696,63,6019,493.19
2026/05/09 06:04:40.727,61,6019,489.72
2026/05/09 06:04:41.758,59,6019,491.17
2026/05/09 06:04:42.791,60,6019,486.44
2026/05/09 06:04:43.823,60,6019,493.84
2026/05/09 06:04:44.854,60,6019,495.50
2026/05/09 06:04:45.888,61,6019,490.52
2026/05/09 06:04:46.920,62,6019,491.63
2026/05/09 06:04:47.953,64,6019,495.27
2026/05/09 06:04:48.986,69,6019,497.42
2026/05/09 06:04:50.018,65,6019,362.44
2026/05/09 06:04:51.050,67,6019,270.82
2026/05/09 06:04:52.082,87,6019,223.04
2026/05/09 06:04:53.111,84,6019,190.44
2026/05/09 06:04:54.142,74,6019,496.47
2026/05/09 06:04:55.173,74,6019,490.21
2026/05/09 06:04:56.206,64,6019,487.17
2026/05/09 06:04:57.237,58,6019,489.06
2026/05/09 06:04:58.270,59,6019,485.79
2026/05/09 06:04:59.301,58,6019,487.10
2026/05/09 06:05:00.334,61,6019,492.71
2026/05/09 06:05:01.365,72,6019,494.03
2026/05/09 06:05:02.397,74,6019,495.94
2026/05/09 06:05:03.427,71,6019,491.47
2026/05/09 06:05:04.459,63,6019,487.96
2026/05/09 06:05:05.490,63,6019,487.36
2026/05/09 06:05:06.521,64,6019,487.81
2026/05/09 06:05:07.554,74,6019,493.89
2026/05/09 06:05:08.585,83,6019,402.55
2026/05/09 06:05:09.615,86,6019,179.27
2026/05/09 06:05:10.646,65,6019,492.43
2026/05/09 06:05:11.677,65,6019,492.13
2026/05/09 06:05:12.709,64,6019,491.46
2026/05/09 06:05:13.740,71,6019,493.54
2026/05/09 06:05:14.771,73,6019,491.88
2026/05/09 06:05:15.803,71,6019,491.50
2026/05/09 06:05:16.835,61,6019,487.43
2026/05/09 06:05:17.865,61,6019,490.37
2026/05/09 06:05:18.896,73,6019,497.81
2026/05/09 06:05:19.929,68,6019,498.82
2026/05/09 06:05:20.960,72,6019,494.32
2026/05/09 06:05:21.993,63,6019,493.64
2026/05/09 06:05:23.025,60,6019,496.04
2026/05/09 06:05:24.057,67,6019,499.89
2026/05/09 06:05:25.087,86,6019,402.12
2026/05/09 06:05:26.119,90,6019,174.27
2026/05/09 06:05:27.152,68,6019,514.78
2026/05/09 06:05:28.184,75,6019,516.87
2026/05/09 06:05:29.215,75,6019,514.40
2026/05/09 06:05:30.247,63,6019,507.43
2026/05/09 06:05:31.280,68,6019,507.75
2026/05/09 06:05:32.312,70,6019,507.28
2026/05/09 06:05:33.344,74,6019,513.36
2026/05/09 06:05:34.376,70,6019,510.23
2026/05/09 06:05:35.409,63,6019,523.44
2026/05/09 06:05:36.441,75,6019,515.47
2026/05/09 06:05:37.474,73,6019,519.84
2026/05/09 06:05:38.506,80,6019,528.16
2026/05/09 06:05:39.537,65,6019,529.44
2026/05/09 06:05:40.570,76,6019,521.56
2026/05/09 06:05:41.602,73,6019,177.89
2026/05/09 06:05:42.635,74,6019,481.24
2026/05/09 06:05:43.667,63,6019,497.65
2026/05/09 06:05:44.698,73,6019,509.93
2026/05/09 06:05:45.729,74,6019,505.44
2026/05/09 06:05:46.762,68,6019,507.79
2026/05/09 06:05:47.795,74,6019,514.70
2026/05/09 06:05:48.826,72,6019,526.16
2026/05/09 06:05:49.858,75,6019,531.48
2026/05/09 06:05:50.890,68,6019,506.65
2026/05/09 06:05:51.922,74,6019,502.79
2026/05/09 06:05:52.955,67,6019,345.64
2026/05/09 06:05:53.986,76,6019,550.01
2026/05/09 06:05:55.018,81,6019,563.62
2026/05/09 06:05:56.051,78,6019,571.76
2026/05/09 06:05:57.082,77,6019,342.37
2026/05/09 06:05:58.114,75,6019,180.73
2026/05/09 06:05:59.146,82,6019,567.18
2026/05/09 06:06:00.178,80,6019,570.11
2026/05/09 06:06:01.212,82,6019,566.23
2026/05/09 06:06:02.245,83,6019,569.02
2026/05/09 06:06:03.276,76,6019,570.40
2026/05/09 06:06:04.309,82,6019,564.31
2026/05/09 06:06:05.341,82,6019,570.23
2026/05/09 06:06:06.375,76,6019,568.88
2026/05/09 06:06:07.407,82,6019,564.08
2026/05/09 06:06:08.440,83,6019,567.96
2026/05/09 06:06:09.473,77,6019,569.12
2026/05/09 06:06:10.507,82,6019,563.53
2026/05/09 06:06:11.539,60,6019,353.77
2026/05/09 06:06:12.572,60,6019,265.49
2026/05/09 06:06:13.603,78,6019,224.76
2026/05/09 06:06:14.634,79,6019,180.40
2026/05/09 06:06:15.665,74,6019,535.36
2026/05/09 06:06:16.699,73,6019,528.54
2026/05/09 06:06:17.729,75,6019,535.15
2026/05/09 06:06:18.758,75,6019,537.60
2026/05/09 06:06:19.789,74,6019,531.83
2026/05/09 06:06:20.820,73,6019,533.20
2026/05/09 06:06:21.853,72,6019,529.16
2026/05/09 06:06:22.883,75,6019,532.52
2026/05/09 06:06:23.914,73,6019,530.67
2026/05/09 06:06:24.945,73,6019,529.18
2026/05/09 06:06:25.977,73,6019,531.37
2026/05/09 06:06:27.009,73,6019,527.50
2026/05/09 06:06:28.041,75,6019,533.97
2026/05/09 06:06:29.072,77,6019,309.90
2026/05/09 06:06:30.103,84,6019,231.47
2026/05/09 06:06:31.133,83,6019,573.15
2026/05/09 06:06:32.163,81,6019,573.27
2026/05/09 06:06:33.194,76,6019,577.64
2026/05/09 06:06:34.225,82,6019,574.63
2026/05/09 06:06:35.256,83,6019,572.47
2026/05/09 06:06:36.287,83,6019,573.92
2026/05/09 06:06:37.318,84,6019,574.63
2026/05/09 06:06:38.350,76,6019,577.81
2026/05/09 06:06:39.382,82,6019,573.58
2026/05/09 06:06:40.412,84,6019,573.16
2026/05/09 06:06:41.443,84,6019,575.61
2026/05/09 06:06:42.474,79,6019,501.16
2026/05/09 06:06:43.505,78,6019,177.44
2026/05/09 06:06:44.535,78,6019,406.63
2026/05/09 06:06:45.567,83,6019,570.09
2026/05/09 06:06:46.599,81,6019,569.89
2026/05/09 06:06:47.631,82,6019,575.61
2026/05/09 06:06:48.662,75,6019,526.67
2026/05/09 06:06:49.694,74,6019,528.01
2026/05/09 06:06:50.725,75,6019,521.70
2026/05/09 06:06:51.756,66,6019,525.86
2026/05/09 06:06:52.786,74,6019,528.59
2026/05/09 06:06:53.817,66,6019,522.30
2026/05/09 06:06:54.849,74,6019,529.52
2026/05/09 06:06:55.879,69,6019,522.20
2026/05/09 06:06:56.910,74,6019,525.44
2026/05/09 06:06:57.941,79,6019,334.20
2026/05/09 06:06:58.972,76,6019,177.71
2026/05/09 06:07:00.002,73,6019,503.10
2026/05/09 06:07:01.034,72,6019,523.90
2026/05/09 06:07:02.065,75,6019,527.93
2026/05/09 06:07:03.097,73,6019,520.86
2026/05/09 06:07:04.127,80,6019,528.29
2026/05/09 06:07:05.159,72,6019,536.48
2026/05/09 06:07:06.190,73,6019,539.67
2026/05/09 06:07:07.220,72,6019,538.33
2026/05/09 06:07:08.252,73,6019,540.17
2026/05/09 06:07:09.283,81,6019,543.01
2026/05/09 06:07:10.315,83,6019,570.01
2026/05/09 06:07:11.345,78,6019,575.71
2026/05/09 06:07:12.376,81,6019,562.82
2026/05/09 06:07:13.410,80,6019,203.96
2026/05/09 06:07:14.442,85,6019,180.33
2026/05/09 06:07:15.473,75,6019,560.39
2026/05/09 06:07:16.504,83,6019,571.51
2026/05/09 06:07:17.535,83,6019,573.20
2026/05/09 06:07:18.567,82,6019,571.74
2026/05/09 06:07:19.599,79,6019,577.90
2026/05/09 06:07:20.631,83,6019,572.96
2026/05/09 06:07:21.663,82,6019,571.04
2026/05/09 06:07:22.695,84,6019,572.39
2026/05/09 06:07:23.727,82,6019,570.20
2026/05/09 06:07:24.759,80,6019,573.70
2026/05/09 06:07:25.790,84,6019,571.84
2026/05/09 06:07:26.822,78,6019,567.83
2026/05/09 06:07:27.857,63,6019,263.79
2026/05/09 06:07:28.889,61,6019,263.57
2026/05/09 06:07:29.921,90,6019,200.78
2026/05/09 06:07:30.953,84,6019,281.30
2026/05/09 06:07:31.984,79,6019,570.46
2026/05/09 06:07:33.016,82,6019,566.01
2026/05/09 06:07:34.048,84,6019,572.18
2026/05/09 06:07:35.080,81,6019,566.89
2026/05/09 06:07:36.112,81,6019,570.61
2026/05/09 06:07:37.142,72,6019,561.67
2026/05/09 06:07:38.174,75,6019,533.23
2026/05/09 06:07:39.206,72,6019,528.08
2026/05/09 06:07:40.237,75,6019,531.14
2026/05/09 06:07:41.270,72,6019,528.99
2026/05/09 06:07:42.302,74,6019,528.81
2026/05/09 06:07:43.335,73,6019,529.51
2026/05/09 06:07:44.368,77,6019,366.48
2026/05/09 06:07:45.400,76,6019,181.96
2026/05/09 06:07:46.433,76,6019,540.74
2026/05/09 06:07:47.467,84,6019,571.39
2026/05/09 06:07:48.499,79,6019,569.52
2026/05/09 06:07:49.531,81,6019,575.72
2026/05/09 06:07:50.563,73,6019,537.01
2026/05/09 06:07:51.595,75,6019,526.72
2026/05/09 06:07:52.626,73,6019,528.39
2026/05/09 06:07:53.657,69,6019,528.68
2026/05/09 06:07:54.688,65,6019,493.40
2026/05/09 06:07:55.718,65,6019,493.97
2026/05/09 06:07:56.750,65,6019,494.53
2026/05/09 06:07:57.781,65,6019,493.83
2026/05/09 06:07:58.813,65,6019,494.45
2026/05/09 06:07:59.844,87,6019,330.65
2026/05/09 06:08:00.875,68,6019,215.30
2026/05/09 06:08:01.905,82,6019,559.58
2026/05/09 06:08:02.936,67,6019,551.04
2026/05/09 06:08:03.966,72,6019,523.99
2026/05/09 06:08:04.998,74,6019,507.07
2026/05/09 06:08:06.030,67,6019,502.08
2026/05/09 06:08:07.060,73,6019,522.09
2026/05/09 06:08:08.091,67,6019,508.25
2026/05/09 06:08:09.122,67,6019,505.18
2026/05/09 06:08:10.155,73,6019,530.02
2026/05/09 06:08:11.186,65,6019,527.12
2026/05/09 06:08:12.218,60,6019,499.48
2026/05/09 06:08:13.250,60,6019,494.55
2026/05/09 06:08:14.281,60,6019,490.33
2026/05/09 06:08:15.313,85,6019,412.94
2026/05/09 06:08:16.343,78,6019,178.32
2026/05/09 06:08:17.375,75,6019,439.21
2026/05/09 06:08:18.405,74,6019,536.24
2026/05/09 06:08:19.436,74,6019,542.99
2026/05/09 06:08:20.467,79,6019,549.67
2026/05/09 06:08:21.498,75,6019,546.38
2026/05/09 06:08:22.528,78,6019,543.12
2026/05/09 06:08:23.558,74,6019,543.07
2026/05/09 06:08:24.590,75,6019,550.00
2026/05/09 06:08:25.621,83,6019,567.23
2026/05/09 06:08:26.652,76,6019,555.03
2026/05/09 06:08:27.683,74,6019,545.70
2026/05/09 06:08:28.713,75,6019,554.28
2026/05/09 06:08:29.744,75,6019,542.94
2026/05/09 06:08:30.775,77,6027,205.52
2026/05/09 06:08:31.805,71,6027,313.27
2026/05/09 06:08:32.836,64,6027,503.65
2026/05/09 06:08:33.865,69,6027,516.57
2026/05/09 06:08:34.896,74,6027,517.27
2026/05/09 06:08:35.927,68,6027,511.14
2026/05/09 06:08:36.960,82,6027,348.71
2026/05/09 06:08:37.991,72,6027,551.87
2026/05/09 06:08:39.023,78,6027,563.10
2026/05/09 06:08:40.056,82,6027,571.77
2026/05/09 06:08:41.087,84,6027,570.93
2026/05/09 06:08:42.119,79,6027,576.21
2026/05/09 06:08:43.150,81,6027,570.45
2026/05/09 06:08:44.181,78,6027,573.40
2026/05/09 06:08:45.214,62,6027,492.97
2026/05/09 06:08:46.247,60,6027,265.08
2026/05/09 06:08:47.279,74,6027,254.67
2026/05/09 06:08:48.311,76,6027,173.62
2026/05/09 06:08:49.342,80,6027,366.20
2026/05/09 06:08:50.374,75,6027,567.33
2026/05/09 06:08:51.406,79,6027,564.70
2026/05/09 06:08:52.439,79,6027,564.71
2026/05/09 06:08:53.472,82,6027,569.28
2026/05/09 06:08:54.504,77,6027,566.30
2026/05/09 06:08:55.535,80,6027,566.85
2026/05/09 06:08:56.567,82,6027,570.77
2026/05/09 06:08:57.599,75,6027,568.47
2026/05/09 06:08:58.633,80,6027,565.27
2026/05/09 06:08:59.664,81,6027,564.39
2026/05/09 06:09:00.697,82,6027,568.73
2026/05/09 06:09:01.728,79,6027,438.83
2026/05/09 06:09:02.758,78,6027,174.99
2026/05/09 06:09:03.790,82,6027,486.72
2026/05/09 06:09:04.821,80,6027,564.58
2026/05/09 06:09:05.854,81,6027,566.83
2026/05/09 06:09:06.886,74,6027,550.62
2026/05/09 06:09:07.919,71,6027,523.39
2026/05/09 06:09:08.953,73,6027,531.19
2026/05/09 06:09:09.985,72,6027,525.48
2026/05/09 06:09:11.017,72,6027,521.40
2026/05/09 06:09:12.050,72,6027,530.87
2026/05/09 06:09:13.082,72,6027,526.16
2026/05/09 06:09:14.114,72,6027,528.43
2026/05/09 06:09:15.147,74,6027,532.31
2026/05/09 06:09:16.180,71,6027,524.83
2026/05/09 06:09:17.213,90,6027,326.67
2026/05/09 06:09:18.245,78,6027,244.58
2026/05/09 06:09:19.278,74,6027,519.89
2026/05/09 06:09:20.311,71,6027,522.28
2026/05/09 06:09:21.344,72,6027,530.65
2026/05/09 06:09:22.376,74,6027,527.13
2026/05/09 06:09:23.408,71,6027,522.63
2026/05/09 06:09:24.441,74,6027,528.65
2026/05/09 06:09:25.473,70,6027,524.39
2026/05/09 06:09:26.506,71,6027,527.02
2026/05/09 06:09:27.538,74,6027,526.39
2026/05/09 06:09:28.570,71,6027,521.94
2026/05/09 06:09:29.602,72,6027,530.09
2026/05/09 06:09:30.635,75,6027,528.30
2026/05/09 06:09:31.668,72,6027,526.41
2026/05/09 06:09:32.700,78,6027,304.62
2026/05/09 06:09:33.732,91,6027,209.02
2026/05/09 06:09:34.764,72,6027,519.65
2026/05/09 06:09:35.798,72,6027,520.98
2026/05/09 06:09:36.831,69,6027,513.17
2026/05/09 06:09:37.864,68,6027,509.20
2026/05/09 06:09:38.898,67,6027,507.96
2026/05/09 06:09:39.931,69,6027,511.89
2026/05/09 06:09:40.963,74,6027,496.71
2026/05/09 06:09:41.995,63,6027,482.41
2026/05/09 06:09:43.027,63,6027,495.78
2026/05/09 06:09:44.059,74,6027,486.12
2026/05/09 06:09:45.091,63,6027,481.75
2026/05/09 06:09:46.123,64,6027,495.82
2026/05/09 06:09:47.156,74,6027,490.30
2026/05/09 06:09:48.186,58,6027,483.06
2026/05/09 06:09:49.219,91,6027,305.14
2026/05/09 06:09:50.251,77,6027,204.74
2026/05/09 06:09:51.282,74,6027,521.73
2026/05/09 06:09:52.316,74,6027,533.94
2026/05/09 06:09:53.346,72,6027,529.28
2026/05/09 06:09:54.377,72,6027,526.93
2026/05/09 06:09:55.410,75,6027,518.80
2026/05/09 06:09:56.442,67,6027,520.98
2026/05/09 06:09:57.474,74,6027,530.78
2026/05/09 06:09:58.507,82,6027,534.48
2026/05/09 06:09:59.538,74,6027,522.69
2026/05/09 06:10:00.573,37,6027,444.37
2026/05/09 06:10:01.605,76,6027,415.23
2026/05/09 06:10:02.636,84,6027,573.84
2026/05/09 06:10:03.668,81,6027,572.32
2026/05/09 06:10:04.700,63,6027,419.99
2026/05/09 06:10:05.733,68,6027,266.23
2026/05/09 06:10:06.765,79,6027,236.52
2026/05/09 06:10:07.797,76,6027,173.59
2026/05/09 06:10:08.827,80,6027,485.02
2026/05/09 06:10:09.859,84,6027,574.15
2026/05/09 06:10:10.891,83,6027,572.17
2026/05/09 06:10:11.921,75,6027,571.12
2026/05/09 06:10:12.954,84,6027,576.45
2026/05/09 06:10:13.985,82,6027,572.05
2026/05/09 06:10:15.015,82,6027,571.29
2026/05/09 06:10:16.048,83,6028,569.49
2026/05/09 06:10:17.080,80,6381,567.78
2026/05/09 06:10:18.111,80,6424,540.75
2026/05/09 06:10:19.142,80,6415,566.11
2026/05/09 06:10:20.172,84,6414,573.72
2026/05/09 06:10:21.203,79,6414,365.80
2026/05/09 06:10:22.232,80,6234,179.94
2026/05/09 06:10:23.263,82,6214,522.14
2026/05/09 06:10:24.295,81,6214,567.95
2026/05/09 06:10:25.327,81,6214,562.89
2026/05/09 06:10:26.360,80,6214,561.74
2026/05/09 06:10:27.392,83,6214,563.38
2026/05/09 06:10:28.424,81,6214,562.59
2026/05/09 06:10:29.459,80,6214,567.61
2026/05/09 06:10:30.493,81,6214,568.87
2026/05/09 06:10:31.525,84,6214,568.72
2026/05/09 06:10:32.557,83,6214,562.53
2026/05/09 06:10:33.589,80,6214,568.98
2026/05/09 06:10:34.620,82,6214,569.31
2026/05/09 06:10:35.652,79,6214,407.57
2026/05/09 06:10:36.682,81,6214,181.21
2026/05/09 06:10:37.713,80,6214,526.19
2026/05/09 06:10:38.745,79,6214,561.46
2026/05/09 06:10:39.777,81,6214,556.12
2026/05/09 06:10:40.809,79,6214,557.73
2026/05/09 06:10:41.843,79,6214,562.79
2026/05/09 06:10:42.877,77,6214,548.91
2026/05/09 06:10:43.908,78,6231,546.67
2026/05/09 06:10:44.940,80,6235,550.52
2026/05/09 06:10:45.971,80,6237,561.51
2026/05/09 06:10:47.004,70,6241,531.42
2026/05/09 06:10:48.037,74,6239,523.62
2026/05/09 06:10:49.070,79,6239,524.36
2026/05/09 06:10:50.103,76,6238,533.15
2026/05/09 06:10:51.136,79,6234,407.11
2026/05/09 06:10:52.171,72,6234,287.39
2026/05/09 06:10:53.204,72,6221,523.10
2026/05/09 06:10:54.238,72,6221,524.97
2026/05/09 06:10:55.269,73,6220,525.58
2026/05/09 06:10:56.302,69,6220,506.01
2026/05/09 06:10:57.334,63,6220,484.87
2026/05/09 06:10:58.367,76,6220,488.43
2026/05/09 06:10:59.400,63,6220,485.08
2026/05/09 06:11:00.433,73,6220,487.92
2026/05/09 06:11:01.465,61,6220,488.97
2026/05/09 06:11:02.497,63,6220,486.96
2026/05/09 06:11:03.531,71,6220,489.06
2026/05/09 06:11:04.564,64,6220,483.93
2026/05/09 06:11:05.597,77,6220,487.26
2026/05/09 06:11:06.629,58,6220,488.66
2026/05/09 06:11:07.662,87,6220,310.96
2026/05/09 06:11:08.694,72,6220,212.03
2026/05/09 06:11:09.726,63,6220,481.89
2026/05/09 06:11:10.758,60,6220,484.25
2026/05/09 06:11:11.791,68,6220,491.32
2026/05/09 06:11:12.823,64,6220,482.39
2026/05/09 06:11:13.856,76,6220,491.01
2026/05/09 06:11:14.888,63,6238,484.76
2026/05/09 06:11:15.919,59,6238,480.36
2026/05/09 06:11:16.951,68,6237,487.60
2026/05/09 06:11:17.983,65,6294,477.44
2026/05/09 06:11:19.016,66,6288,481.42
2026/05/09 06:11:20.048,66,6280,476.17
2026/05/09 06:11:21.082,60,6275,471.63
2026/05/09 06:11:22.115,60,6271,478.14
2026/05/09 06:11:23.147,58,6269,472.58
2026/05/09 06:11:24.179,58,6243,483.87
2026/05/09 06:11:25.215,1,6243,273.85
2026/05/09 06:11:26.251,63,6242,244.66
2026/05/09 06:11:27.284,72,6242,257.22
2026/05/09 06:11:28.316,91,6233,183.20
2026/05/09 06:11:29.348,82,6233,378.90
2026/05/09 06:11:30.381,79,6233,560.74
2026/05/09 06:11:31.414,80,6233,560.28
2026/05/09 06:11:32.447,81,6234,562.17
2026/05/09 06:11:33.479,82,6253,558.74
2026/05/09 06:11:34.511,83,6252,567.39
2026/05/09 06:11:35.544,80,6251,561.72
2026/05/09 06:11:36.577,80,6251,562.84
2026/05/09 06:11:37.609,83,6250,563.71
2026/05/09 06:11:38.641,83,6231,566.20
2026/05/09 06:11:39.673,84,6246,562.97
2026/05/09 06:11:40.705,72,6245,547.99
2026/05/09 06:11:41.738,72,6245,520.95
2026/05/09 06:11:42.770,88,6245,233.43
2026/05/09 06:11:43.803,71,6245,323.97
2026/05/09 06:11:44.836,76,6233,524.16
2026/05/09 06:11:45.869,72,6233,517.29
2026/05/09 06:11:46.902,73,6233,524.13
2026/05/09 06:11:47.936,73,6233,525.11
2026/05/09 06:11:48.972,71,6234,523.22
2026/05/09 06:11:50.002,72,6222,522.94
2026/05/09 06:11:51.036,76,6221,522.96
2026/05/09 06:11:52.068,71,6234,523.06
2026/05/09 06:11:53.102,74,6234,521.43
2026/05/09 06:11:54.134,74,6233,523.89
2026/05/09 06:11:55.166,72,6236,522.56
2026/05/09 06:11:56.198,72,6242,523.89
2026/05/09 06:11:57.231,71,6231,521.43
2026/05/09 06:11:58.263,92,6233,303.25
2026/05/09 06:11:59.295,76,6233,261.99
2026/05/09 06:12:00.326,72,6263,513.86
2026/05/09 06:12:01.359,72,6263,518.58
2026/05/09 06:12:02.393,72,6257,524.03
2026/05/09 06:12:03.424,72,6278,518.79
2026/05/09 06:12:04.458,72,6276,522.11
2026/05/09 06:12:05.492,71,6259,521.02
2026/05/09 06:12:06.524,72,6264,521.29
2026/05/09 06:12:07.556,72,6259,524.21
2026/05/09 06:12:08.589,72,6235,526.54
2026/05/09 06:12:09.620,71,6235,524.05
2026/05/09 06:12:10.653,71,6218,520.98
2026/05/09 06:12:11.685,71,6264,508.57
2026/05/09 06:12:12.717,71,6260,512.66
2026/05/09 06:12:13.750,85,6260,409.08
2026/05/09 06:12:14.783,79,6271,183.91
2026/05/09 06:12:15.816,80,6302,480.30
2026/05/09 06:12:16.848,78,6296,554.62
2026/05/09 06:12:17.881,79,6291,550.22
2026/05/09 06:12:18.914,80,6301,560.13
2026/05/09 06:12:19.947,80,6302,554.59
2026/05/09 06:12:20.981,75,6302,527.57
2026/05/09 06:12:22.014,68,6766,491.42
2026/05/09 06:12:23.047,77,6950,509.60
2026/05/09 06:12:24.081,77,6943,507.64
2026/05/09 06:12:25.114,66,6931,504.32
2026/05/09 06:12:26.147,76,6931,515.95
2026/05/09 06:12:27.180,74,6654,514.20
2026/05/09 06:12:28.213,69,6240,512.03
2026/05/09 06:12:29.245,76,6240,493.98
2026/05/09 06:12:30.276,75,6236,197.90
2026/05/09 06:12:31.308,77,6236,361.26
2026/05/09 06:12:32.340,72,6265,509.09
2026/05/09 06:12:33.371,70,6265,517.03
2026/05/09 06:12:34.403,68,6264,510.58
2026/05/09 06:12:35.436,72,6263,511.00
2026/05/09 06:12:36.467,72,6263,513.78
2026/05/09 06:12:37.499,81,6232,537.40
2026/05/09 06:12:38.532,79,6232,562.01
2026/05/09 06:12:39.564,79,6236,562.05
2026/05/09 06:12:40.597,83,6248,555.51
2026/05/09 06:12:41.629,79,6268,556.30
2026/05/09 06:12:42.661,71,6263,535.03
2026/05/09 06:12:43.692,63,6263,505.88
2026/05/09 06:12:44.724,63,6271,509.29
2026/05/09 06:12:45.759,65,6245,275.28
2026/05/09 06:12:46.793,68,6245,275.49
2026/05/09 06:12:47.826,74,6245,199.23
2026/05/09 06:12:48.858,75,6245,260.23
2026/05/09 06:12:49.890,74,6224,534.98
2026/05/09 06:12:50.921,72,6244,511.87
2026/05/09 06:12:51.954,68,6244,519.39
2026/05/09 06:12:52.985,73,6240,519.79
2026/05/09 06:12:54.018,81,6240,382.00
2026/05/09 06:12:55.052,81,6240,554.33
2026/05/09 06:12:56.082,83,6224,560.05
2026/05/09 06:12:57.115,78,6224,572.35
2026/05/09 06:12:58.148,82,6224,565.83
2026/05/09 06:12:59.180,82,6224,567.02
2026/05/09 06:13:00.214,83,6224,569.78
2026/05/09 06:13:01.246,83,6228,571.54
2026/05/09 06:13:02.277,78,6231,554.98
2026/05/09 06:13:03.308,80,6231,203.30
2026/05/09 06:13:04.340,82,6232,368.11
2026/05/09 06:13:05.372,83,6232,567.87
2026/05/09 06:13:06.404,82,6232,570.39
2026/05/09 06:13:07.438,83,6238,568.56
2026/05/09 06:13:08.470,82,6268,563.65
2026/05/09 06:13:09.502,83,6266,569.18
2026/05/09 06:13:10.534,68,6265,535.67
2026/05/09 06:13:11.566,73,6268,527.68
2026/05/09 06:13:12.598,75,6274,518.40
2026/05/09 06:13:13.630,69,6269,522.63
2026/05/09 06:13:14.662,74,6269,521.70
2026/05/09 06:13:15.696,72,6272,513.95
2026/05/09 06:13:16.729,80,6283,551.66
2026/05/09 06:13:17.762,81,6292,425.97
2026/05/09 06:13:18.794,83,6292,184.08
2026/05/09 06:13:19.826,82,6657,471.97
2026/05/09 06:13:20.858,81,6663,555.63
2026/05/09 06:13:21.890,81,6648,561.45
2026/05/09 06:13:22.922,82,6645,567.41
2026/05/09 06:13:23.955,80,6643,569.74
2026/05/09 06:13:24.987,79,6351,566.90
2026/05/09 06:13:26.019,77,6216,545.52
2026/05/09 06:13:27.052,72,6216,524.33
2026/05/09 06:13:28.085,72,6216,524.51
2026/05/09 06:13:29.118,72,6216,526.26
2026/05/09 06:13:30.150,72,6216,529.33
2026/05/09 06:13:31.183,73,6216,530.28
2026/05/09 06:13:32.216,76,6216,527.58
2026/05/09 06:13:33.249,79,6216,277.26
2026/05/09 06:13:34.282,82,6216,262.45
2026/05/09 06:13:35.314,82,6216,567.14
2026/05/09 06:13:36.346,81,6216,570.71
2026/05/09 06:13:37.379,79,6216,570.16
2026/05/09 06:13:38.411,77,6216,567.24
2026/05/09 06:13:39.443,82,6216,569.38
2026/05/09 06:13:40.476,83,6216,571.75
2026/05/09 06:13:41.508,80,6216,572.48
2026/05/09 06:13:42.538,84,6216,571.08
2026/05/09 06:13:43.569,84,6216,577.20
2026/05/09 06:13:44.601,83,6216,570.91
2026/05/09 06:13:45.634,81,6216,578.35
2026/05/09 06:13:46.665,83,6265,563.69
2026/05/09 06:13:47.697,79,6276,201.63
2026/05/09 06:13:48.729,80,6270,316.75
2026/05/09 06:13:49.761,81,6270,555.04
2026/05/09 06:13:50.794,72,6269,541.32
2026/05/09 06:13:51.826,78,6247,542.76
2026/05/09 06:13:52.859,71,6222,538.91
2026/05/09 06:13:53.892,80,6222,544.33
2026/05/09 06:13:54.924,71,6222,541.31
2026/05/09 06:13:55.957,80,6222,546.10
2026/05/09 06:13:56.989,71,6222,542.40
2026/05/09 06:13:58.021,79,6222,546.46
2026/05/09 06:13:59.055,72,6222,543.02
2026/05/09 06:14:00.087,80,6222,549.15
2026/05/09 06:14:01.120,75,6222,527.54
2026/05/09 06:14:02.153,72,6222,513.32
2026/05/09 06:14:03.185,80,6222,180.02
2026/05/09 06:14:04.217,82,6222,399.82
2026/05/09 06:14:05.249,75,6222,532.36
2026/05/09 06:14:06.281,75,6222,518.49
2026/05/09 06:14:07.315,72,6222,514.28
2026/05/09 06:14:08.348,66,6222,512.59
2026/05/09 06:14:09.379,80,6222,538.02
2026/05/09 06:14:10.413,71,6226,518.48
2026/05/09 06:14:11.445,67,6228,517.59
2026/05/09 06:14:12.478,73,6228,520.62
2026/05/09 06:14:13.510,73,6232,513.98
2026/05/09 06:14:14.544,73,6232,533.09
2026/05/09 06:14:15.577,71,6232,363.45
2026/05/09 06:14:16.609,82,6232,553.76
2026/05/09 06:14:17.640,82,6232,567.00
2026/05/09 06:14:18.676,61,6230,321.31
2026/05/09 06:14:19.713,68,6230,268.02
2026/05/09 06:14:20.746,80,6226,217.71
2026/05/09 06:14:21.778,74,6225,230.64
2026/05/09 06:14:22.811,72,6229,522.92
2026/05/09 06:14:23.843,73,6247,527.41
2026/05/09 06:14:24.875,73,6247,546.20
2026/05/09 06:14:25.907,73,6246,531.13
2026/05/09 06:14:26.939,73,6246,529.47
2026/05/09 06:14:27.972,71,6245,527.94
2026/05/09 06:14:29.005,73,6224,531.90
2026/05/09 06:14:30.037,72,6224,528.61
2026/05/09 06:14:31.068,74,6224,531.64
2026/05/09 06:14:32.101,75,6224,530.87
2026/05/09 06:14:33.134,73,6224,530.86
2026/05/09 06:14:34.167,72,6224,524.14
2026/05/09 06:14:35.200,73,6224,529.23
2026/05/09 06:14:36.231,89,6224,321.73
2026/05/09 06:14:37.264,73,6224,269.25
2026/05/09 06:14:38.296,73,6224,524.99
2026/05/09 06:14:39.329,73,6224,530.49
2026/05/09 06:14:40.361,76,6224,530.99
2026/05/09 06:14:41.395,72,6224,527.36
2026/05/09 06:14:42.427,73,6224,526.53
2026/05/09 06:14:43.460,76,6224,528.49
2026/05/09 06:14:44.493,72,6224,522.66
2026/05/09 06:14:45.526,73,6224,526.52
2026/05/09 06:14:46.560,72,6224,525.09
2026/05/09 06:14:47.592,73,6224,525.40
2026/05/09 06:14:48.625,76,6224,528.72
2026/05/09 06:14:49.659,73,6224,523.24
2026/05/09 06:14:50.693,77,6224,526.28
2026/05/09 06:14:51.725,81,6224,330.83
2026/05/09 06:14:52.757,74,6224,235.94
2026/05/09 06:14:53.789,73,6224,529.97
2026/05/09 06:14:54.821,75,6224,526.98
2026/05/09 06:14:55.853,72,6224,522.17
2026/05/09 06:14:56.885,73,6224,532.64
2026/05/09 06:14:57.919,75,6224,527.13
2026/05/09 06:14:58.953,77,6224,524.46
2026/05/09 06:14:59.985,71,6224,524.29
2026/05/09 06:15:01.016,72,6224,527.83
2026/05/09 06:15:02.049,72,6224,526.78
2026/05/09 06:15:03.081,72,6224,527.11
2026/05/09 06:15:04.114,72,6224,530.56
2026/05/09 06:15:05.146,72,6224,526.89
2026/05/09 06:15:06.178,73,6224,529.20
2026/05/09 06:15:07.211,79,6224,352.42
2026/05/09 06:15:08.242,74,6224,203.00
2026/05/09 06:15:09.275,73,6224,515.79
2026/05/09 06:15:10.306,77,6224,525.49
2026/05/09 06:15:11.340,81,6224,554.28
2026/05/09 06:15:12.372,82,6224,566.76
2026/05/09 06:15:13.406,81,6224,558.84
2026/05/09 06:15:14.439,81,6224,565.43
2026/05/09 06:15:15.472,81,6224,560.06
2026/05/09 06:15:16.506,80,6224,563.30
2026/05/09 06:15:17.538,79,6224,559.85
2026/05/09 06:15:18.571,81,6224,559.38
2026/05/09 06:15:19.604,74,6224,557.14
2026/05/09 06:15:20.636,75,6224,534.76
2026/05/09 06:15:21.669,80,6224,472.01
2026/05/09 06:15:22.702,83,6224,180.99
2026/05/09 06:15:23.734,74,6224,410.17
2026/05/09 06:15:24.766,79,6224,543.68
2026/05/09 06:15:25.797,74,6224,544.52
2026/05/09 06:15:26.829,77,6224,543.73
2026/05/09 06:15:27.862,80,6224,544.77
2026/05/09 06:15:28.894,71,6224,539.76
2026/05/09 06:15:29.926,75,6224,526.41
2026/05/09 06:15:30.960,74,6224,520.25
2026/05/09 06:15:31.993,72,6224,520.03
2026/05/09 06:15:33.024,66,6224,519.29
2026/05/09 06:15:34.058,76,6224,531.35
2026/05/09 06:15:35.090,76,6224,524.08
2026/05/09 06:15:36.121,74,6224,522.48
2026/05/09 06:15:37.152,74,6224,535.56
2026/05/09 06:15:38.187,63,6224,204.77
2026/05/09 06:15:39.222,70,6224,272.23
2026/05/09 06:15:40.256,90,6224,216.37
2026/05/09 06:15:41.287,69,6224,252.86
2026/05/09 06:15:42.319,72,6224,517.76
2026/05/09 06:15:43.353,73,6224,525.71
2026/05/09 06:15:44.386,72,6224,524.22
2026/05/09 06:15:45.420,73,6224,530.57
2026/05/09 06:15:46.453,75,6224,525.01
2026/05/09 06:15:47.486,71,6224,523.42
2026/05/09 06:15:48.520,72,6224,528.22
2026/05/09 06:15:49.554,64,6224,522.09
2026/05/09 06:15:50.586,64,6224,485.45
2026/05/09 06:15:51.619,72,6224,492.42
2026/05/09 06:15:52.655,73,6224,494.96
2026/05/09 06:15:53.687,72,6224,525.96
2026/05/09 06:15:54.720,74,6224,527.10
2026/05/09 06:15:55.753,77,6224,408.68
2026/05/09 06:15:56.785,85,6224,179.84
2026/05/09 06:15:57.817,72,6224,477.61
2026/05/09 06:15:58.849,73,6224,525.55
2026/05/09 06:15:59.882,71,6224,524.47
2026/05/09 06:16:00.916,71,6224,525.47
2026/05/09 06:16:01.948,72,6224,523.68
2026/05/09 06:16:02.981,75,6224,524.54
2026/05/09 06:16:04.013,72,6224,526.47
2026/05/09 06:16:05.046,72,6224,525.68
2026/05/09 06:16:06.080,73,6224,525.13
2026/05/09 06:16:07.114,75,6224,525.52
2026/05/09 06:16:08.147,72,6224,522.78
2026/05/09 06:16:09.180,72,6224,520.47
2026/05/09 06:16:10.214,72,6224,523.90
2026/05/09 06:16:11.247,80,6224,449.45
2026/05/09 06:16:12.279,80,6224,178.18
2026/05/09 06:16:13.311,73,6224,394.98
2026/05/09 06:16:14.343,73,6224,525.21
2026/05/09 06:16:15.376,76,6224,528.76
2026/05/09 06:16:16.409,72,6224,521.82
2026/05/09 06:16:17.442,72,6224,523.91
2026/05/09 06:16:18.475,72,6224,528.79
2026/05/09 06:16:19.508,77,6224,524.50
2026/05/09 06:16:20.540,72,6224,522.74
2026/05/09 06:16:21.574,72,6224,528.79
2026/05/09 06:16:22.607,72,6224,526.15
2026/05/09 06:16:23.639,63,6224,494.30
2026/05/09 06:16:24.671,72,6224,489.81
2026/05/09 06:16:25.705,59,6224,483.60
2026/05/09 06:16:26.738,72,6224,488.22
2026/05/09 06:16:27.770,81,6224,294.14
2026/05/09 06:16:28.802,73,6224,228.06
2026/05/09 06:16:29.835,68,6224,496.14
2026/05/09 06:16:30.867,72,6224,496.24
2026/05/09 06:16:31.900,65,6224,487.96
2026/05/09 06:16:32.931,64,6224,490.68
2026/05/09 06:16:33.964,75,6224,494.60
2026/05/09 06:16:34.996,72,6224,497.32
2026/05/09 06:16:36.028,70,6224,495.19
2026/05/09 06:16:37.060,67,6224,496.22
2026/05/09 06:16:38.092,65,6224,492.79
2026/05/09 06:16:39.123,68,6224,499.08
2026/05/09 06:16:40.156,65,6224,496.05
2026/05/09 06:16:41.188,69,6224,487.67
2026/05/09 06:16:42.220,62,6224,497.63
2026/05/09 06:16:43.253,73,6224,501.70
2026/05/09 06:16:44.286,80,6224,368.05
2026/05/09 06:16:45.318,77,6224,177.53
2026/05/09 06:16:46.349,65,6224,468.59
2026/05/09 06:16:47.381,63,6224,495.12
2026/05/09 06:16:48.413,70,6224,500.69
2026/05/09 06:16:49.445,74,6224,498.53
2026/05/09 06:16:50.478,71,6224,496.15
2026/05/09 06:16:51.510,63,6224,491.63
2026/05/09 06:16:52.543,66,6224,494.95
2026/05/09 06:16:53.576,68,6224,497.33
2026/05/09 06:16:54.609,76,6224,506.79
2026/05/09 06:16:55.641,71,6224,520.01
2026/05/09 06:16:56.673,72,6224,525.65
2026/05/09 06:16:57.706,68,6224,522.48
2026/05/09 06:16:58.741,68,6224,498.63
2026/05/09 06:16:59.774,66,6224,498.33
2026/05/09 06:17:00.806,63,6224,373.83
2026/05/09 06:17:01.838,68,6224,266.13
2026/05/09 06:17:02.872,91,6224,241.01
2026/05/09 06:17:03.904,91,6224,181.64
2026/05/09 06:17:04.935,59,6224,476.01
2026/05/09 06:17:05.966,66,6224,497.88
2026/05/09 06:17:07.000,66,6224,495.01
2026/05/09 06:17:08.033,74,6224,492.57
2026/05/09 06:17:09.069,46,6224,483.32
2026/05/09 06:17:10.102,86,6224,363.07
2026/05/09 06:17:11.135,77,6224,562.27
2026/05/09 06:17:12.168,77,6224,564.19
2026/05/09 06:17:13.201,80,6224,561.88
2026/05/09 06:17:14.234,82,6224,564.11
2026/05/09 06:17:15.266,82,6224,564.06
2026/05/09 06:17:16.299,79,6224,565.00
2026/05/09 06:17:17.331,80,6224,564.74
2026/05/09 06:17:18.364,78,6224,462.88
2026/05/09 06:17:19.394,77,6224,178.65
2026/05/09 06:17:20.425,84,6224,471.06
2026/05/09 06:17:21.457,84,6224,570.84
2026/05/09 06:17:22.489,77,6224,573.34
2026/05/09 06:17:23.521,84,6224,566.91
2026/05/09 06:17:24.553,84,6224,571.29
2026/05/09 06:17:25.586,82,6224,569.34
2026/05/09 06:17:26.618,78,6224,569.32
2026/05/09 06:17:27.650,81,6224,566.70
2026/05/09 06:17:28.682,78,6224,572.21
2026/05/09 06:17:29.714,82,6224,566.88
2026/05/09 06:17:30.745,80,6224,570.56
2026/05/09 06:17:31.778,83,6224,573.07
2026/05/09 06:17:32.810,79,6224,406.95
2026/05/09 06:17:33.843,79,6224,180.10
2026/05/09 06:17:34.877,80,6224,528.72
2026/05/09 06:17:35.910,82,6224,568.09
2026/05/09 06:17:36.943,84,6224,568.84
2026/05/09 06:17:37.974,81,6224,571.26
2026/05/09 06:17:39.006,77,6224,569.80
2026/05/09 06:17:40.039,81,6224,566.53
2026/05/09 06:17:41.071,84,6224,566.93
2026/05/09 06:17:42.103,82,6224,571.11
2026/05/09 06:17:43.136,81,6224,570.45
2026/05/09 06:17:44.168,80,6224,569.56
2026/05/09 06:17:45.200,77,6224,570.07
2026/05/09 06:17:46.232,81,6224,566.62
2026/05/09 06:17:47.264,80,6224,366.83
2026/05/09 06:17:48.296,77,6224,185.46
2026/05/09 06:17:49.329,82,6224,534.99
2026/05/09 06:17:50.362,82,6224,565.70
2026/05/09 06:17:51.394,80,6224,564.85
2026/05/09 06:17:52.427,80,6224,559.69
2026/05/09 06:17:53.460,81,6224,565.62
2026/05/09 06:17:54.493,80,6224,565.90
2026/05/09 06:17:55.527,77,6224,564.01
2026/05/09 06:17:56.561,77,6224,565.74
2026/05/09 06:17:57.594,81,6224,562.97
2026/05/09 06:17:58.627,82,6224,559.33
2026/05/09 06:17:59.660,82,6224,566.78
2026/05/09 06:18:00.692,79,6160,563.77
2026/05/09 06:18:01.724,79,6160,367.15
2026/05/09 06:18:02.755,80,6160,180.46
2026/05/09 06:18:03.788,82,6160,546.58
2026/05/09 06:18:04.820,82,6160,574.32
2026/05/09 06:18:05.854,79,6160,571.01
2026/05/09 06:18:06.886,82,6160,566.64
2026/05/09 06:18:07.919,80,6160,562.15
2026/05/09 06:18:08.951,84,6160,568.61
2026/05/09 06:18:09.983,83,6160,571.41
2026/05/09 06:18:11.014,82,6160,557.59
2026/05/09 06:18:12.045,72,6160,524.07
2026/05/09 06:18:13.077,73,6160,518.97
2026/05/09 06:18:14.108,65,6160,510.53
2026/05/09 06:18:15.140,69,6160,513.37
2026/05/09 06:18:16.172,77,6160,519.51
2026/05/09 06:18:17.204,79,6160,220.92
2026/05/09 06:18:18.235,83,6160,339.65
2026/05/09 06:18:19.267,76,6160,548.66
2026/05/09 06:18:20.300,76,6160,539.97
2026/05/09 06:18:21.332,78,6160,547.31
2026/05/09 06:18:22.364,68,6160,521.29
2026/05/09 06:18:23.398,75,6160,519.56
2026/05/09 06:18:24.430,74,6160,517.55
2026/05/09 06:18:25.462,74,6160,511.58
2026/05/09 06:18:26.495,65,6160,514.76
2026/05/09 06:18:27.526,74,6160,516.44
2026/05/09 06:18:28.558,75,6160,519.43
2026/05/09 06:18:29.590,89,6160,361.35
2026/05/09 06:18:30.622,77,6160,547.46
2026/05/09 06:18:31.657,79,6160,561.20
2026/05/09 06:18:32.690,63,6160,391.39
2026/05/09 06:18:33.723,60,6160,268.05
2026/05/09 06:18:34.756,91,6160,236.31
2026/05/09 06:18:35.787,81,6160,179.14
2026/05/09 06:18:36.820,75,6160,485.95
2026/05/09 06:18:37.852,73,6160,528.82
2026/05/09 06:18:38.884,75,6160,528.00
2026/05/09 06:18:39.917,72,6160,529.73
2026/05/09 06:18:40.950,72,6160,525.60
2026/05/09 06:18:41.982,76,6160,526.77
2026/05/09 06:18:43.014,73,6160,526.86
2026/05/09 06:18:44.047,72,6160,527.28
2026/05/09 06:18:45.080,74,6160,525.12
2026/05/09 06:18:46.111,73,6160,526.64
2026/05/09 06:18:47.142,72,6160,526.80
2026/05/09 06:18:48.176,72,6160,525.53
2026/05/09 06:18:49.209,72,6160,524.92
2026/05/09 06:18:50.241,92,6160,392.37
2026/05/09 06:18:51.274,79,6160,201.11
2026/05/09 06:18:52.307,72,6160,523.17
2026/05/09 06:18:53.339,73,6160,527.11
2026/05/09 06:18:54.371,73,6160,527.35
2026/05/09 06:18:55.404,73,6160,527.95
2026/05/09 06:18:56.437,76,6160,528.08
2026/05/09 06:18:57.469,72,6160,522.37
2026/05/09 06:18:58.501,72,6160,526.86
2026/05/09 06:18:59.534,73,6160,525.34
2026/05/09 06:19:00.567,76,6160,526.07
2026/05/09 06:19:01.601,72,6160,521.96
2026/05/09 06:19:02.635,72,6160,525.76
2026/05/09 06:19:03.668,72,6160,525.55
2026/05/09 06:19:04.702,72,6160,526.51
2026/05/09 06:19:05.734,88,6160,387.72
2026/05/09 06:19:06.765,80,6160,181.46
2026/05/09 06:19:07.798,72,6160,490.90
2026/05/09 06:19:08.829,72,6160,528.28
2026/05/09 06:19:09.861,75,6160,524.28
2026/05/09 06:19:10.894,72,6160,521.50
2026/05/09 06:19:11.927,72,6160,529.56
2026/05/09 06:19:12.960,74,6160,525.85
2026/05/09 06:19:13.993,72,6160,523.24
2026/05/09 06:19:15.026,70,6160,525.95
2026/05/09 06:19:16.059,72,6160,524.76
2026/05/09 06:19:17.091,76,6160,525.92
2026/05/09 06:19:18.123,71,6160,522.34
2026/05/09 06:19:19.155,72,6160,516.83
2026/05/09 06:19:20.188,72,6160,522.22
2026/05/09 06:19:21.222,81,6160,397.69
2026/05/09 06:19:22.254,85,6160,185.29
2026/05/09 06:19:23.286,80,6160,510.81
2026/05/09 06:19:24.318,80,6160,561.26
2026/05/09 06:19:25.353,72,6160,555.60
2026/05/09 06:19:26.384,80,6160,524.94
2026/05/09 06:19:27.418,77,6160,563.50
2026/05/09 06:19:28.451,73,6160,532.91
2026/05/09 06:19:29.483,76,6160,526.79
2026/05/09 06:19:30.515,72,6160,523.92
2026/05/09 06:19:31.547,72,6160,528.78
2026/05/09 06:19:32.580,77,6160,529.08
2026/05/09 06:19:33.612,72,6160,522.22
2026/05/09 06:19:34.644,73,6160,528.39
2026/05/09 06:19:35.678,72,6160,525.93
2026/05/09 06:19:36.710,76,6160,308.90
2026/05/09 06:19:37.742,81,6160,240.10
2026/05/09 06:19:38.775,78,6160,532.18
2026/05/09 06:19:39.807,76,6160,531.18
2026/05/09 06:19:40.839,71,6160,522.04
2026/05/09 06:19:41.871,74,6160,524.27
2026/05/09 06:19:42.902,75,6160,520.91
2026/05/09 06:19:43.935,66,6160,524.58
2026/05/09 06:19:44.967,73,6160,521.39
2026/05/09 06:19:45.998,75,6160,523.80
2026/05/09 06:19:47.030,76,6160,524.41
2026/05/09 06:19:48.061,76,6160,522.03
2026/05/09 06:19:49.092,65,6160,520.00
2026/05/09 06:19:50.123,71,6160,519.95
2026/05/09 06:19:51.155,76,6160,539.96
2026/05/09 06:19:52.187,0,6160,342.48
2026/05/09 06:19:53.221,62,6160,225.75
2026/05/09 06:19:54.255,63,6160,262.54
2026/05/09 06:19:55.287,81,6160,185.14
2026/05/09 06:19:56.319,76,6160,291.69
2026/05/09 06:19:57.351,77,6164,561.44
2026/05/09 06:19:58.383,79,6164,560.85
2026/05/09 06:19:59.416,81,6165,563.30
2026/05/09 06:20:00.449,77,6165,564.95
2026/05/09 06:20:01.483,82,6168,564.59
2026/05/09 06:20:02.515,81,6295,553.68
2026/05/09 06:20:03.547,83,6362,559.61
2026/05/09 06:20:04.579,81,6362,562.92
2026/05/09 06:20:05.610,84,6362,563.35
2026/05/09 06:20:06.641,81,6326,566.85
2026/05/09 06:20:07.672,78,6319,568.16
2026/05/09 06:20:08.705,73,6274,546.34
2026/05/09 06:20:09.737,82,6274,264.77
2026/05/09 06:20:10.769,64,6274,275.84
2026/05/09 06:20:11.801,73,6274,496.20
2026/05/09 06:20:12.833,72,6274,525.69
2026/05/09 06:20:13.865,76,6274,527.76
2026/05/09 06:20:14.897,73,6274,523.83
2026/05/09 06:20:15.929,73,6274,529.09
2026/05/09 06:20:16.962,72,6274,527.46
2026/05/09 06:20:17.994,73,6274,526.57
2026/05/09 06:20:19.025,73,6274,526.61
2026/05/09 06:20:20.058,72,6274,526.73
2026/05/09 06:20:21.090,76,6274,528.35
2026/05/09 06:20:22.120,74,6274,523.65
2026/05/09 06:20:23.153,71,6274,521.70
2026/05/09 06:20:24.184,76,6274,528.21
2026/05/09 06:20:25.217,76,6274,332.86
2026/05/09 06:20:26.248,73,6274,224.96
2026/05/09 06:20:27.279,73,6274,528.79
2026/05/09 06:20:28.312,71,6274,525.15
2026/05/09 06:20:29.343,72,6274,526.01
2026/05/09 06:20:30.375,75,6274,529.54
2026/05/09 06:20:31.407,76,6274,525.46
2026/05/09 06:20:32.437,73,6274,529.16
2026/05/09 06:20:33.469,73,6274,530.25
2026/05/09 06:20:34.501,72,6274,526.29
2026/05/09 06:20:35.532,73,6274,531.95
2026/05/09 06:20:36.563,75,6274,528.56
2026/05/09 06:20:37.597,73,6274,526.41
2026/05/09 06:20:38.628,73,6274,532.87
2026/05/09 06:20:39.661,70,6274,512.31
2026/05/09 06:20:40.692,91,6274,363.69
2026/05/09 06:20:41.723,88,6274,197.48
2026/05/09 06:20:42.755,64,6274,488.47
2026/05/09 06:20:43.787,73,6274,513.44
2026/05/09 06:20:44.819,60,6274,507.39
2026/05/09 06:20:45.851,60,6274,489.29
2026/05/09 06:20:46.882,74,6274,495.46
2026/05/09 06:20:47.913,69,6274,492.05
2026/05/09 06:20:48.945,61,6274,492.51
2026/05/09 06:20:49.977,66,6274,502.48
2026/05/09 06:20:51.009,66,6274,497.75
2026/05/09 06:20:52.041,70,6274,501.51
2026/05/09 06:20:53.072,76,6274,502.40
2026/05/09 06:20:54.104,74,6274,502.98
2026/05/09 06:20:55.137,73,6274,499.14
2026/05/09 06:20:56.169,73,6274,499.18
2026/05/09 06:20:57.201,87,6274,361.44
2026/05/09 06:20:58.234,77,6274,200.53
2026/05/09 06:20:59.266,76,6274,483.71
2026/05/09 06:21:00.298,74,6274,498.40
2026/05/09 06:21:01.329,66,6274,494.12
2026/05/09 06:21:02.362,62,6274,496.26
2026/05/09 06:21:03.394,72,6274,498.53
2026/05/09 06:21:04.425,72,6274,499.45
2026/05/09 06:21:05.459,61,6274,492.55
2026/05/09 06:21:06.490,63,6274,495.02
2026/05/09 06:21:07.523,76,6274,510.82
2026/05/09 06:21:08.554,73,6274,520.87
2026/05/09 06:21:09.585,73,6274,523.69
2026/05/09 06:21:10.619,72,6274,525.41
2026/05/09 06:21:11.650,68,6274,506.32
2026/05/09 06:21:12.681,59,6274,491.28
2026/05/09 06:21:13.713,61,6274,364.15
2026/05/09 06:21:14.746,71,6274,271.49
2026/05/09 06:21:15.779,80,6274,237.11
2026/05/09 06:21:16.811,80,6274,174.71
2026/05/09 06:21:17.842,78,6274,505.82
2026/05/09 06:21:18.874,75,6274,551.00
2026/05/09 06:21:19.906,82,6274,520.84
2026/05/09 06:21:20.938,68,6288,508.43
2026/05/09 06:21:21.970,2,6300,402.74
2026/05/09 06:21:23.003,88,6312,443.42
2026/05/09 06:21:24.036,78,6378,563.40
2026/05/09 06:21:25.068,82,6378,563.25
2026/05/09 06:21:26.103,83,6377,565.15
2026/05/09 06:21:27.136,81,6377,562.10
2026/05/09 06:21:28.168,80,6377,563.01
2026/05/09 06:21:29.202,79,6268,566.52
2026/05/09 06:21:30.234,77,6268,565.53
2026/05/09 06:21:31.265,76,6268,327.95
2026/05/09 06:21:32.297,72,6268,202.13
2026/05/09 06:21:33.330,73,6268,517.27
2026/05/09 06:21:34.361,73,6268,525.12
2026/05/09 06:21:35.393,73,6282,521.98
2026/05/09 06:21:36.424,73,6282,532.24
2026/05/09 06:21:37.458,76,6280,531.80
2026/05/09 06:21:38.490,73,6280,527.18
2026/05/09 06:21:39.522,73,6280,530.09
2026/05/09 06:21:40.554,73,6280,528.28
2026/05/09 06:21:41.586,73,6280,532.97
2026/05/09 06:21:42.618,73,6280,530.42
2026/05/09 06:21:43.650,74,6280,531.86
2026/05/09 06:21:44.683,76,6280,531.64
2026/05/09 06:21:45.715,72,6280,528.33
2026/05/09 06:21:46.747,82,6280,347.88
2026/05/09 06:21:47.779,73,6280,196.80
2026/05/09 06:21:48.813,72,6280,507.35
2026/05/09 06:21:49.845,73,6280,528.48
2026/05/09 06:21:50.878,73,6280,529.03
2026/05/09 06:21:51.911,72,6280,528.64
2026/05/09 06:21:52.944,72,6280,526.94
2026/05/09 06:21:53.976,76,6280,528.74
2026/05/09 06:21:55.008,71,6280,522.76
2026/05/09 06:21:56.040,72,6280,530.24
2026/05/09 06:21:57.072,75,6280,527.73
2026/05/09 06:21:58.105,63,6280,482.38
2026/05/09 06:21:59.138,75,6280,493.65
2026/05/09 06:22:00.170,67,6280,495.29
2026/05/09 06:22:01.202,71,6280,529.47
2026/05/09 06:22:02.235,91,6280,461.26
2026/05/09 06:22:03.268,91,6280,187.70
2026/05/09 06:22:04.300,76,6280,425.19
2026/05/09 06:22:05.333,71,6280,525.53
2026/05/09 06:22:06.365,73,6280,528.54
2026/05/09 06:22:07.399,74,6280,525.91
2026/05/09 06:22:08.431,81,6280,545.98
2026/05/09 06:22:09.462,77,6280,562.32
2026/05/09 06:22:10.494,83,6280,560.88
2026/05/09 06:22:11.526,79,6280,558.57
2026/05/09 06:22:12.558,75,6280,553.89
2026/05/09 06:22:13.591,80,6280,559.42
2026/05/09 06:22:14.623,81,6280,557.89
2026/05/09 06:22:15.656,80,6280,561.58
2026/05/09 06:22:16.689,68,6280,517.31
2026/05/09 06:22:17.722,78,6280,311.15
2026/05/09 06:22:18.756,71,6280,236.29
2026/05/09 06:22:19.787,70,6280,492.27
2026/05/09 06:22:20.820,64,6280,485.57
2026/05/09 06:22:21.852,76,6280,494.38
2026/05/09 06:22:22.884,73,6280,499.16
2026/05/09 06:22:23.917,76,6280,500.66
2026/05/09 06:22:24.949,76,6280,498.95
2026/05/09 06:22:25.982,76,6280,502.47
2026/05/09 06:22:27.014,76,6285,494.13
2026/05/09 06:22:28.046,61,6284,486.85
2026/05/09 06:22:29.078,66,6284,491.34
2026/05/09 06:22:30.111,68,6284,493.37
2026/05/09 06:22:31.141,63,6284,484.57
2026/05/09 06:22:32.172,75,6284,495.21
2026/05/09 06:22:33.205,68,6284,489.61
2026/05/09 06:22:34.238,59,6284,427.42
2026/05/09 06:22:35.271,70,6284,273.13
2026/05/09 06:22:36.304,79,6284,261.67
2026/05/09 06:22:37.335,81,6284,180.24
2026/05/09 06:22:38.367,76,6284,391.14
2026/05/09 06:22:39.399,71,6298,520.96
2026/05/09 06:22:40.432,82,6298,554.01
2026/05/09 06:22:41.464,83,6302,562.53
2026/05/09 06:22:42.498,80,6306,559.66
2026/05/09 06:22:43.530,67,6310,542.31
2026/05/09 06:22:44.563,81,6310,523.05
2026/05/09 06:22:45.596,79,6309,550.78
2026/05/09 06:22:46.629,77,6309,563.73
2026/05/09 06:22:47.662,72,6309,558.10
2026/05/09 06:22:48.696,0,6309,374.23
2026/05/09 06:22:49.727,77,6309,559.47
2026/05/09 06:22:50.761,78,6309,560.78
2026/05/09 06:22:51.793,79,6309,417.56
2026/05/09 06:22:52.824,89,6309,182.95
2026/05/09 06:22:53.860,73,6309,480.74
2026/05/09 06:22:54.892,75,6309,527.85
2026/05/09 06:22:55.924,73,6309,526.78
2026/05/09 06:22:56.956,73,6309,529.58
2026/05/09 06:22:57.988,76,6309,528.20
2026/05/09 06:22:59.020,72,6309,522.09
2026/05/09 06:23:00.052,72,6309,528.90
2026/05/09 06:23:01.085,72,6309,525.36
2026/05/09 06:23:02.118,76,6309,528.79
2026/05/09 06:23:03.151,74,6318,521.66
2026/05/09 06:23:04.182,73,6318,526.50
2026/05/09 06:23:05.216,71,6317,522.25
2026/05/09 06:23:06.248,72,6326,521.44
2026/05/09 06:23:07.280,75,6330,428.30
2026/05/09 06:23:08.312,77,6329,181.12
2026/05/09 06:23:09.343,76,6329,438.65
2026/05/09 06:23:10.375,72,6329,522.13
2026/05/09 06:23:11.408,73,6329,527.72
2026/05/09 06:23:12.440,76,6329,528.13
2026/05/09 06:23:13.471,72,6329,524.06
2026/05/09 06:23:14.503,73,6329,526.73
2026/05/09 06:23:15.536,73,6329,528.50
2026/05/09 06:23:16.567,76,6329,527.30
2026/05/09 06:23:17.600,72,6329,524.35
2026/05/09 06:23:18.631,73,6329,529.00
2026/05/09 06:23:19.663,76,6329,529.81
2026/05/09 06:23:20.694,73,6329,527.40
2026/05/09 06:23:21.725,72,6329,530.60
2026/05/09 06:23:22.759,84,6329,449.68
2026/05/09 06:23:23.790,80,6329,184.47
2026/05/09 06:23:24.821,75,6329,423.30
2026/05/09 06:23:25.853,72,6329,526.02
2026/05/09 06:23:26.884,66,6329,528.08
2026/05/09 06:23:27.919,64,6329,488.36
2026/05/09 06:23:28.951,71,6329,493.79
2026/05/09 06:23:29.983,74,6329,498.79
2026/05/09 06:23:31.015,64,6329,489.17
2026/05/09 06:23:32.045,64,6333,490.13
2026/05/09 06:23:33.078,67,6333,491.62
2026/05/09 06:23:34.111,59,6333,484.54
2026/05/09 06:23:35.143,73,6333,497.46
2026/05/09 06:23:36.176,71,6333,498.32
2026/05/09 06:23:37.208,70,6333,499.08
2026/05/09 06:23:38.240,75,6405,501.57
2026/05/09 06:23:39.272,79,6405,438.52
2026/05/09 06:23:40.305,80,6403,181.15
2026/05/09 06:23:41.337,64,6405,390.47
2026/05/09 06:23:42.371,65,6405,488.71
2026/05/09 06:23:43.403,66,6324,486.96
2026/05/09 06:23:44.434,76,6327,494.79
2026/05/09 06:23:45.465,61,6327,488.33
2026/05/09 06:23:46.497,60,6327,485.52
2026/05/09 06:23:47.528,75,6326,494.52
2026/05/09 06:23:48.560,63,6326,485.36
2026/05/09 06:23:49.591,75,6326,494.55
2026/05/09 06:23:50.623,66,6326,493.88
2026/05/09 06:23:51.653,64,6326,486.36
2026/05/09 06:23:52.685,77,6326,491.08
2026/05/09 06:23:53.717,73,6326,496.81
2026/05/09 06:23:54.749,74,6326,499.06
2026/05/09 06:23:55.782,71,6326,496.92
2026/05/09 06:23:56.813,61,6326,311.20
2026/05/09 06:23:57.846,62,6326,263.42
2026/05/09 06:23:58.880,80,6326,213.87
2026/05/09 06:23:59.912,57,6326,230.11
2026/05/09 06:24:00.943,73,6326,494.82
2026/05/09 06:24:01.976,66,6326,498.91
2026/05/09 06:24:03.008,66,6326,495.86
2026/05/09 06:24:04.041,72,6336,521.47
2026/05/09 06:24:05.073,74,6334,527.23
2026/05/09 06:24:06.105,65,6334,512.01
2026/05/09 06:24:07.137,72,6334,499.23
2026/05/09 06:24:08.168,72,6334,518.84
2026/05/09 06:24:09.200,73,6334,525.10
2026/05/09 06:24:10.231,63,6334,509.06
2026/05/09 06:24:11.263,73,6334,509.08
2026/05/09 06:24:12.294,75,6343,502.80
2026/05/09 06:24:13.325,67,6347,498.48
2026/05/09 06:24:14.357,78,6415,501.74
2026/05/09 06:24:15.393,91,6414,178.88
2026/05/09 06:24:16.426,85,6414,179.96
2026/05/09 06:24:17.459,75,6413,543.19
2026/05/09 06:24:18.490,81,6413,553.12
2026/05/09 06:24:19.522,83,6325,564.99
2026/05/09 06:24:20.557,82,6325,561.79
2026/05/09 06:24:21.590,80,6325,562.92
2026/05/09 06:24:22.623,81,6325,563.96
2026/05/09 06:24:23.657,82,6325,562.18
2026/05/09 06:24:24.689,82,6325,561.37
2026/05/09 06:24:25.720,77,6325,564.00
2026/05/09 06:24:26.752,77,6325,564.25
2026/05/09 06:24:27.784,78,6325,563.34
2026/05/09 06:24:28.816,77,6325,564.12
2026/05/09 06:24:29.849,79,6325,347.68
2026/05/09 06:24:30.881,74,6325,212.64
2026/05/09 06:24:31.913,71,6325,522.88
2026/05/09 06:24:32.945,73,6325,528.76
2026/05/09 06:24:33.977,74,6325,527.52
2026/05/09 06:24:35.010,72,6325,525.17
2026/05/09 06:24:36.043,73,6325,526.55
2026/05/09 06:24:37.075,72,6325,526.15
2026/05/09 06:24:38.109,73,6325,525.70
2026/05/09 06:24:39.140,75,6325,524.80
2026/05/09 06:24:40.172,72,6325,524.54
2026/05/09 06:24:41.204,75,6325,522.81
2026/05/09 06:24:42.237,78,6325,541.96
2026/05/09 06:24:43.269,82,6333,560.66
2026/05/09 06:24:44.303,83,6350,554.01
2026/05/09 06:24:45.336,76,6370,311.18
2026/05/09 06:24:46.368,83,6383,215.97
2026/05/09 06:24:47.400,83,6383,561.16
2026/05/09 06:24:48.432,81,6383,561.28
2026/05/09 06:24:49.463,77,6382,567.06
2026/05/09 06:24:50.496,83,6378,565.07
2026/05/09 06:24:51.528,82,6378,564.44
2026/05/09 06:24:52.561,80,6424,554.07
2026/05/09 06:24:53.593,80,6409,559.36
2026/05/09 06:24:54.626,80,6371,558.17
2026/05/09 06:24:55.658,81,6371,561.40
2026/05/09 06:24:56.691,82,6371,565.28
2026/05/09 06:24:57.722,78,6335,562.92
2026/05/09 06:24:58.755,81,6335,558.57
2026/05/09 06:24:59.787,90,6335,357.61
2026/05/09 06:25:00.819,74,6335,179.15
2026/05/09 06:25:01.852,81,6376,546.60
2026/05/09 06:25:02.884,73,6746,532.19
2026/05/09 06:25:03.918,79,6759,517.35
2026/05/09 06:25:04.950,73,6746,519.57
2026/05/09 06:25:05.983,78,6745,528.66
2026/05/09 06:25:07.017,64,6742,508.25
2026/05/09 06:25:08.050,71,6420,488.88
2026/05/09 06:25:09.081,63,6294,492.49
2026/05/09 06:25:10.114,62,6187,488.69
2026/05/09 06:25:11.146,74,6186,494.02
2026/05/09 06:25:12.178,65,6191,488.39
2026/05/09 06:25:13.211,70,6191,493.13
2026/05/09 06:25:14.243,64,6172,483.35
2026/05/09 06:25:15.274,74,6172,492.06
2026/05/09 06:25:16.308,79,6172,324.96
2026/05/09 06:25:17.340,82,6210,194.04
2026/05/09 06:25:18.372,82,6209,551.60
2026/05/09 06:25:19.404,81,6207,555.72
2026/05/09 06:25:20.435,78,6220,554.77
2026/05/09 06:25:21.466,84,6220,566.85
2026/05/09 06:25:22.499,81,6195,571.38
2026/05/09 06:25:23.530,80,6193,567.85
2026/05/09 06:25:24.562,76,6186,556.40
2026/05/09 06:25:25.593,75,6162,528.82
2026/05/09 06:25:26.623,77,6162,533.89
2026/05/09 06:25:27.654,75,6162,530.61
2026/05/09 06:25:28.685,75,6162,538.05
2026/05/09 06:25:29.717,71,6166,529.60
2026/05/09 06:25:30.750,64,6166,514.60
2026/05/09 06:25:31.783,70,6166,271.45
2026/05/09 06:25:32.817,62,6167,267.96
2026/05/09 06:25:33.848,78,6167,185.07
2026/05/09 06:25:34.879,58,6167,280.01
2026/05/09 06:25:35.910,61,6168,468.70
2026/05/09 06:25:36.943,61,6168,492.73
2026/05/09 06:25:37.975,72,6168,493.09
2026/05/09 06:25:39.007,71,6168,501.31
2026/05/09 06:25:40.039,1,6168,390.08
2026/05/09 06:25:41.070,81,6167,461.49
2026/05/09 06:25:42.106,72,6167,521.93
2026/05/09 06:25:43.140,74,6173,518.35
2026/05/09 06:25:44.173,73,6175,512.37
2026/05/09 06:25:45.206,72,6174,519.06
2026/05/09 06:25:46.237,74,6212,518.00
2026/05/09 06:25:47.269,72,6212,514.06
2026/05/09 06:25:48.303,72,6206,511.55
2026/05/09 06:25:49.335,75,6200,517.43
2026/05/09 06:25:50.367,85,6221,251.65
2026/05/09 06:25:51.399,75,6221,261.30
2026/05/09 06:25:52.431,76,6215,518.70
2026/05/09 06:25:53.463,78,6230,517.40
2026/05/09 06:25:54.497,69,6229,505.39
2026/05/09 06:25:55.529,69,6220,513.41
2026/05/09 06:25:56.562,73,6220,520.13
2026/05/09 06:25:57.593,78,6220,509.38
2026/05/09 06:25:58.625,69,6167,507.20
2026/05/09 06:25:59.658,75,6166,507.26
2026/05/09 06:26:00.691,64,6166,507.85
2026/05/09 06:26:01.724,76,6166,505.09
2026/05/09 06:26:02.757,75,6166,499.99
2026/05/09 06:26:03.790,70,6167,506.92
2026/05/09 06:26:04.825,73,6166,508.69
2026/05/09 06:26:05.858,79,6165,491.21
2026/05/09 06:26:06.891,73,6166,194.35
2026/05/09 06:26:07.923,77,6166,337.42
2026/05/09 06:26:08.955,63,6166,484.51
2026/05/09 06:26:09.986,74,6166,486.41
2026/05/09 06:26:11.019,59,6166,482.88
2026/05/09 06:26:12.051,74,6166,493.04
2026/05/09 06:26:13.085,63,6166,483.82
2026/05/09 06:26:14.118,75,6166,490.04
2026/05/09 06:26:15.151,71,6166,483.51
2026/05/09 06:26:16.184,69,6166,484.61
2026/05/09 06:26:17.217,78,6208,484.78
2026/05/09 06:26:18.250,73,6227,473.54
2026/05/09 06:26:19.284,59,6226,482.16
2026/05/09 06:26:20.316,69,6220,489.16
2026/05/09 06:26:21.349,63,6220,481.93
2026/05/09 06:26:22.382,67,6216,488.33
2026/05/09 06:26:23.415,85,6171,382.93
2026/05/09 06:26:24.448,90,6213,185.68
2026/05/09 06:26:25.482,63,6232,460.12
2026/05/09 06:26:26.514,67,6232,480.13
2026/05/09 06:26:27.547,63,6222,483.98
2026/05/09 06:26:28.580,72,6222,485.04
2026/05/09 06:26:29.613,63,6221,484.10
2026/05/09 06:26:30.646,73,6174,488.84
2026/05/09 06:26:31.679,59,6180,482.84
2026/05/09 06:26:32.713,70,6181,481.77
2026/05/09 06:26:33.746,74,6181,482.95
2026/05/09 06:26:34.778,59,6181,482.66
2026/05/09 06:26:35.812,75,6181,486.73
2026/05/09 06:26:36.844,64,6179,481.53
2026/05/09 06:26:37.878,70,6179,489.23
2026/05/09 06:26:38.911,64,6179,481.91
2026/05/09 06:26:39.944,57,6180,483.42
2026/05/09 06:26:40.976,91,6194,268.20
2026/05/09 06:26:42.008,67,6210,270.62
2026/05/09 06:26:43.043,69,6219,477.71
2026/05/09 06:26:44.075,59,6221,486.28
2026/05/09 06:26:45.107,78,6219,487.68
2026/05/09 06:26:46.138,65,6218,488.37
2026/05/09 06:26:47.169,72,6208,503.63
2026/05/09 06:26:48.201,78,6198,500.96
2026/05/09 06:26:49.233,61,6186,501.26
2026/05/09 06:26:50.265,67,6186,501.10
2026/05/09 06:26:51.298,77,6195,493.64
2026/05/09 06:26:52.330,77,6196,501.33
2026/05/09 06:26:53.363,75,6196,499.32
2026/05/09 06:26:54.397,65,6195,501.28
2026/05/09 06:26:55.429,66,6195,498.26
2026/05/09 06:26:56.461,68,6191,498.01
2026/05/09 06:26:57.494,64,6191,374.27
2026/05/09 06:26:58.528,65,6190,261.24
2026/05/09 06:26:59.562,77,6213,229.90
2026/05/09 06:27:00.594,91,6212,179.70
2026/05/09 06:27:01.625,73,6212,466.91
2026/05/09 06:27:02.656,74,6212,498.54
2026/05/09 06:27:03.686,74,6212,495.38
2026/05/09 06:27:04.718,70,6186,510.04
2026/05/09 06:27:05.749,66,6186,502.70
2026/05/09 06:27:06.781,74,6186,512.03
2026/05/09 06:27:07.812,63,6186,500.93
2026/05/09 06:27:08.843,68,6186,507.94
2026/05/09 06:27:09.874,71,6186,504.58
2026/05/09 06:27:10.905,67,6186,510.49
2026/05/09 06:27:11.941,1,6186,443.58
2026/05/09 06:27:12.973,69,6186,429.50
2026/05/09 06:27:14.003,83,6186,562.71
2026/05/09 06:27:15.034,82,6186,566.22
2026/05/09 06:27:16.065,79,6186,288.56
2026/05/09 06:27:17.097,82,6186,229.51
2026/05/09 06:27:18.129,82,6186,572.31
2026/05/09 06:27:19.162,83,6186,565.70
2026/05/09 06:27:20.194,82,6186,570.64
2026/05/09 06:27:21.226,81,6186,569.78
2026/05/09 06:27:22.258,82,6186,570.15
2026/05/09 06:27:23.290,79,6186,568.07
2026/05/09 06:27:24.323,81,6186,566.84
2026/05/09 06:27:25.355,80,6193,564.69
2026/05/09 06:27:26.386,83,6193,565.29
2026/05/09 06:27:27.418,82,6192,563.79
2026/05/09 06:27:28.450,81,6193,562.48
2026/05/09 06:27:29.482,81,6192,565.03
2026/05/09 06:27:30.514,80,6192,277.77
2026/05/09 06:27:31.545,76,6192,259.80
2026/05/09 06:27:32.578,76,6193,520.09
2026/05/09 06:27:33.610,73,6199,522.30
2026/05/09 06:27:34.642,79,6199,522.13
2026/05/09 06:27:35.675,75,6199,522.86
2026/05/09 06:27:36.707,75,6199,523.77
2026/05/09 06:27:37.740,76,6199,529.03
2026/05/09 06:27:38.772,72,6199,523.17
2026/05/09 06:27:39.806,72,6207,523.70
2026/05/09 06:27:40.841,75,6206,521.94
2026/05/09 06:27:41.873,84,6206,551.17
2026/05/09 06:27:42.905,82,6206,564.67
2026/05/09 06:27:43.938,81,6206,563.35
2026/05/09 06:27:44.971,78,6178,559.68
2026/05/09 06:27:46.003,90,6205,268.89
2026/05/09 06:27:47.035,77,6493,311.71
2026/05/09 06:27:48.067,72,6570,514.37
2026/05/09 06:27:49.100,72,6573,516.90
2026/05/09 06:27:50.134,79,6575,514.93
2026/05/09 06:27:51.167,72,6565,519.08
2026/05/09 06:27:52.201,74,6524,521.60
2026/05/09 06:27:53.234,71,6181,517.11
2026/05/09 06:27:54.267,73,6194,520.11
2026/05/09 06:27:55.301,71,6193,517.39
2026/05/09 06:27:56.334,71,6261,515.58
2026/05/09 06:27:57.366,79,6261,518.33
2026/05/09 06:27:58.400,74,6254,519.44
2026/05/09 06:27:59.432,75,6251,524.07
2026/05/09 06:28:00.464,72,6247,526.17
2026/05/09 06:28:01.497,82,6184,358.97
2026/05/09 06:28:02.530,86,6152,176.62
2026/05/09 06:28:03.562,72,6152,507.55
2026/05/09 06:28:04.595,74,6152,527.43
2026/05/09 06:28:05.626,77,6152,544.92
2026/05/09 06:28:06.659,82,6152,563.90
2026/05/09 06:28:07.691,81,6152,564.02
2026/05/09 06:28:08.724,82,6152,565.81
2026/05/09 06:28:09.756,84,6152,570.75
2026/05/09 06:28:10.787,78,6152,573.33
2026/05/09 06:28:11.819,83,6152,568.35
2026/05/09 06:28:12.850,84,6152,573.24
2026/05/09 06:28:13.882,80,6152,551.47
2026/05/09 06:28:14.915,77,6152,542.62
2026/05/09 06:28:15.948,64,6152,461.30
2026/05/09 06:28:16.982,62,6153,265.10
2026/05/09 06:28:18.015,90,6365,260.91
2026/05/09 06:28:19.047,93,6492,188.20
2026/05/09 06:28:20.078,74,6511,368.19
2026/05/09 06:28:21.111,72,6512,498.62
2026/05/09 06:28:22.143,76,6512,506.69
2026/05/09 06:28:23.175,73,6360,510.65
2026/05/09 06:28:24.207,76,6186,512.52
2026/05/09 06:28:25.239,75,6175,516.95
2026/05/09 06:28:26.270,71,6167,514.02
2026/05/09 06:28:27.303,75,6167,499.67
2026/05/09 06:28:28.335,79,6194,483.21
2026/05/09 06:28:29.368,75,6194,483.29
2026/05/09 06:28:30.401,77,6338,478.14
2026/05/09 06:28:31.433,63,6333,468.85
2026/05/09 06:28:32.465,76,6326,486.40
2026/05/09 06:28:33.497,68,6403,486.17
2026/05/09 06:28:34.530,79,6408,478.02
2026/05/09 06:28:35.562,67,6315,229.01
2026/05/09 06:28:36.594,78,6315,155.05
2026/05/09 06:28:37.625,89,6314,481.54
2026/05/09 06:28:38.659,84,6184,569.96
2026/05/09 06:28:39.690,84,6149,571.06
2026/05/09 06:28:40.722,83,6307,550.02
2026/05/09 06:28:41.754,82,6372,557.59
2026/05/09 06:28:42.786,84,6372,567.47
2026/05/09 06:28:43.819,81,6409,549.61
2026/05/09 06:28:44.852,80,6409,564.43
2026/05/09 06:28:45.885,78,6306,564.51
2026/05/09 06:28:46.918,73,6392,505.35
2026/05/09 06:28:47.951,75,6392,512.66
2026/05/09 06:28:48.982,74,6361,525.59
2026/05/09 06:28:50.014,71,6393,511.26
2026/05/09 06:28:51.046,86,6388,243.85
2026/05/09 06:28:52.076,73,6258,340.82
2026/05/09 06:28:53.108,73,6258,531.59
2026/05/09 06:28:54.141,75,6258,528.20
2026/05/09 06:28:55.171,73,6161,531.55
2026/05/09 06:28:56.204,75,6161,529.24
2026/05/09 06:28:57.236,73,6161,529.09
2026/05/09 06:28:58.268,74,6161,529.91
2026/05/09 06:28:59.301,75,6161,524.43
2026/05/09 06:29:00.333,74,6161,530.54
2026/05/09 06:29:01.365,76,6161,529.27
2026/05/09 06:29:02.398,73,6161,524.88
2026/05/09 06:29:03.430,65,6161,517.45
2026/05/09 06:29:04.462,75,6161,496.84
2026/05/09 06:29:05.493,65,6161,492.99
2026/05/09 06:29:06.524,89,6161,261.14
2026/05/09 06:29:07.556,58,6161,265.74
2026/05/09 06:29:08.588,71,6161,494.42
2026/05/09 06:29:09.621,63,6161,505.08
2026/05/09 06:29:10.654,60,6161,483.87
2026/05/09 06:29:11.686,75,6161,494.04
2026/05/09 06:29:12.718,65,6161,487.88
2026/05/09 06:29:13.753,75,6161,492.82
2026/05/09 06:29:14.785,63,6161,482.73
2026/05/09 06:29:15.817,70,6161,490.43
2026/05/09 06:29:16.848,71,6161,496.17
2026/05/09 06:29:17.883,60,6161,485.08
2026/05/09 06:29:18.915,74,6161,488.66
2026/05/09 06:29:19.948,64,6161,488.92
2026/05/09 06:29:20.980,68,6161,488.78
2026/05/09 06:29:22.012,69,6161,490.53
2026/05/09 06:29:23.045,76,6161,370.52
2026/05/09 06:29:24.077,81,6161,179.20
2026/05/09 06:29:25.110,63,6161,434.45
2026/05/09 06:29:26.143,72,6161,491.83
2026/05/09 06:29:27.175,60,6161,486.05
2026/05/09 06:29:28.207,67,6161,490.59
2026/05/09 06:29:29.240,65,6161,491.83
2026/05/09 06:29:30.272,73,6161,520.48
2026/05/09 06:29:31.306,76,6161,525.94
2026/05/09 06:29:32.339,71,6161,512.32
2026/05/09 06:29:33.372,73,6161,497.66
2026/05/09 06:29:34.407,63,6161,485.41
2026/05/09 06:29:35.439,74,6161,493.68
2026/05/09 06:29:36.471,59,6161,482.60
2026/05/09 06:29:37.502,67,6161,491.74
2026/05/09 06:29:38.533,66,6161,495.96
2026/05/09 06:29:39.566,68,6161,432.36
2026/05/09 06:29:40.599,62,6161,272.15
2026/05/09 06:29:41.633,91,6161,255.17
2026/05/09 06:29:42.665,82,6161,178.30
2026/05/09 06:29:43.697,68,6161,388.73
2026/05/09 06:29:44.728,79,6161,525.12
2026/05/09 06:29:45.761,75,6161,532.98
2026/05/09 06:29:46.793,67,6161,520.79
2026/05/09 06:29:47.824,73,6161,528.79
2026/05/09 06:29:48.857,76,6161,526.84
2026/05/09 06:29:49.888,77,6161,535.77
2026/05/09 06:29:50.920,72,6161,528.59
2026/05/09 06:29:51.951,72,6161,541.23
2026/05/09 06:29:52.983,75,6161,534.03
2026/05/09 06:29:54.014,79,6161,543.55
2026/05/09 06:29:55.046,74,6161,523.96
2026/05/09 06:29:56.079,84,6161,556.98
2026/05/09 06:29:57.111,76,6161,436.89
2026/05/09 06:29:58.145,1,6161,153.76
2026/05/09 06:29:59.177,85,6161,318.98
2026/05/09 06:30:00.208,84,6161,567.15
2026/05/09 06:30:01.240,82,6161,572.62
2026/05/09 06:30:02.270,84,6161,573.22
2026/05/09 06:30:03.302,83,6161,571.81
2026/05/09 06:30:04.334,83,6161,577.55
2026/05/09 06:30:05.365,83,6161,570.82
2026/05/09 06:30:06.397,83,6180,566.88
2026/05/09 06:30:07.428,83,6182,560.96
2026/05/09 06:30:08.461,83,6182,568.00
2026/05/09 06:30:09.494,82,6182,575.28
2026/05/09 06:30:10.525,83,6182,567.23
2026/05/09 06:30:11.557,80,6175,493.41
2026/05/09 06:30:12.589,80,6175,180.45
2026/05/09 06:30:13.621,73,6195,399.70
2026/05/09 06:30:14.653,73,6194,521.76
2026/05/09 06:30:15.685,71,6199,521.49
2026/05/09 06:30:16.717,72,6229,523.29
2026/05/09 06:30:17.749,73,6229,520.65
2026/05/09 06:30:18.781,73,6214,527.82
2026/05/09 06:30:19.814,73,6214,533.32
2026/05/09 06:30:20.844,77,6201,529.82
2026/05/09 06:30:21.875,72,6159,526.34
2026/05/09 06:30:22.907,72,6159,529.21
2026/05/09 06:30:23.940,76,6159,528.48
2026/05/09 06:30:24.972,73,6159,527.74
2026/05/09 06:30:26.006,73,6159,530.56
2026/05/09 06:30:27.037,76,6159,528.49
2026/05/09 06:30:28.069,76,6159,215.15
2026/05/09 06:30:29.101,76,6159,345.25
2026/05/09 06:30:30.133,73,6159,529.33
2026/05/09 06:30:31.166,75,6159,530.83
2026/05/09 06:30:32.199,73,6166,527.84
2026/05/09 06:30:33.231,72,6166,513.10
2026/05/09 06:30:34.264,72,6235,521.54
2026/05/09 06:30:35.296,72,6407,499.68
2026/05/09 06:30:36.329,79,6407,520.45
2026/05/09 06:30:37.361,85,6712,508.55
2026/05/09 06:30:38.393,72,6712,519.35
2026/05/09 06:30:39.426,75,6686,525.65
2026/05/09 06:30:40.458,75,6681,521.26
2026/05/09 06:30:41.490,73,6855,516.98
2026/05/09 06:30:42.524,72,6556,510.05
2026/05/09 06:30:43.556,85,6550,327.14
2026/05/09 06:30:44.590,73,6550,219.99
2026/05/09 06:30:45.623,73,6513,527.95
2026/05/09 06:30:46.655,76,6219,525.85
2026/05/09 06:30:47.687,75,6200,521.43
2026/05/09 06:30:48.720,76,6210,523.91
2026/05/09 06:30:49.757,72,6210,523.70
2026/05/09 06:30:50.789,76,6210,525.84
2026/05/09 06:30:51.823,75,6203,519.41
2026/05/09 06:30:52.856,63,6203,483.97
2026/05/09 06:30:53.888,69,6195,490.67
2026/05/09 06:30:54.921,63,6195,484.37
2026/05/09 06:30:55.953,69,6194,491.96
2026/05/09 06:30:56.984,59,6194,485.18
2026/05/09 06:30:58.016,72,6190,490.43
2026/05/09 06:30:59.047,69,6189,498.03
2026/05/09 06:31:00.080,70,6189,331.28
2026/05/09 06:31:01.112,61,6189,272.23
2026/05/09 06:31:02.145,86,6189,207.22
2026/05/09 06:31:03.178,60,6189,248.07
2026/05/09 06:31:04.208,58,6189,487.69
2026/05/09 06:31:05.241,74,6189,493.83
2026/05/09 06:31:06.273,63,6189,488.23
2026/05/09 06:31:07.308,74,6189,487.51
2026/05/09 06:31:08.340,65,6189,489.62
2026/05/09 06:31:09.371,68,6194,488.01
2026/05/09 06:31:10.402,58,6195,481.61
2026/05/09 06:31:11.433,69,6195,487.50
2026/05/09 06:31:12.465,62,6195,485.90
2026/05/09 06:31:13.497,71,6202,498.81
2026/05/09 06:31:14.531,70,6203,516.99
2026/05/09 06:31:15.564,64,6202,515.89
2026/05/09 06:31:16.597,69,6202,489.12
2026/05/09 06:31:17.630,59,6205,479.30
2026/05/09 06:31:18.663,91,6193,365.15
2026/05/09 06:31:19.694,87,6255,185.47
2026/05/09 06:31:20.725,62,6255,451.32
2026/05/09 06:31:21.758,80,6430,476.71
2026/05/09 06:31:22.790,70,6482,476.45
2026/05/09 06:31:23.822,76,6482,486.81
2026/05/09 06:31:24.861,0,6473,403.26
2026/05/09 06:31:25.892,61,6469,458.84
2026/05/09 06:31:26.923,74,6207,541.47
2026/05/09 06:31:27.954,81,6187,560.27
2026/05/09 06:31:28.985,84,6187,567.44
2026/05/09 06:31:30.017,81,6187,567.25
2026/05/09 06:31:31.049,80,6187,566.04
2026/05/09 06:31:32.082,82,6187,568.67
2026/05/09 06:31:33.114,83,6187,568.00
2026/05/09 06:31:34.146,80,6187,514.04
2026/05/09 06:31:35.178,86,6187,181.35
2026/05/09 06:31:36.210,73,6187,422.21
2026/05/09 06:31:37.242,72,6198,525.23
2026/05/09 06:31:38.275,77,6199,514.64
2026/05/09 06:31:39.308,74,6207,522.18
2026/05/09 06:31:40.341,71,6208,520.65
2026/05/09 06:31:41.375,73,6208,529.93
2026/05/09 06:31:42.407,72,6202,521.87
2026/05/09 06:31:43.440,76,6201,523.08
2026/05/09 06:31:44.472,73,6193,521.87
2026/05/09 06:31:45.504,72,6197,521.48
2026/05/09 06:31:46.537,73,6196,518.55
2026/05/09 06:31:47.570,76,6195,525.21
2026/05/09 06:31:48.603,72,6195,522.49
2026/05/09 06:31:49.635,71,6203,526.13
2026/05/09 06:31:50.668,83,6207,198.20
2026/05/09 06:31:51.701,73,6219,335.01
2026/05/09 06:31:52.733,76,6218,522.72
2026/05/09 06:31:53.767,72,6217,517.42
2026/05/09 06:31:54.800,76,6222,524.66
2026/05/09 06:31:55.832,73,6222,522.48
2026/05/09 06:31:56.865,73,6222,531.40
2026/05/09 06:31:57.900,74,6221,529.24
2026/05/09 06:31:58.932,72,6220,521.66
2026/05/09 06:31:59.966,72,6216,531.33
2026/05/09 06:32:01.000,75,6216,528.80
2026/05/09 06:32:02.032,72,6216,521.86
2026/05/09 06:32:03.066,77,6227,520.01
2026/05/09 06:32:04.097,73,6227,521.52
2026/05/09 06:32:05.130,75,6227,525.85
2026/05/09 06:32:06.164,81,6229,281.77
2026/05/09 06:32:07.196,72,6228,292.86
2026/05/09 06:32:08.228,71,6222,520.58
2026/05/09 06:32:09.260,72,6222,524.72
2026/05/09 06:32:10.292,72,6222,528.99
2026/05/09 06:32:11.324,76,6233,512.24
2026/05/09 06:32:12.357,71,6233,521.20
2026/05/09 06:32:13.390,72,6262,522.27
2026/05/09 06:32:14.423,72,6268,526.32
2026/05/09 06:32:15.456,78,6285,512.63
2026/05/09 06:32:16.488,74,6286,500.60
2026/05/09 06:32:17.520,69,6281,501.10
2026/05/09 06:32:18.553,72,6274,506.45
2026/05/09 06:32:19.586,75,6375,498.59
2026/05/09 06:32:20.618,70,6376,500.40
2026/05/09 06:32:21.651,67,6375,457.60
2026/05/09 06:32:22.685,1,6375,262.13
2026/05/09 06:32:23.716,2,6380,110.50
2026/05/09 06:32:24.748,1,6286,86.14
2026/05/09 06:32:25.781,0,6278,78.88
