timestamp,gpu_util_percent,memory_used_mib,power_w
2026/05/09 02:57:20.824,1,5006,34.92
2026/05/09 02:57:21.859,2,5006,34.19
2026/05/09 02:57:22.896,2,5006,32.76
2026/05/09 02:57:23.933,2,5006,33.60
2026/05/09 02:57:24.970,2,5008,31.66
2026/05/09 02:57:26.007,2,5008,31.14
2026/05/09 02:57:27.042,2,5008,30.50
2026/05/09 02:57:28.076,2,5008,29.83
2026/05/09 02:57:29.111,2,5008,29.61
2026/05/09 02:57:30.149,2,5008,29.29
2026/05/09 02:57:31.185,2,5008,29.39
2026/05/09 02:57:32.221,2,5008,29.22
2026/05/09 02:57:33.257,2,5008,28.90
2026/05/09 02:57:34.294,2,5008,28.51
2026/05/09 02:57:35.327,2,5008,28.38
2026/05/09 02:57:36.361,2,5008,28.38
2026/05/09 02:57:37.394,2,5008,28.33
2026/05/09 02:57:38.428,2,5008,27.94
2026/05/09 02:57:39.461,2,5008,27.74
2026/05/09 02:57:40.494,2,5008,27.58
2026/05/09 02:57:41.529,2,5008,27.84
2026/05/09 02:57:42.565,2,5008,27.77
2026/05/09 02:57:43.601,2,5008,27.75
2026/05/09 02:57:44.637,2,5008,27.82
2026/05/09 02:57:45.675,2,5008,28.26
2026/05/09 02:57:46.712,2,5008,27.89
2026/05/09 02:57:47.748,2,5008,27.15
2026/05/09 02:57:48.782,0,5896,39.99
2026/05/09 02:57:49.813,0,5896,63.78
2026/05/09 02:57:50.842,0,5896,63.64
2026/05/09 02:57:51.872,0,5896,63.51
2026/05/09 02:57:52.901,0,5896,63.78
2026/05/09 02:57:53.930,0,5896,63.88
2026/05/09 02:57:54.961,0,5896,63.31
2026/05/09 02:57:55.992,0,5896,63.66
2026/05/09 02:57:57.022,0,5896,63.55
2026/05/09 02:57:58.052,0,5896,63.67
2026/05/09 02:57:59.082,0,5896,63.60
2026/05/09 02:58:00.113,0,5962,64.03
2026/05/09 02:58:01.144,0,5962,64.09
2026/05/09 02:58:02.175,0,5962,63.86
2026/05/09 02:58:03.205,0,5962,63.77
2026/05/09 02:58:04.237,0,5962,63.54
2026/05/09 02:58:05.270,49,5994,75.93
2026/05/09 02:58:06.302,63,5994,220.64
2026/05/09 02:58:07.332,0,5994,134.99
2026/05/09 02:58:08.363,76,5994,110.22
2026/05/09 02:58:09.394,77,5994,154.82
2026/05/09 02:58:10.423,74,5994,529.53
2026/05/09 02:58:11.453,75,5994,558.79
2026/05/09 02:58:12.483,84,5994,559.78
2026/05/09 02:58:13.513,77,5994,558.92
2026/05/09 02:58:14.543,76,5994,560.88
2026/05/09 02:58:15.573,83,5994,560.43
2026/05/09 02:58:16.603,75,5994,557.79
2026/05/09 02:58:17.633,84,5994,561.93
2026/05/09 02:58:18.663,75,5994,559.73
2026/05/09 02:58:19.693,83,5994,562.42
2026/05/09 02:58:20.723,71,5994,234.05
2026/05/09 02:58:21.753,75,5994,332.05
2026/05/09 02:58:22.784,74,5994,553.69
2026/05/09 02:58:23.815,73,5994,502.88
2026/05/09 02:58:24.846,65,5994,491.83
2026/05/09 02:58:25.877,67,5994,497.11
2026/05/09 02:58:26.909,80,5994,498.81
2026/05/09 02:58:27.940,81,5994,534.66
2026/05/09 02:58:28.971,73,5994,530.99
2026/05/09 02:58:30.002,68,5994,528.60
2026/05/09 02:58:31.033,61,5994,469.43
2026/05/09 02:58:32.064,64,5994,463.30
2026/05/09 02:58:33.096,64,5994,467.73
2026/05/09 02:58:34.126,84,5994,251.68
2026/05/09 02:58:35.157,59,5994,348.24
2026/05/09 02:58:36.189,64,5994,463.03
2026/05/09 02:58:37.220,64,5994,467.97
2026/05/09 02:58:38.251,60,5994,467.39
2026/05/09 02:58:39.282,60,5994,471.41
2026/05/09 02:58:40.314,64,5994,468.93
2026/05/09 02:58:41.345,65,5994,469.96
2026/05/09 02:58:42.376,61,5994,469.46
2026/05/09 02:58:43.408,62,5994,465.21
2026/05/09 02:58:44.440,62,5994,479.75
2026/05/09 02:58:45.471,62,5994,479.52
2026/05/09 02:58:46.502,68,5994,499.93
2026/05/09 02:58:47.534,64,5994,504.73
2026/05/09 02:58:48.565,89,5994,208.37
2026/05/09 02:58:49.596,62,5994,392.88
2026/05/09 02:58:50.628,62,5994,479.87
2026/05/09 02:58:51.659,64,5994,482.03
2026/05/09 02:58:52.691,63,5994,482.38
2026/05/09 02:58:53.722,62,5994,482.65
2026/05/09 02:58:54.753,62,5994,481.34
2026/05/09 02:58:55.784,62,5994,482.30
2026/05/09 02:58:56.815,62,5994,481.84
2026/05/09 02:58:57.847,71,5994,482.26
2026/05/09 02:58:58.882,60,5994,470.81
2026/05/09 02:58:59.913,73,5994,473.26
2026/05/09 02:59:00.944,62,5994,471.78
2026/05/09 02:59:01.973,87,5994,442.62
2026/05/09 02:59:03.003,75,5994,171.08
2026/05/09 02:59:04.032,79,5994,452.04
2026/05/09 02:59:05.063,71,5994,550.66
2026/05/09 02:59:06.094,66,5994,512.41
2026/05/09 02:59:07.125,72,5994,498.86
2026/05/09 02:59:08.156,73,5994,495.38
2026/05/09 02:59:09.187,62,5994,498.60
2026/05/09 02:59:10.217,66,5994,495.61
2026/05/09 02:59:11.249,71,5994,496.60
2026/05/09 02:59:12.280,68,5994,494.09
2026/05/09 02:59:13.312,62,5994,498.64
2026/05/09 02:59:14.343,66,5994,512.61
2026/05/09 02:59:15.375,65,5994,509.43
2026/05/09 02:59:16.408,34,5994,290.54
2026/05/09 02:59:17.440,75,5994,144.38
2026/05/09 02:59:18.473,78,5994,554.22
2026/05/09 02:59:19.503,78,5994,551.84
2026/05/09 02:59:20.534,74,5994,553.87
2026/05/09 02:59:21.565,73,5994,556.71
2026/05/09 02:59:22.596,74,5994,554.44
2026/05/09 02:59:23.628,75,5994,557.73
2026/05/09 02:59:24.660,73,5994,557.83
2026/05/09 02:59:25.691,74,5994,557.16
2026/05/09 02:59:26.722,72,5994,557.30
2026/05/09 02:59:27.754,75,5994,558.73
2026/05/09 02:59:28.784,0,5994,343.98
2026/05/09 02:59:29.815,61,5994,239.89
2026/05/09 02:59:30.846,64,5994,269.02
2026/05/09 02:59:31.877,73,5994,215.81
2026/05/09 02:59:32.909,63,5994,281.18
2026/05/09 02:59:33.939,72,5994,503.77
2026/05/09 02:59:34.971,72,5994,506.91
2026/05/09 02:59:36.004,72,5994,506.91
2026/05/09 02:59:37.035,64,5994,508.15
2026/05/09 02:59:38.067,66,5994,503.26
2026/05/09 02:59:39.099,71,5994,503.22
2026/05/09 02:59:40.131,72,5994,505.90
2026/05/09 02:59:41.162,72,5994,508.92
2026/05/09 02:59:42.194,71,5994,502.86
2026/05/09 02:59:43.227,72,5994,505.18
2026/05/09 02:59:44.259,71,5994,505.22
2026/05/09 02:59:45.290,77,5994,330.31
2026/05/09 02:59:46.321,72,5994,273.93
2026/05/09 02:59:47.352,72,5994,503.58
2026/05/09 02:59:48.384,71,5994,505.36
2026/05/09 02:59:49.416,72,5994,504.57
2026/05/09 02:59:50.449,71,5994,502.98
2026/05/09 02:59:51.481,72,5994,504.51
2026/05/09 02:59:52.514,71,5994,505.02
2026/05/09 02:59:53.546,71,5994,505.05
2026/05/09 02:59:54.579,70,5994,502.80
2026/05/09 02:59:55.611,62,5994,489.90
2026/05/09 02:59:56.645,61,5994,463.74
2026/05/09 02:59:57.676,62,5994,465.85
2026/05/09 02:59:58.708,75,5994,416.67
2026/05/09 02:59:59.739,72,5994,167.91
2026/05/09 03:00:00.771,71,5994,428.47
2026/05/09 03:00:01.802,72,5994,501.01
2026/05/09 03:00:02.835,66,5994,468.13
2026/05/09 03:00:03.867,65,5994,473.13
2026/05/09 03:00:04.899,59,5994,464.34
2026/05/09 03:00:05.930,64,5994,465.55
2026/05/09 03:00:06.962,64,5994,464.19
2026/05/09 03:00:07.995,62,5994,465.03
2026/05/09 03:00:09.026,62,5994,472.73
2026/05/09 03:00:10.059,62,5994,465.06
2026/05/09 03:00:11.090,62,5994,464.27
2026/05/09 03:00:12.121,64,5994,464.70
2026/05/09 03:00:13.152,61,5994,466.86
2026/05/09 03:00:14.184,88,5994,174.66
2026/05/09 03:00:15.215,61,5994,406.65
2026/05/09 03:00:16.247,66,5994,478.56
2026/05/09 03:00:17.279,65,5994,470.23
2026/05/09 03:00:18.312,62,5994,480.99
2026/05/09 03:00:19.343,72,5994,471.63
2026/05/09 03:00:20.375,63,5994,496.40
2026/05/09 03:00:21.407,71,5994,499.59
2026/05/09 03:00:22.439,71,5994,502.04
2026/05/09 03:00:23.470,62,5994,482.27
2026/05/09 03:00:24.502,62,5994,478.37
2026/05/09 03:00:25.533,61,5994,471.55
2026/05/09 03:00:26.564,62,5994,478.04
2026/05/09 03:00:27.595,83,5994,380.07
2026/05/09 03:00:28.627,63,5994,204.81
2026/05/09 03:00:29.658,58,5994,465.76
2026/05/09 03:00:30.689,71,5994,485.69
2026/05/09 03:00:31.720,71,5994,503.18
2026/05/09 03:00:32.753,58,5994,481.07
2026/05/09 03:00:33.788,21,5994,447.95
2026/05/09 03:00:34.822,76,5994,359.16
2026/05/09 03:00:35.855,80,5994,544.48
2026/05/09 03:00:36.887,71,5994,548.83
2026/05/09 03:00:37.920,72,5994,528.49
2026/05/09 03:00:38.954,66,5994,509.46
2026/05/09 03:00:39.987,65,5994,504.26
2026/05/09 03:00:41.019,72,5994,501.73
2026/05/09 03:00:42.052,89,5994,206.49
2026/05/09 03:00:43.084,72,5994,393.83
2026/05/09 03:00:44.115,72,5994,507.65
2026/05/09 03:00:45.148,71,5994,509.01
2026/05/09 03:00:46.179,63,5994,507.34
2026/05/09 03:00:47.211,69,5994,502.14
2026/05/09 03:00:48.243,72,5994,507.96
2026/05/09 03:00:49.275,72,5994,509.89
2026/05/09 03:00:50.309,69,5994,506.77
2026/05/09 03:00:51.342,64,5994,504.88
2026/05/09 03:00:52.375,63,5994,503.50
2026/05/09 03:00:53.409,66,5994,502.74
2026/05/09 03:00:54.442,71,5994,502.02
2026/05/09 03:00:55.477,64,5994,282.39
2026/05/09 03:00:56.510,61,5994,275.33
2026/05/09 03:00:57.541,89,6026,192.54
2026/05/09 03:00:58.573,72,6026,371.65
2026/05/09 03:00:59.605,68,6026,508.50
2026/05/09 03:01:00.637,69,6026,503.50
2026/05/09 03:01:01.669,72,6026,506.97
2026/05/09 03:01:02.701,66,6026,510.48
2026/05/09 03:01:03.734,71,6026,504.85
2026/05/09 03:01:04.765,73,6026,509.12
2026/05/09 03:01:05.798,82,6026,535.76
2026/05/09 03:01:06.831,84,6026,559.57
2026/05/09 03:01:07.862,84,6026,561.19
2026/05/09 03:01:08.894,82,6026,559.45
2026/05/09 03:01:09.925,78,6026,552.04
2026/05/09 03:01:10.956,75,6026,224.99
2026/05/09 03:01:11.987,83,6026,562.73
2026/05/09 03:01:13.017,81,6026,564.72
2026/05/09 03:01:14.049,75,6026,561.77
2026/05/09 03:01:15.080,76,6026,561.51
2026/05/09 03:01:16.111,84,6026,561.28
2026/05/09 03:01:17.142,80,6026,562.73
2026/05/09 03:01:18.174,76,6026,562.81
2026/05/09 03:01:19.206,78,6026,561.21
2026/05/09 03:01:20.238,84,6026,559.89
2026/05/09 03:01:21.268,82,6026,563.62
2026/05/09 03:01:22.298,76,6026,423.95
2026/05/09 03:01:23.330,76,6026,181.37
2026/05/09 03:01:24.361,73,6026,522.19
2026/05/09 03:01:25.393,83,6026,544.99
2026/05/09 03:01:26.425,84,6026,556.81
2026/05/09 03:01:27.456,73,6026,558.76
2026/05/09 03:01:28.488,62,6026,524.35
2026/05/09 03:01:29.519,63,6026,501.84
2026/05/09 03:01:30.551,74,6026,497.58
2026/05/09 03:01:31.582,67,6026,495.83
2026/05/09 03:01:32.614,69,6026,502.27
2026/05/09 03:01:33.644,62,6026,506.53
2026/05/09 03:01:34.676,76,6026,508.42
2026/05/09 03:01:35.707,75,6026,283.06
2026/05/09 03:01:36.738,77,6026,283.02
2026/05/09 03:01:37.770,65,6026,530.24
2026/05/09 03:01:38.800,71,6026,520.39
2026/05/09 03:01:39.832,63,6026,522.82
2026/05/09 03:01:40.862,69,6026,519.29
2026/05/09 03:01:41.895,74,6026,525.69
2026/05/09 03:01:42.926,75,6026,532.55
2026/05/09 03:01:43.957,70,6026,520.85
2026/05/09 03:01:44.990,70,6026,521.73
2026/05/09 03:01:46.023,0,6026,468.41
2026/05/09 03:01:47.055,83,6026,445.83
2026/05/09 03:01:48.087,73,6026,555.66
2026/05/09 03:01:49.118,73,6026,219.73
2026/05/09 03:01:50.150,83,6026,363.69
2026/05/09 03:01:51.180,76,6026,564.18
2026/05/09 03:01:52.212,84,6026,566.02
2026/05/09 03:01:53.243,75,6026,564.38
2026/05/09 03:01:54.275,78,6026,561.97
2026/05/09 03:01:55.306,83,6026,563.26
2026/05/09 03:01:56.337,79,6026,562.83
2026/05/09 03:01:57.367,76,6026,560.84
2026/05/09 03:01:58.396,83,6026,563.90
2026/05/09 03:01:59.426,82,6026,564.20
2026/05/09 03:02:00.457,75,6020,445.66
2026/05/09 03:02:01.488,75,6020,171.11
2026/05/09 03:02:02.519,83,6020,505.51
2026/05/09 03:02:03.551,75,6020,558.86
2026/05/09 03:02:04.582,83,6020,562.01
2026/05/09 03:02:05.614,81,6020,565.03
2026/05/09 03:02:06.645,75,6020,561.22
2026/05/09 03:02:07.676,79,6020,562.99
2026/05/09 03:02:08.706,83,6020,562.90
2026/05/09 03:02:09.736,78,6020,560.77
2026/05/09 03:02:10.767,75,6020,560.83
2026/05/09 03:02:11.797,76,6020,561.73
2026/05/09 03:02:12.828,60,6020,512.16
2026/05/09 03:02:13.861,62,6020,267.25
2026/05/09 03:02:14.893,61,6020,267.55
2026/05/09 03:02:15.925,70,6020,176.79
2026/05/09 03:02:16.959,83,6020,552.68
2026/05/09 03:02:17.992,78,6020,554.47
2026/05/09 03:02:19.023,72,6020,550.78
2026/05/09 03:02:20.056,76,6020,554.24
2026/05/09 03:02:21.087,81,6020,550.53
2026/05/09 03:02:22.119,72,6020,549.24
2026/05/09 03:02:23.152,82,6020,553.19
2026/05/09 03:02:24.184,76,6020,551.34
2026/05/09 03:02:25.216,75,6020,554.87
2026/05/09 03:02:26.248,79,6020,550.04
2026/05/09 03:02:27.279,71,6020,526.76
2026/05/09 03:02:28.311,70,6020,190.26
2026/05/09 03:02:29.343,62,6020,348.90
2026/05/09 03:02:30.375,71,6020,489.20
2026/05/09 03:02:31.406,67,6020,500.33
2026/05/09 03:02:32.438,68,6020,506.02
2026/05/09 03:02:33.470,73,6020,504.70
2026/05/09 03:02:34.502,68,6020,505.98
2026/05/09 03:02:35.535,70,6020,508.27
2026/05/09 03:02:36.566,69,6020,523.72
2026/05/09 03:02:37.598,73,6020,523.83
2026/05/09 03:02:38.630,76,6020,521.35
2026/05/09 03:02:39.662,80,6020,525.98
2026/05/09 03:02:40.695,73,6020,524.44
2026/05/09 03:02:41.727,71,6020,207.40
2026/05/09 03:02:42.759,72,6020,379.60
2026/05/09 03:02:43.791,66,6020,507.27
2026/05/09 03:02:44.823,70,6020,499.82
2026/05/09 03:02:45.856,72,6020,492.14
2026/05/09 03:02:46.886,62,6020,496.81
2026/05/09 03:02:47.917,70,6020,490.78
2026/05/09 03:02:48.950,64,6020,496.73
2026/05/09 03:02:49.982,61,6020,485.19
2026/05/09 03:02:51.014,62,6020,480.29
2026/05/09 03:02:52.048,58,6020,474.35
2026/05/09 03:02:53.079,62,6020,476.85
2026/05/09 03:02:54.112,66,6020,474.93
2026/05/09 03:02:55.144,71,6020,373.24
2026/05/09 03:02:56.178,0,6020,165.14
2026/05/09 03:02:57.210,84,6020,376.73
2026/05/09 03:02:58.241,79,6020,553.26
2026/05/09 03:02:59.273,74,6020,550.52
2026/05/09 03:03:00.306,80,6020,548.15
2026/05/09 03:03:01.337,71,6020,549.91
2026/05/09 03:03:02.368,80,6020,549.85
2026/05/09 03:03:03.401,75,6020,550.16
2026/05/09 03:03:04.434,78,6020,553.59
2026/05/09 03:03:05.466,82,6020,553.67
2026/05/09 03:03:06.498,78,6020,551.75
2026/05/09 03:03:07.529,75,6020,507.33
2026/05/09 03:03:08.562,76,6020,169.51
2026/05/09 03:03:09.593,80,6020,431.18
2026/05/09 03:03:10.625,82,6020,548.62
2026/05/09 03:03:11.657,80,6020,555.58
2026/05/09 03:03:12.688,83,6020,558.47
2026/05/09 03:03:13.720,73,6020,550.01
2026/05/09 03:03:14.753,76,6020,559.32
2026/05/09 03:03:15.785,82,6020,553.12
2026/05/09 03:03:16.817,81,6020,556.31
2026/05/09 03:03:17.848,72,6020,551.35
2026/05/09 03:03:18.879,75,6020,557.34
2026/05/09 03:03:19.911,78,6020,559.81
2026/05/09 03:03:20.942,90,6020,252.65
2026/05/09 03:03:21.974,73,6020,508.60
2026/05/09 03:03:23.005,68,6020,515.63
2026/05/09 03:03:24.037,73,6020,510.22
2026/05/09 03:03:25.070,72,6020,514.68
2026/05/09 03:03:26.101,65,6020,509.38
2026/05/09 03:03:27.132,73,6020,511.85
2026/05/09 03:03:28.164,69,6020,513.81
2026/05/09 03:03:29.196,72,6020,506.59
2026/05/09 03:03:30.228,72,6020,510.86
2026/05/09 03:03:31.258,63,6020,511.84
2026/05/09 03:03:32.289,73,6020,506.43
2026/05/09 03:03:33.320,73,6020,513.07
2026/05/09 03:03:34.353,66,6020,319.96
2026/05/09 03:03:35.386,64,6020,274.33
2026/05/09 03:03:36.417,71,6020,205.17
2026/05/09 03:03:37.449,76,6020,322.73
2026/05/09 03:03:38.480,74,6020,551.86
2026/05/09 03:03:39.512,73,6020,553.21
2026/05/09 03:03:40.543,73,6020,557.55
2026/05/09 03:03:41.576,82,6020,549.89
2026/05/09 03:03:42.607,78,6020,554.27
2026/05/09 03:03:43.639,72,6020,551.83
2026/05/09 03:03:44.672,79,6020,554.55
2026/05/09 03:03:45.703,72,6020,543.12
2026/05/09 03:03:46.736,77,6020,557.33
2026/05/09 03:03:47.767,82,6020,552.32
2026/05/09 03:03:48.797,70,6020,243.95
2026/05/09 03:03:49.829,64,6020,355.21
2026/05/09 03:03:50.861,63,6020,467.54
2026/05/09 03:03:51.892,65,6020,473.75
2026/05/09 03:03:52.924,61,6020,469.22
2026/05/09 03:03:53.957,64,6020,476.17
2026/05/09 03:03:54.988,64,6020,469.84
2026/05/09 03:03:56.018,62,6020,477.61
2026/05/09 03:03:57.049,64,6020,468.49
2026/05/09 03:03:58.079,60,6020,468.29
2026/05/09 03:03:59.111,63,6020,467.23
2026/05/09 03:04:00.143,64,6020,465.68
2026/05/09 03:04:01.174,59,6020,464.86
2026/05/09 03:04:02.206,64,6020,466.68
2026/05/09 03:04:03.236,74,6020,292.93
2026/05/09 03:04:04.272,59,6020,279.17
2026/05/09 03:04:05.303,68,6020,464.78
2026/05/09 03:04:06.336,61,6020,475.74
2026/05/09 03:04:07.368,65,6020,470.74
2026/05/09 03:04:08.400,61,6020,469.45
2026/05/09 03:04:09.435,0,6020,410.37
2026/05/09 03:04:10.467,75,6020,544.33
2026/05/09 03:04:11.499,81,6020,547.96
2026/05/09 03:04:12.531,79,6020,549.98
2026/05/09 03:04:13.564,73,6020,549.00
2026/05/09 03:04:14.596,82,6020,550.53
2026/05/09 03:04:15.629,78,6020,554.04
2026/05/09 03:04:16.660,72,6020,352.26
2026/05/09 03:04:17.693,70,6020,246.00
2026/05/09 03:04:18.726,63,6020,506.10
2026/05/09 03:04:19.759,69,6020,502.44
2026/05/09 03:04:20.795,72,6020,505.11
2026/05/09 03:04:21.827,72,6020,507.42
2026/05/09 03:04:22.859,70,6020,508.62
2026/05/09 03:04:23.892,63,6020,502.96
2026/05/09 03:04:24.923,64,6020,497.10
2026/05/09 03:04:25.956,62,6020,469.52
2026/05/09 03:04:26.987,62,6020,465.41
2026/05/09 03:04:28.018,62,6020,465.29
2026/05/09 03:04:29.051,62,6020,465.93
2026/05/09 03:04:30.083,62,6020,465.53
2026/05/09 03:04:31.119,89,6020,205.56
2026/05/09 03:04:32.152,62,6020,386.23
2026/05/09 03:04:33.185,61,6020,464.13
2026/05/09 03:04:34.217,61,6020,463.93
2026/05/09 03:04:35.249,62,6020,464.02
2026/05/09 03:04:36.282,61,6020,464.23
2026/05/09 03:04:37.314,61,6020,464.99
2026/05/09 03:04:38.346,62,6020,465.45
2026/05/09 03:04:39.379,61,6020,464.89
2026/05/09 03:04:40.411,62,6020,464.58
2026/05/09 03:04:41.443,62,6020,465.15
2026/05/09 03:04:42.476,62,6020,477.63
2026/05/09 03:04:43.507,63,6020,465.85
2026/05/09 03:04:44.539,72,6020,476.16
2026/05/09 03:04:45.571,88,6020,239.35
2026/05/09 03:04:46.603,61,6020,332.01
2026/05/09 03:04:47.635,58,6020,463.84
2026/05/09 03:04:48.667,63,6020,467.90
2026/05/09 03:04:49.697,63,6020,472.41
2026/05/09 03:04:50.728,67,6020,467.68
2026/05/09 03:04:51.759,66,6020,475.80
2026/05/09 03:04:52.789,61,6020,477.04
2026/05/09 03:04:53.821,63,6020,477.99
2026/05/09 03:04:54.853,62,6020,465.90
2026/05/09 03:04:55.885,62,6020,464.07
2026/05/09 03:04:56.916,62,6020,463.85
2026/05/09 03:04:57.948,62,6020,464.01
2026/05/09 03:04:58.979,62,6020,464.06
2026/05/09 03:05:00.011,65,6020,357.63
2026/05/09 03:05:01.045,62,6020,269.34
2026/05/09 03:05:02.077,75,6020,234.83
2026/05/09 03:05:03.109,81,6020,197.74
2026/05/09 03:05:04.140,58,6020,463.30
2026/05/09 03:05:05.174,62,6020,462.88
2026/05/09 03:05:06.206,62,6020,463.59
2026/05/09 03:05:07.239,62,6020,463.76
2026/05/09 03:05:08.272,66,6020,464.81
2026/05/09 03:05:09.303,61,6020,479.39
2026/05/09 03:05:10.336,71,6020,496.39
2026/05/09 03:05:11.367,71,6020,500.48
2026/05/09 03:05:12.399,65,6020,479.81
2026/05/09 03:05:13.432,59,6020,476.02
2026/05/09 03:05:14.463,62,6020,474.05
2026/05/09 03:05:15.495,68,6020,498.45
2026/05/09 03:05:16.526,89,6020,347.67
2026/05/09 03:05:17.558,55,6020,230.76
2026/05/09 03:05:18.588,68,6020,479.72
2026/05/09 03:05:19.619,68,6020,475.91
2026/05/09 03:05:20.651,64,6020,478.67
2026/05/09 03:05:21.682,68,6020,518.48
2026/05/09 03:05:22.712,71,6020,528.71
2026/05/09 03:05:23.743,65,6020,474.58
2026/05/09 03:05:24.774,63,6020,478.22
2026/05/09 03:05:25.806,67,6020,482.08
2026/05/09 03:05:26.837,68,6020,477.98
2026/05/09 03:05:27.869,63,6020,477.36
2026/05/09 03:05:28.901,52,6020,335.72
2026/05/09 03:05:29.936,77,6020,547.54
2026/05/09 03:05:30.966,75,6020,450.00
2026/05/09 03:05:31.997,83,6020,338.21
2026/05/09 03:05:33.028,82,6020,560.45
2026/05/09 03:05:34.060,73,6020,560.70
2026/05/09 03:05:35.092,69,6020,515.65
2026/05/09 03:05:36.124,72,6020,510.53
2026/05/09 03:05:37.157,73,6020,514.10
2026/05/09 03:05:38.188,64,6020,506.08
2026/05/09 03:05:39.220,73,6020,514.65
2026/05/09 03:05:40.252,64,6020,506.02
2026/05/09 03:05:41.284,75,6020,531.80
2026/05/09 03:05:42.316,71,6020,506.88
2026/05/09 03:05:43.347,73,6020,511.90
2026/05/09 03:05:44.379,80,6020,307.35
2026/05/09 03:05:45.412,72,6020,339.44
2026/05/09 03:05:46.444,63,6020,506.59
2026/05/09 03:05:47.475,73,6020,511.65
2026/05/09 03:05:48.507,69,6020,509.22
2026/05/09 03:05:49.537,66,6020,507.22
2026/05/09 03:05:50.569,72,6020,509.36
2026/05/09 03:05:51.600,72,6020,510.25
2026/05/09 03:05:52.630,67,6020,509.42
2026/05/09 03:05:53.662,72,6020,511.02
2026/05/09 03:05:54.694,72,6020,509.81
2026/05/09 03:05:55.726,63,6020,503.93
2026/05/09 03:05:56.758,71,6020,506.49
2026/05/09 03:05:57.789,81,6020,246.83
2026/05/09 03:05:58.820,82,6020,355.36
2026/05/09 03:05:59.852,81,6020,556.37
2026/05/09 03:06:00.884,79,6020,554.93
2026/05/09 03:06:01.915,78,6020,554.84
2026/05/09 03:06:02.947,78,6020,551.25
2026/05/09 03:06:03.979,75,6020,553.02
2026/05/09 03:06:05.012,73,6020,555.45
2026/05/09 03:06:06.043,73,6020,561.81
2026/05/09 03:06:07.075,73,6020,559.61
2026/05/09 03:06:08.111,78,6020,548.90
2026/05/09 03:06:09.143,74,6020,511.52
2026/05/09 03:06:10.175,73,6020,173.28
2026/05/09 03:06:11.206,73,6020,428.56
2026/05/09 03:06:12.238,72,6020,542.64
2026/05/09 03:06:13.269,74,6020,506.67
2026/05/09 03:06:14.301,68,6020,512.95
2026/05/09 03:06:15.333,68,6020,508.74
2026/05/09 03:06:16.365,78,6020,531.85
2026/05/09 03:06:17.398,73,6020,554.59
2026/05/09 03:06:18.429,75,6020,551.67
2026/05/09 03:06:19.461,81,6020,553.86
2026/05/09 03:06:20.493,81,6020,550.89
2026/05/09 03:06:21.524,71,6020,529.32
2026/05/09 03:06:22.558,60,6020,330.03
2026/05/09 03:06:23.591,62,6020,267.46
2026/05/09 03:06:24.625,89,6020,228.71
2026/05/09 03:06:25.657,62,6020,271.46
2026/05/09 03:06:26.688,64,6020,464.50
2026/05/09 03:06:27.720,64,6020,464.93
2026/05/09 03:06:28.753,60,6020,469.43
2026/05/09 03:06:29.785,64,6020,476.98
2026/05/09 03:06:30.816,63,6020,466.39
2026/05/09 03:06:31.848,62,6020,466.00
2026/05/09 03:06:32.880,62,6020,468.95
2026/05/09 03:06:33.912,62,6020,465.38
2026/05/09 03:06:34.944,63,6020,465.36
2026/05/09 03:06:35.976,65,6020,479.98
2026/05/09 03:06:37.008,71,6020,498.77
2026/05/09 03:06:38.040,61,6020,497.45
2026/05/09 03:06:39.072,90,6020,333.46
2026/05/09 03:06:40.103,0,6020,152.55
2026/05/09 03:06:41.136,89,6020,478.37
2026/05/09 03:06:42.168,76,6020,545.86
2026/05/09 03:06:43.201,75,6020,549.32
2026/05/09 03:06:44.234,80,6020,544.29
2026/05/09 03:06:45.266,72,6020,548.67
2026/05/09 03:06:46.299,82,6020,548.79
2026/05/09 03:06:47.332,72,6020,546.99
2026/05/09 03:06:48.365,82,6020,550.60
2026/05/09 03:06:49.398,72,6020,549.28
2026/05/09 03:06:50.431,79,6020,548.94
2026/05/09 03:06:51.464,70,6020,547.72
2026/05/09 03:06:52.495,78,6020,171.03
2026/05/09 03:06:53.528,73,6020,476.52
2026/05/09 03:06:54.560,72,6020,510.37
2026/05/09 03:06:55.594,66,6020,508.03
2026/05/09 03:06:56.626,67,6020,501.70
2026/05/09 03:06:57.659,73,6020,506.36
2026/05/09 03:06:58.693,73,6020,509.55
2026/05/09 03:06:59.724,68,6020,506.73
2026/05/09 03:07:00.757,63,6020,505.84
2026/05/09 03:07:01.790,63,6020,502.69
2026/05/09 03:07:02.822,64,6020,500.95
2026/05/09 03:07:03.855,69,6020,500.05
2026/05/09 03:07:04.887,72,6020,506.74
2026/05/09 03:07:05.918,89,6020,288.50
2026/05/09 03:07:06.952,81,6020,367.67
2026/05/09 03:07:07.985,71,6020,530.53
2026/05/09 03:07:09.020,71,6020,505.20
2026/05/09 03:07:10.053,70,6020,505.04
2026/05/09 03:07:11.086,67,6020,504.46
2026/05/09 03:07:12.119,63,6020,504.47
2026/05/09 03:07:13.152,62,6020,495.18
2026/05/09 03:07:14.184,62,6020,481.73
2026/05/09 03:07:15.216,71,6020,490.91
2026/05/09 03:07:16.248,65,6020,500.12
2026/05/09 03:07:17.281,63,6020,468.92
2026/05/09 03:07:18.313,63,6020,462.46
2026/05/09 03:07:19.345,79,6020,291.74
2026/05/09 03:07:20.378,62,6020,285.22
2026/05/09 03:07:21.410,65,6020,459.44
2026/05/09 03:07:22.442,62,6020,475.96
2026/05/09 03:07:23.474,71,6020,469.20
2026/05/09 03:07:24.506,61,6020,472.94
2026/05/09 03:07:25.538,62,6020,479.35
2026/05/09 03:07:26.571,65,6020,477.36
2026/05/09 03:07:27.603,71,6020,476.16
2026/05/09 03:07:28.635,62,6020,478.51
2026/05/09 03:07:29.668,67,6020,477.87
2026/05/09 03:07:30.701,63,6020,477.06
2026/05/09 03:07:31.734,62,6020,477.20
2026/05/09 03:07:32.765,60,6020,474.56
2026/05/09 03:07:33.798,71,6020,282.04
2026/05/09 03:07:34.829,61,6020,248.48
2026/05/09 03:07:35.861,69,6020,506.63
2026/05/09 03:07:36.893,66,6020,513.34
2026/05/09 03:07:37.925,69,6020,507.30
2026/05/09 03:07:38.957,62,6020,507.97
2026/05/09 03:07:39.988,64,6020,497.84
2026/05/09 03:07:41.020,62,6020,483.24
2026/05/09 03:07:42.055,69,6020,502.33
2026/05/09 03:07:43.087,68,6020,504.58
2026/05/09 03:07:44.118,79,6020,509.24
2026/05/09 03:07:45.151,74,6020,526.14
2026/05/09 03:07:46.183,62,6020,495.59
2026/05/09 03:07:47.218,62,6020,381.98
2026/05/09 03:07:48.252,64,6020,219.76
2026/05/09 03:07:49.285,58,6020,261.98
2026/05/09 03:07:50.316,79,6020,194.51
2026/05/09 03:07:51.346,75,6020,336.65
2026/05/09 03:07:52.377,82,6020,561.95
2026/05/09 03:07:53.407,77,6020,565.50
2026/05/09 03:07:54.438,76,6020,562.76
2026/05/09 03:07:55.470,80,6020,554.72
2026/05/09 03:07:56.502,74,6020,559.39
2026/05/09 03:07:57.535,77,6020,558.46
2026/05/09 03:07:58.567,80,6020,555.13
2026/05/09 03:07:59.599,82,6020,561.91
2026/05/09 03:08:00.629,78,6020,555.52
2026/05/09 03:08:01.660,75,6020,493.24
2026/05/09 03:08:02.692,82,6020,175.93
2026/05/09 03:08:03.724,74,6020,475.63
2026/05/09 03:08:04.757,72,6020,514.85
2026/05/09 03:08:05.789,69,6020,506.25
2026/05/09 03:08:06.821,73,6020,509.35
2026/05/09 03:08:07.853,63,6020,511.48
2026/05/09 03:08:08.884,73,6020,506.33
2026/05/09 03:08:09.917,73,6020,510.96
2026/05/09 03:08:10.949,70,6020,509.83
2026/05/09 03:08:11.981,67,6020,506.72
2026/05/09 03:08:13.013,71,6020,505.42
2026/05/09 03:08:14.045,72,6020,506.72
2026/05/09 03:08:15.077,77,6020,440.12
2026/05/09 03:08:16.109,83,6020,176.93
2026/05/09 03:08:17.140,72,6020,493.88
2026/05/09 03:08:18.170,72,6020,501.36
2026/05/09 03:08:19.202,72,6020,510.50
2026/05/09 03:08:20.235,66,6020,511.87
2026/05/09 03:08:21.266,70,6020,504.92
2026/05/09 03:08:22.298,72,6020,510.15
2026/05/09 03:08:23.330,72,6020,511.64
2026/05/09 03:08:24.362,63,6020,509.36
2026/05/09 03:08:25.394,68,6020,504.55
2026/05/09 03:08:26.427,72,6020,505.11
2026/05/09 03:08:27.459,72,6020,511.12
2026/05/09 03:08:28.490,89,6020,444.19
2026/05/09 03:08:29.523,80,6020,182.23
2026/05/09 03:08:30.555,73,6020,513.05
2026/05/09 03:08:31.587,64,6020,508.69
2026/05/09 03:08:32.618,70,6020,505.11
2026/05/09 03:08:33.650,73,6020,506.96
2026/05/09 03:08:34.681,63,6020,483.54
2026/05/09 03:08:35.713,68,6020,504.64
2026/05/09 03:08:36.744,72,6020,508.97
2026/05/09 03:08:37.776,72,6020,509.74
2026/05/09 03:08:38.807,70,6020,510.64
2026/05/09 03:08:39.838,63,6020,506.29
2026/05/09 03:08:40.869,65,6020,472.24
2026/05/09 03:08:41.900,60,6020,465.57
2026/05/09 03:08:42.931,89,6020,349.88
2026/05/09 03:08:43.961,73,6020,233.95
2026/05/09 03:08:44.990,65,6020,505.16
2026/05/09 03:08:46.021,61,6020,472.81
2026/05/09 03:08:47.051,63,6020,472.43
2026/05/09 03:08:48.081,61,6020,471.87
2026/05/09 03:08:49.111,62,6020,475.94
2026/05/09 03:08:50.142,62,6020,470.48
2026/05/09 03:08:51.174,63,6020,467.14
2026/05/09 03:08:52.205,64,6020,468.65
2026/05/09 03:08:53.237,60,6020,468.83
2026/05/09 03:08:54.268,64,6020,466.88
2026/05/09 03:08:55.300,63,6020,467.46
2026/05/09 03:08:56.331,59,6020,464.42
2026/05/09 03:08:57.362,89,6020,373.71
2026/05/09 03:08:58.393,62,6020,234.46
2026/05/09 03:08:59.424,63,6020,468.65
2026/05/09 03:09:00.456,63,6020,467.51
2026/05/09 03:09:01.488,62,6020,468.60
2026/05/09 03:09:02.519,67,6020,477.52
2026/05/09 03:09:03.554,6,6020,328.60
2026/05/09 03:09:04.587,84,6020,550.18
2026/05/09 03:09:05.618,73,6020,561.53
2026/05/09 03:09:06.650,73,6020,560.12
2026/05/09 03:09:07.682,76,6020,559.92
2026/05/09 03:09:08.713,81,6020,558.00
2026/05/09 03:09:09.744,82,6020,553.99
2026/05/09 03:09:10.777,62,6020,466.05
2026/05/09 03:09:11.809,63,6020,266.50
2026/05/09 03:09:12.841,74,6020,258.00
2026/05/09 03:09:13.873,71,6020,169.63
2026/05/09 03:09:14.905,84,6020,442.25
2026/05/09 03:09:15.937,82,6020,558.25
2026/05/09 03:09:16.969,82,6020,554.50
2026/05/09 03:09:18.000,74,6020,551.30
2026/05/09 03:09:19.033,72,6020,553.08
2026/05/09 03:09:20.066,72,6020,560.65
2026/05/09 03:09:21.097,74,6020,560.27
2026/05/09 03:09:22.129,82,6020,556.30
2026/05/09 03:09:23.159,82,6020,557.77
2026/05/09 03:09:24.190,81,6020,556.41
2026/05/09 03:09:25.221,73,6020,445.51
2026/05/09 03:09:26.253,76,6020,170.86
2026/05/09 03:09:27.285,75,6020,492.68
2026/05/09 03:09:28.318,80,6020,541.33
2026/05/09 03:09:29.350,73,6020,545.73
2026/05/09 03:09:30.382,79,6020,556.48
2026/05/09 03:09:31.414,80,6020,552.66
2026/05/09 03:09:32.447,72,6020,550.74
2026/05/09 03:09:33.480,76,6020,561.19
2026/05/09 03:09:34.511,76,6020,556.63
2026/05/09 03:09:35.543,81,6020,553.65
2026/05/09 03:09:36.575,71,6020,549.93
2026/05/09 03:09:37.606,83,6020,434.51
2026/05/09 03:09:38.638,72,6020,208.92
2026/05/09 03:09:39.671,73,6020,508.74
2026/05/09 03:09:40.703,69,6020,512.88
2026/05/09 03:09:41.737,65,6020,508.45
2026/05/09 03:09:42.769,72,6020,495.36
2026/05/09 03:09:43.801,73,6020,505.55
2026/05/09 03:09:44.834,72,6020,508.07
2026/05/09 03:09:45.866,67,6020,510.55
2026/05/09 03:09:46.898,63,6020,505.29
2026/05/09 03:09:47.930,73,6020,507.51
2026/05/09 03:09:48.962,72,6020,507.13
2026/05/09 03:09:49.994,72,6020,510.95
2026/05/09 03:09:51.025,81,6020,415.87
2026/05/09 03:09:52.057,81,6020,177.30
2026/05/09 03:09:53.089,71,6020,505.57
2026/05/09 03:09:54.122,72,6020,505.45
2026/05/09 03:09:55.155,71,6020,505.53
2026/05/09 03:09:56.187,72,6020,504.33
2026/05/09 03:09:57.220,71,6020,505.66
2026/05/09 03:09:58.252,72,6020,504.45
2026/05/09 03:09:59.284,71,6020,504.00
2026/05/09 03:10:00.317,71,6020,503.20
2026/05/09 03:10:01.350,71,6020,501.99
2026/05/09 03:10:02.382,64,6020,492.42
2026/05/09 03:10:03.414,67,6020,487.10
2026/05/09 03:10:04.447,69,6020,486.84
2026/05/09 03:10:05.480,86,6020,345.48
2026/05/09 03:10:06.511,72,6020,405.32
2026/05/09 03:10:07.543,73,6020,503.38
2026/05/09 03:10:08.576,63,6020,518.37
2026/05/09 03:10:09.607,72,6020,488.28
2026/05/09 03:10:10.639,76,6020,506.49
2026/05/09 03:10:11.671,74,6020,518.97
2026/05/09 03:10:12.702,71,6020,532.15
2026/05/09 03:10:13.732,81,6020,537.45
2026/05/09 03:10:14.761,75,6020,538.14
2026/05/09 03:10:15.793,78,6020,525.69
2026/05/09 03:10:16.825,83,6020,362.40
2026/05/09 03:10:17.857,84,6020,550.33
2026/05/09 03:10:18.889,72,6020,332.86
2026/05/09 03:10:19.921,63,6020,237.08
2026/05/09 03:10:20.954,73,6020,508.90
2026/05/09 03:10:21.985,63,6020,510.74
2026/05/09 03:10:23.017,73,6020,513.41
2026/05/09 03:10:24.048,65,6020,511.79
2026/05/09 03:10:25.080,70,6020,503.66
2026/05/09 03:10:26.112,73,6020,511.35
2026/05/09 03:10:27.144,67,6020,512.92
2026/05/09 03:10:28.176,63,6020,503.63
2026/05/09 03:10:29.208,73,6020,505.28
2026/05/09 03:10:30.241,72,6020,511.37
2026/05/09 03:10:31.272,67,6020,512.47
2026/05/09 03:10:32.304,62,6020,388.38
2026/05/09 03:10:33.337,67,6020,267.62
2026/05/09 03:10:34.370,89,6020,240.83
2026/05/09 03:10:35.401,70,6020,216.29
2026/05/09 03:10:36.434,73,6020,512.49
2026/05/09 03:10:37.466,63,6020,506.50
2026/05/09 03:10:38.498,73,6020,512.24
2026/05/09 03:10:39.530,63,6020,509.33
2026/05/09 03:10:40.561,73,6020,503.90
2026/05/09 03:10:41.594,73,6020,510.95
2026/05/09 03:10:42.626,65,6020,508.61
2026/05/09 03:10:43.659,68,6020,504.03
2026/05/09 03:10:44.692,73,6020,508.30
2026/05/09 03:10:45.724,73,6020,508.22
2026/05/09 03:10:46.756,68,6020,511.43
2026/05/09 03:10:47.787,75,6020,354.41
2026/05/09 03:10:48.818,73,6020,231.02
2026/05/09 03:10:49.852,72,6020,508.89
2026/05/09 03:10:50.884,64,6020,507.01
2026/05/09 03:10:51.916,66,6020,492.24
2026/05/09 03:10:52.948,65,6020,485.40
2026/05/09 03:10:53.981,66,6020,487.80
2026/05/09 03:10:55.012,72,6020,486.33
2026/05/09 03:10:56.045,72,6020,485.26
2026/05/09 03:10:57.077,63,6020,479.89
2026/05/09 03:10:58.109,64,6020,480.77
2026/05/09 03:10:59.142,62,6020,476.74
2026/05/09 03:11:00.174,62,6020,476.36
2026/05/09 03:11:01.207,59,6020,468.65
2026/05/09 03:11:02.239,89,6020,253.20
2026/05/09 03:11:03.271,64,6020,360.26
2026/05/09 03:11:04.302,63,6020,491.33
2026/05/09 03:11:05.335,68,6020,483.69
2026/05/09 03:11:06.366,71,6020,487.98
2026/05/09 03:11:07.399,70,6020,489.72
2026/05/09 03:11:08.430,66,6020,491.14
2026/05/09 03:11:09.462,68,6020,487.88
2026/05/09 03:11:10.495,67,6020,485.67
2026/05/09 03:11:11.527,72,6020,486.40
2026/05/09 03:11:12.559,69,6020,487.33
2026/05/09 03:11:13.590,70,6020,489.28
2026/05/09 03:11:14.622,69,6020,491.77
2026/05/09 03:11:15.655,73,6020,397.11
2026/05/09 03:11:16.686,70,6020,168.15
2026/05/09 03:11:17.719,72,6020,448.83
2026/05/09 03:11:18.751,82,6020,520.70
2026/05/09 03:11:19.783,76,6020,552.59
2026/05/09 03:11:20.816,82,6020,545.04
2026/05/09 03:11:21.847,80,6020,554.37
2026/05/09 03:11:22.880,73,6020,548.52
2026/05/09 03:11:23.911,64,6020,523.48
2026/05/09 03:11:24.945,81,6020,525.67
2026/05/09 03:11:25.978,73,6020,549.47
2026/05/09 03:11:27.010,70,6020,548.74
2026/05/09 03:11:28.042,76,6020,509.18
2026/05/09 03:11:29.074,57,6020,181.11
2026/05/09 03:11:30.106,62,6020,250.57
2026/05/09 03:11:31.139,81,6020,564.28
2026/05/09 03:11:32.170,71,6020,548.83
2026/05/09 03:11:33.201,79,6020,557.13
2026/05/09 03:11:34.233,80,6020,554.35
2026/05/09 03:11:35.265,81,6020,553.09
2026/05/09 03:11:36.297,75,6020,552.44
2026/05/09 03:11:37.328,71,6020,555.60
2026/05/09 03:11:38.361,82,6020,553.41
2026/05/09 03:11:39.393,82,6020,556.69
2026/05/09 03:11:40.425,77,6020,555.98
2026/05/09 03:11:41.457,79,6020,432.18
2026/05/09 03:11:42.490,79,6020,172.52
2026/05/09 03:11:43.521,79,6020,558.24
2026/05/09 03:11:44.553,72,6020,552.09
2026/05/09 03:11:45.585,75,6020,558.57
2026/05/09 03:11:46.617,80,6020,556.56
2026/05/09 03:11:47.648,81,6020,553.20
2026/05/09 03:11:48.681,81,6020,556.27
2026/05/09 03:11:49.713,72,6020,550.15
2026/05/09 03:11:50.745,75,6020,556.68
2026/05/09 03:11:51.777,79,6020,558.54
2026/05/09 03:11:52.810,78,6020,548.47
2026/05/09 03:11:53.842,61,6020,402.35
2026/05/09 03:11:54.874,63,6020,266.90
2026/05/09 03:11:55.906,82,6020,247.88
2026/05/09 03:11:56.938,68,6020,206.15
2026/05/09 03:11:57.969,66,6020,501.19
2026/05/09 03:11:59.002,72,6020,505.84
2026/05/09 03:12:00.035,73,6020,505.87
2026/05/09 03:12:01.067,72,6020,506.15
2026/05/09 03:12:02.099,72,6020,508.59
2026/05/09 03:12:03.132,72,6020,506.86
2026/05/09 03:12:04.165,68,6020,506.25
2026/05/09 03:12:05.198,64,6020,507.17
2026/05/09 03:12:06.231,63,6020,503.84
2026/05/09 03:12:07.264,64,6020,502.61
2026/05/09 03:12:08.297,62,6020,500.60
2026/05/09 03:12:09.329,83,6020,416.73
2026/05/09 03:12:10.360,75,6020,195.18
2026/05/09 03:12:11.392,72,6020,493.11
2026/05/09 03:12:12.423,72,6020,507.90
2026/05/09 03:12:13.456,66,6020,508.67
2026/05/09 03:12:14.488,63,6020,502.93
2026/05/09 03:12:15.521,71,6020,506.01
2026/05/09 03:12:16.553,72,6020,506.32
2026/05/09 03:12:17.585,72,6020,509.01
2026/05/09 03:12:18.618,72,6020,507.33
2026/05/09 03:12:19.653,67,6020,508.98
2026/05/09 03:12:20.686,63,6020,503.88
2026/05/09 03:12:21.718,62,6020,503.44
2026/05/09 03:12:22.750,75,6020,415.00
2026/05/09 03:12:23.782,79,6020,183.02
2026/05/09 03:12:24.815,64,6020,491.92
2026/05/09 03:12:25.848,62,6020,502.31
2026/05/09 03:12:26.882,65,6020,486.67
2026/05/09 03:12:27.915,65,6020,500.75
2026/05/09 03:12:28.947,61,6020,470.68
2026/05/09 03:12:29.979,62,6020,465.36
2026/05/09 03:12:31.010,60,6020,472.40
2026/05/09 03:12:32.041,63,6020,473.62
2026/05/09 03:12:33.073,66,6020,483.79
2026/05/09 03:12:34.105,81,6020,529.10
2026/05/09 03:12:35.137,83,6020,550.47
2026/05/09 03:12:36.171,75,6020,549.61
2026/05/09 03:12:37.202,82,6020,210.97
2026/05/09 03:12:38.234,59,6020,397.24
2026/05/09 03:12:39.267,59,6020,477.89
2026/05/09 03:12:40.300,72,6020,483.80
2026/05/09 03:12:41.333,67,6020,482.86
2026/05/09 03:12:42.366,67,6020,474.87
2026/05/09 03:12:43.397,65,6020,329.61
2026/05/09 03:12:44.430,77,6020,537.59
2026/05/09 03:12:45.462,73,6020,550.65
2026/05/09 03:12:46.496,81,6020,552.92
2026/05/09 03:12:47.528,79,6020,556.44
2026/05/09 03:12:48.560,82,6020,552.72
2026/05/09 03:12:49.592,74,6020,549.66
2026/05/09 03:12:50.623,77,6020,205.18
2026/05/09 03:12:51.656,73,6020,390.14
2026/05/09 03:12:52.687,65,6020,509.63
2026/05/09 03:12:53.720,84,6020,547.17
2026/05/09 03:12:54.751,78,6020,563.82
2026/05/09 03:12:55.783,65,6020,545.34
2026/05/09 03:12:56.816,73,6020,510.41
2026/05/09 03:12:57.848,70,6020,514.29
2026/05/09 03:12:58.881,66,6020,505.69
2026/05/09 03:12:59.912,73,6020,510.55
2026/05/09 03:13:00.944,72,6020,511.34
2026/05/09 03:13:01.976,65,6020,509.60
2026/05/09 03:13:03.007,85,6020,422.65
2026/05/09 03:13:04.038,75,6020,170.03
2026/05/09 03:13:05.069,77,6020,542.69
2026/05/09 03:13:06.102,80,6020,555.69
2026/05/09 03:13:07.134,83,6020,557.92
2026/05/09 03:13:08.165,83,6020,561.28
2026/05/09 03:13:09.198,83,6020,562.23
2026/05/09 03:13:10.229,82,6020,558.48
2026/05/09 03:13:11.261,81,6020,557.69
2026/05/09 03:13:12.293,78,6020,558.33
2026/05/09 03:13:13.325,77,6020,557.64
2026/05/09 03:13:14.356,77,6020,559.49
2026/05/09 03:13:15.388,60,6020,526.82
2026/05/09 03:13:16.422,66,6020,271.95
2026/05/09 03:13:17.455,65,6020,278.09
2026/05/09 03:13:18.486,78,6020,177.74
2026/05/09 03:13:19.517,77,6020,559.21
2026/05/09 03:13:20.547,79,6020,561.43
2026/05/09 03:13:21.579,84,6020,565.43
2026/05/09 03:13:22.610,75,6020,564.47
2026/05/09 03:13:23.641,76,6020,561.79
2026/05/09 03:13:24.672,83,6020,562.69
2026/05/09 03:13:25.703,78,6020,562.97
2026/05/09 03:13:26.734,75,6020,560.81
2026/05/09 03:13:27.765,81,6020,559.26
2026/05/09 03:13:28.797,83,6020,565.59
2026/05/09 03:13:29.828,71,6020,438.43
2026/05/09 03:13:30.859,75,6020,169.91
2026/05/09 03:13:31.891,80,6020,551.22
2026/05/09 03:13:32.922,79,6020,559.26
2026/05/09 03:13:33.954,81,6020,555.62
2026/05/09 03:13:34.986,82,6020,557.80
2026/05/09 03:13:36.018,73,6020,492.96
2026/05/09 03:13:37.050,62,6020,499.69
2026/05/09 03:13:38.083,64,6020,499.43
2026/05/09 03:13:39.114,73,6020,496.04
2026/05/09 03:13:40.146,65,6020,499.48
2026/05/09 03:13:41.178,64,6020,507.25
2026/05/09 03:13:42.210,68,6020,497.81
2026/05/09 03:13:43.247,70,6020,309.17
2026/05/09 03:13:44.278,75,6020,259.78
2026/05/09 03:13:45.309,65,6020,497.98
2026/05/09 03:13:46.342,63,6020,495.86
2026/05/09 03:13:47.374,72,6020,489.34
2026/05/09 03:13:48.407,67,6020,496.52
2026/05/09 03:13:49.439,64,6020,477.23
2026/05/09 03:13:50.470,59,6020,461.24
2026/05/09 03:13:51.502,60,6020,462.70
2026/05/09 03:13:52.534,64,6020,468.12
2026/05/09 03:13:53.565,64,6020,474.28
2026/05/09 03:13:54.597,62,6020,473.82
2026/05/09 03:13:55.629,82,6020,357.71
2026/05/09 03:13:56.661,77,6020,551.09
2026/05/09 03:13:57.692,73,6020,356.67
2026/05/09 03:13:58.723,78,6020,250.78
2026/05/09 03:13:59.757,73,6020,546.85
2026/05/09 03:14:00.790,78,6020,553.45
2026/05/09 03:14:01.823,81,6020,549.00
2026/05/09 03:14:02.855,72,6020,549.04
2026/05/09 03:14:03.886,82,6020,549.58
2026/05/09 03:14:04.919,73,6020,550.09
2026/05/09 03:14:05.951,82,6020,554.16
2026/05/09 03:14:06.983,82,6020,554.43
2026/05/09 03:14:08.015,81,6020,551.40
2026/05/09 03:14:09.047,78,6020,555.34
2026/05/09 03:14:10.079,76,6020,292.17
2026/05/09 03:14:11.111,82,6020,288.58
2026/05/09 03:14:12.143,76,6020,553.28
2026/05/09 03:14:13.175,71,6020,551.70
2026/05/09 03:14:14.207,82,6020,553.13
2026/05/09 03:14:15.239,81,6020,554.69
2026/05/09 03:14:16.271,83,6020,558.46
2026/05/09 03:14:17.302,80,6020,560.83
2026/05/09 03:14:18.333,79,6020,559.45
2026/05/09 03:14:19.366,79,6020,556.54
2026/05/09 03:14:20.398,80,6020,559.37
2026/05/09 03:14:21.430,80,6020,556.80
2026/05/09 03:14:22.464,75,6020,408.83
2026/05/09 03:14:23.495,76,6020,192.11
2026/05/09 03:14:24.527,75,6020,556.00
2026/05/09 03:14:25.560,78,6020,555.17
2026/05/09 03:14:26.591,84,6020,564.84
2026/05/09 03:14:27.622,79,6020,564.08
2026/05/09 03:14:28.653,76,6020,561.71
2026/05/09 03:14:29.684,75,6020,559.73
2026/05/09 03:14:30.715,83,6020,560.95
2026/05/09 03:14:31.746,84,6020,565.56
2026/05/09 03:14:32.777,83,6020,557.72
2026/05/09 03:14:33.809,78,6020,560.48
2026/05/09 03:14:34.842,61,6020,360.20
2026/05/09 03:14:35.873,62,6020,267.70
2026/05/09 03:14:36.906,75,6020,220.21
2026/05/09 03:14:37.937,79,6020,231.28
2026/05/09 03:14:38.968,84,6020,564.12
2026/05/09 03:14:40.001,76,6020,563.26
2026/05/09 03:14:41.033,80,6020,562.92
2026/05/09 03:14:42.064,75,6020,562.44
2026/05/09 03:14:43.095,76,6020,559.94
2026/05/09 03:14:44.127,82,6020,561.50
2026/05/09 03:14:45.158,83,6020,563.03
2026/05/09 03:14:46.190,81,6020,562.32
2026/05/09 03:14:47.222,76,6020,559.55
2026/05/09 03:14:48.253,75,6020,564.12
2026/05/09 03:14:49.284,73,6020,222.10
2026/05/09 03:14:50.315,75,6020,387.08
2026/05/09 03:14:51.345,65,6020,539.67
2026/05/09 03:14:52.377,81,6020,530.36
2026/05/09 03:14:53.409,64,6020,533.27
2026/05/09 03:14:54.442,63,6020,522.34
2026/05/09 03:14:55.473,71,6020,518.14
2026/05/09 03:14:56.505,74,6020,512.28
2026/05/09 03:14:57.537,62,6020,509.92
2026/05/09 03:14:58.568,80,6020,514.17
2026/05/09 03:14:59.599,63,6020,505.69
2026/05/09 03:15:00.631,81,6020,512.06
2026/05/09 03:15:01.662,79,6020,448.23
2026/05/09 03:15:02.693,73,6020,172.15
2026/05/09 03:15:03.724,73,6020,440.95
2026/05/09 03:15:04.756,74,6020,495.62
2026/05/09 03:15:05.787,66,6020,499.89
2026/05/09 03:15:06.820,81,6020,362.78
2026/05/09 03:15:07.852,80,6020,549.67
2026/05/09 03:15:08.883,73,6020,556.34
2026/05/09 03:15:09.914,75,6020,554.23
2026/05/09 03:15:10.946,75,6020,553.06
2026/05/09 03:15:11.978,77,6020,557.08
2026/05/09 03:15:13.010,77,6020,559.33
2026/05/09 03:15:14.042,80,6020,555.64
2026/05/09 03:15:15.072,76,6020,283.06
2026/05/09 03:15:16.104,76,6020,308.70
2026/05/09 03:15:17.136,74,6020,560.80
2026/05/09 03:15:18.171,77,6020,559.85
2026/05/09 03:15:19.204,79,6020,556.77
2026/05/09 03:15:20.234,73,6020,544.62
2026/05/09 03:15:21.266,73,6020,512.76
2026/05/09 03:15:22.298,63,6020,508.23
2026/05/09 03:15:23.330,65,6020,503.68
2026/05/09 03:15:24.362,72,6020,506.86
2026/05/09 03:15:25.394,72,6020,509.33
2026/05/09 03:15:26.426,72,6020,510.30
2026/05/09 03:15:27.458,63,6020,506.98
2026/05/09 03:15:28.489,74,6020,316.02
2026/05/09 03:15:29.520,73,6020,440.03
2026/05/09 03:15:30.552,84,6020,557.36
2026/05/09 03:15:31.584,81,6020,560.95
2026/05/09 03:15:32.615,73,6020,517.30
2026/05/09 03:15:33.647,65,6020,512.78
2026/05/09 03:15:34.682,73,6020,508.06
2026/05/09 03:15:35.713,71,6020,515.59
2026/05/09 03:15:36.744,69,6020,506.30
2026/05/09 03:15:37.775,73,6020,509.61
2026/05/09 03:15:38.808,63,6020,513.05
2026/05/09 03:15:39.840,73,6020,508.15
2026/05/09 03:15:40.871,70,6020,514.49
2026/05/09 03:15:41.903,89,6020,183.22
2026/05/09 03:15:42.935,66,6020,420.01
2026/05/09 03:15:43.968,72,6020,507.32
2026/05/09 03:15:45.001,72,6020,508.65
2026/05/09 03:15:46.033,67,6020,509.89
2026/05/09 03:15:47.066,66,6020,503.86
2026/05/09 03:15:48.098,72,6020,504.55
2026/05/09 03:15:49.130,72,6020,509.19
2026/05/09 03:15:50.163,69,6020,509.20
2026/05/09 03:15:51.196,63,6020,505.01
2026/05/09 03:15:52.229,72,6020,503.32
2026/05/09 03:15:53.263,72,6020,510.47
2026/05/09 03:15:54.295,62,6020,493.05
2026/05/09 03:15:55.328,60,6020,274.79
2026/05/09 03:15:56.362,66,6020,272.45
2026/05/09 03:15:57.393,83,6020,187.86
2026/05/09 03:15:58.425,68,6020,391.13
2026/05/09 03:15:59.458,74,6020,505.73
2026/05/09 03:16:00.490,70,6020,513.01
2026/05/09 03:16:01.522,73,6020,510.06
2026/05/09 03:16:02.554,64,6020,511.92
2026/05/09 03:16:03.586,73,6020,506.17
2026/05/09 03:16:04.620,71,6020,514.40
2026/05/09 03:16:05.651,69,6020,507.85
2026/05/09 03:16:06.685,73,6020,513.85
2026/05/09 03:16:07.716,63,6020,511.73
2026/05/09 03:16:08.748,73,6020,509.05
2026/05/09 03:16:09.780,72,6020,488.66
2026/05/09 03:16:10.812,74,6020,171.18
2026/05/09 03:16:11.845,73,6020,391.82
2026/05/09 03:16:12.875,71,6020,497.45
2026/05/09 03:16:13.907,72,6020,509.47
2026/05/09 03:16:14.939,62,6020,484.52
2026/05/09 03:16:15.971,59,6020,459.66
2026/05/09 03:16:17.005,72,6020,467.64
2026/05/09 03:16:18.038,72,6020,491.15
2026/05/09 03:16:19.071,62,6020,495.35
2026/05/09 03:16:20.105,0,6020,395.48
2026/05/09 03:16:21.138,79,6020,415.65
2026/05/09 03:16:22.170,80,6020,550.98
2026/05/09 03:16:23.203,83,6020,552.48
2026/05/09 03:16:24.236,78,6020,365.85
2026/05/09 03:16:25.267,72,6020,210.61
2026/05/09 03:16:26.300,80,6020,549.01
2026/05/09 03:16:27.332,76,6020,546.71
2026/05/09 03:16:28.365,74,6020,549.12
2026/05/09 03:16:29.399,81,6020,549.36
2026/05/09 03:16:30.432,73,6020,549.64
2026/05/09 03:16:31.465,80,6020,545.91
2026/05/09 03:16:32.498,78,6020,547.94
2026/05/09 03:16:33.530,80,6020,547.43
2026/05/09 03:16:34.563,71,6020,549.61
2026/05/09 03:16:35.597,79,6020,546.95
2026/05/09 03:16:36.629,71,6020,368.37
2026/05/09 03:16:37.662,74,6020,231.46
2026/05/09 03:16:38.694,72,6020,553.61
2026/05/09 03:16:39.726,74,6020,554.35
2026/05/09 03:16:40.759,75,6020,557.36
2026/05/09 03:16:41.791,80,6020,554.71
2026/05/09 03:16:42.823,82,6020,557.45
2026/05/09 03:16:43.856,78,6020,549.17
2026/05/09 03:16:44.889,79,6020,551.23
2026/05/09 03:16:45.921,82,6020,552.13
2026/05/09 03:16:46.952,81,6020,559.25
2026/05/09 03:16:47.984,82,6020,563.23
2026/05/09 03:16:49.019,77,6020,282.94
2026/05/09 03:16:50.051,78,6020,294.36
2026/05/09 03:16:51.083,82,6020,555.95
2026/05/09 03:16:52.115,84,6020,555.06
2026/05/09 03:16:53.146,83,6020,559.16
2026/05/09 03:16:54.179,81,6020,553.20
2026/05/09 03:16:55.211,77,6020,555.94
2026/05/09 03:16:56.244,73,6020,552.42
2026/05/09 03:16:57.275,75,6020,556.87
2026/05/09 03:16:58.307,82,6020,555.31
2026/05/09 03:16:59.339,81,6020,557.06
2026/05/09 03:17:00.371,82,6020,559.71
2026/05/09 03:17:01.403,76,6020,399.08
2026/05/09 03:17:02.434,73,6020,184.37
2026/05/09 03:17:03.466,71,6020,520.57
2026/05/09 03:17:04.499,81,6020,547.41
2026/05/09 03:17:05.531,73,6020,546.96
2026/05/09 03:17:06.565,69,6020,542.88
2026/05/09 03:17:07.598,72,6020,542.28
2026/05/09 03:17:08.631,68,6020,519.13
2026/05/09 03:17:09.662,70,6020,507.62
2026/05/09 03:17:10.695,73,6020,512.38
2026/05/09 03:17:11.727,66,6020,511.53
2026/05/09 03:17:12.759,63,6020,473.58
2026/05/09 03:17:13.790,65,6020,471.42
2026/05/09 03:17:14.823,66,6020,357.77
2026/05/09 03:17:15.855,65,6020,275.83
2026/05/09 03:17:16.889,87,6020,232.45
2026/05/09 03:17:17.921,72,6020,256.66
2026/05/09 03:17:18.953,64,6020,475.02
2026/05/09 03:17:19.985,59,6020,465.20
2026/05/09 03:17:21.017,59,6020,462.74
2026/05/09 03:17:22.050,64,6020,464.46
2026/05/09 03:17:23.082,64,6020,465.70
2026/05/09 03:17:24.116,63,6020,489.74
2026/05/09 03:17:25.149,63,6020,502.48
2026/05/09 03:17:26.182,63,6020,500.59
2026/05/09 03:17:27.214,67,6020,502.80
2026/05/09 03:17:28.246,62,6020,499.91
2026/05/09 03:17:29.279,62,6020,466.44
2026/05/09 03:17:30.311,62,6020,466.27
2026/05/09 03:17:31.344,24,6020,290.49
2026/05/09 03:17:32.377,75,6020,147.90
2026/05/09 03:17:33.409,66,6020,442.00
2026/05/09 03:17:34.442,63,6020,501.75
2026/05/09 03:17:35.474,68,6020,501.18
2026/05/09 03:17:36.505,73,6020,505.49
2026/05/09 03:17:37.537,65,6020,510.57
2026/05/09 03:17:38.569,70,6020,504.21
2026/05/09 03:17:39.602,73,6020,511.11
2026/05/09 03:17:40.633,69,6020,509.64
2026/05/09 03:17:41.665,63,6020,506.51
2026/05/09 03:17:42.697,73,6020,505.67
2026/05/09 03:17:43.729,73,6020,511.80
2026/05/09 03:17:44.762,87,6020,457.48
2026/05/09 03:17:45.794,79,6020,177.53
2026/05/09 03:17:46.826,68,6020,486.38
2026/05/09 03:17:47.859,73,6020,505.14
2026/05/09 03:17:48.892,72,6020,508.50
2026/05/09 03:17:49.925,63,6020,507.33
2026/05/09 03:17:50.957,67,6020,502.67
2026/05/09 03:17:51.989,73,6020,507.47
2026/05/09 03:17:53.022,72,6020,508.85
2026/05/09 03:17:54.055,63,6020,507.41
2026/05/09 03:17:55.086,71,6020,503.92
2026/05/09 03:17:56.118,73,6020,507.23
2026/05/09 03:17:57.150,69,6020,511.14
2026/05/09 03:17:58.184,84,6020,440.40
2026/05/09 03:17:59.215,77,6020,175.31
2026/05/09 03:18:00.250,72,6020,497.34
2026/05/09 03:18:01.284,65,6020,509.03
2026/05/09 03:18:02.317,67,6020,503.85
2026/05/09 03:18:03.349,73,6020,507.67
2026/05/09 03:18:04.383,72,6020,507.95
2026/05/09 03:18:05.415,72,6020,508.14
2026/05/09 03:18:06.448,63,6020,508.11
2026/05/09 03:18:07.480,67,6020,503.24
2026/05/09 03:18:08.513,72,6020,503.98
2026/05/09 03:18:09.545,72,6020,510.20
2026/05/09 03:18:10.578,66,6020,507.91
2026/05/09 03:18:11.611,83,6020,439.56
2026/05/09 03:18:12.643,80,6020,185.00
2026/05/09 03:18:13.675,72,6020,481.55
2026/05/09 03:18:14.707,72,6020,544.32
2026/05/09 03:18:15.740,82,6020,549.08
2026/05/09 03:18:16.771,72,6020,549.90
2026/05/09 03:18:17.805,80,6020,546.72
2026/05/09 03:18:18.837,73,6020,552.13
2026/05/09 03:18:19.869,82,6020,555.45
2026/05/09 03:18:20.902,82,6020,557.08
2026/05/09 03:18:21.933,81,6020,554.54
2026/05/09 03:18:22.966,75,6020,551.48
2026/05/09 03:18:23.998,72,6020,557.03
2026/05/09 03:18:25.029,77,6020,181.01
2026/05/09 03:18:26.060,76,6020,563.05
2026/05/09 03:18:27.091,84,6020,565.03
2026/05/09 03:18:28.123,77,6020,565.59
2026/05/09 03:18:29.153,70,6020,543.90
2026/05/09 03:18:30.183,84,6020,535.89
2026/05/09 03:18:31.214,65,6020,533.25
2026/05/09 03:18:32.245,70,6020,540.92
2026/05/09 03:18:33.275,77,6020,543.87
2026/05/09 03:18:34.305,76,6020,546.47
2026/05/09 03:18:35.336,74,6020,549.31
2026/05/09 03:18:36.368,68,6020,505.49
2026/05/09 03:18:37.400,66,6020,344.14
2026/05/09 03:18:38.432,68,6020,275.08
2026/05/09 03:18:39.463,75,6020,215.53
2026/05/09 03:18:40.494,62,6020,270.05
2026/05/09 03:18:41.526,69,6020,500.17
2026/05/09 03:18:42.557,64,6020,518.29
2026/05/09 03:18:43.588,73,6020,515.84
2026/05/09 03:18:44.620,31,6020,484.46
2026/05/09 03:18:45.652,57,6020,391.76
2026/05/09 03:18:46.684,76,6020,549.35
2026/05/09 03:18:47.716,78,6020,552.47
2026/05/09 03:18:48.747,78,6020,555.57
2026/05/09 03:18:49.778,79,6020,554.44
2026/05/09 03:18:50.809,84,6020,564.63
2026/05/09 03:18:51.841,78,6020,546.40
2026/05/09 03:18:52.872,76,6020,173.16
2026/05/09 03:18:53.906,83,6020,414.02
2026/05/09 03:18:54.938,83,6020,561.60
2026/05/09 03:18:55.969,78,6020,562.47
2026/05/09 03:18:57.002,77,6020,559.23
2026/05/09 03:18:58.034,83,6020,562.27
2026/05/09 03:18:59.066,80,6020,556.69
2026/05/09 03:19:00.098,81,6020,558.50
2026/05/09 03:19:01.129,81,6020,556.07
2026/05/09 03:19:02.162,79,6020,560.43
2026/05/09 03:19:03.194,79,6020,557.41
2026/05/09 03:19:04.225,74,6020,435.44
2026/05/09 03:19:05.256,75,6020,171.74
2026/05/09 03:19:06.287,75,6020,523.33
2026/05/09 03:19:07.319,84,6020,563.64
2026/05/09 03:19:08.350,76,6020,564.85
2026/05/09 03:19:09.382,83,6020,565.05
2026/05/09 03:19:10.417,81,6020,565.10
2026/05/09 03:19:11.447,75,6020,561.41
2026/05/09 03:19:12.478,84,6020,564.47
2026/05/09 03:19:13.509,78,6020,566.54
2026/05/09 03:19:14.541,79,6020,563.40
2026/05/09 03:19:15.572,78,6020,563.08
2026/05/09 03:19:16.604,76,6020,297.43
2026/05/09 03:19:17.634,77,6020,311.51
2026/05/09 03:19:18.665,79,6020,561.94
2026/05/09 03:19:19.696,82,6020,567.73
2026/05/09 03:19:20.727,75,6020,564.64
2026/05/09 03:19:21.759,80,6020,563.32
2026/05/09 03:19:22.790,83,6020,564.35
2026/05/09 03:19:23.823,76,6020,563.02
2026/05/09 03:19:24.855,79,6020,562.49
2026/05/09 03:19:25.887,84,6020,567.91
2026/05/09 03:19:26.918,77,6020,565.78
2026/05/09 03:19:27.949,76,6020,565.37
2026/05/09 03:19:28.980,75,6020,311.23
2026/05/09 03:19:30.011,76,6020,271.67
2026/05/09 03:19:31.043,77,6020,561.64
2026/05/09 03:19:32.074,74,6020,559.16
2026/05/09 03:19:33.111,81,6020,561.91
2026/05/09 03:19:34.142,81,6020,559.12
2026/05/09 03:19:35.174,83,6020,560.03
2026/05/09 03:19:36.208,68,6020,552.42
2026/05/09 03:19:37.241,69,6020,505.12
2026/05/09 03:19:38.273,73,6020,509.85
2026/05/09 03:19:39.303,66,6020,494.54
2026/05/09 03:19:40.335,62,6020,483.96
2026/05/09 03:19:41.367,73,6020,404.24
2026/05/09 03:19:42.398,70,6020,171.13
2026/05/09 03:19:43.429,62,6020,458.04
2026/05/09 03:19:44.461,63,6020,496.24
2026/05/09 03:19:45.492,71,6020,490.45
2026/05/09 03:19:46.524,63,6020,497.32
2026/05/09 03:19:47.556,71,6020,496.84
2026/05/09 03:19:48.588,69,6020,494.44
2026/05/09 03:19:49.620,63,6020,499.41
2026/05/09 03:19:50.652,64,6020,493.67
2026/05/09 03:19:51.685,72,6020,495.75
2026/05/09 03:19:52.716,69,6020,499.16
2026/05/09 03:19:53.748,0,6020,389.19
2026/05/09 03:19:54.781,79,6020,510.99
2026/05/09 03:19:55.814,62,6020,368.54
2026/05/09 03:19:56.847,61,6020,265.91
2026/05/09 03:19:57.880,85,6020,230.72
2026/05/09 03:19:58.910,76,6020,231.55
2026/05/09 03:19:59.943,77,6020,552.35
2026/05/09 03:20:00.975,79,6020,556.22
2026/05/09 03:20:02.006,82,6020,556.29
2026/05/09 03:20:03.041,74,6020,557.27
2026/05/09 03:20:04.073,77,6020,557.71
2026/05/09 03:20:05.107,78,6020,553.21
2026/05/09 03:20:06.139,78,6020,556.34
2026/05/09 03:20:07.171,77,6020,554.06
2026/05/09 03:20:08.203,64,6020,533.83
2026/05/09 03:20:09.235,73,6020,511.28
2026/05/09 03:20:10.268,84,6020,326.48
2026/05/09 03:20:11.298,83,6020,289.75
2026/05/09 03:20:12.329,77,6020,553.58
2026/05/09 03:20:13.361,74,6020,554.91
2026/05/09 03:20:14.392,71,6020,551.06
2026/05/09 03:20:15.425,74,6020,557.85
2026/05/09 03:20:16.457,81,6020,557.13
2026/05/09 03:20:17.489,82,6020,551.70
2026/05/09 03:20:18.521,81,6020,556.33
2026/05/09 03:20:19.553,82,6020,555.62
2026/05/09 03:20:20.585,84,6020,558.87
2026/05/09 03:20:21.617,82,6020,558.71
2026/05/09 03:20:22.649,70,6020,212.26
2026/05/09 03:20:23.682,72,6020,336.75
2026/05/09 03:20:24.714,72,6020,510.42
2026/05/09 03:20:25.747,65,6020,510.92
2026/05/09 03:20:26.778,74,6020,509.75
2026/05/09 03:20:27.808,68,6020,516.26
2026/05/09 03:20:28.840,73,6020,506.50
2026/05/09 03:20:29.872,73,6020,512.22
2026/05/09 03:20:30.905,66,6020,508.71
2026/05/09 03:20:31.937,73,6020,512.99
2026/05/09 03:20:32.969,63,6020,514.20
2026/05/09 03:20:34.001,73,6020,507.49
2026/05/09 03:20:35.033,65,6020,510.80
2026/05/09 03:20:36.065,89,6020,212.96
2026/05/09 03:20:37.097,73,6020,399.85
2026/05/09 03:20:38.130,72,6020,510.86
2026/05/09 03:20:39.163,64,6020,508.46
2026/05/09 03:20:40.195,68,6020,504.21
2026/05/09 03:20:41.228,73,6020,506.40
2026/05/09 03:20:42.259,70,6020,489.61
2026/05/09 03:20:43.292,64,6020,479.33
2026/05/09 03:20:44.325,61,6020,482.86
2026/05/09 03:20:45.357,62,6020,484.26
2026/05/09 03:20:46.389,63,6020,483.33
2026/05/09 03:20:47.421,68,6020,483.40
2026/05/09 03:20:48.453,68,6020,485.02
2026/05/09 03:20:49.486,63,6020,472.04
2026/05/09 03:20:50.517,89,6020,195.38
2026/05/09 03:20:51.549,62,6020,484.07
2026/05/09 03:20:52.581,59,6020,474.40
2026/05/09 03:20:53.612,62,6020,474.29
2026/05/09 03:20:54.644,72,6020,474.19
2026/05/09 03:20:55.676,61,6020,475.69
2026/05/09 03:20:56.708,64,6020,470.73
2026/05/09 03:20:57.741,65,6020,481.86
2026/05/09 03:20:58.773,60,6020,470.31
2026/05/09 03:20:59.806,62,6020,477.60
2026/05/09 03:21:00.837,65,6020,475.53
2026/05/09 03:21:01.870,62,6020,473.61
2026/05/09 03:21:02.903,62,6020,465.49
2026/05/09 03:21:03.935,57,6020,453.03
2026/05/09 03:21:04.966,83,6020,180.48
2026/05/09 03:21:05.997,62,6020,399.66
2026/05/09 03:21:07.029,65,6020,465.21
2026/05/09 03:21:08.061,63,6020,467.70
2026/05/09 03:21:09.093,59,6020,464.26
2026/05/09 03:21:10.126,82,6020,360.00
2026/05/09 03:21:11.158,83,6020,555.03
2026/05/09 03:21:12.189,81,6020,550.72
2026/05/09 03:21:13.221,77,6020,553.29
2026/05/09 03:21:14.254,73,6020,552.82
2026/05/09 03:21:15.287,82,6020,550.27
2026/05/09 03:21:16.321,75,6020,550.07
2026/05/09 03:21:17.353,63,6020,531.52
2026/05/09 03:21:18.387,62,6020,269.42
2026/05/09 03:21:19.418,65,6020,270.70
2026/05/09 03:21:20.450,75,6020,189.34
2026/05/09 03:21:21.482,73,6020,392.41
2026/05/09 03:21:22.513,63,6020,509.76
2026/05/09 03:21:23.544,73,6020,514.55
2026/05/09 03:21:24.576,65,6020,508.71
2026/05/09 03:21:25.608,73,6020,507.58
2026/05/09 03:21:26.639,67,6020,515.19
2026/05/09 03:21:27.671,66,6020,503.89
2026/05/09 03:21:28.704,73,6020,509.18
2026/05/09 03:21:29.735,63,6020,511.73
2026/05/09 03:21:30.767,73,6020,509.73
2026/05/09 03:21:31.799,68,6020,516.41
2026/05/09 03:21:32.831,70,6020,505.95
2026/05/09 03:21:33.863,77,6020,203.14
2026/05/09 03:21:34.896,83,6020,443.00
2026/05/09 03:21:35.928,83,6020,558.44
2026/05/09 03:21:36.959,83,6020,559.30
2026/05/09 03:21:37.991,83,6020,560.19
2026/05/09 03:21:39.023,82,6020,563.12
2026/05/09 03:21:40.054,73,6020,557.07
2026/05/09 03:21:41.087,74,6020,557.71
2026/05/09 03:21:42.119,76,6020,554.79
2026/05/09 03:21:43.151,75,6020,555.84
2026/05/09 03:21:44.183,72,6020,554.78
2026/05/09 03:21:45.215,72,6020,436.40
2026/05/09 03:21:46.247,78,6020,172.54
2026/05/09 03:21:47.279,81,6020,547.38
2026/05/09 03:21:48.310,82,6020,562.40
2026/05/09 03:21:49.341,83,6020,562.81
2026/05/09 03:21:50.373,80,6020,559.00
2026/05/09 03:21:51.405,79,6020,559.89
2026/05/09 03:21:52.436,80,6020,562.00
2026/05/09 03:21:53.468,81,6020,558.39
2026/05/09 03:21:54.501,79,6020,562.64
2026/05/09 03:21:55.532,78,6020,567.68
2026/05/09 03:21:56.563,77,6020,566.06
2026/05/09 03:21:57.593,71,6020,341.12
2026/05/09 03:21:58.622,76,6020,273.83
2026/05/09 03:21:59.654,75,6020,554.75
2026/05/09 03:22:00.686,75,6020,553.72
2026/05/09 03:22:01.718,72,6020,555.74
2026/05/09 03:22:02.751,66,6020,537.78
2026/05/09 03:22:03.783,69,6020,507.26
2026/05/09 03:22:04.815,73,6020,513.50
2026/05/09 03:22:05.847,70,6020,514.00
2026/05/09 03:22:06.879,73,6020,500.48
2026/05/09 03:22:07.909,62,6020,496.74
2026/05/09 03:22:08.941,73,6020,495.80
2026/05/09 03:22:09.972,66,6020,498.79
2026/05/09 03:22:11.004,89,6020,372.56
2026/05/09 03:22:12.035,73,6020,386.33
2026/05/09 03:22:13.068,73,6020,508.72
2026/05/09 03:22:14.099,63,6020,495.16
2026/05/09 03:22:15.130,67,6020,497.19
2026/05/09 03:22:16.161,78,6020,522.51
2026/05/09 03:22:17.192,67,6020,515.21
2026/05/09 03:22:18.224,74,6020,518.10
2026/05/09 03:22:19.255,73,6020,512.55
2026/05/09 03:22:20.286,83,6020,514.47
2026/05/09 03:22:21.316,0,6020,385.61
2026/05/09 03:22:22.349,82,6020,525.62
2026/05/09 03:22:23.381,78,6020,553.38
2026/05/09 03:22:24.413,76,6020,426.85
2026/05/09 03:22:25.444,67,6020,170.05
2026/05/09 03:22:26.476,73,6020,480.78
2026/05/09 03:22:27.507,63,6020,512.28
2026/05/09 03:22:28.539,73,6020,511.93
2026/05/09 03:22:29.571,66,6020,508.49
2026/05/09 03:22:30.603,73,6020,512.74
2026/05/09 03:22:31.635,65,6020,514.54
2026/05/09 03:22:32.666,73,6020,508.61
2026/05/09 03:22:33.698,71,6020,513.45
2026/05/09 03:22:34.730,67,6020,508.83
2026/05/09 03:22:35.763,73,6020,513.79
2026/05/09 03:22:36.795,63,6020,513.78
2026/05/09 03:22:37.827,66,6020,423.19
2026/05/09 03:22:38.860,68,6020,269.19
2026/05/09 03:22:39.892,89,6020,255.79
2026/05/09 03:22:40.924,81,6020,183.47
2026/05/09 03:22:41.956,66,6020,511.55
2026/05/09 03:22:42.988,74,6020,506.62
2026/05/09 03:22:44.021,69,6020,513.47
2026/05/09 03:22:45.053,72,6020,508.94
2026/05/09 03:22:46.086,71,6020,510.28
2026/05/09 03:22:47.118,69,6020,504.92
2026/05/09 03:22:48.150,72,6020,509.92
2026/05/09 03:22:49.183,63,6020,508.48
2026/05/09 03:22:50.216,73,6020,504.37
2026/05/09 03:22:51.249,73,6020,506.90
2026/05/09 03:22:52.282,71,6020,508.60
2026/05/09 03:22:53.314,89,6020,401.55
2026/05/09 03:22:54.346,72,6020,227.45
2026/05/09 03:22:55.378,72,6020,508.29
2026/05/09 03:22:56.411,67,6020,506.80
2026/05/09 03:22:57.444,65,6020,504.58
2026/05/09 03:22:58.476,71,6020,501.66
2026/05/09 03:22:59.508,72,6020,506.60
2026/05/09 03:23:00.541,71,6020,506.93
2026/05/09 03:23:01.574,64,6020,507.06
2026/05/09 03:23:02.608,65,6020,502.48
2026/05/09 03:23:03.642,67,6020,499.44
2026/05/09 03:23:04.673,68,6020,499.04
2026/05/09 03:23:05.706,73,6020,506.87
2026/05/09 03:23:06.739,89,6020,382.35
2026/05/09 03:23:07.771,72,6020,228.32
2026/05/09 03:23:08.804,66,6020,505.43
2026/05/09 03:23:09.836,63,6020,503.77
2026/05/09 03:23:10.868,70,6020,502.40
2026/05/09 03:23:11.899,73,6020,504.23
2026/05/09 03:23:12.931,72,6020,506.14
2026/05/09 03:23:13.964,72,6020,504.98
2026/05/09 03:23:14.996,71,6020,506.11
2026/05/09 03:23:16.028,66,6020,506.86
2026/05/09 03:23:17.062,63,6020,502.77
2026/05/09 03:23:18.095,69,6020,502.59
2026/05/09 03:23:19.128,70,6020,501.13
2026/05/09 03:23:20.161,89,6020,385.26
2026/05/09 03:23:21.194,67,6020,216.35
2026/05/09 03:23:22.227,73,6020,501.13
2026/05/09 03:23:23.260,73,6020,507.03
2026/05/09 03:23:24.293,71,6020,507.52
2026/05/09 03:23:25.326,72,6020,506.15
2026/05/09 03:23:26.359,70,6020,506.44
2026/05/09 03:23:27.390,65,6020,505.37
2026/05/09 03:23:28.423,71,6020,501.65
2026/05/09 03:23:29.454,63,6020,466.66
2026/05/09 03:23:30.487,59,6020,463.72
2026/05/09 03:23:31.519,64,6020,463.38
2026/05/09 03:23:32.552,59,6020,464.39
2026/05/09 03:23:33.583,61,6020,457.77
2026/05/09 03:23:34.615,79,6020,245.01
2026/05/09 03:23:35.648,77,6020,162.80
2026/05/09 03:23:36.680,84,6020,548.14
2026/05/09 03:23:37.712,74,6020,545.94
2026/05/09 03:23:38.745,81,6020,543.08
2026/05/09 03:23:39.778,71,6020,545.58
2026/05/09 03:23:40.810,76,6020,543.70
2026/05/09 03:23:41.843,80,6020,540.45
2026/05/09 03:23:42.874,72,6020,548.94
2026/05/09 03:23:43.906,82,6020,551.47
2026/05/09 03:23:44.939,73,6020,549.75
2026/05/09 03:23:45.972,83,6020,552.45
2026/05/09 03:23:47.004,72,6020,549.18
2026/05/09 03:23:48.036,77,6020,204.82
2026/05/09 03:23:49.068,73,6020,549.32
2026/05/09 03:23:50.101,74,6020,556.57
2026/05/09 03:23:51.133,75,6020,556.32
2026/05/09 03:23:52.166,72,6020,554.88
2026/05/09 03:23:53.198,74,6020,558.68
2026/05/09 03:23:54.230,74,6020,554.05
2026/05/09 03:23:55.261,75,6020,557.23
2026/05/09 03:23:56.293,75,6020,554.87
2026/05/09 03:23:57.326,73,6020,555.14
2026/05/09 03:23:58.357,73,6020,555.03
2026/05/09 03:23:59.388,66,6020,505.04
2026/05/09 03:24:00.422,64,6020,268.95
2026/05/09 03:24:01.454,62,6020,265.64
2026/05/09 03:24:02.485,72,6020,183.97
2026/05/09 03:24:03.516,75,6020,386.28
2026/05/09 03:24:04.548,80,6020,557.12
2026/05/09 03:24:05.579,82,6020,554.60
2026/05/09 03:24:06.611,82,6020,559.19
2026/05/09 03:24:07.643,83,6020,558.20
2026/05/09 03:24:08.673,83,6020,556.08
2026/05/09 03:24:09.705,82,6020,557.86
2026/05/09 03:24:10.736,83,6020,559.45
2026/05/09 03:24:11.767,84,6020,557.98
2026/05/09 03:24:12.799,84,6020,561.20
2026/05/09 03:24:13.831,75,6020,496.53
2026/05/09 03:24:14.862,76,6020,172.55
2026/05/09 03:24:15.893,83,6020,490.18
2026/05/09 03:24:16.925,76,6020,561.93
2026/05/09 03:24:17.956,80,6020,562.08
2026/05/09 03:24:18.987,84,6020,566.74
2026/05/09 03:24:20.017,75,6020,565.06
2026/05/09 03:24:21.047,75,6020,565.10
2026/05/09 03:24:22.078,80,6020,564.39
2026/05/09 03:24:23.108,84,6020,565.75
2026/05/09 03:24:24.140,76,6020,561.52
2026/05/09 03:24:25.171,79,6020,563.63
2026/05/09 03:24:26.202,74,6020,359.33
2026/05/09 03:24:27.232,63,6020,284.06
2026/05/09 03:24:28.265,66,6020,502.03
2026/05/09 03:24:29.297,73,6020,504.33
2026/05/09 03:24:30.329,73,6020,512.36
2026/05/09 03:24:31.361,67,6020,510.15
2026/05/09 03:24:32.392,66,6020,491.09
2026/05/09 03:24:33.425,67,6020,493.37
2026/05/09 03:24:34.457,64,6020,496.68
2026/05/09 03:24:35.488,67,6020,488.48
2026/05/09 03:24:36.520,68,6020,498.64
2026/05/09 03:24:37.551,62,6020,467.92
2026/05/09 03:24:38.583,64,6020,466.90
2026/05/09 03:24:39.614,70,6020,454.50
2026/05/09 03:24:40.646,90,6020,183.77
2026/05/09 03:24:41.677,62,6020,414.47
2026/05/09 03:24:42.710,62,6020,465.05
2026/05/09 03:24:43.744,64,6020,465.60
2026/05/09 03:24:44.774,60,6020,468.32
2026/05/09 03:24:45.806,63,6020,475.33
2026/05/09 03:24:46.837,84,6020,334.06
2026/05/09 03:24:47.868,80,6020,543.01
2026/05/09 03:24:48.899,74,6020,557.79
2026/05/09 03:24:49.929,76,6020,557.46
2026/05/09 03:24:50.961,80,6020,552.38
2026/05/09 03:24:51.994,85,6020,561.08
2026/05/09 03:24:53.026,82,6020,558.33
2026/05/09 03:24:54.057,75,6020,173.94
2026/05/09 03:24:55.086,81,6020,427.16
2026/05/09 03:24:56.118,80,6020,562.98
2026/05/09 03:24:57.149,75,6020,560.13
2026/05/09 03:24:58.180,84,6020,568.27
2026/05/09 03:24:59.211,74,6020,559.24
2026/05/09 03:25:00.244,83,6020,563.01
2026/05/09 03:25:01.274,78,6020,565.13
2026/05/09 03:25:02.306,79,6020,562.53
2026/05/09 03:25:03.337,84,6020,566.59
2026/05/09 03:25:04.368,76,6020,565.27
2026/05/09 03:25:05.400,80,6020,557.89
2026/05/09 03:25:06.431,75,6020,173.52
2026/05/09 03:25:07.461,83,6020,423.38
2026/05/09 03:25:08.491,80,6020,563.84
2026/05/09 03:25:09.522,79,6020,565.72
2026/05/09 03:25:10.553,80,6020,563.55
2026/05/09 03:25:11.583,81,6020,567.42
2026/05/09 03:25:12.614,76,6020,562.24
2026/05/09 03:25:13.644,84,6020,565.13
2026/05/09 03:25:14.675,77,6020,563.06
2026/05/09 03:25:15.707,82,6020,564.75
2026/05/09 03:25:16.738,81,6020,565.77
2026/05/09 03:25:17.770,61,6020,447.69
2026/05/09 03:25:18.803,62,6020,267.81
2026/05/09 03:25:19.834,75,6020,253.15
2026/05/09 03:25:20.866,76,6020,169.76
2026/05/09 03:25:21.898,81,6020,467.96
2026/05/09 03:25:22.929,75,6020,551.68
2026/05/09 03:25:23.962,73,6020,549.91
2026/05/09 03:25:24.994,81,6020,554.65
2026/05/09 03:25:26.027,76,6020,546.59
2026/05/09 03:25:27.059,73,6020,545.27
2026/05/09 03:25:28.091,73,6020,553.83
2026/05/09 03:25:29.124,73,6020,557.55
2026/05/09 03:25:30.156,73,6020,557.75
2026/05/09 03:25:31.188,73,6020,557.02
2026/05/09 03:25:32.219,71,6020,436.27
2026/05/09 03:25:33.250,75,6020,171.50
2026/05/09 03:25:34.282,82,6020,502.64
2026/05/09 03:25:35.314,82,6020,556.21
2026/05/09 03:25:36.346,81,6020,555.24
2026/05/09 03:25:37.378,79,6020,555.05
2026/05/09 03:25:38.410,74,6020,549.96
2026/05/09 03:25:39.442,77,6020,558.17
2026/05/09 03:25:40.474,71,6020,506.70
2026/05/09 03:25:41.506,63,6020,499.58
2026/05/09 03:25:42.538,69,6020,489.65
2026/05/09 03:25:43.570,72,6020,508.85
2026/05/09 03:25:44.602,67,6020,486.39
2026/05/09 03:25:45.634,90,6020,271.62
2026/05/09 03:25:46.664,62,6020,336.20
2026/05/09 03:25:47.695,72,6020,475.69
2026/05/09 03:25:48.728,62,6020,476.14
2026/05/09 03:25:49.760,64,6020,482.44
2026/05/09 03:25:50.792,60,6020,469.60
2026/05/09 03:25:51.824,62,6020,478.58
2026/05/09 03:25:52.855,60,6020,466.21
2026/05/09 03:25:53.887,62,6020,478.10
2026/05/09 03:25:54.917,67,6020,476.99
2026/05/09 03:25:55.949,62,6020,478.67
2026/05/09 03:25:56.982,64,6020,477.02
2026/05/09 03:25:58.013,82,6020,344.14
2026/05/09 03:25:59.047,71,6020,548.03
2026/05/09 03:26:00.079,76,6020,264.23
2026/05/09 03:26:01.111,82,6020,318.48
2026/05/09 03:26:02.144,81,6020,550.69
2026/05/09 03:26:03.176,70,6020,549.11
2026/05/09 03:26:04.209,78,6020,555.46
2026/05/09 03:26:05.242,83,6020,551.86
2026/05/09 03:26:06.275,71,6020,548.71
2026/05/09 03:26:07.309,82,6020,549.51
2026/05/09 03:26:08.342,73,6020,550.00
2026/05/09 03:26:09.374,81,6020,554.14
2026/05/09 03:26:10.406,81,6020,550.80
2026/05/09 03:26:11.438,73,6020,551.68
2026/05/09 03:26:12.470,75,6020,419.76
2026/05/09 03:26:13.503,75,6020,170.97
2026/05/09 03:26:14.535,81,6020,546.56
2026/05/09 03:26:15.568,81,6020,553.64
2026/05/09 03:26:16.600,83,6020,559.46
2026/05/09 03:26:17.631,82,6020,558.05
2026/05/09 03:26:18.663,82,6020,559.42
2026/05/09 03:26:19.695,83,6020,557.18
2026/05/09 03:26:20.727,63,6020,534.41
2026/05/09 03:26:21.759,72,6020,510.46
2026/05/09 03:26:22.791,71,6020,512.38
2026/05/09 03:26:23.822,63,6020,508.52
2026/05/09 03:26:24.854,79,6020,477.18
2026/05/09 03:26:25.886,84,6020,181.27
2026/05/09 03:26:26.918,73,6020,443.66
2026/05/09 03:26:27.951,64,6020,509.12
2026/05/09 03:26:28.983,73,6020,506.47
2026/05/09 03:26:30.015,72,6020,511.67
2026/05/09 03:26:31.048,70,6020,504.82
2026/05/09 03:26:32.081,71,6020,506.67
2026/05/09 03:26:33.113,73,6020,508.80
2026/05/09 03:26:34.145,65,6020,510.84
2026/05/09 03:26:35.177,62,6020,504.07
2026/05/09 03:26:36.210,70,6020,504.43
2026/05/09 03:26:37.243,72,6020,508.99
2026/05/09 03:26:38.274,60,6020,474.00
2026/05/09 03:26:39.308,61,6020,270.36
2026/05/09 03:26:40.341,72,6020,279.06
2026/05/09 03:26:41.373,75,6020,182.53
2026/05/09 03:26:42.405,74,6020,415.89
2026/05/09 03:26:43.438,71,6020,542.07
2026/05/09 03:26:44.471,82,6020,550.28
2026/05/09 03:26:45.503,81,6020,554.17
2026/05/09 03:26:46.534,70,6020,549.67
2026/05/09 03:26:47.567,74,6020,551.02
2026/05/09 03:26:48.598,71,6020,515.26
2026/05/09 03:26:49.629,64,6020,490.16
2026/05/09 03:26:50.661,64,6020,493.28
2026/05/09 03:26:51.693,64,6020,495.27
2026/05/09 03:26:52.725,71,6020,494.55
2026/05/09 03:26:53.757,75,6020,374.24
2026/05/09 03:26:54.789,71,6020,185.58
2026/05/09 03:26:55.821,70,6020,501.32
2026/05/09 03:26:56.853,64,6020,502.98
2026/05/09 03:26:57.885,67,6020,505.34
2026/05/09 03:26:58.916,79,6020,510.21
2026/05/09 03:26:59.948,73,6020,529.08
2026/05/09 03:27:00.981,66,6020,522.34
2026/05/09 03:27:02.013,71,6020,519.81
2026/05/09 03:27:03.045,63,6020,512.89
2026/05/09 03:27:04.077,72,6020,492.44
2026/05/09 03:27:05.111,72,6020,493.87
2026/05/09 03:27:06.143,64,6020,489.61
2026/05/09 03:27:07.176,73,6020,407.18
2026/05/09 03:27:08.207,73,6020,193.99
2026/05/09 03:27:09.238,62,6020,462.51
2026/05/09 03:27:10.269,59,6020,469.27
2026/05/09 03:27:11.301,64,6020,468.23
2026/05/09 03:27:12.333,32,6020,333.47
2026/05/09 03:27:13.367,83,6020,514.54
2026/05/09 03:27:14.400,81,6020,551.82
2026/05/09 03:27:15.433,79,6020,547.54
2026/05/09 03:27:16.465,75,6020,547.68
2026/05/09 03:27:17.497,79,6020,553.70
2026/05/09 03:27:18.529,76,6020,549.80
2026/05/09 03:27:19.561,71,6020,550.01
2026/05/09 03:27:20.594,74,6020,421.13
2026/05/09 03:27:21.626,76,6020,172.33
2026/05/09 03:27:22.657,80,6020,556.59
2026/05/09 03:27:23.688,77,6020,565.07
2026/05/09 03:27:24.719,72,6020,519.53
2026/05/09 03:27:25.750,68,6020,509.63
2026/05/09 03:27:26.781,72,6020,512.09
2026/05/09 03:27:27.813,63,6020,506.70
2026/05/09 03:27:28.845,76,6020,511.93
2026/05/09 03:27:29.877,75,6020,511.05
2026/05/09 03:27:30.908,66,6020,510.94
2026/05/09 03:27:31.940,76,6020,519.36
2026/05/09 03:27:32.972,66,6020,538.17
2026/05/09 03:27:34.004,75,6020,445.36
2026/05/09 03:27:35.034,72,6020,171.77
2026/05/09 03:27:36.065,68,6020,503.15
2026/05/09 03:27:37.096,75,6020,533.12
2026/05/09 03:27:38.127,79,6020,559.92
2026/05/09 03:27:39.158,84,6020,562.52
2026/05/09 03:27:40.188,80,6020,561.85
2026/05/09 03:27:41.219,72,6020,559.92
2026/05/09 03:27:42.251,78,6020,557.81
2026/05/09 03:27:43.283,82,6020,553.23
2026/05/09 03:27:44.315,72,6020,551.95
2026/05/09 03:27:45.348,78,6020,558.46
2026/05/09 03:27:46.380,75,6020,478.38
2026/05/09 03:27:47.412,73,6020,172.81
2026/05/09 03:27:48.444,73,6020,494.49
2026/05/09 03:27:49.477,75,6020,557.00
2026/05/09 03:27:50.509,74,6020,557.94
2026/05/09 03:27:51.541,73,6020,555.86
2026/05/09 03:27:52.573,63,6020,534.66
2026/05/09 03:27:53.604,73,6020,509.59
2026/05/09 03:27:54.635,72,6020,514.30
2026/05/09 03:27:55.667,65,6020,510.21
2026/05/09 03:27:56.699,73,6020,511.28
2026/05/09 03:27:57.731,69,6020,516.45
2026/05/09 03:27:58.764,67,6020,508.17
2026/05/09 03:27:59.797,70,6020,344.38
2026/05/09 03:28:00.829,66,6020,281.43
2026/05/09 03:28:01.860,90,6020,215.53
2026/05/09 03:28:02.891,63,6020,315.14
2026/05/09 03:28:03.923,73,6020,513.13
2026/05/09 03:28:04.955,63,6020,510.10
2026/05/09 03:28:05.987,62,6020,500.96
2026/05/09 03:28:07.019,67,6020,482.18
2026/05/09 03:28:08.051,62,6020,476.88
2026/05/09 03:28:09.082,67,6020,477.11
2026/05/09 03:28:10.113,62,6020,478.74
2026/05/09 03:28:11.145,62,6020,480.57
2026/05/09 03:28:12.177,63,6020,482.40
2026/05/09 03:28:13.209,67,6020,491.84
2026/05/09 03:28:14.240,66,6020,493.66
2026/05/09 03:28:15.272,90,6020,428.96
2026/05/09 03:28:16.303,79,6020,179.52
2026/05/09 03:28:17.334,63,6020,477.41
2026/05/09 03:28:18.367,68,6020,479.49
2026/05/09 03:28:19.398,62,6020,475.49
2026/05/09 03:28:20.430,61,6020,480.74
2026/05/09 03:28:21.462,62,6020,483.91
2026/05/09 03:28:22.493,60,6020,477.10
2026/05/09 03:28:23.525,62,6020,461.06
2026/05/09 03:28:24.556,63,6020,465.47
2026/05/09 03:28:25.589,30,6020,425.36
2026/05/09 03:28:26.621,59,6020,385.36
2026/05/09 03:28:27.653,82,6020,564.19
2026/05/09 03:28:28.685,77,6020,561.61
2026/05/09 03:28:29.716,75,6020,393.41
2026/05/09 03:28:30.746,80,6020,210.79
2026/05/09 03:28:31.777,77,6020,560.26
2026/05/09 03:28:32.810,84,6020,562.94
2026/05/09 03:28:33.840,74,6020,563.33
2026/05/09 03:28:34.871,80,6020,561.32
2026/05/09 03:28:35.903,84,6020,562.32
2026/05/09 03:28:36.934,74,6020,563.24
2026/05/09 03:28:37.965,77,6020,561.46
2026/05/09 03:28:38.996,82,6020,556.60
2026/05/09 03:28:40.027,82,6020,563.94
2026/05/09 03:28:41.057,84,6020,565.34
2026/05/09 03:28:42.089,72,6020,256.83
2026/05/09 03:28:43.121,74,6020,339.97
2026/05/09 03:28:44.152,69,6020,515.27
2026/05/09 03:28:45.184,72,6020,508.86
2026/05/09 03:28:46.216,73,6020,512.59
2026/05/09 03:28:47.248,65,6020,508.82
2026/05/09 03:28:48.280,73,6020,509.23
2026/05/09 03:28:49.311,64,6020,512.87
2026/05/09 03:28:50.344,73,6020,508.70
2026/05/09 03:28:51.376,70,6020,515.62
2026/05/09 03:28:52.408,73,6020,507.49
2026/05/09 03:28:53.444,73,6020,513.37
2026/05/09 03:28:54.475,67,6020,509.47
2026/05/09 03:28:55.508,89,6020,388.96
2026/05/09 03:28:56.539,65,6020,233.34
2026/05/09 03:28:57.571,72,6020,513.07
2026/05/09 03:28:58.604,68,6020,508.00
2026/05/09 03:28:59.636,73,6020,513.70
2026/05/09 03:29:00.669,63,6020,513.74
2026/05/09 03:29:01.700,74,6020,508.31
2026/05/09 03:29:02.732,70,6020,514.74
2026/05/09 03:29:03.764,68,6020,505.45
2026/05/09 03:29:04.795,74,6020,521.57
2026/05/09 03:29:05.828,75,6020,557.45
2026/05/09 03:29:06.859,73,6020,558.66
2026/05/09 03:29:07.892,82,6020,551.50
2026/05/09 03:29:08.923,84,6020,211.45
2026/05/09 03:29:09.956,70,6020,384.59
2026/05/09 03:29:10.990,64,6020,506.64
2026/05/09 03:29:12.024,63,6020,503.87
2026/05/09 03:29:13.056,66,6020,503.10
2026/05/09 03:29:14.089,72,6020,504.92
2026/05/09 03:29:15.121,72,6020,503.90
2026/05/09 03:29:16.153,72,6020,504.80
2026/05/09 03:29:17.186,61,6020,489.48
2026/05/09 03:29:18.217,64,6020,472.90
2026/05/09 03:29:19.250,62,6020,471.31
2026/05/09 03:29:20.283,71,6020,480.10
2026/05/09 03:29:21.314,63,6020,475.34
2026/05/09 03:29:22.346,67,6020,393.54
2026/05/09 03:29:23.380,62,6020,269.92
2026/05/09 03:29:24.413,81,6020,253.21
2026/05/09 03:29:25.444,83,6020,184.39
2026/05/09 03:29:26.475,70,6020,485.34
2026/05/09 03:29:27.507,63,6020,489.00
2026/05/09 03:29:28.539,71,6020,487.28
2026/05/09 03:29:29.571,69,6020,503.31
2026/05/09 03:29:30.603,73,6020,508.48
2026/05/09 03:29:31.635,66,6020,513.17
2026/05/09 03:29:32.667,73,6020,498.37
2026/05/09 03:29:33.700,68,6020,493.48
2026/05/09 03:29:34.731,63,6020,496.30
2026/05/09 03:29:35.764,62,6020,471.89
2026/05/09 03:29:36.797,62,6020,458.81
2026/05/09 03:29:37.829,60,6020,460.96
2026/05/09 03:29:38.861,76,6020,257.86
2026/05/09 03:29:39.894,74,6020,150.02
2026/05/09 03:29:40.928,76,6020,540.24
2026/05/09 03:29:41.960,77,6020,552.15
2026/05/09 03:29:42.992,72,6020,553.30
2026/05/09 03:29:44.024,75,6020,557.79
2026/05/09 03:29:45.059,79,6020,550.87
2026/05/09 03:29:46.091,74,6020,554.25
2026/05/09 03:29:47.124,73,6020,558.90
2026/05/09 03:29:48.156,72,6020,558.74
2026/05/09 03:29:49.188,73,6020,556.72
2026/05/09 03:29:50.220,75,6020,556.82
2026/05/09 03:29:51.252,73,6020,343.70
2026/05/09 03:29:52.284,77,6019,244.26
2026/05/09 03:29:53.316,77,6019,553.54
2026/05/09 03:29:54.347,76,6019,556.09
2026/05/09 03:29:55.378,80,6019,555.72
2026/05/09 03:29:56.410,84,6019,561.79
2026/05/09 03:29:57.441,84,6019,561.58
2026/05/09 03:29:58.472,82,6019,560.59
2026/05/09 03:29:59.504,83,6019,560.05
2026/05/09 03:30:00.536,84,6019,559.99
2026/05/09 03:30:01.567,71,6019,559.95
2026/05/09 03:30:02.596,74,6019,560.06
2026/05/09 03:30:03.630,72,6019,264.10
2026/05/09 03:30:04.661,74,6019,339.48
2026/05/09 03:30:05.693,75,6019,557.62
2026/05/09 03:30:06.725,78,6019,557.75
2026/05/09 03:30:07.757,83,6019,555.61
2026/05/09 03:30:08.790,82,6019,561.66
2026/05/09 03:30:09.822,81,6019,560.54
2026/05/09 03:30:10.853,84,6019,562.15
2026/05/09 03:30:11.886,83,6019,562.08
2026/05/09 03:30:12.918,82,6019,562.66
2026/05/09 03:30:13.950,82,6019,562.84
2026/05/09 03:30:14.981,83,6019,562.37
2026/05/09 03:30:16.012,72,6019,322.06
2026/05/09 03:30:17.044,83,6019,268.26
2026/05/09 03:30:18.076,80,6019,561.34
2026/05/09 03:30:19.109,83,6019,563.11
2026/05/09 03:30:20.141,84,6019,563.15
2026/05/09 03:30:21.173,82,6019,558.78
2026/05/09 03:30:22.208,82,6019,560.35
2026/05/09 03:30:23.240,84,6019,563.58
2026/05/09 03:30:24.272,82,6019,555.88
2026/05/09 03:30:25.304,70,6019,552.19
2026/05/09 03:30:26.336,75,6019,556.83
2026/05/09 03:30:27.369,81,6019,554.48
2026/05/09 03:30:28.400,84,6019,230.37
2026/05/09 03:30:29.432,73,6019,370.73
2026/05/09 03:30:30.464,73,6019,515.11
2026/05/09 03:30:31.497,63,6019,508.89
2026/05/09 03:30:32.529,73,6019,507.41
2026/05/09 03:30:33.561,60,6019,485.86
2026/05/09 03:30:34.593,63,6019,484.16
2026/05/09 03:30:35.625,73,6019,483.70
2026/05/09 03:30:36.656,63,6019,494.14
2026/05/09 03:30:37.688,69,6019,492.23
2026/05/09 03:30:38.719,62,6019,497.16
2026/05/09 03:30:39.750,60,6019,484.61
2026/05/09 03:30:40.782,64,6019,477.66
2026/05/09 03:30:41.813,67,6019,386.70
2026/05/09 03:30:42.846,66,6019,274.26
2026/05/09 03:30:43.879,84,6019,253.69
2026/05/09 03:30:44.910,59,6019,212.60
2026/05/09 03:30:45.943,62,6019,478.48
2026/05/09 03:30:46.974,64,6019,466.04
2026/05/09 03:30:48.006,59,6019,465.33
2026/05/09 03:30:49.038,64,6019,470.99
2026/05/09 03:30:50.073,0,6019,348.44
2026/05/09 03:30:51.106,69,6019,464.35
2026/05/09 03:30:52.138,79,6019,547.96
2026/05/09 03:30:53.172,73,6019,550.44
2026/05/09 03:30:54.204,78,6019,555.44
2026/05/09 03:30:55.236,83,6019,551.89
2026/05/09 03:30:56.268,75,6019,550.62
2026/05/09 03:30:57.301,75,6019,482.95
2026/05/09 03:30:58.333,71,6019,170.44
2026/05/09 03:30:59.365,81,6019,454.79
2026/05/09 03:31:00.398,76,6019,547.80
2026/05/09 03:31:01.430,70,6019,539.62
2026/05/09 03:31:02.463,74,6019,538.92
2026/05/09 03:31:03.495,80,6019,541.19
2026/05/09 03:31:04.528,79,6019,546.41
2026/05/09 03:31:05.560,71,6019,542.65
2026/05/09 03:31:06.593,80,6019,547.77
2026/05/09 03:31:07.626,79,6019,540.60
2026/05/09 03:31:08.658,80,6019,545.79
2026/05/09 03:31:09.691,74,6019,499.74
2026/05/09 03:31:10.724,76,6019,172.23
2026/05/09 03:31:11.756,81,6019,456.78
2026/05/09 03:31:12.788,79,6019,554.57
2026/05/09 03:31:13.821,64,6019,522.67
2026/05/09 03:31:14.853,62,6019,491.32
2026/05/09 03:31:15.885,67,6019,485.08
2026/05/09 03:31:16.916,70,6019,497.80
2026/05/09 03:31:17.949,72,6019,511.67
2026/05/09 03:31:18.979,76,6019,520.49
2026/05/09 03:31:20.010,73,6019,554.64
2026/05/09 03:31:21.042,80,6019,555.33
2026/05/09 03:31:22.074,76,6019,558.86
2026/05/09 03:31:23.107,72,6019,335.44
2026/05/09 03:31:24.139,72,6019,257.88
2026/05/09 03:31:25.171,74,6019,548.90
2026/05/09 03:31:26.202,72,6019,558.43
2026/05/09 03:31:27.233,71,6019,557.76
2026/05/09 03:31:28.265,82,6019,551.16
2026/05/09 03:31:29.297,82,6019,555.27
2026/05/09 03:31:30.329,73,6019,550.52
2026/05/09 03:31:31.362,83,6019,546.97
2026/05/09 03:31:32.395,77,6019,554.64
2026/05/09 03:31:33.427,82,6019,545.71
2026/05/09 03:31:34.459,70,6019,547.46
2026/05/09 03:31:35.492,75,6019,465.62
2026/05/09 03:31:36.525,89,6019,175.62
2026/05/09 03:31:37.558,67,6019,446.60
2026/05/09 03:31:38.591,72,6019,503.72
2026/05/09 03:31:39.625,73,6019,507.37
2026/05/09 03:31:40.657,72,6019,507.21
2026/05/09 03:31:41.689,72,6019,505.59
2026/05/09 03:31:42.722,64,6019,465.51
2026/05/09 03:31:43.754,64,6019,467.02
2026/05/09 03:31:44.787,59,6019,466.33
2026/05/09 03:31:45.819,64,6019,464.92
2026/05/09 03:31:46.851,64,6019,467.33
2026/05/09 03:31:47.883,58,6019,463.27
2026/05/09 03:31:48.915,64,6019,463.80
2026/05/09 03:31:49.947,89,6019,371.42
2026/05/09 03:31:50.979,59,6019,222.91
2026/05/09 03:31:52.012,63,6019,477.08
2026/05/09 03:31:53.045,61,6019,469.17
2026/05/09 03:31:54.078,62,6019,475.76
2026/05/09 03:31:55.110,72,6019,473.86
2026/05/09 03:31:56.142,62,6019,480.79
2026/05/09 03:31:57.174,67,6019,468.46
2026/05/09 03:31:58.208,62,6019,479.65
2026/05/09 03:31:59.242,66,6019,472.13
2026/05/09 03:32:00.273,61,6019,474.40
2026/05/09 03:32:01.306,62,6019,473.21
2026/05/09 03:32:02.340,62,6019,481.16
2026/05/09 03:32:03.372,84,6019,333.10
2026/05/09 03:32:04.406,66,6019,502.11
2026/05/09 03:32:05.440,61,6019,266.44
2026/05/09 03:32:06.473,63,6019,263.60
2026/05/09 03:32:07.502,75,6019,177.19
2026/05/09 03:32:08.533,73,6019,359.83
2026/05/09 03:32:09.565,71,6019,508.12
2026/05/09 03:32:10.597,65,6019,512.04
2026/05/09 03:32:11.628,74,6019,508.08
2026/05/09 03:32:12.659,70,6019,513.88
2026/05/09 03:32:13.690,73,6019,506.03
2026/05/09 03:32:14.721,73,6019,510.70
2026/05/09 03:32:15.753,65,6019,510.08
2026/05/09 03:32:16.785,72,6019,507.76
2026/05/09 03:32:17.817,63,6019,512.11
2026/05/09 03:32:18.849,73,6019,508.27
2026/05/09 03:32:19.881,71,6019,512.85
2026/05/09 03:32:20.913,88,6019,208.30
2026/05/09 03:32:21.945,73,6019,434.20
2026/05/09 03:32:22.976,75,6019,554.33
2026/05/09 03:32:24.009,80,6019,556.42
2026/05/09 03:32:25.041,84,6019,557.47
2026/05/09 03:32:26.073,74,6019,558.39
2026/05/09 03:32:27.105,72,6019,558.46
2026/05/09 03:32:28.137,77,6019,559.06
2026/05/09 03:32:29.169,73,6019,558.61
2026/05/09 03:32:30.201,79,6019,554.70
2026/05/09 03:32:31.232,80,6019,551.23
2026/05/09 03:32:32.265,78,6019,445.14
2026/05/09 03:32:33.296,76,6019,200.04
2026/05/09 03:32:34.328,65,6019,500.92
2026/05/09 03:32:35.360,68,6019,504.62
2026/05/09 03:32:36.392,73,6019,509.84
2026/05/09 03:32:37.425,71,6019,513.51
2026/05/09 03:32:38.456,63,6019,506.26
2026/05/09 03:32:39.488,73,6019,505.80
2026/05/09 03:32:40.520,72,6019,512.67
2026/05/09 03:32:41.550,67,6019,506.70
2026/05/09 03:32:42.583,73,6019,509.03
2026/05/09 03:32:43.614,66,6019,512.26
2026/05/09 03:32:44.647,73,6019,509.26
2026/05/09 03:32:45.678,90,6019,396.84
2026/05/09 03:32:46.710,65,6019,237.90
2026/05/09 03:32:47.742,73,6019,507.90
2026/05/09 03:32:48.774,64,6019,514.06
2026/05/09 03:32:49.807,73,6019,505.74
2026/05/09 03:32:50.840,72,6019,508.32
2026/05/09 03:32:51.873,70,6019,510.64
2026/05/09 03:32:52.906,63,6019,508.02
2026/05/09 03:32:53.938,73,6019,507.59
2026/05/09 03:32:54.972,73,6019,509.86
2026/05/09 03:32:56.005,71,6019,510.28
2026/05/09 03:32:57.037,63,6019,505.13
2026/05/09 03:32:58.071,59,6019,465.11
2026/05/09 03:32:59.105,85,6019,404.23
2026/05/09 03:33:00.137,78,6019,181.38
2026/05/09 03:33:01.173,72,6019,446.10
2026/05/09 03:33:02.206,63,6019,468.08
2026/05/09 03:33:03.237,59,6019,464.64
2026/05/09 03:33:04.269,63,6019,474.29
2026/05/09 03:33:05.300,64,6019,466.25
2026/05/09 03:33:06.333,59,6019,462.69
2026/05/09 03:33:07.365,63,6019,465.02
2026/05/09 03:33:08.397,64,6019,465.97
2026/05/09 03:33:09.429,59,6019,463.31
2026/05/09 03:33:10.461,64,6019,465.54
2026/05/09 03:33:11.492,64,6019,467.21
2026/05/09 03:33:12.525,59,6019,465.80
2026/05/09 03:33:13.558,63,6019,466.18
2026/05/09 03:33:14.592,83,6019,226.75
2026/05/09 03:33:15.622,67,6019,396.66
2026/05/09 03:33:16.654,80,6019,542.23
2026/05/09 03:33:17.686,84,6019,560.37
2026/05/09 03:33:18.721,62,6019,527.74
2026/05/09 03:33:19.753,80,6019,384.81
2026/05/09 03:33:20.785,83,6019,549.46
2026/05/09 03:33:21.816,82,6019,563.12
2026/05/09 03:33:22.847,77,6019,557.99
2026/05/09 03:33:23.879,73,6019,560.08
2026/05/09 03:33:24.911,76,6019,558.83
2026/05/09 03:33:25.943,74,6019,559.84
2026/05/09 03:33:26.975,61,6019,490.26
2026/05/09 03:33:28.009,62,6019,266.40
2026/05/09 03:33:29.043,64,6019,267.57
2026/05/09 03:33:30.074,73,6019,211.31
2026/05/09 03:33:31.107,73,6019,554.84
2026/05/09 03:33:32.139,72,6019,553.67
2026/05/09 03:33:33.171,74,6019,558.83
2026/05/09 03:33:34.203,73,6019,559.02
2026/05/09 03:33:35.235,79,6019,555.24
2026/05/09 03:33:36.267,81,6019,551.66
2026/05/09 03:33:37.299,80,6019,553.88
2026/05/09 03:33:38.332,73,6019,552.25
2026/05/09 03:33:39.364,77,6019,555.29
2026/05/09 03:33:40.396,81,6019,547.44
2026/05/09 03:33:41.427,76,6019,495.80
2026/05/09 03:33:42.459,75,6019,172.14
2026/05/09 03:33:43.491,75,6019,451.25
2026/05/09 03:33:44.523,81,6019,553.95
2026/05/09 03:33:45.555,77,6019,551.42
2026/05/09 03:33:46.588,79,6019,549.86
2026/05/09 03:33:47.620,73,6019,549.42
2026/05/09 03:33:48.652,82,6019,551.08
2026/05/09 03:33:49.684,73,6019,550.33
2026/05/09 03:33:50.717,81,6019,554.36
2026/05/09 03:33:51.749,75,6019,550.02
2026/05/09 03:33:52.783,73,6019,524.00
2026/05/09 03:33:53.815,82,6019,477.14
2026/05/09 03:33:54.847,84,6019,183.20
2026/05/09 03:33:55.879,73,6019,452.51
2026/05/09 03:33:56.912,70,6019,511.69
2026/05/09 03:33:57.943,64,6019,508.26
2026/05/09 03:33:58.975,82,6019,532.77
2026/05/09 03:34:00.008,73,6019,549.99
2026/05/09 03:34:01.041,80,6019,552.24
2026/05/09 03:34:02.073,72,6019,549.01
2026/05/09 03:34:03.106,72,6019,551.04
2026/05/09 03:34:04.138,67,6019,539.89
2026/05/09 03:34:05.171,73,6019,507.44
2026/05/09 03:34:06.203,71,6019,513.53
2026/05/09 03:34:07.235,86,6019,270.01
2026/05/09 03:34:08.267,71,6019,382.48
2026/05/09 03:34:09.299,63,6019,505.73
2026/05/09 03:34:10.330,73,6019,502.67
2026/05/09 03:34:11.363,72,6019,508.91
2026/05/09 03:34:12.395,63,6019,487.65
2026/05/09 03:34:13.428,59,6019,464.99
2026/05/09 03:34:14.461,63,6019,467.84
2026/05/09 03:34:15.492,63,6019,468.31
2026/05/09 03:34:16.526,58,6019,465.14
2026/05/09 03:34:17.558,63,6019,463.86
2026/05/09 03:34:18.591,62,6019,466.18
2026/05/09 03:34:19.623,62,6019,466.46
2026/05/09 03:34:20.655,61,6019,463.20
2026/05/09 03:34:21.686,75,6019,204.24
2026/05/09 03:34:22.716,68,6019,390.70
2026/05/09 03:34:23.748,71,6019,502.80
2026/05/09 03:34:24.780,62,6019,498.53
2026/05/09 03:34:25.811,62,6019,465.81
2026/05/09 03:34:26.842,62,6019,465.63
2026/05/09 03:34:27.874,61,6019,479.00
2026/05/09 03:34:28.908,59,6019,470.51
2026/05/09 03:34:29.939,62,6019,480.98
2026/05/09 03:34:30.971,63,6019,483.93
2026/05/09 03:34:32.006,64,6019,469.22
2026/05/09 03:34:33.039,65,6019,341.27
2026/05/09 03:34:34.072,74,6019,538.04
2026/05/09 03:34:35.105,74,6019,486.30
2026/05/09 03:34:36.137,82,6019,178.71
2026/05/09 03:34:37.170,73,6019,463.99
2026/05/09 03:34:38.202,66,6019,512.51
2026/05/09 03:34:39.235,71,6019,505.00
2026/05/09 03:34:40.269,72,6019,507.41
2026/05/09 03:34:41.302,67,6019,509.82
2026/05/09 03:34:42.334,69,6019,505.14
2026/05/09 03:34:43.366,73,6019,510.55
2026/05/09 03:34:44.398,68,6019,510.20
2026/05/09 03:34:45.431,63,6019,504.86
2026/05/09 03:34:46.464,72,6019,503.77
2026/05/09 03:34:47.497,71,6019,508.34
2026/05/09 03:34:48.530,68,6019,509.74
2026/05/09 03:34:49.564,65,6019,349.30
2026/05/09 03:34:50.598,87,6019,264.39
2026/05/09 03:34:51.628,84,6019,174.27
2026/05/09 03:34:52.657,74,6019,494.92
2026/05/09 03:34:53.689,63,6019,512.16
2026/05/09 03:34:54.721,73,6019,504.88
2026/05/09 03:34:55.752,75,6019,516.45
2026/05/09 03:34:56.784,73,6019,557.25
2026/05/09 03:34:57.815,78,6019,559.82
2026/05/09 03:34:58.846,79,6019,549.91
2026/05/09 03:34:59.877,81,6019,552.43
2026/05/09 03:35:00.910,83,6019,557.85
2026/05/09 03:35:01.941,84,6019,561.14
2026/05/09 03:35:02.973,84,6019,561.54
2026/05/09 03:35:04.003,76,6019,314.15
2026/05/09 03:35:05.034,75,6019,309.63
2026/05/09 03:35:06.066,74,6019,557.82
2026/05/09 03:35:07.098,74,6019,556.07
2026/05/09 03:35:08.130,74,6019,560.06
2026/05/09 03:35:09.161,74,6019,559.08
2026/05/09 03:35:10.193,73,6019,556.08
2026/05/09 03:35:11.226,73,6019,555.00
2026/05/09 03:35:12.258,75,6019,557.99
2026/05/09 03:35:13.290,77,6019,558.66
2026/05/09 03:35:14.322,63,6019,550.55
2026/05/09 03:35:15.354,82,6019,534.11
2026/05/09 03:35:16.386,72,6019,229.89
2026/05/09 03:35:17.417,70,6019,384.90
2026/05/09 03:35:18.450,75,6019,533.73
2026/05/09 03:35:19.481,70,6019,526.18
2026/05/09 03:35:20.512,64,6019,491.35
2026/05/09 03:35:21.544,63,6019,498.60
2026/05/09 03:35:22.576,82,6019,543.76
2026/05/09 03:35:23.608,75,6019,559.82
2026/05/09 03:35:24.640,74,6019,560.41
2026/05/09 03:35:25.673,82,6019,552.01
2026/05/09 03:35:26.706,82,6019,561.25
2026/05/09 03:35:27.738,84,6019,562.56
2026/05/09 03:35:28.770,77,6019,301.29
2026/05/09 03:35:29.802,68,6019,295.31
2026/05/09 03:35:30.832,73,6019,533.65
2026/05/09 03:35:31.864,67,6019,525.24
2026/05/09 03:35:32.895,73,6019,524.91
2026/05/09 03:35:33.929,64,6019,530.03
2026/05/09 03:35:34.961,76,6019,528.18
2026/05/09 03:35:35.993,71,6019,508.34
2026/05/09 03:35:37.027,81,6019,506.29
2026/05/09 03:35:38.059,66,6019,509.04
2026/05/09 03:35:39.090,65,6019,499.65
2026/05/09 03:35:40.120,64,6019,491.32
2026/05/09 03:35:41.152,70,6019,492.35
2026/05/09 03:35:42.184,75,6019,248.82
2026/05/09 03:35:43.217,82,6019,175.74
2026/05/09 03:35:44.249,84,6019,538.07
2026/05/09 03:35:45.281,79,6019,554.88
2026/05/09 03:35:46.312,82,6019,559.51
2026/05/09 03:35:47.343,82,6019,558.58
2026/05/09 03:35:48.375,82,6019,559.00
2026/05/09 03:35:49.407,78,6019,554.54
2026/05/09 03:35:50.439,74,6019,549.60
2026/05/09 03:35:51.472,73,6019,558.19
2026/05/09 03:35:52.504,78,6019,558.62
2026/05/09 03:35:53.536,80,6019,552.47
2026/05/09 03:35:54.569,75,6019,501.89
2026/05/09 03:35:55.601,83,6019,278.12
2026/05/09 03:35:56.633,83,6019,558.22
2026/05/09 03:35:57.664,83,6019,559.68
2026/05/09 03:35:58.696,79,6019,555.47
2026/05/09 03:35:59.728,75,6019,551.05
2026/05/09 03:36:00.760,73,6019,552.41
2026/05/09 03:36:01.793,74,6019,557.11
2026/05/09 03:36:02.824,76,6019,558.85
2026/05/09 03:36:03.856,79,6019,554.86
2026/05/09 03:36:04.889,81,6019,556.61
2026/05/09 03:36:05.921,80,6019,554.87
2026/05/09 03:36:06.953,63,6019,417.68
2026/05/09 03:36:07.987,61,6019,267.71
2026/05/09 03:36:09.020,71,6019,250.49
2026/05/09 03:36:10.052,75,6019,168.99
2026/05/09 03:36:11.083,80,6019,547.46
2026/05/09 03:36:12.116,74,6019,543.13
2026/05/09 03:36:13.148,75,6019,549.66
2026/05/09 03:36:14.180,80,6019,546.27
2026/05/09 03:36:15.213,71,6019,549.17
2026/05/09 03:36:16.245,80,6019,549.41
2026/05/09 03:36:17.277,78,6019,541.85
2026/05/09 03:36:18.308,70,6019,545.65
2026/05/09 03:36:19.340,81,6019,549.89
2026/05/09 03:36:20.373,79,6019,544.09
2026/05/09 03:36:21.407,72,6019,480.44
2026/05/09 03:36:22.438,89,6019,176.88
2026/05/09 03:36:23.471,73,6019,454.89
2026/05/09 03:36:24.504,72,6019,511.95
2026/05/09 03:36:25.536,65,6019,507.38
2026/05/09 03:36:26.569,73,6019,511.83
2026/05/09 03:36:27.601,64,6019,506.39
2026/05/09 03:36:28.632,73,6019,511.82
2026/05/09 03:36:29.663,69,6019,508.40
2026/05/09 03:36:30.695,70,6019,507.94
2026/05/09 03:36:31.727,73,6019,513.84
2026/05/09 03:36:32.758,63,6019,506.39
2026/05/09 03:36:33.791,73,6019,508.67
2026/05/09 03:36:34.823,90,6019,425.72
2026/05/09 03:36:35.855,76,6019,199.59
2026/05/09 03:36:36.890,73,6019,507.85
2026/05/09 03:36:37.921,62,6019,492.45
2026/05/09 03:36:38.954,62,6019,466.01
2026/05/09 03:36:39.987,62,6019,466.43
2026/05/09 03:36:41.019,62,6019,464.99
2026/05/09 03:36:42.050,62,6019,467.66
2026/05/09 03:36:43.083,62,6019,467.08
2026/05/09 03:36:44.115,62,6019,466.42
2026/05/09 03:36:45.148,62,6019,466.62
2026/05/09 03:36:46.180,62,6019,465.77
2026/05/09 03:36:47.211,62,6019,466.20
2026/05/09 03:36:48.242,62,6019,465.80
2026/05/09 03:36:49.273,72,6019,422.48
2026/05/09 03:36:50.305,88,6019,180.70
2026/05/09 03:36:51.337,62,6019,424.89
2026/05/09 03:36:52.370,68,6019,471.03
2026/05/09 03:36:53.402,62,6019,476.59
2026/05/09 03:36:54.434,66,6019,475.00
2026/05/09 03:36:55.467,63,6019,470.72
2026/05/09 03:36:56.500,63,6019,351.03
2026/05/09 03:36:57.534,72,6019,539.09
2026/05/09 03:36:58.567,81,6019,549.86
2026/05/09 03:36:59.599,76,6019,546.54
2026/05/09 03:37:00.631,78,6019,545.24
2026/05/09 03:37:01.663,76,6019,548.35
2026/05/09 03:37:02.695,80,6019,528.22
2026/05/09 03:37:03.727,75,6019,171.49
2026/05/09 03:37:04.759,72,6019,401.71
2026/05/09 03:37:05.792,82,6019,545.14
2026/05/09 03:37:06.824,71,6019,545.13
2026/05/09 03:37:07.856,75,6019,546.38
2026/05/09 03:37:08.890,78,6019,544.69
2026/05/09 03:37:09.921,77,6019,553.94
2026/05/09 03:37:10.953,75,6019,550.33
2026/05/09 03:37:11.987,82,6019,551.98
2026/05/09 03:37:13.019,71,6019,551.70
2026/05/09 03:37:14.052,82,6019,550.39
2026/05/09 03:37:15.083,74,6019,553.37
2026/05/09 03:37:16.115,76,6019,172.30
2026/05/09 03:37:17.148,81,6019,423.88
2026/05/09 03:37:18.179,75,6019,556.69
2026/05/09 03:37:19.211,72,6019,550.90
2026/05/09 03:37:20.243,73,6019,557.15
2026/05/09 03:37:21.274,80,6019,551.61
2026/05/09 03:37:22.306,81,6019,554.66
2026/05/09 03:37:23.337,74,6019,562.85
2026/05/09 03:37:24.368,74,6019,562.24
2026/05/09 03:37:25.400,75,6019,562.62
2026/05/09 03:37:26.431,74,6019,560.97
2026/05/09 03:37:27.464,71,6019,560.88
2026/05/09 03:37:28.496,64,6019,344.25
2026/05/09 03:37:29.530,65,6019,272.70
2026/05/09 03:37:30.563,89,6019,217.38
2026/05/09 03:37:31.595,72,6019,480.38
2026/05/09 03:37:32.628,73,6019,509.63
2026/05/09 03:37:33.660,73,6019,506.07
2026/05/09 03:37:34.694,68,6019,504.17
2026/05/09 03:37:35.727,63,6019,503.01
2026/05/09 03:37:36.759,63,6019,502.38
2026/05/09 03:37:37.791,67,6019,504.81
2026/05/09 03:37:38.824,71,6019,506.81
2026/05/09 03:37:39.856,72,6019,508.22
2026/05/09 03:37:40.890,73,6019,506.96
2026/05/09 03:37:41.923,74,6019,520.39
2026/05/09 03:37:42.957,82,6019,552.71
2026/05/09 03:37:43.989,90,6019,254.66
2026/05/09 03:37:45.021,74,6019,400.23
2026/05/09 03:37:46.052,74,6019,559.52
2026/05/09 03:37:47.084,75,6019,560.73
2026/05/09 03:37:48.116,82,6019,552.45
2026/05/09 03:37:49.148,71,6019,549.03
2026/05/09 03:37:50.179,68,6019,517.53
2026/05/09 03:37:51.216,69,6019,510.88
2026/05/09 03:37:52.248,75,6019,515.62
2026/05/09 03:37:53.280,74,6019,518.14
2026/05/09 03:37:54.311,63,6019,508.68
2026/05/09 03:37:55.342,70,6019,501.27
2026/05/09 03:37:56.372,75,6019,338.45
2026/05/09 03:37:57.404,71,6019,214.19
2026/05/09 03:37:58.435,74,6019,541.94
2026/05/09 03:37:59.465,74,6019,500.96
2026/05/09 03:38:00.496,71,6019,501.62
2026/05/09 03:38:01.529,66,6019,501.01
2026/05/09 03:38:02.559,64,6019,502.25
2026/05/09 03:38:03.591,74,6019,504.06
2026/05/09 03:38:04.622,69,6019,503.58
2026/05/09 03:38:05.653,63,6019,501.80
2026/05/09 03:38:06.684,63,6019,501.69
2026/05/09 03:38:07.717,0,6019,351.60
2026/05/09 03:38:08.750,85,6019,521.72
2026/05/09 03:38:09.782,75,6019,494.78
2026/05/09 03:38:10.813,72,6019,172.89
2026/05/09 03:38:11.844,64,6019,444.99
2026/05/09 03:38:12.876,73,6019,510.88
2026/05/09 03:38:13.909,64,6019,515.42
2026/05/09 03:38:14.941,73,6019,507.83
2026/05/09 03:38:15.974,69,6019,515.27
2026/05/09 03:38:17.006,65,6019,504.87
2026/05/09 03:38:18.038,73,6019,507.98
2026/05/09 03:38:19.071,72,6019,511.76
2026/05/09 03:38:20.103,63,6019,505.84
2026/05/09 03:38:21.135,72,6019,504.63
2026/05/09 03:38:22.168,74,6019,513.81
2026/05/09 03:38:23.199,85,6019,445.59
2026/05/09 03:38:24.231,76,6019,196.17
2026/05/09 03:38:25.263,73,6019,506.94
2026/05/09 03:38:26.296,73,6019,510.28
2026/05/09 03:38:27.328,65,6019,511.33
2026/05/09 03:38:28.359,68,6019,503.93
2026/05/09 03:38:29.392,72,6019,509.93
2026/05/09 03:38:30.424,72,6019,507.71
2026/05/09 03:38:31.456,72,6019,508.01
2026/05/09 03:38:32.489,72,6019,507.46
2026/05/09 03:38:33.522,70,6019,506.15
2026/05/09 03:38:34.553,64,6019,506.65
2026/05/09 03:38:35.585,68,6019,504.91
2026/05/09 03:38:36.616,75,6019,420.73
2026/05/09 03:38:37.651,77,6019,171.29
2026/05/09 03:38:38.682,82,6019,533.91
2026/05/09 03:38:39.714,80,6019,555.51
2026/05/09 03:38:40.745,77,6019,553.78
2026/05/09 03:38:41.776,76,6019,554.72
2026/05/09 03:38:42.809,74,6019,551.99
2026/05/09 03:38:43.840,71,6019,552.86
2026/05/09 03:38:44.873,77,6019,557.73
2026/05/09 03:38:45.905,81,6019,552.81
2026/05/09 03:38:46.937,76,6019,553.85
2026/05/09 03:38:47.969,73,6019,550.57
2026/05/09 03:38:49.001,74,6019,558.68
2026/05/09 03:38:50.034,67,6019,272.95
2026/05/09 03:38:51.068,66,6019,279.58
2026/05/09 03:38:52.100,77,6019,212.68
2026/05/09 03:38:53.133,82,6019,551.89
2026/05/09 03:38:54.165,72,6019,549.67
2026/05/09 03:38:55.197,77,6019,559.35
2026/05/09 03:38:56.229,83,6019,552.99
2026/05/09 03:38:57.261,81,6019,557.09
2026/05/09 03:38:58.293,77,6019,554.47
2026/05/09 03:38:59.324,70,6019,548.39
2026/05/09 03:39:00.356,79,6019,553.29
2026/05/09 03:39:01.388,74,6019,551.14
2026/05/09 03:39:02.421,80,6019,556.77
2026/05/09 03:39:03.453,64,6019,515.96
2026/05/09 03:39:04.484,75,6019,195.99
2026/05/09 03:39:05.515,73,6019,394.03
2026/05/09 03:39:06.546,67,6019,499.86
2026/05/09 03:39:07.577,72,6019,501.10
2026/05/09 03:39:08.609,72,6019,515.52
2026/05/09 03:39:09.641,71,6019,494.51
2026/05/09 03:39:10.672,64,6019,508.81
2026/05/09 03:39:11.705,80,6019,519.89
2026/05/09 03:39:12.738,66,6019,514.95
2026/05/09 03:39:13.770,70,6019,523.32
2026/05/09 03:39:14.801,68,6019,517.30
2026/05/09 03:39:15.833,82,6019,501.62
2026/05/09 03:39:16.865,63,6019,514.42
2026/05/09 03:39:17.895,72,6019,188.03
2026/05/09 03:39:18.926,73,6019,351.35
2026/05/09 03:39:19.958,68,6019,517.04
2026/05/09 03:39:20.990,82,6019,519.08
2026/05/09 03:39:22.022,0,6019,384.26
2026/05/09 03:39:23.054,81,6019,534.48
2026/05/09 03:39:24.086,80,6019,559.18
2026/05/09 03:39:25.118,85,6019,564.34
2026/05/09 03:39:26.150,82,6019,563.00
2026/05/09 03:39:27.181,80,6019,560.91
2026/05/09 03:39:28.214,79,6019,559.39
2026/05/09 03:39:29.245,76,6019,563.41
2026/05/09 03:39:30.275,72,6019,361.92
2026/05/09 03:39:31.305,82,6019,233.61
2026/05/09 03:39:32.337,83,6019,562.12
2026/05/09 03:39:33.368,80,6019,561.49
2026/05/09 03:39:34.400,75,6019,561.82
2026/05/09 03:39:35.432,75,6019,561.14
2026/05/09 03:39:36.463,74,6019,563.08
2026/05/09 03:39:37.495,75,6019,562.94
2026/05/09 03:39:38.526,75,6019,562.73
2026/05/09 03:39:39.557,75,6019,562.79
2026/05/09 03:39:40.590,75,6019,564.39
2026/05/09 03:39:41.621,82,6019,560.74
2026/05/09 03:39:42.653,77,6019,274.23
2026/05/09 03:39:43.685,72,6019,340.92
2026/05/09 03:39:44.717,74,6019,559.13
2026/05/09 03:39:45.749,78,6019,558.84
2026/05/09 03:39:46.781,80,6019,554.84
2026/05/09 03:39:47.813,72,6019,551.55
2026/05/09 03:39:48.845,78,6019,554.46
2026/05/09 03:39:49.877,79,6019,549.19
2026/05/09 03:39:50.910,74,6019,551.50
2026/05/09 03:39:51.941,81,6019,554.65
2026/05/09 03:39:52.974,75,6019,550.74
2026/05/09 03:39:54.005,74,6019,552.91
2026/05/09 03:39:55.041,76,6019,391.48
2026/05/09 03:39:56.073,77,6019,194.45
2026/05/09 03:39:57.106,76,6019,545.94
2026/05/09 03:39:58.138,75,6019,556.39
2026/05/09 03:39:59.171,83,6019,553.36
2026/05/09 03:40:00.203,72,6019,551.72
2026/05/09 03:40:01.235,82,6019,554.66
2026/05/09 03:40:02.268,77,6019,551.23
2026/05/09 03:40:03.300,80,6019,552.34
2026/05/09 03:40:04.332,72,6019,545.81
2026/05/09 03:40:05.363,81,6019,548.70
2026/05/09 03:40:06.395,72,6019,550.41
2026/05/09 03:40:07.427,66,6019,418.28
2026/05/09 03:40:08.462,62,6019,268.33
2026/05/09 03:40:09.495,72,6019,246.63
2026/05/09 03:40:10.527,74,6019,168.83
2026/05/09 03:40:11.559,73,6019,432.00
2026/05/09 03:40:12.591,72,6019,509.47
2026/05/09 03:40:13.622,66,6019,508.13
2026/05/09 03:40:14.654,72,6019,505.27
2026/05/09 03:40:15.686,72,6019,510.20
2026/05/09 03:40:16.717,63,6019,471.06
2026/05/09 03:40:17.749,62,6019,466.64
2026/05/09 03:40:18.780,63,6019,466.38
2026/05/09 03:40:19.811,62,6019,466.63
2026/05/09 03:40:20.843,62,6019,466.42
2026/05/09 03:40:21.874,62,6019,465.98
2026/05/09 03:40:22.906,62,6019,466.33
2026/05/09 03:40:23.938,89,6019,352.95
2026/05/09 03:40:24.969,64,6019,234.96
2026/05/09 03:40:26.001,58,6019,465.90
2026/05/09 03:40:27.032,63,6019,462.02
2026/05/09 03:40:28.065,63,6019,465.87
2026/05/09 03:40:29.098,64,6019,465.88
2026/05/09 03:40:30.130,59,6019,463.06
2026/05/09 03:40:31.163,64,6019,464.88
2026/05/09 03:40:32.195,63,6019,477.40
2026/05/09 03:40:33.228,62,6019,465.72
2026/05/09 03:40:34.263,0,6019,416.81
2026/05/09 03:40:35.296,68,6019,422.99
2026/05/09 03:40:36.328,73,6019,543.10
2026/05/09 03:40:37.361,80,6019,545.63
2026/05/09 03:40:38.393,76,6019,379.16
2026/05/09 03:40:39.424,72,6019,197.20
2026/05/09 03:40:40.456,75,6019,548.02
2026/05/09 03:40:41.489,73,6019,551.62
2026/05/09 03:40:42.520,72,6019,552.55
2026/05/09 03:40:43.554,75,6019,557.74
2026/05/09 03:40:44.585,82,6019,551.30
2026/05/09 03:40:45.617,75,6019,559.18
2026/05/09 03:40:46.649,77,6019,557.56
2026/05/09 03:40:47.681,81,6019,554.38
2026/05/09 03:40:48.714,82,6019,556.81
2026/05/09 03:40:49.745,84,6019,557.83
2026/05/09 03:40:50.778,77,6019,327.69
2026/05/09 03:40:51.809,82,6019,290.10
2026/05/09 03:40:52.840,81,6019,554.22
2026/05/09 03:40:53.873,79,6019,558.00
2026/05/09 03:40:54.905,74,6019,560.23
2026/05/09 03:40:55.937,77,6019,557.04
2026/05/09 03:40:56.969,79,6019,558.43
2026/05/09 03:40:58.000,76,6019,557.23
2026/05/09 03:40:59.032,79,6019,561.78
2026/05/09 03:41:00.062,83,6019,561.75
2026/05/09 03:41:01.094,81,6019,563.18
2026/05/09 03:41:02.124,82,6019,565.96
2026/05/09 03:41:03.156,75,6019,213.37
2026/05/09 03:41:04.189,82,6019,408.62
2026/05/09 03:41:05.221,71,6019,549.61
2026/05/09 03:41:06.255,81,6019,550.13
2026/05/09 03:41:07.287,77,6019,547.64
2026/05/09 03:41:08.319,77,6019,549.25
2026/05/09 03:41:09.351,70,6019,553.62
2026/05/09 03:41:10.381,80,6019,547.38
2026/05/09 03:41:11.413,71,6019,551.77
2026/05/09 03:41:12.445,82,6019,550.48
2026/05/09 03:41:13.478,70,6019,551.32
2026/05/09 03:41:14.511,77,6019,546.20
2026/05/09 03:41:15.543,76,6019,355.41
2026/05/09 03:41:16.575,79,6019,229.70
2026/05/09 03:41:17.607,80,6019,555.36
2026/05/09 03:41:18.638,80,6019,549.58
2026/05/09 03:41:19.671,71,6019,550.01
2026/05/09 03:41:20.702,81,6019,549.98
2026/05/09 03:41:21.734,70,6019,549.85
2026/05/09 03:41:22.766,71,6019,539.12
2026/05/09 03:41:23.797,70,6019,518.72
2026/05/09 03:41:24.829,61,6019,477.47
2026/05/09 03:41:25.863,67,6019,483.11
2026/05/09 03:41:26.894,64,6019,522.66
2026/05/09 03:41:27.926,61,6019,510.30
2026/05/09 03:41:28.959,65,6019,278.36
2026/05/09 03:41:29.991,64,6019,264.06
2026/05/09 03:41:31.022,75,6019,199.58
2026/05/09 03:41:32.054,76,6019,310.38
2026/05/09 03:41:33.085,77,6019,551.87
2026/05/09 03:41:34.117,78,6019,556.58
2026/05/09 03:41:35.149,82,6019,554.54
2026/05/09 03:41:36.180,68,6019,550.61
2026/05/09 03:41:37.212,74,6019,525.56
2026/05/09 03:41:38.243,74,6019,533.10
2026/05/09 03:41:39.275,63,6019,501.14
2026/05/09 03:41:40.307,73,6019,496.25
2026/05/09 03:41:41.339,63,6019,494.39
2026/05/09 03:41:42.371,73,6019,491.29
2026/05/09 03:41:43.403,74,6019,460.94
2026/05/09 03:41:44.437,0,6019,159.20
2026/05/09 03:41:45.470,82,6019,300.83
2026/05/09 03:41:46.503,72,6019,550.84
2026/05/09 03:41:47.535,78,6019,557.90
2026/05/09 03:41:48.568,84,6019,555.66
2026/05/09 03:41:49.599,82,6019,554.99
2026/05/09 03:41:50.632,73,6019,560.25
2026/05/09 03:41:51.663,79,6019,557.72
2026/05/09 03:41:52.695,83,6019,552.53
2026/05/09 03:41:53.727,82,6019,559.25
2026/05/09 03:41:54.759,80,6019,558.72
2026/05/09 03:41:55.791,80,6019,555.69
2026/05/09 03:41:56.822,72,6019,229.05
2026/05/09 03:41:57.854,73,6019,365.84
2026/05/09 03:41:58.886,75,6019,557.09
2026/05/09 03:41:59.918,76,6019,560.02
2026/05/09 03:42:00.951,82,6019,553.35
2026/05/09 03:42:01.983,81,6019,556.11
2026/05/09 03:42:03.015,73,6019,551.12
2026/05/09 03:42:04.046,77,6019,552.66
2026/05/09 03:42:05.078,83,6019,551.34
2026/05/09 03:42:06.111,78,6019,555.71
2026/05/09 03:42:07.142,72,6019,553.32
2026/05/09 03:42:08.174,76,6019,529.81
2026/05/09 03:42:09.206,75,6019,188.75
2026/05/09 03:42:10.237,78,6019,412.22
2026/05/09 03:42:11.269,82,6019,562.56
2026/05/09 03:42:12.301,84,6019,564.19
2026/05/09 03:42:13.336,84,6019,563.41
2026/05/09 03:42:14.366,82,6019,561.66
2026/05/09 03:42:15.397,81,6019,559.66
2026/05/09 03:42:16.429,81,6019,557.34
2026/05/09 03:42:17.461,82,6019,556.24
2026/05/09 03:42:18.492,82,6019,558.57
2026/05/09 03:42:19.523,82,6019,556.83
2026/05/09 03:42:20.555,75,6019,555.33
2026/05/09 03:42:21.587,75,6019,250.08
2026/05/09 03:42:22.617,79,6019,531.47
2026/05/09 03:42:23.650,76,6019,554.35
2026/05/09 03:42:24.681,73,6019,552.69
2026/05/09 03:42:25.712,82,6019,554.96
2026/05/09 03:42:26.744,80,6019,552.89
2026/05/09 03:42:27.776,80,6019,516.50
2026/05/09 03:42:28.807,63,6019,530.19
2026/05/09 03:42:29.838,74,6019,525.19
2026/05/09 03:42:30.871,65,6019,522.45
2026/05/09 03:42:31.903,81,6019,528.79
2026/05/09 03:42:32.935,75,6019,519.60
2026/05/09 03:42:33.965,76,6019,367.73
2026/05/09 03:42:34.996,67,6019,217.18
2026/05/09 03:42:36.029,73,6019,505.63
2026/05/09 03:42:37.060,72,6019,508.04
2026/05/09 03:42:38.093,63,6019,493.41
2026/05/09 03:42:39.126,62,6019,493.04
2026/05/09 03:42:40.157,73,6019,490.67
2026/05/09 03:42:41.190,73,6019,495.81
2026/05/09 03:42:42.221,62,6019,494.47
2026/05/09 03:42:43.254,71,6019,485.10
2026/05/09 03:42:44.285,73,6019,494.40
2026/05/09 03:42:45.317,66,6019,522.25
2026/05/09 03:42:46.348,64,6019,512.10
2026/05/09 03:42:47.380,61,6019,473.50
2026/05/09 03:42:48.413,64,6019,268.75
2026/05/09 03:42:49.446,62,6019,271.90
2026/05/09 03:42:50.478,75,6019,184.57
2026/05/09 03:42:51.510,62,6019,348.80
2026/05/09 03:42:52.543,63,6019,498.36
2026/05/09 03:42:53.576,62,6019,485.87
2026/05/09 03:42:54.609,62,6019,479.45
2026/05/09 03:42:55.642,34,6019,466.16
2026/05/09 03:42:56.674,88,6019,367.52
2026/05/09 03:42:57.708,79,6019,540.71
2026/05/09 03:42:58.740,72,6019,544.05
2026/05/09 03:42:59.772,80,6019,552.67
2026/05/09 03:43:00.805,73,6019,544.88
2026/05/09 03:43:01.837,81,6019,552.57
2026/05/09 03:43:02.869,74,6019,548.88
2026/05/09 03:43:03.901,80,6019,273.80
2026/05/09 03:43:04.932,77,6019,354.16
2026/05/09 03:43:05.963,82,6019,554.10
2026/05/09 03:43:06.996,83,6019,552.53
2026/05/09 03:43:08.027,78,6019,552.46
2026/05/09 03:43:09.059,77,6019,551.97
2026/05/09 03:43:10.091,77,6019,553.43
2026/05/09 03:43:11.122,84,6019,557.58
2026/05/09 03:43:12.155,82,6019,556.92
2026/05/09 03:43:13.186,81,6019,558.04
2026/05/09 03:43:14.218,81,6019,557.05
2026/05/09 03:43:15.250,76,6019,528.64
2026/05/09 03:43:16.282,75,6019,173.48
2026/05/09 03:43:17.312,77,6019,451.17
2026/05/09 03:43:18.343,82,6019,564.75
2026/05/09 03:43:19.374,76,6019,562.76
2026/05/09 03:43:20.405,82,6019,563.07
2026/05/09 03:43:21.436,84,6019,564.24
2026/05/09 03:43:22.467,76,6019,564.47
2026/05/09 03:43:23.498,77,6019,561.66
2026/05/09 03:43:24.528,84,6019,563.93
2026/05/09 03:43:25.559,81,6019,564.22
2026/05/09 03:43:26.590,75,6019,560.83
2026/05/09 03:43:27.621,77,6019,383.96
2026/05/09 03:43:28.651,79,6019,218.10
2026/05/09 03:43:29.682,75,6019,534.16
2026/05/09 03:43:30.712,76,6019,533.82
2026/05/09 03:43:31.743,75,6019,511.67
2026/05/09 03:43:32.775,67,6019,511.92
2026/05/09 03:43:33.806,67,6019,507.22
2026/05/09 03:43:34.838,68,6019,508.27
2026/05/09 03:43:35.870,74,6019,513.73
2026/05/09 03:43:36.901,63,6019,510.85
2026/05/09 03:43:37.932,70,6019,501.85
2026/05/09 03:43:38.963,73,6019,506.67
2026/05/09 03:43:39.995,68,6019,506.75
2026/05/09 03:43:41.025,69,6019,501.18
2026/05/09 03:43:42.056,76,6019,175.22
2026/05/09 03:43:43.088,72,6019,384.39
2026/05/09 03:43:44.119,67,6019,507.92
2026/05/09 03:43:45.151,63,6019,503.57
2026/05/09 03:43:46.183,68,6019,503.62
2026/05/09 03:43:47.216,72,6019,502.22
2026/05/09 03:43:48.247,71,6019,504.98
2026/05/09 03:43:49.279,73,6019,507.38
2026/05/09 03:43:50.312,73,6019,509.02
2026/05/09 03:43:51.344,73,6019,504.43
2026/05/09 03:43:52.375,72,6019,508.26
2026/05/09 03:43:53.407,69,6019,507.22
2026/05/09 03:43:54.439,63,6019,507.62
2026/05/09 03:43:55.470,72,6019,209.65
2026/05/09 03:43:56.502,67,6019,378.13
2026/05/09 03:43:57.534,63,6019,503.20
2026/05/09 03:43:58.565,62,6019,467.92
2026/05/09 03:43:59.596,60,6019,477.00
2026/05/09 03:44:00.628,66,6019,475.74
2026/05/09 03:44:01.658,64,6019,477.64
2026/05/09 03:44:02.690,72,6019,480.51
2026/05/09 03:44:03.721,62,6019,463.94
2026/05/09 03:44:04.753,62,6019,460.95
2026/05/09 03:44:05.784,59,6019,460.60
2026/05/09 03:44:06.815,70,6019,470.04
2026/05/09 03:44:07.850,0,6019,355.65
2026/05/09 03:44:08.882,87,6019,460.82
2026/05/09 03:44:09.916,61,6019,349.10
2026/05/09 03:44:10.947,65,6019,267.18
2026/05/09 03:44:11.980,75,6019,223.92
2026/05/09 03:44:13.012,77,6019,227.74
2026/05/09 03:44:14.044,71,6019,543.32
2026/05/09 03:44:15.076,79,6019,547.12
2026/05/09 03:44:16.108,78,6019,547.21
2026/05/09 03:44:17.140,72,6019,541.08
2026/05/09 03:44:18.173,80,6019,541.87
2026/05/09 03:44:19.206,79,6019,547.81
2026/05/09 03:44:20.238,74,6019,547.91
2026/05/09 03:44:21.270,81,6019,548.49
2026/05/09 03:44:22.302,80,6019,547.30
2026/05/09 03:44:23.336,71,6019,543.25
2026/05/09 03:44:24.368,77,6019,388.33
2026/05/09 03:44:25.400,62,6019,234.16
2026/05/09 03:44:26.433,73,6019,506.97
2026/05/09 03:44:27.465,73,6019,511.72
2026/05/09 03:44:28.497,64,6019,510.28
2026/05/09 03:44:29.530,66,6019,503.00
2026/05/09 03:44:30.562,72,6019,507.49
2026/05/09 03:44:31.595,72,6019,506.95
2026/05/09 03:44:32.628,72,6019,509.93
2026/05/09 03:44:33.660,70,6019,507.76
2026/05/09 03:44:34.692,65,6019,506.24
2026/05/09 03:44:35.725,63,6019,505.80
2026/05/09 03:44:36.757,68,6019,505.17
2026/05/09 03:44:37.788,90,6019,383.06
2026/05/09 03:44:38.820,65,6019,253.95
2026/05/09 03:44:39.853,65,6019,504.40
2026/05/09 03:44:40.884,70,6019,500.79
2026/05/09 03:44:41.916,71,6019,505.14
2026/05/09 03:44:42.949,63,6019,500.60
2026/05/09 03:44:43.980,64,6019,503.98
2026/05/09 03:44:45.012,66,6019,503.94
2026/05/09 03:44:46.044,66,6019,501.16
2026/05/09 03:44:47.076,69,6019,504.68
2026/05/09 03:44:48.107,70,6019,501.79
2026/05/09 03:44:49.139,72,6019,506.42
2026/05/09 03:44:50.170,72,6019,505.12
2026/05/09 03:44:51.206,89,6019,384.12
2026/05/09 03:44:52.238,71,6019,230.70
2026/05/09 03:44:53.271,70,6019,503.72
2026/05/09 03:44:54.303,67,6019,505.23
2026/05/09 03:44:55.336,66,6019,505.44
2026/05/09 03:44:56.368,65,6019,505.47
2026/05/09 03:44:57.400,63,6019,503.53
2026/05/09 03:44:58.434,64,6019,503.44
2026/05/09 03:44:59.467,64,6019,501.02
2026/05/09 03:45:00.500,72,6019,497.59
2026/05/09 03:45:01.532,72,6019,505.89
2026/05/09 03:45:02.564,72,6019,504.10
2026/05/09 03:45:03.598,72,6019,503.28
2026/05/09 03:45:04.630,84,6019,411.67
2026/05/09 03:45:05.662,72,6019,215.09
2026/05/09 03:45:06.695,66,6019,499.12
2026/05/09 03:45:07.726,62,6019,501.12
2026/05/09 03:45:08.758,71,6019,484.55
2026/05/09 03:45:09.788,72,6019,505.40
2026/05/09 03:45:10.821,72,6019,503.16
2026/05/09 03:45:11.853,72,6019,504.34
2026/05/09 03:45:12.884,72,6019,506.07
2026/05/09 03:45:13.921,71,6019,504.78
2026/05/09 03:45:14.952,63,6019,492.46
2026/05/09 03:45:15.984,68,6019,470.34
2026/05/09 03:45:17.015,66,6019,483.42
2026/05/09 03:45:18.047,63,6019,480.21
2026/05/09 03:45:19.079,89,6019,359.78
2026/05/09 03:45:20.111,60,6019,217.43
2026/05/09 03:45:21.142,62,6019,463.32
2026/05/09 03:45:22.174,63,6019,464.70
2026/05/09 03:45:23.204,60,6019,460.70
2026/05/09 03:45:24.237,31,6019,432.17
2026/05/09 03:45:25.269,64,6019,375.03
2026/05/09 03:45:26.302,80,6019,550.23
2026/05/09 03:45:27.334,70,6019,548.25
2026/05/09 03:45:28.367,81,6019,546.34
2026/05/09 03:45:29.399,74,6019,551.06
2026/05/09 03:45:30.432,76,6019,547.55
2026/05/09 03:45:31.465,80,6019,549.83
2026/05/09 03:45:32.499,62,6019,507.80
2026/05/09 03:45:33.532,62,6019,268.56
2026/05/09 03:45:34.566,68,6019,273.26
2026/05/09 03:45:35.599,69,6019,182.57
2026/05/09 03:45:36.631,71,6019,505.06
2026/05/09 03:45:37.663,73,6019,506.06
2026/05/09 03:45:38.696,73,6019,506.02
2026/05/09 03:45:39.728,71,6019,505.60
2026/05/09 03:45:40.761,66,6019,508.63
2026/05/09 03:45:41.795,69,6019,501.22
2026/05/09 03:45:42.828,72,6019,503.52
2026/05/09 03:45:43.861,72,6019,500.87
2026/05/09 03:45:44.893,72,6019,504.03
2026/05/09 03:45:45.926,71,6019,503.07
2026/05/09 03:45:46.959,71,6019,504.92
2026/05/09 03:45:47.990,72,6019,502.67
2026/05/09 03:45:49.022,74,6019,245.60
2026/05/09 03:45:50.056,72,6019,390.26
2026/05/09 03:45:51.088,71,6019,502.72
2026/05/09 03:45:52.120,70,6019,502.20
2026/05/09 03:45:53.153,72,6019,504.01
2026/05/09 03:45:54.186,71,6019,501.29
2026/05/09 03:45:55.217,68,6019,501.36
2026/05/09 03:45:56.248,65,6019,500.24
2026/05/09 03:45:57.279,63,6019,499.83
2026/05/09 03:45:58.314,63,6019,504.13
2026/05/09 03:45:59.346,63,6019,502.63
2026/05/09 03:46:00.378,67,6019,503.08
2026/05/09 03:46:01.411,70,6019,502.94
2026/05/09 03:46:02.443,89,6019,278.22
2026/05/09 03:46:03.474,72,6019,333.95
2026/05/09 03:46:04.506,70,6019,508.18
2026/05/09 03:46:05.537,66,6019,507.84
2026/05/09 03:46:06.569,63,6019,505.99
2026/05/09 03:46:07.600,67,6019,503.77
2026/05/09 03:46:08.631,73,6019,503.89
2026/05/09 03:46:09.663,72,6019,507.95
2026/05/09 03:46:10.695,72,6019,504.24
2026/05/09 03:46:11.727,72,6019,507.80
2026/05/09 03:46:12.759,71,6019,506.11
2026/05/09 03:46:13.791,72,6019,507.65
2026/05/09 03:46:14.823,72,6019,501.73
2026/05/09 03:46:15.855,81,6019,309.17
2026/05/09 03:46:16.887,73,6019,313.37
2026/05/09 03:46:17.918,72,6019,504.89
2026/05/09 03:46:18.951,69,6019,500.69
2026/05/09 03:46:19.987,63,6019,500.37
2026/05/09 03:46:21.019,64,6019,500.41
2026/05/09 03:46:22.052,58,6019,473.16
2026/05/09 03:46:23.084,62,6019,462.61
2026/05/09 03:46:24.116,63,6019,463.22
2026/05/09 03:46:25.148,62,6019,467.08
2026/05/09 03:46:26.180,65,6019,467.25
2026/05/09 03:46:27.213,66,6019,474.73
2026/05/09 03:46:28.246,64,6019,474.09
2026/05/09 03:46:29.277,62,6019,470.07
2026/05/09 03:46:30.309,82,6019,260.75
2026/05/09 03:46:31.340,58,6019,337.85
2026/05/09 03:46:32.372,63,6019,466.16
2026/05/09 03:46:33.404,62,6019,463.56
2026/05/09 03:46:34.437,59,6019,465.79
2026/05/09 03:46:35.469,62,6019,466.63
2026/05/09 03:46:36.501,62,6019,463.45
2026/05/09 03:46:37.535,64,6019,460.60
2026/05/09 03:46:38.567,62,6019,473.85
2026/05/09 03:46:39.600,66,6019,466.72
2026/05/09 03:46:40.632,60,6019,469.99
2026/05/09 03:46:41.664,63,6019,342.41
2026/05/09 03:46:42.698,73,6019,526.45
2026/05/09 03:46:43.731,73,6019,550.48
2026/05/09 03:46:44.762,75,6019,333.87
2026/05/09 03:46:45.793,84,6019,272.04
2026/05/09 03:46:46.825,83,6019,555.36
2026/05/09 03:46:47.857,83,6019,555.46
2026/05/09 03:46:48.889,81,6019,560.71
2026/05/09 03:46:49.921,81,6019,557.26
2026/05/09 03:46:50.953,80,6019,556.83
2026/05/09 03:46:51.985,82,6019,554.17
2026/05/09 03:46:53.017,83,6019,559.02
2026/05/09 03:46:54.048,84,6019,558.04
2026/05/09 03:46:55.080,84,6019,557.65
2026/05/09 03:46:56.114,82,6019,556.17
2026/05/09 03:46:57.146,68,6019,319.99
2026/05/09 03:46:58.179,66,6019,280.21
2026/05/09 03:46:59.213,89,6019,213.51
2026/05/09 03:47:00.246,64,6019,340.88
2026/05/09 03:47:01.277,67,6019,504.34
2026/05/09 03:47:02.309,73,6019,507.14
2026/05/09 03:47:03.340,73,6019,511.40
2026/05/09 03:47:04.371,67,6019,510.77
2026/05/09 03:47:05.403,64,6019,506.96
2026/05/09 03:47:06.435,71,6019,502.28
2026/05/09 03:47:07.468,73,6019,508.09
2026/05/09 03:47:08.500,72,6019,507.66
2026/05/09 03:47:09.533,72,6019,508.73
2026/05/09 03:47:10.564,70,6019,508.09
2026/05/09 03:47:11.596,68,6019,506.25
2026/05/09 03:47:12.631,89,6019,293.92
2026/05/09 03:47:13.663,72,6019,342.00
2026/05/09 03:47:14.696,72,6019,503.20
2026/05/09 03:47:15.728,59,6019,478.24
2026/05/09 03:47:16.761,63,6019,460.17
2026/05/09 03:47:17.794,62,6019,464.92
2026/05/09 03:47:18.827,59,6019,463.68
2026/05/09 03:47:19.860,63,6019,466.86
2026/05/09 03:47:20.893,62,6019,466.51
2026/05/09 03:47:21.925,62,6019,465.22
2026/05/09 03:47:22.958,63,6019,459.19
2026/05/09 03:47:23.992,70,6019,473.17
2026/05/09 03:47:25.023,71,6019,500.11
2026/05/09 03:47:26.055,64,6019,489.43
2026/05/09 03:47:27.087,83,6019,416.29
2026/05/09 03:47:28.119,79,6019,177.81
2026/05/09 03:47:29.152,59,6019,471.38
2026/05/09 03:47:30.183,62,6019,475.88
2026/05/09 03:47:31.217,64,6019,478.39
2026/05/09 03:47:32.249,69,6019,473.26
2026/05/09 03:47:33.281,65,6019,482.87
2026/05/09 03:47:34.314,67,6019,482.46
2026/05/09 03:47:35.346,63,6019,472.91
2026/05/09 03:47:36.379,62,6019,481.84
2026/05/09 03:47:37.412,58,6019,478.64
2026/05/09 03:47:38.443,62,6019,472.42
2026/05/09 03:47:39.475,62,6019,467.16
2026/05/09 03:47:40.508,57,6019,458.32
2026/05/09 03:47:41.540,89,6019,422.79
2026/05/09 03:47:42.573,69,6019,194.11
2026/05/09 03:47:43.605,71,6019,494.42
2026/05/09 03:47:44.639,64,6019,496.66
2026/05/09 03:47:45.672,65,6019,465.45
2026/05/09 03:47:46.703,65,6019,476.71
2026/05/09 03:47:47.736,63,6019,471.40
2026/05/09 03:47:48.768,71,6019,469.50
2026/05/09 03:47:49.803,71,6019,477.38
2026/05/09 03:47:50.835,62,6019,475.35
2026/05/09 03:47:51.867,65,6019,468.91
2026/05/09 03:47:52.899,65,6019,474.81
2026/05/09 03:47:53.932,86,6019,335.98
2026/05/09 03:47:54.964,66,6019,532.22
2026/05/09 03:47:55.995,71,6019,465.23
2026/05/09 03:47:57.026,72,6019,170.52
2026/05/09 03:47:58.058,80,6019,482.31
2026/05/09 03:47:59.090,84,6019,563.70
2026/05/09 03:48:00.121,75,6019,561.32
2026/05/09 03:48:01.153,76,6019,561.98
2026/05/09 03:48:02.184,74,6019,562.47
2026/05/09 03:48:03.215,81,6019,562.44
2026/05/09 03:48:04.246,84,6019,566.40
2026/05/09 03:48:05.277,77,6019,564.69
2026/05/09 03:48:06.308,76,6019,564.33
2026/05/09 03:48:07.339,78,6019,561.62
2026/05/09 03:48:08.371,75,6019,326.73
2026/05/09 03:48:09.401,74,6019,274.38
2026/05/09 03:48:10.434,71,6019,514.66
2026/05/09 03:48:11.465,69,6019,509.09
2026/05/09 03:48:12.497,74,6019,509.62
2026/05/09 03:48:13.528,65,6019,513.63
2026/05/09 03:48:14.560,73,6019,509.01
2026/05/09 03:48:15.592,73,6019,513.87
2026/05/09 03:48:16.624,63,6019,512.46
2026/05/09 03:48:17.656,74,6019,518.21
2026/05/09 03:48:18.688,73,6019,558.62
2026/05/09 03:48:19.720,73,6019,556.13
2026/05/09 03:48:20.752,69,6019,547.86
2026/05/09 03:48:21.784,68,6019,270.58
2026/05/09 03:48:22.816,67,6019,277.09
2026/05/09 03:48:23.847,76,6019,194.38
2026/05/09 03:48:24.878,80,6019,362.70
2026/05/09 03:48:25.909,71,6019,550.14
2026/05/09 03:48:26.942,80,6019,550.27
2026/05/09 03:48:27.974,72,6019,550.17
2026/05/09 03:48:29.007,82,6019,549.84
2026/05/09 03:48:30.040,72,6019,550.99
2026/05/09 03:48:31.073,82,6019,549.09
2026/05/09 03:48:32.106,75,6019,551.06
2026/05/09 03:48:33.140,80,6019,549.66
2026/05/09 03:48:34.172,71,6019,549.71
2026/05/09 03:48:35.205,81,6019,552.02
2026/05/09 03:48:36.239,83,6019,247.24
2026/05/09 03:48:37.272,70,6019,386.37
2026/05/09 03:48:38.305,79,6019,530.88
2026/05/09 03:48:39.339,69,6019,546.65
2026/05/09 03:48:40.372,81,6019,548.22
2026/05/09 03:48:41.405,71,6019,535.34
2026/05/09 03:48:42.438,81,6019,550.53
2026/05/09 03:48:43.470,74,6019,551.40
2026/05/09 03:48:44.502,71,6019,541.50
2026/05/09 03:48:45.533,75,6019,542.14
2026/05/09 03:48:46.565,82,6019,551.70
2026/05/09 03:48:47.598,72,6019,545.54
2026/05/09 03:48:48.630,75,6019,257.70
2026/05/09 03:48:49.662,71,6019,322.66
2026/05/09 03:48:50.695,81,6019,550.05
2026/05/09 03:48:51.727,75,6019,533.15
2026/05/09 03:48:52.759,70,6019,517.21
2026/05/09 03:48:53.792,69,6019,518.58
2026/05/09 03:48:54.825,74,6019,527.19
2026/05/09 03:48:55.858,75,6019,522.63
2026/05/09 03:48:56.889,74,6019,520.04
2026/05/09 03:48:57.921,75,6019,524.17
2026/05/09 03:48:58.955,63,6019,516.53
2026/05/09 03:48:59.986,70,6019,501.41
2026/05/09 03:49:01.018,65,6019,505.60
2026/05/09 03:49:02.050,70,6019,295.52
2026/05/09 03:49:03.081,63,6019,268.95
2026/05/09 03:49:04.114,62,6019,466.05
2026/05/09 03:49:05.146,64,6019,474.66
2026/05/09 03:49:06.181,0,6019,384.97
2026/05/09 03:49:07.214,81,6019,449.44
2026/05/09 03:49:08.247,64,6019,533.80
2026/05/09 03:49:09.278,71,6019,535.24
2026/05/09 03:49:10.309,80,6019,543.37
2026/05/09 03:49:11.341,79,6019,544.21
2026/05/09 03:49:12.375,76,6019,547.87
2026/05/09 03:49:13.407,70,6019,542.93
2026/05/09 03:49:14.439,70,6019,541.46
2026/05/09 03:49:15.471,72,6019,342.87
2026/05/09 03:49:16.503,82,6019,232.60
2026/05/09 03:49:17.535,82,6019,556.53
2026/05/09 03:49:18.566,75,6019,552.37
2026/05/09 03:49:19.598,72,6019,553.57
2026/05/09 03:49:20.629,77,6019,558.42
2026/05/09 03:49:21.661,71,6019,550.97
2026/05/09 03:49:22.694,79,6019,555.68
2026/05/09 03:49:23.726,82,6019,555.04
2026/05/09 03:49:24.758,81,6019,554.73
2026/05/09 03:49:25.792,82,6019,558.12
2026/05/09 03:49:26.824,75,6019,554.28
2026/05/09 03:49:27.857,77,6019,300.18
2026/05/09 03:49:28.889,79,6019,306.68
2026/05/09 03:49:29.921,81,6019,551.52
2026/05/09 03:49:30.954,73,6019,552.12
2026/05/09 03:49:31.986,74,6019,551.45
2026/05/09 03:49:33.019,82,6019,550.72
2026/05/09 03:49:34.051,71,6019,549.53
2026/05/09 03:49:35.083,82,6019,550.46
2026/05/09 03:49:36.116,78,6019,555.99
2026/05/09 03:49:37.148,71,6019,549.25
2026/05/09 03:49:38.180,80,6019,552.72
2026/05/09 03:49:39.212,73,6019,548.68
2026/05/09 03:49:40.245,62,6019,327.54
2026/05/09 03:49:41.278,67,6019,281.46
2026/05/09 03:49:42.310,89,6019,219.43
2026/05/09 03:49:43.342,80,6019,340.36
2026/05/09 03:49:44.375,79,6019,547.93
2026/05/09 03:49:45.407,76,6019,548.95
2026/05/09 03:49:46.440,77,6019,548.49
2026/05/09 03:49:47.472,72,6019,549.26
2026/05/09 03:49:48.505,63,6019,540.40
2026/05/09 03:49:49.538,72,6019,506.21
2026/05/09 03:49:50.570,74,6019,509.29
2026/05/09 03:49:51.603,67,6019,513.38
2026/05/09 03:49:52.634,72,6019,502.03
2026/05/09 03:49:53.668,72,6019,510.33
2026/05/09 03:49:54.700,83,6019,421.57
2026/05/09 03:49:55.733,82,6019,219.03
2026/05/09 03:49:56.766,73,6019,550.19
2026/05/09 03:49:57.799,71,6019,552.12
2026/05/09 03:49:58.832,81,6019,549.28
2026/05/09 03:49:59.865,72,6019,550.45
2026/05/09 03:50:00.898,73,6019,541.99
2026/05/09 03:50:01.929,71,6019,490.48
2026/05/09 03:50:02.962,69,6019,488.92
2026/05/09 03:50:03.996,66,6019,490.70
2026/05/09 03:50:05.028,64,6019,487.85
2026/05/09 03:50:06.058,69,6019,488.05
2026/05/09 03:50:07.091,69,6019,489.64
2026/05/09 03:50:08.123,74,6019,468.92
2026/05/09 03:50:09.155,62,6019,268.98
2026/05/09 03:50:10.185,62,6019,463.73
2026/05/09 03:50:11.216,62,6019,464.05
2026/05/09 03:50:12.249,60,6019,463.62
2026/05/09 03:50:13.281,64,6019,464.05
2026/05/09 03:50:14.313,65,6019,468.49
2026/05/09 03:50:15.344,62,6019,466.68
2026/05/09 03:50:16.376,64,6019,461.78
2026/05/09 03:50:17.407,64,6019,465.94
2026/05/09 03:50:18.440,59,6019,462.27
2026/05/09 03:50:19.472,65,6019,337.05
2026/05/09 03:50:20.505,73,6019,539.87
2026/05/09 03:50:21.538,76,6019,554.91
2026/05/09 03:50:22.571,77,6019,545.44
2026/05/09 03:50:23.603,75,6019,174.16
2026/05/09 03:50:24.637,76,6019,553.41
2026/05/09 03:50:25.668,81,6019,546.97
2026/05/09 03:50:26.701,71,6019,548.45
2026/05/09 03:50:27.733,82,6019,550.14
2026/05/09 03:50:28.765,79,6019,550.12
2026/05/09 03:50:29.798,71,6019,552.20
2026/05/09 03:50:30.831,80,6019,551.49
2026/05/09 03:50:31.863,76,6019,552.42
2026/05/09 03:50:32.896,78,6019,553.91
2026/05/09 03:50:33.927,81,6019,551.57
2026/05/09 03:50:34.959,75,6019,495.31
2026/05/09 03:50:35.991,72,6019,170.81
2026/05/09 03:50:37.023,75,6019,479.03
2026/05/09 03:50:38.055,74,6019,558.61
2026/05/09 03:50:39.086,81,6019,558.59
2026/05/09 03:50:40.117,83,6019,560.88
2026/05/09 03:50:41.149,76,6019,556.58
2026/05/09 03:50:42.181,75,6019,553.79
2026/05/09 03:50:43.213,76,6019,554.53
2026/05/09 03:50:44.245,76,6019,557.22
2026/05/09 03:50:45.277,74,6019,553.89
2026/05/09 03:50:46.309,75,6019,558.65
2026/05/09 03:50:47.341,75,6019,400.45
2026/05/09 03:50:48.373,73,6019,221.65
2026/05/09 03:50:49.404,69,6019,515.79
2026/05/09 03:50:50.436,74,6019,509.99
2026/05/09 03:50:51.468,71,6019,516.63
2026/05/09 03:50:52.499,67,6019,509.44
2026/05/09 03:50:53.531,74,6019,510.07
2026/05/09 03:50:54.563,63,6019,512.49
2026/05/09 03:50:55.596,73,6019,510.18
2026/05/09 03:50:56.628,69,6019,515.47
2026/05/09 03:50:57.659,73,6019,509.14
2026/05/09 03:50:58.691,66,6019,514.56
2026/05/09 03:50:59.723,73,6019,509.56
2026/05/09 03:51:00.755,63,6019,391.40
2026/05/09 03:51:01.787,68,6019,278.74
2026/05/09 03:51:02.820,89,6019,238.02
2026/05/09 03:51:03.851,72,6019,244.05
2026/05/09 03:51:04.882,73,6019,510.07
2026/05/09 03:51:05.914,71,6019,515.80
2026/05/09 03:51:06.946,66,6019,507.89
2026/05/09 03:51:07.978,77,6019,510.17
2026/05/09 03:51:09.010,84,6019,559.22
2026/05/09 03:51:10.042,81,6019,555.82
2026/05/09 03:51:11.075,81,6019,557.83
2026/05/09 03:51:12.107,83,6019,558.65
2026/05/09 03:51:13.138,71,6019,508.79
2026/05/09 03:51:14.170,73,6019,516.76
2026/05/09 03:51:15.201,83,6019,480.25
2026/05/09 03:51:16.233,89,6019,180.29
2026/05/09 03:51:17.264,66,6019,454.59
2026/05/09 03:51:18.296,62,6019,490.95
2026/05/09 03:51:19.328,65,6019,499.12
2026/05/09 03:51:20.359,63,6019,488.59
2026/05/09 03:51:21.391,61,6019,479.46
2026/05/09 03:51:22.422,66,6019,475.98
2026/05/09 03:51:23.454,64,6019,482.15
2026/05/09 03:51:24.485,70,6019,485.54
2026/05/09 03:51:25.516,65,6019,493.63
2026/05/09 03:51:26.550,31,6019,455.21
2026/05/09 03:51:27.583,62,6019,381.20
2026/05/09 03:51:28.615,83,6019,562.01
2026/05/09 03:51:29.646,75,6019,310.67
2026/05/09 03:51:30.677,69,6019,283.06
2026/05/09 03:51:31.708,73,6019,507.92
2026/05/09 03:51:32.740,70,6019,514.30
2026/05/09 03:51:33.771,66,6019,508.05
2026/05/09 03:51:34.802,74,6019,512.63
2026/05/09 03:51:35.835,72,6019,509.27
2026/05/09 03:51:36.865,73,6019,514.02
2026/05/09 03:51:37.897,72,6019,511.87
2026/05/09 03:51:38.928,70,6019,516.46
2026/05/09 03:51:39.960,73,6019,507.88
2026/05/09 03:51:40.991,74,6019,515.76
2026/05/09 03:51:42.023,63,6019,510.55
2026/05/09 03:51:43.055,84,6019,435.47
2026/05/09 03:51:44.085,75,6019,173.04
2026/05/09 03:51:45.117,76,6019,506.82
2026/05/09 03:51:46.148,77,6019,561.52
2026/05/09 03:51:47.179,83,6019,565.07
2026/05/09 03:51:48.211,82,6019,562.50
2026/05/09 03:51:49.243,76,6019,562.22
2026/05/09 03:51:50.274,84,6019,563.30
2026/05/09 03:51:51.305,80,6019,566.14
2026/05/09 03:51:52.336,76,6019,563.99
2026/05/09 03:51:53.368,79,6019,562.27
2026/05/09 03:51:54.399,84,6019,566.30
2026/05/09 03:51:55.431,75,6019,313.49
2026/05/09 03:51:56.462,83,6019,301.19
2026/05/09 03:51:57.496,78,6019,555.23
2026/05/09 03:51:58.528,73,6019,549.73
2026/05/09 03:51:59.560,74,6019,558.57
2026/05/09 03:52:00.592,81,6019,557.68
2026/05/09 03:52:01.624,85,6019,558.11
2026/05/09 03:52:02.655,80,6019,555.96
2026/05/09 03:52:03.687,80,6019,552.66
2026/05/09 03:52:04.719,79,6019,558.05
2026/05/09 03:52:05.750,75,6019,551.84
2026/05/09 03:52:06.782,74,6019,559.65
2026/05/09 03:52:07.815,75,6019,228.64
2026/05/09 03:52:08.845,82,6019,391.90
2026/05/09 03:52:09.877,81,6019,558.43
2026/05/09 03:52:10.907,82,6019,560.56
2026/05/09 03:52:11.939,80,6019,562.09
2026/05/09 03:52:12.970,81,6019,555.88
2026/05/09 03:52:14.002,82,6019,559.36
2026/05/09 03:52:15.034,84,6019,558.91
2026/05/09 03:52:16.065,83,6019,561.27
2026/05/09 03:52:17.097,82,6019,553.08
2026/05/09 03:52:18.127,81,6019,561.05
2026/05/09 03:52:19.159,60,6019,494.15
2026/05/09 03:52:20.193,64,6019,266.89
2026/05/09 03:52:21.225,78,6019,269.78
2026/05/09 03:52:22.255,80,6019,185.43
2026/05/09 03:52:23.287,69,6019,432.48
2026/05/09 03:52:24.319,74,6019,514.58
2026/05/09 03:52:25.351,63,6019,511.73
2026/05/09 03:52:26.383,73,6019,506.57
2026/05/09 03:52:27.416,73,6019,513.25
2026/05/09 03:52:28.447,65,6019,500.51
2026/05/09 03:52:29.478,63,6019,482.92
2026/05/09 03:52:30.509,67,6019,493.80
2026/05/09 03:52:31.539,70,6019,486.65
2026/05/09 03:52:32.571,62,6019,483.42
2026/05/09 03:52:33.602,62,6019,467.10
2026/05/09 03:52:34.634,62,6019,466.74
2026/05/09 03:52:35.666,60,6019,294.02
2026/05/09 03:52:36.700,78,6019,147.89
2026/05/09 03:52:37.733,78,6019,492.72
2026/05/09 03:52:38.765,76,6019,552.17
2026/05/09 03:52:39.797,81,6019,558.74
2026/05/09 03:52:40.829,74,6019,530.20
2026/05/09 03:52:41.861,68,6019,507.10
2026/05/09 03:52:42.893,73,6019,513.31
2026/05/09 03:52:43.925,63,6019,511.96
2026/05/09 03:52:44.957,73,6019,506.99
2026/05/09 03:52:45.989,70,6019,514.61
2026/05/09 03:52:47.020,67,6019,507.64
2026/05/09 03:52:48.052,73,6019,510.28
2026/05/09 03:52:49.084,90,6019,461.85
2026/05/09 03:52:50.115,76,6019,175.96
2026/05/09 03:52:51.147,77,6019,558.55
2026/05/09 03:52:52.179,74,6019,551.34
2026/05/09 03:52:53.210,76,6019,556.77
2026/05/09 03:52:54.242,80,6019,553.17
2026/05/09 03:52:55.274,83,6019,560.87
2026/05/09 03:52:56.305,85,6019,561.48
2026/05/09 03:52:57.338,82,6019,558.32
2026/05/09 03:52:58.370,76,6019,563.33
2026/05/09 03:52:59.402,76,6019,558.59
2026/05/09 03:53:00.434,76,6019,557.79
2026/05/09 03:53:01.466,84,6019,360.49
2026/05/09 03:53:02.496,76,6019,285.07
2026/05/09 03:53:03.528,71,6019,548.07
2026/05/09 03:53:04.560,74,6019,558.45
2026/05/09 03:53:05.592,73,6019,535.41
2026/05/09 03:53:06.624,66,6019,513.66
2026/05/09 03:53:07.656,72,6019,506.07
2026/05/09 03:53:08.688,72,6019,513.87
2026/05/09 03:53:09.720,63,6019,507.34
2026/05/09 03:53:10.751,71,6019,502.76
2026/05/09 03:53:11.782,73,6019,512.29
2026/05/09 03:53:12.814,67,6019,514.03
2026/05/09 03:53:13.845,63,6019,504.45
2026/05/09 03:53:14.877,83,6019,235.86
2026/05/09 03:53:15.909,73,6019,403.34
2026/05/09 03:53:16.941,72,6019,509.99
2026/05/09 03:53:17.974,68,6019,510.34
2026/05/09 03:53:19.006,63,6019,505.06
2026/05/09 03:53:20.038,68,6019,501.86
2026/05/09 03:53:21.070,72,6019,502.49
2026/05/09 03:53:22.102,73,6019,507.78
2026/05/09 03:53:23.134,72,6019,506.30
2026/05/09 03:53:24.166,72,6019,506.97
2026/05/09 03:53:25.199,72,6019,504.35
2026/05/09 03:53:26.231,72,6019,505.55
2026/05/09 03:53:27.264,66,6019,509.75
2026/05/09 03:53:28.296,73,6019,236.15
2026/05/09 03:53:29.329,80,6019,411.88
2026/05/09 03:53:30.361,81,6019,556.14
2026/05/09 03:53:31.394,73,6019,548.70
2026/05/09 03:53:32.426,80,6019,554.60
2026/05/09 03:53:33.459,63,6019,523.08
2026/05/09 03:53:34.491,62,6019,483.73
2026/05/09 03:53:35.522,62,6019,466.60
2026/05/09 03:53:36.554,62,6019,464.23
2026/05/09 03:53:37.585,62,6019,465.80
2026/05/09 03:53:38.618,63,6019,464.32
2026/05/09 03:53:39.649,64,6019,464.33
2026/05/09 03:53:40.680,63,6019,468.08
2026/05/09 03:53:41.712,67,6019,365.15
2026/05/09 03:53:42.745,70,6019,265.81
2026/05/09 03:53:43.778,82,6019,225.07
2026/05/09 03:53:44.814,65,6019,202.24
2026/05/09 03:53:45.846,64,6019,468.63
2026/05/09 03:53:46.878,59,6019,465.70
2026/05/09 03:53:47.910,63,6019,466.45
2026/05/09 03:53:48.942,64,6019,467.15
2026/05/09 03:53:49.975,59,6019,463.08
2026/05/09 03:53:51.008,62,6019,334.44
2026/05/09 03:53:52.040,83,6019,555.35
2026/05/09 03:53:53.072,71,6019,549.47
2026/05/09 03:53:54.104,81,6019,550.44
2026/05/09 03:53:55.136,71,6019,549.49
2026/05/09 03:53:56.168,81,6019,551.15
2026/05/09 03:53:57.200,74,6019,520.44
2026/05/09 03:53:58.233,74,6019,169.81
2026/05/09 03:53:59.266,80,6019,440.01
2026/05/09 03:54:00.299,63,6019,515.71
2026/05/09 03:54:01.331,69,6019,502.64
2026/05/09 03:54:02.363,73,6019,505.14
2026/05/09 03:54:03.396,73,6019,509.60
2026/05/09 03:54:04.428,63,6019,508.79
2026/05/09 03:54:05.464,70,6019,502.35
2026/05/09 03:54:06.498,73,6019,509.10
2026/05/09 03:54:07.530,72,6019,510.74
2026/05/09 03:54:08.562,68,6019,507.67
2026/05/09 03:54:09.595,63,6019,504.16
2026/05/09 03:54:10.627,65,6019,502.23
2026/05/09 03:54:11.660,89,6019,180.04
2026/05/09 03:54:12.692,64,6019,427.24
2026/05/09 03:54:13.724,59,6019,466.82
2026/05/09 03:54:14.757,64,6019,466.54
2026/05/09 03:54:15.788,63,6019,468.56
2026/05/09 03:54:16.820,59,6019,466.49
2026/05/09 03:54:17.852,63,6019,466.79
2026/05/09 03:54:18.884,63,6019,465.65
2026/05/09 03:54:19.917,66,6019,468.68
2026/05/09 03:54:20.949,70,6019,506.66
2026/05/09 03:54:21.981,66,6019,506.90
2026/05/09 03:54:23.013,65,6019,503.58
2026/05/09 03:54:24.046,63,6019,503.41
2026/05/09 03:54:25.078,63,6019,503.37
2026/05/09 03:54:26.111,84,6019,262.70
2026/05/09 03:54:27.143,72,6019,376.52
2026/05/09 03:54:28.176,72,6019,507.33
2026/05/09 03:54:29.209,70,6019,503.86
2026/05/09 03:54:30.240,66,6019,506.48
2026/05/09 03:54:31.272,64,6019,502.77
2026/05/09 03:54:32.305,63,6019,503.19
2026/05/09 03:54:33.338,63,6019,502.29
2026/05/09 03:54:34.370,65,6019,504.04
2026/05/09 03:54:35.402,68,6019,500.81
2026/05/09 03:54:36.435,72,6019,505.80
2026/05/09 03:54:37.467,72,6019,506.82
2026/05/09 03:54:38.499,72,6019,503.96
2026/05/09 03:54:39.530,90,6019,276.66
2026/05/09 03:54:40.563,73,6019,361.65
2026/05/09 03:54:41.596,71,6019,508.07
2026/05/09 03:54:42.627,68,6019,506.00
2026/05/09 03:54:43.662,63,6019,504.07
2026/05/09 03:54:44.694,63,6019,503.17
2026/05/09 03:54:45.726,63,6019,503.73
2026/05/09 03:54:46.759,63,6019,487.27
2026/05/09 03:54:47.790,63,6019,485.69
2026/05/09 03:54:48.822,63,6019,485.36
2026/05/09 03:54:49.855,70,6019,484.13
2026/05/09 03:54:50.887,71,6019,487.20
2026/05/09 03:54:51.920,65,6019,488.50
2026/05/09 03:54:52.952,89,6019,336.02
2026/05/09 03:54:53.984,76,6019,256.60
2026/05/09 03:54:55.017,77,6019,546.60
2026/05/09 03:54:56.049,81,6019,547.92
2026/05/09 03:54:57.080,71,6019,548.11
2026/05/09 03:54:58.112,80,6019,546.97
2026/05/09 03:54:59.144,75,6019,538.05
2026/05/09 03:55:00.176,69,6019,518.46
2026/05/09 03:55:01.208,64,6019,500.04
2026/05/09 03:55:02.240,75,6019,498.73
2026/05/09 03:55:03.271,63,6019,498.58
2026/05/09 03:55:04.306,0,6019,404.38
2026/05/09 03:55:05.339,74,6019,448.32
2026/05/09 03:55:06.372,62,6019,359.96
2026/05/09 03:55:07.405,62,6019,265.18
2026/05/09 03:55:08.437,86,6019,229.08
2026/05/09 03:55:09.468,68,6019,229.95
2026/05/09 03:55:10.501,73,6019,504.61
2026/05/09 03:55:11.532,71,6019,514.12
2026/05/09 03:55:12.564,70,6019,507.26
2026/05/09 03:55:13.597,72,6019,514.49
2026/05/09 03:55:14.627,74,6019,528.47
2026/05/09 03:55:15.659,82,6019,557.87
2026/05/09 03:55:16.691,83,6019,556.69
2026/05/09 03:55:17.722,84,6019,560.51
2026/05/09 03:55:18.755,82,6019,557.56
2026/05/09 03:55:19.786,72,6019,540.47
2026/05/09 03:55:20.818,74,6019,456.82
2026/05/09 03:55:21.850,72,6019,171.92
2026/05/09 03:55:22.881,70,6019,454.85
2026/05/09 03:55:23.913,67,6019,503.67
2026/05/09 03:55:24.944,72,6019,499.63
2026/05/09 03:55:25.977,74,6019,498.69
2026/05/09 03:55:27.009,63,6019,499.79
2026/05/09 03:55:28.040,63,6019,502.83
2026/05/09 03:55:29.072,67,6019,503.44
2026/05/09 03:55:30.103,72,6019,498.24
2026/05/09 03:55:31.135,68,6019,500.63
2026/05/09 03:55:32.167,66,6019,500.11
2026/05/09 03:55:33.198,66,6019,503.39
2026/05/09 03:55:34.229,68,6019,499.45
2026/05/09 03:55:35.261,71,6019,202.05
2026/05/09 03:55:36.292,63,6019,350.95
2026/05/09 03:55:37.322,64,6019,498.92
2026/05/09 03:55:38.353,72,6019,497.61
2026/05/09 03:55:39.384,67,6019,495.59
2026/05/09 03:55:40.416,72,6019,498.68
2026/05/09 03:55:41.448,63,6019,499.64
2026/05/09 03:55:42.480,69,6019,498.70
2026/05/09 03:55:43.512,66,6019,495.87
2026/05/09 03:55:44.544,75,6019,500.15
2026/05/09 03:55:45.575,74,6019,501.09
2026/05/09 03:55:46.606,69,6019,507.57
2026/05/09 03:55:47.638,74,6019,507.81
2026/05/09 03:55:48.670,71,6019,314.80
2026/05/09 03:55:49.701,61,6019,249.54
2026/05/09 03:55:50.733,64,6019,471.90
2026/05/09 03:55:51.766,62,6019,470.20
2026/05/09 03:55:52.798,62,6019,465.82
2026/05/09 03:55:53.830,60,6019,465.96
2026/05/09 03:55:54.862,64,6019,465.84
2026/05/09 03:55:55.894,65,6019,476.12
2026/05/09 03:55:56.925,62,6019,469.20
2026/05/09 03:55:57.958,63,6019,468.90
2026/05/09 03:55:58.990,62,6019,466.03
2026/05/09 03:56:00.022,64,6019,465.62
2026/05/09 03:56:01.055,60,6019,465.20
2026/05/09 03:56:02.087,65,6019,472.26
2026/05/09 03:56:03.118,63,6019,473.75
2026/05/09 03:56:04.149,76,6019,236.51
2026/05/09 03:56:05.181,63,6019,500.78
2026/05/09 03:56:06.212,81,6019,517.15
2026/05/09 03:56:07.243,67,6019,523.08
2026/05/09 03:56:08.274,68,6019,520.19
2026/05/09 03:56:09.305,82,6019,535.56
2026/05/09 03:56:10.335,63,6019,513.39
2026/05/09 03:56:11.366,63,6019,499.61
2026/05/09 03:56:12.398,63,6019,502.23
2026/05/09 03:56:13.429,64,6019,502.26
2026/05/09 03:56:14.460,63,6019,499.65
2026/05/09 03:56:15.491,63,6019,499.68
2026/05/09 03:56:16.523,18,6019,347.90
2026/05/09 03:56:17.555,74,6019,333.65
2026/05/09 03:56:18.586,78,6019,224.19
2026/05/09 03:56:19.616,84,6019,567.49
2026/05/09 03:56:20.647,82,6019,558.08
2026/05/09 03:56:21.679,77,6019,558.92
2026/05/09 03:56:22.710,78,6019,554.97
2026/05/09 03:56:23.741,80,6019,558.17
2026/05/09 03:56:24.773,82,6019,559.17
2026/05/09 03:56:25.805,84,6019,560.37
2026/05/09 03:56:26.837,84,6019,558.08
2026/05/09 03:56:27.869,83,6019,560.26
2026/05/09 03:56:28.900,82,6019,560.62
2026/05/09 03:56:29.932,64,6019,314.39
2026/05/09 03:56:30.965,64,6019,261.41
2026/05/09 03:56:31.998,76,6019,215.67
2026/05/09 03:56:33.031,67,6019,236.33
2026/05/09 03:56:34.064,69,6019,500.71
2026/05/09 03:56:35.096,71,6019,499.58
2026/05/09 03:56:36.129,71,6019,499.57
2026/05/09 03:56:37.162,72,6019,501.26
2026/05/09 03:56:38.196,72,6019,502.62
2026/05/09 03:56:39.229,72,6019,504.78
2026/05/09 03:56:40.261,71,6019,504.90
2026/05/09 03:56:41.294,72,6019,504.57
2026/05/09 03:56:42.327,72,6019,502.84
2026/05/09 03:56:43.360,72,6019,502.66
2026/05/09 03:56:44.392,71,6019,504.36
2026/05/09 03:56:45.424,87,6019,382.67
2026/05/09 03:56:46.456,72,6019,236.73
2026/05/09 03:56:47.488,72,6019,504.49
2026/05/09 03:56:48.522,72,6019,504.94
2026/05/09 03:56:49.556,72,6019,502.68
2026/05/09 03:56:50.588,72,6019,503.45
2026/05/09 03:56:51.621,72,6019,505.67
2026/05/09 03:56:52.654,71,6019,504.83
2026/05/09 03:56:53.687,72,6019,503.93
2026/05/09 03:56:54.720,70,6019,496.69
2026/05/09 03:56:55.753,66,6019,499.76
2026/05/09 03:56:56.786,65,6019,499.74
2026/05/09 03:56:57.819,63,6019,503.04
2026/05/09 03:56:58.852,77,6019,408.72
2026/05/09 03:56:59.884,80,6019,183.55
2026/05/09 03:57:00.916,77,6019,518.40
2026/05/09 03:57:01.949,71,6019,544.06
2026/05/09 03:57:02.982,80,6019,546.08
2026/05/09 03:57:04.015,79,6019,548.33
2026/05/09 03:57:05.048,77,6019,548.90
2026/05/09 03:57:06.082,75,6019,554.95
2026/05/09 03:57:07.114,79,6019,551.14
2026/05/09 03:57:08.145,64,6019,551.02
2026/05/09 03:57:09.177,63,6019,504.13
2026/05/09 03:57:10.209,65,6019,504.02
2026/05/09 03:57:11.243,68,6019,490.45
2026/05/09 03:57:12.274,85,6019,201.78
2026/05/09 03:57:13.304,72,6019,413.66
2026/05/09 03:57:14.337,70,6019,505.57
2026/05/09 03:57:15.369,67,6019,507.20
2026/05/09 03:57:16.402,64,6019,503.52
2026/05/09 03:57:17.434,63,6019,503.60
2026/05/09 03:57:18.465,65,6019,502.26
2026/05/09 03:57:19.498,69,6019,500.54
2026/05/09 03:57:20.531,71,6019,504.59
2026/05/09 03:57:21.562,72,6019,503.45
2026/05/09 03:57:22.596,71,6019,504.21
2026/05/09 03:57:23.628,69,6019,498.46
2026/05/09 03:57:24.661,63,6019,504.11
2026/05/09 03:57:25.693,83,6019,217.89
2026/05/09 03:57:26.724,67,6019,382.26
2026/05/09 03:57:27.757,63,6019,502.67
2026/05/09 03:57:28.789,68,6019,500.81
2026/05/09 03:57:29.822,69,6019,520.82
2026/05/09 03:57:30.854,71,6019,499.86
2026/05/09 03:57:31.886,71,6019,502.61
2026/05/09 03:57:32.919,71,6019,500.92
2026/05/09 03:57:33.951,70,6019,498.91
2026/05/09 03:57:34.983,63,6019,499.87
2026/05/09 03:57:36.017,0,6019,342.02
2026/05/09 03:57:37.050,75,6019,475.58
2026/05/09 03:57:38.083,72,6019,519.80
2026/05/09 03:57:39.116,73,6019,547.20
2026/05/09 03:57:40.148,81,6019,552.67
2026/05/09 03:57:41.181,80,6019,551.31
2026/05/09 03:57:42.213,81,6019,555.12
2026/05/09 03:57:43.244,72,6019,549.63
2026/05/09 03:57:44.276,74,6019,554.61
2026/05/09 03:57:45.308,81,6019,555.31
2026/05/09 03:57:46.340,80,6019,555.07
2026/05/09 03:57:47.372,75,6019,528.95
2026/05/09 03:57:48.404,71,6019,510.66
2026/05/09 03:57:49.436,69,6019,516.39
2026/05/09 03:57:50.468,75,6019,190.22
2026/05/09 03:57:51.499,73,6019,351.41
2026/05/09 03:57:52.530,63,6019,516.62
2026/05/09 03:57:53.562,74,6019,497.02
2026/05/09 03:57:54.595,63,6019,491.43
2026/05/09 03:57:55.630,67,6019,485.38
2026/05/09 03:57:56.661,74,6019,489.92
2026/05/09 03:57:57.692,68,6019,502.79
2026/05/09 03:57:58.724,70,6019,496.81
2026/05/09 03:57:59.756,66,6019,497.29
2026/05/09 03:58:00.788,64,6019,501.71
2026/05/09 03:58:01.820,70,6019,495.39
2026/05/09 03:58:02.852,67,6019,497.12
2026/05/09 03:58:03.885,58,6019,368.72
2026/05/09 03:58:04.918,61,6019,265.40
2026/05/09 03:58:05.950,80,6019,241.41
2026/05/09 03:58:06.983,62,6019,222.19
2026/05/09 03:58:08.014,62,6019,464.07
2026/05/09 03:58:09.045,62,6019,464.73
2026/05/09 03:58:10.078,61,6019,465.61
2026/05/09 03:58:11.110,62,6019,465.12
2026/05/09 03:58:12.141,64,6019,465.07
2026/05/09 03:58:13.173,64,6019,465.73
2026/05/09 03:58:14.205,59,6019,464.24
2026/05/09 03:58:15.237,62,6019,464.67
2026/05/09 03:58:16.268,64,6019,464.86
2026/05/09 03:58:17.299,60,6019,464.57
2026/05/09 03:58:18.330,64,6019,465.57
2026/05/09 03:58:19.361,64,6019,467.33
2026/05/09 03:58:20.392,68,6019,450.10
2026/05/09 03:58:21.424,75,6019,169.10
2026/05/09 03:58:22.456,70,6019,379.45
2026/05/09 03:58:23.488,62,6019,492.56
2026/05/09 03:58:24.520,62,6019,484.47
2026/05/09 03:58:25.551,62,6019,488.42
2026/05/09 03:58:26.582,65,6019,486.35
2026/05/09 03:58:27.614,62,6019,487.05
2026/05/09 03:58:28.647,66,6019,482.78
2026/05/09 03:58:29.680,62,6019,485.46
2026/05/09 03:58:30.711,63,6019,481.88
2026/05/09 03:58:31.745,65,6019,490.90
2026/05/09 03:58:32.778,62,6019,487.59
2026/05/09 03:58:33.810,62,6019,486.48
2026/05/09 03:58:34.843,75,6019,360.49
2026/05/09 03:58:35.876,68,6019,198.04
2026/05/09 03:58:36.907,62,6019,480.36
2026/05/09 03:58:37.941,62,6019,464.34
2026/05/09 03:58:38.973,66,6019,482.33
2026/05/09 03:58:40.005,62,6019,502.98
2026/05/09 03:58:41.038,65,6019,501.02
2026/05/09 03:58:42.071,71,6019,499.26
2026/05/09 03:58:43.103,72,6019,493.77
2026/05/09 03:58:44.135,59,6019,463.29
2026/05/09 03:58:45.167,62,6019,466.90
2026/05/09 03:58:46.199,62,6019,465.24
2026/05/09 03:58:47.232,62,6019,464.91
2026/05/09 03:58:48.263,61,6019,462.36
2026/05/09 03:58:49.296,90,6019,336.11
2026/05/09 03:58:50.327,64,6019,264.00
2026/05/09 03:58:51.359,67,6019,497.37
2026/05/09 03:58:52.390,72,6019,494.52
2026/05/09 03:58:53.421,67,6019,495.16
2026/05/09 03:58:54.453,70,6019,499.62
2026/05/09 03:58:55.485,68,6019,497.27
2026/05/09 03:58:56.516,65,6019,494.07
2026/05/09 03:58:57.548,62,6019,486.63
2026/05/09 03:58:58.580,69,6019,485.59
2026/05/09 03:58:59.611,73,6019,494.60
2026/05/09 03:59:00.644,63,6019,488.57
2026/05/09 03:59:01.675,80,6019,443.40
2026/05/09 03:59:02.706,83,6019,555.16
2026/05/09 03:59:03.737,75,6019,176.26
2026/05/09 03:59:04.768,63,6019,375.27
2026/05/09 03:59:05.798,75,6019,510.75
2026/05/09 03:59:06.829,72,6019,510.77
2026/05/09 03:59:07.859,65,6019,515.00
2026/05/09 03:59:08.889,74,6019,511.28
2026/05/09 03:59:09.922,66,6019,510.68
2026/05/09 03:59:10.954,73,6019,507.69
2026/05/09 03:59:11.985,65,6019,510.74
2026/05/09 03:59:13.018,73,6019,506.39
2026/05/09 03:59:14.050,73,6019,511.45
2026/05/09 03:59:15.082,63,6019,509.06
2026/05/09 03:59:16.114,73,6019,505.18
2026/05/09 03:59:17.148,68,6019,386.57
2026/05/09 03:59:18.179,68,6019,271.39
2026/05/09 03:59:19.211,90,6019,197.15
2026/05/09 03:59:20.244,73,6019,409.88
2026/05/09 03:59:21.276,63,6019,507.03
2026/05/09 03:59:22.308,72,6019,505.28
2026/05/09 03:59:23.341,73,6019,508.95
2026/05/09 03:59:24.373,65,6019,508.60
2026/05/09 03:59:25.406,66,6019,502.72
2026/05/09 03:59:26.438,72,6019,504.38
2026/05/09 03:59:27.470,72,6019,507.67
2026/05/09 03:59:28.504,71,6019,508.31
2026/05/09 03:59:29.537,63,6019,507.44
2026/05/09 03:59:30.569,68,6019,502.59
2026/05/09 03:59:31.602,72,6019,509.86
2026/05/09 03:59:32.634,89,6019,368.36
2026/05/09 03:59:33.666,71,6019,280.06
2026/05/09 03:59:34.699,65,6019,503.70
2026/05/09 03:59:35.730,72,6019,504.07
2026/05/09 03:59:36.763,72,6019,506.90
2026/05/09 03:59:37.795,72,6019,508.92
2026/05/09 03:59:38.826,63,6019,505.49
2026/05/09 03:59:39.859,69,6019,503.23
2026/05/09 03:59:40.891,72,6019,502.23
2026/05/09 03:59:41.923,73,6019,506.55
2026/05/09 03:59:42.959,72,6019,511.30
2026/05/09 03:59:43.990,66,6019,508.46
2026/05/09 03:59:45.023,63,6019,505.93
2026/05/09 03:59:46.055,83,6019,342.63
2026/05/09 03:59:47.087,73,6019,300.69
2026/05/09 03:59:48.119,73,6019,508.62
2026/05/09 03:59:49.151,72,6019,505.25
2026/05/09 03:59:50.183,64,6019,506.04
2026/05/09 03:59:51.214,73,6019,504.10
2026/05/09 03:59:52.244,73,6019,508.40
2026/05/09 03:59:53.276,70,6019,512.11
2026/05/09 03:59:54.309,63,6019,505.66
2026/05/09 03:59:55.342,63,6019,504.10
2026/05/09 03:59:56.373,69,6019,504.21
2026/05/09 03:59:57.405,72,6019,505.65
2026/05/09 03:59:58.437,73,6019,510.23
2026/05/09 03:59:59.469,87,6019,304.51
2026/05/09 04:00:00.502,72,6019,309.33
2026/05/09 04:00:01.535,71,6019,504.69
2026/05/09 04:00:02.567,68,6019,504.59
2026/05/09 04:00:03.599,62,6019,497.12
2026/05/09 04:00:04.631,62,6019,477.60
2026/05/09 04:00:05.662,63,6019,483.67
2026/05/09 04:00:06.694,64,6019,491.27
2026/05/09 04:00:07.727,62,6019,487.94
2026/05/09 04:00:08.759,63,6019,483.59
2026/05/09 04:00:09.790,62,6019,466.77
2026/05/09 04:00:10.822,62,6019,464.39
2026/05/09 04:00:11.853,59,6019,461.73
2026/05/09 04:00:12.886,66,6019,494.97
2026/05/09 04:00:13.918,89,6019,212.56
2026/05/09 04:00:14.950,71,6019,422.64
2026/05/09 04:00:15.983,59,6019,475.46
2026/05/09 04:00:17.014,71,6019,479.86
2026/05/09 04:00:18.048,0,6019,393.82
2026/05/09 04:00:19.081,88,6019,427.23
2026/05/09 04:00:20.113,80,6019,555.63
2026/05/09 04:00:21.144,82,6019,557.01
2026/05/09 04:00:22.177,76,6019,558.46
2026/05/09 04:00:23.209,81,6019,554.38
2026/05/09 04:00:24.241,80,6019,555.39
2026/05/09 04:00:25.273,71,6019,549.60
2026/05/09 04:00:26.305,72,6019,458.71
2026/05/09 04:00:27.337,75,6019,172.20
2026/05/09 04:00:28.369,81,6019,518.24
2026/05/09 04:00:29.401,71,6019,546.90
2026/05/09 04:00:30.432,80,6019,550.07
2026/05/09 04:00:31.464,71,6019,548.38
2026/05/09 04:00:32.495,81,6019,554.86
2026/05/09 04:00:33.526,82,6019,553.73
2026/05/09 04:00:34.558,77,6019,554.97
2026/05/09 04:00:35.589,70,6019,549.96
2026/05/09 04:00:36.621,80,6019,554.75
2026/05/09 04:00:37.652,82,6019,555.92
2026/05/09 04:00:38.685,59,6019,451.91
2026/05/09 04:00:39.718,63,6019,268.20
2026/05/09 04:00:40.750,84,6019,257.49
2026/05/09 04:00:41.781,87,6019,182.04
2026/05/09 04:00:42.813,65,6019,473.63
2026/05/09 04:00:43.845,71,6019,505.44
2026/05/09 04:00:44.875,73,6019,512.87
2026/05/09 04:00:45.907,68,6019,510.58
2026/05/09 04:00:46.940,66,6019,506.90
2026/05/09 04:00:47.972,73,6019,510.51
2026/05/09 04:00:49.004,64,6019,509.05
2026/05/09 04:00:50.037,73,6019,502.79
2026/05/09 04:00:51.069,68,6019,513.06
2026/05/09 04:00:52.101,63,6019,506.49
2026/05/09 04:00:53.132,71,6019,504.41
2026/05/09 04:00:54.164,72,6019,504.80
2026/05/09 04:00:55.195,76,6019,192.24
2026/05/09 04:00:56.228,66,6019,485.53
2026/05/09 04:00:57.260,62,6019,485.02
2026/05/09 04:00:58.291,62,6019,466.18
2026/05/09 04:00:59.323,57,6019,458.67
2026/05/09 04:01:00.354,62,6019,462.76
2026/05/09 04:01:01.385,63,6019,466.20
2026/05/09 04:01:02.417,58,6019,464.56
2026/05/09 04:01:03.449,63,6019,466.90
2026/05/09 04:01:04.480,63,6019,467.18
2026/05/09 04:01:05.512,60,6019,467.02
2026/05/09 04:01:06.544,64,6019,465.86
2026/05/09 04:01:07.575,64,6019,470.44
2026/05/09 04:01:08.607,58,6019,462.39
2026/05/09 04:01:09.638,75,6019,299.33
2026/05/09 04:01:10.669,64,6019,278.06
2026/05/09 04:01:11.701,64,6019,465.22
2026/05/09 04:01:12.732,60,6019,465.20
2026/05/09 04:01:13.762,63,6019,465.04
2026/05/09 04:01:14.794,63,6019,464.67
2026/05/09 04:01:15.826,61,6019,465.67
2026/05/09 04:01:16.858,62,6019,465.19
2026/05/09 04:01:17.889,62,6019,464.37
2026/05/09 04:01:18.920,61,6019,465.55
2026/05/09 04:01:19.951,63,6019,464.42
2026/05/09 04:01:20.982,64,6019,464.54
2026/05/09 04:01:22.013,61,6019,465.60
2026/05/09 04:01:23.044,62,6019,464.93
2026/05/09 04:01:24.075,80,6019,393.42
2026/05/09 04:01:25.106,70,6019,172.83
2026/05/09 04:01:26.138,64,6019,432.16
2026/05/09 04:01:27.169,59,6019,464.53
2026/05/09 04:01:28.201,62,6019,465.57
2026/05/09 04:01:29.232,62,6019,467.30
2026/05/09 04:01:30.263,62,6019,465.37
2026/05/09 04:01:31.294,62,6019,464.73
2026/05/09 04:01:32.326,62,6019,465.17
2026/05/09 04:01:33.357,62,6019,464.92
2026/05/09 04:01:34.389,62,6019,462.86
2026/05/09 04:01:35.420,82,6019,353.41
2026/05/09 04:01:36.454,75,6019,551.66
2026/05/09 04:01:37.485,73,6019,550.19
2026/05/09 04:01:38.517,71,6019,463.60
2026/05/09 04:01:39.548,76,6019,168.90
2026/05/09 04:01:40.581,73,6019,477.42
2026/05/09 04:01:41.613,79,6019,548.77
2026/05/09 04:01:42.644,77,6019,550.35
2026/05/09 04:01:43.676,72,6019,547.08
2026/05/09 04:01:44.708,76,6019,551.56
2026/05/09 04:01:45.740,75,6019,553.83
2026/05/09 04:01:46.772,82,6019,549.49
2026/05/09 04:01:47.804,76,6019,552.95
2026/05/09 04:01:48.838,78,6019,547.38
2026/05/09 04:01:49.870,75,6019,545.60
2026/05/09 04:01:50.903,78,6019,418.28
2026/05/09 04:01:51.935,71,6019,211.30
2026/05/09 04:01:52.967,72,6019,502.80
2026/05/09 04:01:53.999,72,6019,504.66
2026/05/09 04:01:55.031,71,6019,505.97
2026/05/09 04:01:56.064,71,6019,503.83
2026/05/09 04:01:57.098,71,6019,505.93
2026/05/09 04:01:58.131,68,6019,503.94
2026/05/09 04:01:59.163,66,6019,503.66
2026/05/09 04:02:00.197,63,6019,502.76
2026/05/09 04:02:01.229,63,6019,501.45
2026/05/09 04:02:02.262,65,6019,499.82
2026/05/09 04:02:03.295,67,6019,502.69
2026/05/09 04:02:04.327,67,6019,443.44
2026/05/09 04:02:05.360,64,6019,270.30
2026/05/09 04:02:06.393,80,6019,255.82
2026/05/09 04:02:07.425,83,6019,179.31
2026/05/09 04:02:08.458,63,6019,457.71
2026/05/09 04:02:09.489,70,6019,501.75
2026/05/09 04:02:10.522,71,6019,503.79
2026/05/09 04:02:11.555,72,6019,503.11
2026/05/09 04:02:12.586,73,6019,504.05
2026/05/09 04:02:13.619,70,6019,510.79
2026/05/09 04:02:14.651,63,6019,504.30
2026/05/09 04:02:15.684,66,6019,502.01
2026/05/09 04:02:16.717,72,6019,505.57
2026/05/09 04:02:17.748,73,6019,507.05
2026/05/09 04:02:18.779,72,6019,505.90
2026/05/09 04:02:19.810,83,6019,453.97
2026/05/09 04:02:20.842,74,6019,170.76
2026/05/09 04:02:21.873,81,6019,482.97
2026/05/09 04:02:22.905,76,6019,550.59
2026/05/09 04:02:23.938,71,6019,551.42
2026/05/09 04:02:24.970,72,6019,557.58
2026/05/09 04:02:26.002,72,6019,543.34
2026/05/09 04:02:27.034,73,6019,509.21
2026/05/09 04:02:28.066,63,6019,509.79
2026/05/09 04:02:29.098,69,6019,502.85
2026/05/09 04:02:30.130,71,6019,501.27
2026/05/09 04:02:31.162,72,6019,503.96
2026/05/09 04:02:32.193,72,6019,506.48
2026/05/09 04:02:33.225,78,6019,324.12
2026/05/09 04:02:34.256,81,6019,292.05
2026/05/09 04:02:35.287,80,6019,551.47
2026/05/09 04:02:36.319,83,6019,540.76
2026/05/09 04:02:37.351,75,6019,551.59
2026/05/09 04:02:38.384,75,6019,553.95
2026/05/09 04:02:39.414,70,6019,528.51
2026/05/09 04:02:40.446,69,6019,494.80
2026/05/09 04:02:41.478,74,6019,495.89
2026/05/09 04:02:42.510,63,6019,499.24
2026/05/09 04:02:43.542,63,6019,484.65
2026/05/09 04:02:44.574,67,6019,496.58
2026/05/09 04:02:45.605,67,6019,491.58
2026/05/09 04:02:46.637,74,6019,376.83
2026/05/09 04:02:47.669,58,6019,144.14
2026/05/09 04:02:48.702,76,6019,544.17
2026/05/09 04:02:49.734,72,6019,556.88
2026/05/09 04:02:50.766,78,6019,554.52
2026/05/09 04:02:51.798,81,6019,548.72
2026/05/09 04:02:52.830,76,6019,552.43
2026/05/09 04:02:53.862,74,6019,554.35
2026/05/09 04:02:54.893,81,6019,552.59
2026/05/09 04:02:55.925,78,6019,551.15
2026/05/09 04:02:56.958,73,6019,553.79
2026/05/09 04:02:57.989,78,6019,554.89
2026/05/09 04:02:59.023,76,6019,496.31
2026/05/09 04:03:00.054,75,6019,172.15
2026/05/09 04:03:01.085,84,6019,471.28
2026/05/09 04:03:02.118,82,6019,560.57
2026/05/09 04:03:03.149,81,6019,560.26
2026/05/09 04:03:04.181,83,6019,560.37
2026/05/09 04:03:05.212,64,6019,519.24
2026/05/09 04:03:06.244,72,6019,480.51
2026/05/09 04:03:07.275,66,6019,479.36
2026/05/09 04:03:08.308,64,6019,481.80
2026/05/09 04:03:09.339,72,6019,488.36
2026/05/09 04:03:10.370,73,6019,508.09
2026/05/09 04:03:11.402,71,6019,510.08
2026/05/09 04:03:12.435,68,6019,432.56
2026/05/09 04:03:13.468,64,6019,262.93
2026/05/09 04:03:14.501,89,6019,260.07
2026/05/09 04:03:15.533,84,6019,178.24
2026/05/09 04:03:16.565,66,6019,485.69
2026/05/09 04:03:17.598,63,6019,503.76
2026/05/09 04:03:18.631,67,6019,500.02
2026/05/09 04:03:19.664,70,6019,503.16
2026/05/09 04:03:20.697,71,6019,503.61
2026/05/09 04:03:21.729,72,6019,505.64
2026/05/09 04:03:22.762,72,6019,505.15
2026/05/09 04:03:23.794,72,6019,506.21
2026/05/09 04:03:24.827,67,6019,508.33
2026/05/09 04:03:25.860,64,6019,504.21
2026/05/09 04:03:26.892,63,6019,503.01
2026/05/09 04:03:27.924,77,6019,461.71
2026/05/09 04:03:28.956,89,6019,181.02
2026/05/09 04:03:29.988,71,6019,475.68
2026/05/09 04:03:31.021,71,6019,502.10
2026/05/09 04:03:32.056,71,6019,502.40
2026/05/09 04:03:33.089,70,6019,501.85
2026/05/09 04:03:34.122,71,6019,501.49
2026/05/09 04:03:35.154,70,6019,500.40
2026/05/09 04:03:36.185,70,6019,503.17
2026/05/09 04:03:37.216,70,6019,502.61
2026/05/09 04:03:38.247,68,6019,499.95
2026/05/09 04:03:39.279,66,6019,502.64
2026/05/09 04:03:40.311,63,6019,499.84
2026/05/09 04:03:41.343,75,6019,489.06
2026/05/09 04:03:42.375,76,6019,185.03
2026/05/09 04:03:43.408,72,6019,432.12
2026/05/09 04:03:44.440,72,6019,556.90
2026/05/09 04:03:45.470,79,6019,554.68
2026/05/09 04:03:46.502,84,6019,556.93
2026/05/09 04:03:47.533,84,6019,560.52
2026/05/09 04:03:48.568,82,6019,559.17
2026/05/09 04:03:49.601,81,6019,560.43
2026/05/09 04:03:50.632,62,6019,550.18
2026/05/09 04:03:51.663,76,6019,521.62
2026/05/09 04:03:52.695,83,6019,524.39
2026/05/09 04:03:53.726,69,6019,533.09
2026/05/09 04:03:54.757,71,6019,203.07
2026/05/09 04:03:55.788,71,6019,384.97
2026/05/09 04:03:56.820,72,6019,515.86
2026/05/09 04:03:57.851,69,6019,508.62
2026/05/09 04:03:58.883,78,6019,517.04
2026/05/09 04:03:59.915,64,6019,512.67
2026/05/09 04:04:00.948,82,6019,363.96
2026/05/09 04:04:01.979,84,6019,546.11
2026/05/09 04:04:03.011,82,6019,553.92
2026/05/09 04:04:04.043,79,6019,555.01
2026/05/09 04:04:05.073,75,6019,550.72
2026/05/09 04:04:06.104,73,6019,558.35
2026/05/09 04:04:07.136,68,6019,525.53
2026/05/09 04:04:08.167,75,6019,281.83
2026/05/09 04:04:09.199,73,6019,459.35
2026/05/09 04:04:10.229,66,6019,486.29
2026/05/09 04:04:11.260,73,6019,489.48
2026/05/09 04:04:12.291,72,6019,509.12
2026/05/09 04:04:13.322,67,6019,508.26
2026/05/09 04:04:14.355,63,6019,503.16
2026/05/09 04:04:15.388,70,6019,499.89
2026/05/09 04:04:16.421,72,6019,501.74
2026/05/09 04:04:17.454,62,6019,482.71
2026/05/09 04:04:18.486,68,6019,482.58
2026/05/09 04:04:19.517,65,6019,484.48
2026/05/09 04:04:20.548,64,6019,500.72
2026/05/09 04:04:21.581,60,6019,428.02
2026/05/09 04:04:22.615,65,6019,267.08
2026/05/09 04:04:23.647,83,6019,259.08
2026/05/09 04:04:24.679,76,6019,169.88
2026/05/09 04:04:25.713,64,6019,496.96
2026/05/09 04:04:26.744,63,6019,501.24
2026/05/09 04:04:27.775,69,6019,491.03
2026/05/09 04:04:28.806,63,6019,495.40
2026/05/09 04:04:29.839,71,6019,488.27
2026/05/09 04:04:30.870,65,6019,496.37
2026/05/09 04:04:31.902,66,6019,488.29
2026/05/09 04:04:32.934,64,6019,494.07
2026/05/09 04:04:33.964,66,6019,490.53
2026/05/09 04:04:34.996,72,6019,494.24
2026/05/09 04:04:36.027,63,6019,494.92
2026/05/09 04:04:37.060,83,6019,512.89
2026/05/09 04:04:38.091,75,6019,281.28
2026/05/09 04:04:39.122,73,6019,305.56
2026/05/09 04:04:40.152,61,6019,489.32
2026/05/09 04:04:41.183,62,6019,473.47
2026/05/09 04:04:42.213,60,6019,465.01
2026/05/09 04:04:43.245,65,6019,465.58
2026/05/09 04:04:44.277,64,6019,469.26
2026/05/09 04:04:45.309,60,6019,467.73
2026/05/09 04:04:46.341,64,6019,469.16
2026/05/09 04:04:47.371,62,6019,466.84
2026/05/09 04:04:48.403,62,6019,464.06
2026/05/09 04:04:49.434,62,6019,468.00
2026/05/09 04:04:50.466,62,6019,465.21
2026/05/09 04:04:51.497,61,6019,463.04
2026/05/09 04:04:52.526,85,6019,324.11
2026/05/09 04:04:53.557,62,6019,255.19
2026/05/09 04:04:54.589,62,6019,464.43
2026/05/09 04:04:55.620,62,6019,464.09
2026/05/09 04:04:56.652,62,6019,464.34
2026/05/09 04:04:57.685,62,6019,464.44
2026/05/09 04:04:58.717,62,6019,464.57
2026/05/09 04:04:59.750,58,6019,459.45
2026/05/09 04:05:00.783,63,6019,460.51
2026/05/09 04:05:01.813,64,6019,466.25
2026/05/09 04:05:02.844,58,6019,464.04
2026/05/09 04:05:03.876,64,6019,465.65
2026/05/09 04:05:04.907,63,6019,468.84
2026/05/09 04:05:05.939,57,6019,454.54
2026/05/09 04:05:06.972,81,6019,420.64
2026/05/09 04:05:08.003,76,6019,171.96
2026/05/09 04:05:09.035,67,6019,413.27
2026/05/09 04:05:10.066,63,6019,500.76
2026/05/09 04:05:11.099,71,6019,492.62
2026/05/09 04:05:12.132,73,6019,495.03
2026/05/09 04:05:13.164,63,6019,498.64
2026/05/09 04:05:14.195,71,6019,494.50
2026/05/09 04:05:15.227,65,6019,496.49
2026/05/09 04:05:16.259,62,6019,501.54
2026/05/09 04:05:17.290,74,6019,493.60
2026/05/09 04:05:18.325,69,6019,495.74
2026/05/09 04:05:19.357,83,6019,363.17
2026/05/09 04:05:20.387,62,6019,511.98
2026/05/09 04:05:21.417,72,6019,354.47
2026/05/09 04:05:22.448,69,6019,280.23
2026/05/09 04:05:23.481,69,6019,501.24
2026/05/09 04:05:24.514,72,6019,505.86
2026/05/09 04:05:25.546,67,6019,510.46
2026/05/09 04:05:26.578,67,6019,503.73
2026/05/09 04:05:27.610,72,6019,507.33
2026/05/09 04:05:28.641,73,6019,509.29
2026/05/09 04:05:29.673,63,6019,507.68
2026/05/09 04:05:30.705,73,6019,505.88
2026/05/09 04:05:31.737,73,6019,510.02
2026/05/09 04:05:32.768,73,6019,545.27
2026/05/09 04:05:33.800,75,6019,559.65
2026/05/09 04:05:34.833,66,6019,341.24
2026/05/09 04:05:35.865,68,6019,278.01
2026/05/09 04:05:36.897,79,6019,209.52
2026/05/09 04:05:37.928,73,6019,358.03
2026/05/09 04:05:38.961,69,6019,512.34
2026/05/09 04:05:39.993,67,6019,502.06
2026/05/09 04:05:41.025,72,6019,508.08
2026/05/09 04:05:42.057,72,6019,509.08
2026/05/09 04:05:43.089,63,6019,507.01
2026/05/09 04:05:44.123,69,6019,501.81
2026/05/09 04:05:45.155,65,6019,502.07
2026/05/09 04:05:46.187,72,6019,501.50
2026/05/09 04:05:47.219,73,6019,507.09
2026/05/09 04:05:48.251,70,6019,505.66
2026/05/09 04:05:49.282,63,6019,506.85
2026/05/09 04:05:50.314,84,6019,239.72
2026/05/09 04:05:51.345,73,6019,369.91
2026/05/09 04:05:52.376,73,6019,506.68
2026/05/09 04:05:53.409,70,6019,508.53
2026/05/09 04:05:54.442,64,6019,505.24
2026/05/09 04:05:55.472,63,6019,502.23
2026/05/09 04:05:56.506,70,6019,503.35
2026/05/09 04:05:57.539,72,6019,503.78
2026/05/09 04:05:58.571,72,6019,507.68
2026/05/09 04:05:59.604,70,6019,511.16
2026/05/09 04:06:00.636,63,6019,505.41
2026/05/09 04:06:01.668,68,6019,502.21
2026/05/09 04:06:02.702,72,6019,506.04
2026/05/09 04:06:03.734,84,6019,221.20
2026/05/09 04:06:04.766,66,6019,378.44
2026/05/09 04:06:05.798,67,6019,502.61
2026/05/09 04:06:06.830,72,6019,501.89
2026/05/09 04:06:07.864,72,6019,506.20
2026/05/09 04:06:08.896,71,6019,505.92
2026/05/09 04:06:09.929,72,6019,499.29
2026/05/09 04:06:10.962,72,6019,505.98
2026/05/09 04:06:11.996,72,6019,506.49
2026/05/09 04:06:13.028,72,6019,504.97
2026/05/09 04:06:14.062,73,6019,507.96
2026/05/09 04:06:15.094,65,6019,509.77
2026/05/09 04:06:16.126,63,6019,504.95
2026/05/09 04:06:17.159,77,6019,386.21
2026/05/09 04:06:18.190,62,6019,218.57
2026/05/09 04:06:19.223,62,6019,481.54
2026/05/09 04:06:20.254,62,6019,465.29
2026/05/09 04:06:21.286,59,6019,464.57
2026/05/09 04:06:22.318,62,6019,468.20
2026/05/09 04:06:23.349,63,6019,469.20
2026/05/09 04:06:24.381,62,6019,467.25
2026/05/09 04:06:25.413,62,6019,466.58
2026/05/09 04:06:26.446,70,6019,468.98
2026/05/09 04:06:27.477,68,6019,467.77
2026/05/09 04:06:28.510,59,6019,464.73
2026/05/09 04:06:29.543,62,6019,466.34
2026/05/09 04:06:30.576,62,6019,466.40
2026/05/09 04:06:31.609,80,6019,400.79
2026/05/09 04:06:32.641,84,6019,177.94
2026/05/09 04:06:33.673,62,6019,438.37
2026/05/09 04:06:34.705,63,6019,460.43
2026/05/09 04:06:35.737,62,6019,463.11
2026/05/09 04:06:36.769,63,6019,341.32
2026/05/09 04:06:37.803,81,6019,546.53
2026/05/09 04:06:38.836,71,6019,548.17
2026/05/09 04:06:39.868,79,6019,549.64
2026/05/09 04:06:40.902,82,6019,557.76
2026/05/09 04:06:41.934,75,6019,553.92
2026/05/09 04:06:42.966,70,6019,554.30
2026/05/09 04:06:43.998,77,6019,555.48
2026/05/09 04:06:45.030,61,6019,463.64
2026/05/09 04:06:46.063,69,6019,273.26
2026/05/09 04:06:47.095,73,6019,253.47
2026/05/09 04:06:48.126,74,6019,169.03
2026/05/09 04:06:49.157,76,6019,461.63
2026/05/09 04:06:50.188,82,6019,559.48
2026/05/09 04:06:51.220,84,6019,561.39
2026/05/09 04:06:52.251,73,6019,561.71
2026/05/09 04:06:53.284,73,6019,529.66
2026/05/09 04:06:54.315,64,6019,508.41
2026/05/09 04:06:55.346,73,6019,514.42
2026/05/09 04:06:56.378,63,6019,505.36
2026/05/09 04:06:57.410,73,6019,512.03
2026/05/09 04:06:58.441,66,6019,506.34
2026/05/09 04:06:59.473,72,6019,506.33
2026/05/09 04:07:00.504,90,6019,274.50
2026/05/09 04:07:01.535,73,6019,363.76
2026/05/09 04:07:02.571,68,6019,508.76
2026/05/09 04:07:03.602,69,6019,506.09
2026/05/09 04:07:04.633,73,6019,512.04
2026/05/09 04:07:05.665,66,6019,507.13
2026/05/09 04:07:06.697,69,6019,511.59
2026/05/09 04:07:07.729,72,6019,511.97
2026/05/09 04:07:08.762,63,6019,503.29
2026/05/09 04:07:09.794,72,6019,511.75
2026/05/09 04:07:10.825,73,6019,511.45
2026/05/09 04:07:11.857,68,6019,507.01
2026/05/09 04:07:12.890,68,6019,506.45
2026/05/09 04:07:13.922,79,6019,235.74
2026/05/09 04:07:14.952,69,6019,419.78
2026/05/09 04:07:15.985,73,6019,512.82
2026/05/09 04:07:17.016,67,6019,504.47
2026/05/09 04:07:18.047,66,6019,503.38
2026/05/09 04:07:19.078,72,6019,511.70
2026/05/09 04:07:20.110,62,6019,469.80
2026/05/09 04:07:21.142,64,6019,465.87
2026/05/09 04:07:22.173,62,6019,482.96
2026/05/09 04:07:23.205,64,6019,485.56
2026/05/09 04:07:24.237,65,6019,484.88
2026/05/09 04:07:25.269,72,6019,499.05
2026/05/09 04:07:26.301,73,6019,508.32
2026/05/09 04:07:27.333,81,6019,321.47
2026/05/09 04:07:28.363,63,6019,311.50
2026/05/09 04:07:29.394,73,6019,507.45
2026/05/09 04:07:30.425,72,6019,508.15
2026/05/09 04:07:31.458,65,6019,503.76
2026/05/09 04:07:32.489,70,6019,504.93
2026/05/09 04:07:33.522,73,6019,511.39
2026/05/09 04:07:34.554,72,6019,506.81
2026/05/09 04:07:35.586,66,6019,503.18
2026/05/09 04:07:36.618,63,6019,500.02
2026/05/09 04:07:37.651,68,6019,499.23
2026/05/09 04:07:38.683,63,6019,502.49
2026/05/09 04:07:39.716,69,6019,506.36
2026/05/09 04:07:40.747,83,6019,313.65
2026/05/09 04:07:41.778,69,6019,298.91
2026/05/09 04:07:42.809,64,6019,470.37
2026/05/09 04:07:43.841,62,6019,463.06
2026/05/09 04:07:44.873,62,6019,465.73
2026/05/09 04:07:45.905,62,6019,467.26
2026/05/09 04:07:46.936,62,6019,465.71
2026/05/09 04:07:47.968,62,6019,466.65
2026/05/09 04:07:49.000,62,6019,465.39
2026/05/09 04:07:50.032,66,6019,479.77
2026/05/09 04:07:51.066,59,6019,470.89
2026/05/09 04:07:52.098,82,6019,367.76
2026/05/09 04:07:53.130,84,6019,554.44
2026/05/09 04:07:54.162,80,6019,556.40
2026/05/09 04:07:55.193,77,6019,454.93
2026/05/09 04:07:56.224,82,6019,354.80
2026/05/09 04:07:57.256,77,6019,563.30
2026/05/09 04:07:58.286,78,6019,566.70
2026/05/09 04:07:59.317,82,6019,564.83
2026/05/09 04:08:00.346,76,6019,564.45
2026/05/09 04:08:01.377,83,6019,564.17
2026/05/09 04:08:02.409,79,6019,559.72
2026/05/09 04:08:03.440,76,6019,557.10
2026/05/09 04:08:04.471,75,6019,565.68
2026/05/09 04:08:05.503,84,6019,563.76
2026/05/09 04:08:06.535,78,6019,563.23
2026/05/09 04:08:07.568,61,6019,342.44
2026/05/09 04:08:08.601,60,6019,262.08
2026/05/09 04:08:09.633,89,6019,228.57
2026/05/09 04:08:10.664,66,6019,265.15
2026/05/09 04:08:11.696,67,6019,507.13
2026/05/09 04:08:12.727,72,6019,507.80
2026/05/09 04:08:13.758,73,6019,509.92
2026/05/09 04:08:14.790,71,6019,508.00
2026/05/09 04:08:15.823,64,6019,503.58
2026/05/09 04:08:16.856,67,6019,508.14
2026/05/09 04:08:17.889,71,6019,509.22
2026/05/09 04:08:18.922,72,6019,508.54
2026/05/09 04:08:19.955,72,6019,507.01
2026/05/09 04:08:20.987,69,6019,504.38
2026/05/09 04:08:22.020,64,6019,501.86
2026/05/09 04:08:23.052,89,6019,342.06
2026/05/09 04:08:24.084,71,6019,272.86
2026/05/09 04:08:25.116,73,6019,509.73
2026/05/09 04:08:26.148,73,6019,508.98
2026/05/09 04:08:27.181,67,6019,503.13
2026/05/09 04:08:28.214,64,6019,505.82
2026/05/09 04:08:29.247,81,6019,537.08
2026/05/09 04:08:30.280,73,6019,549.22
2026/05/09 04:08:31.313,82,6019,552.42
2026/05/09 04:08:32.346,77,6019,545.17
2026/05/09 04:08:33.378,79,6019,541.34
2026/05/09 04:08:34.414,80,6019,544.19
2026/05/09 04:08:35.447,75,6019,488.25
2026/05/09 04:08:36.479,76,6019,174.38
2026/05/09 04:08:37.511,72,6019,428.97
2026/05/09 04:08:38.542,63,6019,506.68
2026/05/09 04:08:39.575,71,6019,504.63
2026/05/09 04:08:40.607,72,6019,507.43
2026/05/09 04:08:41.641,71,6019,511.54
2026/05/09 04:08:42.673,63,6019,508.86
2026/05/09 04:08:43.707,70,6019,500.98
2026/05/09 04:08:44.739,73,6019,511.11
2026/05/09 04:08:45.770,62,6019,492.33
2026/05/09 04:08:46.802,62,6019,486.65
2026/05/09 04:08:47.834,64,6019,479.92
2026/05/09 04:08:48.866,62,6019,466.79
2026/05/09 04:08:49.899,83,6019,247.87
2026/05/09 04:08:50.930,63,6019,364.70
2026/05/09 04:08:51.962,63,6019,500.55
2026/05/09 04:08:52.995,65,6019,502.92
2026/05/09 04:08:54.028,67,6019,499.83
2026/05/09 04:08:55.061,71,6019,504.28
2026/05/09 04:08:56.094,72,6019,503.85
2026/05/09 04:08:57.126,72,6019,506.77
2026/05/09 04:08:58.157,72,6019,506.71
2026/05/09 04:08:59.189,62,6019,479.53
2026/05/09 04:09:00.220,63,6019,466.71
2026/05/09 04:09:01.253,62,6019,463.37
2026/05/09 04:09:02.285,60,6019,463.69
2026/05/09 04:09:03.317,81,6019,376.25
2026/05/09 04:09:04.351,29,6019,146.53
2026/05/09 04:09:05.384,75,6019,374.63
2026/05/09 04:09:06.415,71,6019,546.28
2026/05/09 04:09:07.447,70,6019,540.56
2026/05/09 04:09:08.479,73,6019,539.40
2026/05/09 04:09:09.511,81,6019,547.03
2026/05/09 04:09:10.545,79,6019,542.29
2026/05/09 04:09:11.577,79,6019,547.32
2026/05/09 04:09:12.609,70,6019,542.73
2026/05/09 04:09:13.643,67,6019,538.99
2026/05/09 04:09:14.674,70,6019,522.47
2026/05/09 04:09:15.707,79,6019,541.09
2026/05/09 04:09:16.739,71,6019,258.01
2026/05/09 04:09:17.771,81,6019,363.99
2026/05/09 04:09:18.804,83,6019,557.85
2026/05/09 04:09:19.835,84,6019,557.24
2026/05/09 04:09:20.866,83,6019,559.55
2026/05/09 04:09:21.898,77,6019,553.84
2026/05/09 04:09:22.929,73,6019,552.37
2026/05/09 04:09:23.961,79,6019,555.57
2026/05/09 04:09:24.993,84,6019,551.49
2026/05/09 04:09:26.025,77,6019,552.79
2026/05/09 04:09:27.056,72,6019,551.43
2026/05/09 04:09:28.088,79,6019,553.43
2026/05/09 04:09:29.120,62,6019,395.22
2026/05/09 04:09:30.154,67,6019,271.21
2026/05/09 04:09:31.188,89,6019,237.32
2026/05/09 04:09:32.219,73,6019,386.22
2026/05/09 04:09:33.251,68,6019,512.06
2026/05/09 04:09:34.283,66,6019,506.63
2026/05/09 04:09:35.315,73,6019,509.26
2026/05/09 04:09:36.347,73,6019,513.57
2026/05/09 04:09:37.379,63,6019,507.60
2026/05/09 04:09:38.410,73,6019,508.10
2026/05/09 04:09:39.442,73,6019,510.35
2026/05/09 04:09:40.474,66,6019,511.72
2026/05/09 04:09:41.508,64,6019,506.03
2026/05/09 04:09:42.541,68,6019,501.22
2026/05/09 04:09:43.573,72,6019,506.67
2026/05/09 04:09:44.606,89,6019,368.95
2026/05/09 04:09:45.638,70,6019,266.88
2026/05/09 04:09:46.670,72,6019,505.89
2026/05/09 04:09:47.703,72,6019,505.73
2026/05/09 04:09:48.735,70,6019,499.03
2026/05/09 04:09:49.768,72,6019,503.75
2026/05/09 04:09:50.801,72,6019,505.74
2026/05/09 04:09:51.833,73,6019,507.32
2026/05/09 04:09:52.865,73,6019,508.36
2026/05/09 04:09:53.895,64,6019,510.47
2026/05/09 04:09:54.928,68,6019,504.54
2026/05/09 04:09:55.959,63,6019,483.98
2026/05/09 04:09:56.990,62,6019,467.29
2026/05/09 04:09:58.021,78,6019,401.98
2026/05/09 04:09:59.052,71,6019,175.30
2026/05/09 04:10:00.085,65,6019,485.65
2026/05/09 04:10:01.116,62,6019,497.90
2026/05/09 04:10:02.148,73,6019,502.28
2026/05/09 04:10:03.179,67,6019,498.70
2026/05/09 04:10:04.211,64,6019,503.27
2026/05/09 04:10:05.243,71,6019,520.44
2026/05/09 04:10:06.274,67,6019,525.10
2026/05/09 04:10:07.306,70,6019,521.98
2026/05/09 04:10:08.338,73,6019,522.09
2026/05/09 04:10:09.368,69,6019,512.27
2026/05/09 04:10:10.401,72,6019,490.00
2026/05/09 04:10:11.431,75,6019,426.13
2026/05/09 04:10:12.463,75,6019,170.22
2026/05/09 04:10:13.493,63,6019,430.11
2026/05/09 04:10:14.524,66,6019,503.19
2026/05/09 04:10:15.554,71,6019,517.26
2026/05/09 04:10:16.585,66,6019,521.29
2026/05/09 04:10:17.618,7,6019,467.89
2026/05/09 04:10:18.652,77,6019,409.94
2026/05/09 04:10:19.684,82,6019,557.16
2026/05/09 04:10:20.716,82,6019,564.24
2026/05/09 04:10:21.748,80,6019,565.40
2026/05/09 04:10:22.779,75,6019,559.98
2026/05/09 04:10:23.809,79,6019,562.42
2026/05/09 04:10:24.840,75,6019,292.74
2026/05/09 04:10:25.870,74,6019,269.39
2026/05/09 04:10:26.901,63,6019,516.44
2026/05/09 04:10:27.931,74,6019,515.38
2026/05/09 04:10:28.963,67,6019,509.53
2026/05/09 04:10:29.994,72,6019,510.05
2026/05/09 04:10:31.027,73,6019,513.62
2026/05/09 04:10:32.059,63,6019,508.80
2026/05/09 04:10:33.091,73,6019,508.62
2026/05/09 04:10:34.123,73,6019,512.08
2026/05/09 04:10:35.155,64,6019,512.90
2026/05/09 04:10:36.186,68,6019,505.58
2026/05/09 04:10:37.217,64,6019,468.33
2026/05/09 04:10:38.249,72,6019,322.78
2026/05/09 04:10:39.279,71,6019,269.16
2026/05/09 04:10:40.308,75,6019,506.72
2026/05/09 04:10:41.340,67,6019,507.44
2026/05/09 04:10:42.372,71,6019,506.94
2026/05/09 04:10:43.405,68,6019,504.84
2026/05/09 04:10:44.435,65,6019,506.88
2026/05/09 04:10:45.467,64,6019,500.58
2026/05/09 04:10:46.498,65,6019,503.31
2026/05/09 04:10:47.528,68,6019,500.50
2026/05/09 04:10:48.559,65,6019,500.60
2026/05/09 04:10:49.591,68,6019,502.56
2026/05/09 04:10:50.623,68,6019,501.68
2026/05/09 04:10:51.655,73,6019,500.84
2026/05/09 04:10:52.688,66,6019,309.05
2026/05/09 04:10:53.721,84,6019,241.12
2026/05/09 04:10:54.751,65,6019,193.00
2026/05/09 04:10:55.783,62,6019,464.31
2026/05/09 04:10:56.815,62,6019,466.43
2026/05/09 04:10:57.848,62,6019,465.28
2026/05/09 04:10:58.881,62,6019,465.64
2026/05/09 04:10:59.913,61,6019,465.21
2026/05/09 04:11:00.945,62,6019,465.55
2026/05/09 04:11:01.978,62,6019,465.67
2026/05/09 04:11:03.009,62,6019,465.83
2026/05/09 04:11:04.040,62,6019,465.86
2026/05/09 04:11:05.071,62,6019,465.39
2026/05/09 04:11:06.104,62,6019,465.67
2026/05/09 04:11:07.136,62,6019,465.99
2026/05/09 04:11:08.168,62,6019,465.86
2026/05/09 04:11:09.200,82,6019,322.89
2026/05/09 04:11:10.232,62,6019,386.21
2026/05/09 04:11:11.263,62,6019,464.87
2026/05/09 04:11:12.295,62,6019,465.58
2026/05/09 04:11:13.326,62,6019,465.12
2026/05/09 04:11:14.357,62,6019,465.29
2026/05/09 04:11:15.389,62,6019,465.74
2026/05/09 04:11:16.421,62,6019,465.50
2026/05/09 04:11:17.452,62,6019,465.36
2026/05/09 04:11:18.485,62,6019,465.76
2026/05/09 04:11:19.516,58,6019,468.71
2026/05/09 04:11:20.548,66,6019,479.60
2026/05/09 04:11:21.580,66,6019,471.19
2026/05/09 04:11:22.611,58,6019,468.85
2026/05/09 04:11:23.644,81,6019,392.94
2026/05/09 04:11:24.676,62,6019,205.39
2026/05/09 04:11:25.708,59,6019,468.73
2026/05/09 04:11:26.740,64,6019,470.23
2026/05/09 04:11:27.772,69,6019,479.72
2026/05/09 04:11:28.804,64,6019,470.43
2026/05/09 04:11:29.836,60,6019,466.59
2026/05/09 04:11:30.867,64,6019,467.50
2026/05/09 04:11:31.899,63,6019,470.06
2026/05/09 04:11:32.929,61,6019,468.56
2026/05/09 04:11:33.960,62,6019,468.55
2026/05/09 04:11:34.992,62,6019,464.91
2026/05/09 04:11:36.026,62,6019,464.91
2026/05/09 04:11:37.059,65,6019,320.14
2026/05/09 04:11:38.090,85,6019,527.62
2026/05/09 04:11:39.122,75,6019,227.04
2026/05/09 04:11:40.154,76,6019,386.35
2026/05/09 04:11:41.187,72,6019,547.91
2026/05/09 04:11:42.219,73,6019,548.29
2026/05/09 04:11:43.251,80,6019,552.78
2026/05/09 04:11:44.285,81,6019,553.97
2026/05/09 04:11:45.317,73,6019,549.64
2026/05/09 04:11:46.349,78,6019,551.41
2026/05/09 04:11:47.382,81,6019,552.63
2026/05/09 04:11:48.414,71,6019,549.19
2026/05/09 04:11:49.448,73,6019,540.50
2026/05/09 04:11:50.480,77,6019,540.35
2026/05/09 04:11:51.511,76,6019,198.81
2026/05/09 04:11:52.544,72,6019,414.49
2026/05/09 04:11:53.577,81,6019,546.64
2026/05/09 04:11:54.608,78,6019,549.55
2026/05/09 04:11:55.640,76,6019,548.74
2026/05/09 04:11:56.672,80,6019,552.11
2026/05/09 04:11:57.709,70,6019,546.84
2026/05/09 04:11:58.742,81,6019,551.26
2026/05/09 04:11:59.775,72,6019,548.59
2026/05/09 04:12:00.808,80,6019,551.09
2026/05/09 04:12:01.840,71,6019,549.62
2026/05/09 04:12:02.873,78,6019,543.45
2026/05/09 04:12:03.906,75,6019,172.80
2026/05/09 04:12:04.937,80,6019,385.54
2026/05/09 04:12:05.969,74,6019,551.98
2026/05/09 04:12:07.002,74,6019,556.30
2026/05/09 04:12:08.035,81,6019,549.90
2026/05/09 04:12:09.069,72,6019,550.61
2026/05/09 04:12:10.102,79,6019,549.81
2026/05/09 04:12:11.133,74,6019,550.68
2026/05/09 04:12:12.166,78,6019,553.54
2026/05/09 04:12:13.199,76,6019,548.50
2026/05/09 04:12:14.231,72,6019,548.53
2026/05/09 04:12:15.264,69,6019,511.91
2026/05/09 04:12:16.298,64,6019,268.27
2026/05/09 04:12:17.330,63,6019,260.03
2026/05/09 04:12:18.361,76,6019,200.49
2026/05/09 04:12:19.392,76,6019,295.29
2026/05/09 04:12:20.426,82,6019,562.18
2026/05/09 04:12:21.457,78,6019,564.61
2026/05/09 04:12:22.488,76,6019,561.43
2026/05/09 04:12:23.519,83,6019,566.20
2026/05/09 04:12:24.550,72,6019,545.53
2026/05/09 04:12:25.582,64,6019,525.58
2026/05/09 04:12:26.614,69,6019,522.38
2026/05/09 04:12:27.646,71,6019,514.03
2026/05/09 04:12:28.678,75,6019,500.85
2026/05/09 04:12:29.710,64,6019,501.12
2026/05/09 04:12:30.742,78,6019,392.83
2026/05/09 04:12:31.774,73,6019,174.51
2026/05/09 04:12:32.805,65,6019,549.08
2026/05/09 04:12:33.837,64,6019,502.65
2026/05/09 04:12:34.867,71,6019,496.40
2026/05/09 04:12:35.899,67,6019,497.23
2026/05/09 04:12:36.929,78,6019,518.89
2026/05/09 04:12:37.960,75,6019,553.62
2026/05/09 04:12:38.991,73,6019,551.30
2026/05/09 04:12:40.024,73,6019,557.45
2026/05/09 04:12:41.055,76,6019,558.90
2026/05/09 04:12:42.087,71,6019,527.25
2026/05/09 04:12:43.118,73,6019,502.10
2026/05/09 04:12:44.150,73,6019,381.77
2026/05/09 04:12:45.180,74,6019,171.09
2026/05/09 04:12:46.211,64,6019,470.40
2026/05/09 04:12:47.243,65,6019,472.18
2026/05/09 04:12:48.274,62,6019,469.39
2026/05/09 04:12:49.307,30,6019,450.01
2026/05/09 04:12:50.340,57,6019,384.91
2026/05/09 04:12:51.372,75,6019,569.70
2026/05/09 04:12:52.405,75,6019,559.28
2026/05/09 04:12:53.437,84,6019,563.53
2026/05/09 04:12:54.467,83,6019,562.04
2026/05/09 04:12:55.500,74,6019,560.15
2026/05/09 04:12:56.532,75,6019,561.99
2026/05/09 04:12:57.565,76,6019,389.83
2026/05/09 04:12:58.596,72,6019,197.37
2026/05/09 04:12:59.629,75,6019,558.16
2026/05/09 04:13:00.660,75,6019,558.61
2026/05/09 04:13:01.692,76,6019,557.61
2026/05/09 04:13:02.724,75,6019,558.27
2026/05/09 04:13:03.755,62,6019,510.79
2026/05/09 04:13:04.788,64,6019,467.40
2026/05/09 04:13:05.819,60,6019,467.48
2026/05/09 04:13:06.850,65,6019,468.38
2026/05/09 04:13:07.882,70,6019,478.65
2026/05/09 04:13:08.913,73,6019,498.52
2026/05/09 04:13:09.946,63,6019,500.45
2026/05/09 04:13:10.978,75,6019,350.29
2026/05/09 04:13:12.009,71,6019,205.30
2026/05/09 04:13:13.042,62,6019,490.77
2026/05/09 04:13:14.075,62,6019,484.49
2026/05/09 04:13:15.109,62,6019,482.68
2026/05/09 04:13:16.142,64,6019,484.62
2026/05/09 04:13:17.174,68,6019,482.86
2026/05/09 04:13:18.206,69,6019,482.75
2026/05/09 04:13:19.237,67,6019,485.38
2026/05/09 04:13:20.268,70,6019,484.51
2026/05/09 04:13:21.300,71,6019,491.67
2026/05/09 04:13:22.333,71,6019,493.14
2026/05/09 04:13:23.364,68,6019,484.20
2026/05/09 04:13:24.396,67,6019,484.55
2026/05/09 04:13:25.428,74,6019,250.64
2026/05/09 04:13:26.460,62,6019,289.22
2026/05/09 04:13:27.492,64,6019,483.60
2026/05/09 04:13:28.523,61,6019,483.20
2026/05/09 04:13:29.555,61,6019,483.29
2026/05/09 04:13:30.588,64,6019,489.77
2026/05/09 04:13:31.620,64,6019,487.23
2026/05/09 04:13:32.651,63,6019,474.58
2026/05/09 04:13:33.684,62,6019,465.76
2026/05/09 04:13:34.716,62,6019,466.02
2026/05/09 04:13:35.749,62,6019,465.41
2026/05/09 04:13:36.782,62,6019,465.57
2026/05/09 04:13:37.814,62,6019,465.73
2026/05/09 04:13:38.846,62,6019,465.34
2026/05/09 04:13:39.878,68,6019,357.70
2026/05/09 04:13:40.911,68,6019,274.91
2026/05/09 04:13:41.944,75,6019,225.24
2026/05/09 04:13:42.976,66,6019,209.49
2026/05/09 04:13:44.009,62,6019,470.09
2026/05/09 04:13:45.042,65,6019,464.86
2026/05/09 04:13:46.073,65,6019,470.75
2026/05/09 04:13:47.106,62,6019,473.52
2026/05/09 04:13:48.137,62,6019,467.11
2026/05/09 04:13:49.169,62,6019,465.11
2026/05/09 04:13:50.200,64,6019,464.84
2026/05/09 04:13:51.231,66,6019,473.09
2026/05/09 04:13:52.264,62,6019,469.94
2026/05/09 04:13:53.295,64,6019,468.87
2026/05/09 04:13:54.328,63,6019,481.71
2026/05/09 04:13:55.359,64,6019,472.08
2026/05/09 04:13:56.391,85,6019,411.57
2026/05/09 04:13:57.423,72,6019,169.66
2026/05/09 04:13:58.455,73,6019,452.82
2026/05/09 04:13:59.487,64,6019,504.39
2026/05/09 04:14:00.519,71,6019,501.17
2026/05/09 04:14:01.551,68,6019,502.43
2026/05/09 04:14:02.584,70,6019,506.17
2026/05/09 04:14:03.616,63,6019,493.25
2026/05/09 04:14:04.649,71,6019,488.80
2026/05/09 04:14:05.681,67,6019,495.97
2026/05/09 04:14:06.714,64,6019,488.54
2026/05/09 04:14:07.746,31,6019,453.36
2026/05/09 04:14:08.777,47,6019,390.96
2026/05/09 04:14:09.809,77,6019,519.44
2026/05/09 04:14:10.840,76,6019,321.06
2026/05/09 04:14:11.873,74,6019,282.04
2026/05/09 04:14:12.906,75,6019,551.32
2026/05/09 04:14:13.937,72,6019,553.84
2026/05/09 04:14:14.969,75,6019,553.03
2026/05/09 04:14:16.001,74,6019,553.88
2026/05/09 04:14:17.033,74,6019,551.56
2026/05/09 04:14:18.065,72,6019,551.19
2026/05/09 04:14:19.097,74,6019,559.73
2026/05/09 04:14:20.129,81,6019,549.34
2026/05/09 04:14:21.161,77,6019,552.98
2026/05/09 04:14:22.193,76,6019,554.28
2026/05/09 04:14:23.225,73,6019,208.03
2026/05/09 04:14:24.257,84,6019,380.52
2026/05/09 04:14:25.288,83,6019,557.48
2026/05/09 04:14:26.320,79,6019,556.43
2026/05/09 04:14:27.351,76,6019,555.38
2026/05/09 04:14:28.383,73,6019,553.58
2026/05/09 04:14:29.414,74,6019,557.97
2026/05/09 04:14:30.446,82,6019,556.46
2026/05/09 04:14:31.478,81,6019,557.16
2026/05/09 04:14:32.510,77,6019,552.73
2026/05/09 04:14:33.543,72,6019,554.22
2026/05/09 04:14:34.576,83,6019,552.97
2026/05/09 04:14:35.609,72,6019,335.27
2026/05/09 04:14:36.640,62,6019,256.96
2026/05/09 04:14:37.673,72,6019,504.93
2026/05/09 04:14:38.706,72,6019,504.64
2026/05/09 04:14:39.739,72,6019,505.32
2026/05/09 04:14:40.770,73,6019,509.64
2026/05/09 04:14:41.803,67,6019,508.43
2026/05/09 04:14:42.836,65,6019,506.57
2026/05/09 04:14:43.869,72,6019,505.33
2026/05/09 04:14:44.901,72,6019,510.91
2026/05/09 04:14:45.934,68,6019,509.11
2026/05/09 04:14:46.967,63,6019,507.28
2026/05/09 04:14:47.999,66,6019,504.02
2026/05/09 04:14:49.031,89,6019,342.87
2026/05/09 04:14:50.064,63,6019,258.70
2026/05/09 04:14:51.096,64,6019,500.27
2026/05/09 04:14:52.130,72,6019,503.20
2026/05/09 04:14:53.163,72,6019,506.66
2026/05/09 04:14:54.195,72,6019,508.77
2026/05/09 04:14:55.227,63,6019,491.02
2026/05/09 04:14:56.258,62,6019,466.49
2026/05/09 04:14:57.292,62,6019,466.72
2026/05/09 04:14:58.325,63,6019,463.19
2026/05/09 04:14:59.357,63,6019,463.76
2026/05/09 04:15:00.389,62,6019,467.83
2026/05/09 04:15:01.420,62,6019,465.90
2026/05/09 04:15:02.451,62,6019,466.29
2026/05/09 04:15:03.483,70,6019,337.95
2026/05/09 04:15:04.517,66,6019,276.98
2026/05/09 04:15:05.551,83,6019,215.00
2026/05/09 04:15:06.583,59,6019,305.95
2026/05/09 04:15:07.615,63,6019,464.19
2026/05/09 04:15:08.648,64,6019,464.59
2026/05/09 04:15:09.680,61,6019,465.56
2026/05/09 04:15:10.711,62,6019,465.47
2026/05/09 04:15:11.743,62,6019,465.24
2026/05/09 04:15:12.775,62,6019,465.46
2026/05/09 04:15:13.808,62,6019,465.41
2026/05/09 04:15:14.841,62,6019,464.86
2026/05/09 04:15:15.872,62,6019,464.19
2026/05/09 04:15:16.905,62,6019,463.90
2026/05/09 04:15:17.937,62,6019,465.93
2026/05/09 04:15:18.969,62,6019,467.69
2026/05/09 04:15:20.001,89,6019,375.61
2026/05/09 04:15:21.033,61,6019,219.72
2026/05/09 04:15:22.065,63,6019,464.75
2026/05/09 04:15:23.098,64,6019,465.31
2026/05/09 04:15:24.129,62,6019,464.98
2026/05/09 04:15:25.163,60,6019,330.17
2026/05/09 04:15:26.196,86,6019,537.24
2026/05/09 04:15:27.230,71,6019,545.89
2026/05/09 04:15:28.261,73,6019,541.35
2026/05/09 04:15:29.293,79,6019,541.94
2026/05/09 04:15:30.326,80,6019,546.44
2026/05/09 04:15:31.357,70,6019,545.72
2026/05/09 04:15:32.390,80,6019,546.74
2026/05/09 04:15:33.423,76,6019,424.15
2026/05/09 04:15:34.455,70,6019,170.04
2026/05/09 04:15:35.488,80,6019,548.88
2026/05/09 04:15:36.520,73,6019,546.74
2026/05/09 04:15:37.553,77,6019,550.08
2026/05/09 04:15:38.587,79,6019,546.61
2026/05/09 04:15:39.619,71,6019,551.17
2026/05/09 04:15:40.653,80,6019,547.60
2026/05/09 04:15:41.685,77,6019,549.53
2026/05/09 04:15:42.717,74,6019,542.79
2026/05/09 04:15:43.749,72,6019,536.77
2026/05/09 04:15:44.781,79,6019,545.81
2026/05/09 04:15:45.814,74,6019,424.31
2026/05/09 04:15:46.845,75,6019,169.42
2026/05/09 04:15:47.877,71,6019,539.26
2026/05/09 04:15:48.909,79,6019,546.13
2026/05/09 04:15:49.941,79,6019,547.27
2026/05/09 04:15:50.974,72,6019,546.65
2026/05/09 04:15:52.006,67,6019,522.52
2026/05/09 04:15:53.039,72,6019,504.16
2026/05/09 04:15:54.072,73,6019,510.84
2026/05/09 04:15:55.105,72,6019,509.89
2026/05/09 04:15:56.138,66,6019,493.51
2026/05/09 04:15:57.170,66,6019,477.10
2026/05/09 04:15:58.202,64,6019,480.48
2026/05/09 04:15:59.234,89,6019,365.76
2026/05/09 04:16:00.265,67,6019,235.70
2026/05/09 04:16:01.297,73,6019,508.87
2026/05/09 04:16:02.331,63,6019,511.16
2026/05/09 04:16:03.364,73,6019,505.95
2026/05/09 04:16:04.396,73,6019,511.18
2026/05/09 04:16:05.430,72,6019,508.84
2026/05/09 04:16:06.462,71,6019,506.55
2026/05/09 04:16:07.494,63,6019,509.11
2026/05/09 04:16:08.526,69,6019,504.05
2026/05/09 04:16:09.558,72,6019,510.41
2026/05/09 04:16:10.588,73,6019,511.19
2026/05/09 04:16:11.620,63,6019,512.94
2026/05/09 04:16:12.651,73,6019,507.08
2026/05/09 04:16:13.684,89,6019,223.29
2026/05/09 04:16:14.716,72,6019,437.00
2026/05/09 04:16:15.748,63,6019,509.26
2026/05/09 04:16:16.780,71,6019,505.15
2026/05/09 04:16:17.812,72,6019,507.76
2026/05/09 04:16:18.843,70,6019,512.80
2026/05/09 04:16:19.875,63,6019,508.46
2026/05/09 04:16:20.908,73,6019,504.30
2026/05/09 04:16:21.941,73,6019,512.32
2026/05/09 04:16:22.975,71,6019,510.45
2026/05/09 04:16:24.009,63,6019,510.26
2026/05/09 04:16:25.044,63,6019,504.83
2026/05/09 04:16:26.076,63,6019,492.56
2026/05/09 04:16:27.108,64,6019,273.25
2026/05/09 04:16:28.141,68,6019,273.87
2026/05/09 04:16:29.173,79,6019,185.72
2026/05/09 04:16:30.205,74,6019,393.09
2026/05/09 04:16:31.236,65,6019,489.11
2026/05/09 04:16:32.267,73,6019,494.22
2026/05/09 04:16:33.298,64,6019,491.39
2026/05/09 04:16:34.329,64,6019,492.68
2026/05/09 04:16:35.360,63,6019,495.09
2026/05/09 04:16:36.392,71,6019,490.63
2026/05/09 04:16:37.424,70,6019,494.76
2026/05/09 04:16:38.456,63,6019,490.98
2026/05/09 04:16:39.487,71,6019,357.68
2026/05/09 04:16:40.520,65,6019,532.70
2026/05/09 04:16:41.553,73,6019,548.68
2026/05/09 04:16:42.586,72,6019,343.07
2026/05/09 04:16:43.617,75,6019,246.28
2026/05/09 04:16:44.649,74,6019,555.94
2026/05/09 04:16:45.681,72,6019,534.82
2026/05/09 04:16:46.712,80,6019,523.96
2026/05/09 04:16:47.746,79,6019,555.20
2026/05/09 04:16:48.778,77,6019,554.95
2026/05/09 04:16:49.810,77,6019,551.86
2026/05/09 04:16:50.842,76,6019,555.31
2026/05/09 04:16:51.873,73,6019,552.54
2026/05/09 04:16:52.906,67,6019,537.22
2026/05/09 04:16:53.939,66,6019,523.35
2026/05/09 04:16:54.971,74,6019,358.60
2026/05/09 04:16:56.002,68,6019,232.90
2026/05/09 04:16:57.033,78,6019,521.07
2026/05/09 04:16:58.065,74,6019,526.71
2026/05/09 04:16:59.097,65,6019,530.86
2026/05/09 04:17:00.130,81,6019,527.15
2026/05/09 04:17:01.161,77,6019,549.19
2026/05/09 04:17:02.193,78,6019,565.26
2026/05/09 04:17:03.224,83,6019,566.07
2026/05/09 04:17:04.255,84,6019,568.34
2026/05/09 04:17:05.287,74,6019,564.15
2026/05/09 04:17:06.318,80,6019,563.42
2026/05/09 04:17:07.349,71,6019,340.64
2026/05/09 04:17:08.380,80,6019,253.86
2026/05/09 04:17:09.411,81,6019,564.87
2026/05/09 04:17:10.441,77,6019,560.67
2026/05/09 04:17:11.470,84,6019,564.97
2026/05/09 04:17:12.501,79,6019,566.39
2026/05/09 04:17:13.532,77,6019,565.08
2026/05/09 04:17:14.564,84,6019,566.29
2026/05/09 04:17:15.595,80,6019,566.03
2026/05/09 04:17:16.627,77,6019,565.40
2026/05/09 04:17:17.658,83,6019,567.38
2026/05/09 04:17:18.688,81,6019,565.67
2026/05/09 04:17:19.719,76,6019,397.55
2026/05/09 04:17:20.750,63,6019,394.77
2026/05/09 04:17:21.782,71,6019,505.67
2026/05/09 04:17:22.814,72,6019,508.31
2026/05/09 04:17:23.847,69,6019,513.31
2026/05/09 04:17:24.879,63,6019,508.13
2026/05/09 04:17:25.912,63,6019,502.78
2026/05/09 04:17:26.944,68,6019,501.27
2026/05/09 04:17:27.976,71,6019,506.21
2026/05/09 04:17:29.011,72,6019,503.79
2026/05/09 04:17:30.042,62,6019,501.00
2026/05/09 04:17:31.074,62,6019,486.07
2026/05/09 04:17:32.107,70,6019,485.05
2026/05/09 04:17:33.139,66,6019,426.90
2026/05/09 04:17:34.172,71,6019,281.66
2026/05/09 04:17:35.205,89,6019,255.77
2026/05/09 04:17:36.238,64,6019,354.73
2026/05/09 04:17:37.270,60,6019,485.54
2026/05/09 04:17:38.302,64,6019,466.30
2026/05/09 04:17:39.334,64,6019,469.08
2026/05/09 04:17:40.367,60,6019,468.49
2026/05/09 04:17:41.399,62,6019,470.89
2026/05/09 04:17:42.431,62,6019,466.54
2026/05/09 04:17:43.464,62,6019,466.05
2026/05/09 04:17:44.495,62,6019,462.22
2026/05/09 04:17:45.528,62,6019,461.11
2026/05/09 04:17:46.562,62,6019,473.69
2026/05/09 04:17:47.595,62,6019,465.77
2026/05/09 04:17:48.627,78,6019,335.27
2026/05/09 04:17:49.659,76,6019,538.49
2026/05/09 04:17:50.691,76,6019,206.31
2026/05/09 04:17:51.722,80,6019,378.22
2026/05/09 04:17:52.752,73,6019,555.69
2026/05/09 04:17:53.785,80,6019,552.12
2026/05/09 04:17:54.817,81,6019,554.44
2026/05/09 04:17:55.849,72,6019,549.89
2026/05/09 04:17:56.881,79,6019,556.77
2026/05/09 04:17:57.913,82,6019,552.73
2026/05/09 04:17:58.946,72,6019,549.64
2026/05/09 04:17:59.978,76,6019,558.53
2026/05/09 04:18:01.010,80,6019,552.74
2026/05/09 04:18:02.043,75,6019,524.16
2026/05/09 04:18:03.075,77,6019,174.37
2026/05/09 04:18:04.109,72,6019,433.19
2026/05/09 04:18:05.142,73,6019,509.28
2026/05/09 04:18:06.174,63,6019,507.05
2026/05/09 04:18:07.207,71,6019,502.56
2026/05/09 04:18:08.239,72,6019,504.98
2026/05/09 04:18:09.271,72,6019,505.68
2026/05/09 04:18:10.303,72,6019,508.71
2026/05/09 04:18:11.335,67,6019,509.45
2026/05/09 04:18:12.368,67,6019,505.69
2026/05/09 04:18:13.400,73,6019,510.52
2026/05/09 04:18:14.432,71,6019,512.52
2026/05/09 04:18:15.464,72,6019,495.58
2026/05/09 04:18:16.494,75,6019,187.67
2026/05/09 04:18:17.526,72,6019,412.34
2026/05/09 04:18:18.558,79,6019,554.39
2026/05/09 04:18:19.590,84,6019,555.41
2026/05/09 04:18:20.622,82,6019,557.45
2026/05/09 04:18:21.654,79,6019,555.46
2026/05/09 04:18:22.686,72,6019,552.10
2026/05/09 04:18:23.720,73,6019,558.39
2026/05/09 04:18:24.753,75,6019,552.36
2026/05/09 04:18:25.785,74,6019,555.48
2026/05/09 04:18:26.817,81,6019,553.81
2026/05/09 04:18:27.849,82,6019,556.57
2026/05/09 04:18:28.881,75,6019,553.72
2026/05/09 04:18:29.913,75,6019,554.24
2026/05/09 04:18:30.946,72,6019,557.68
2026/05/09 04:18:31.978,77,6019,559.55
2026/05/09 04:18:33.011,81,6019,555.62
2026/05/09 04:18:34.042,82,6019,555.58
2026/05/09 04:18:35.075,75,6019,552.29
2026/05/09 04:18:36.108,73,6019,556.10
2026/05/09 04:18:37.140,77,6019,560.10
2026/05/09 04:18:38.172,81,6019,553.15
2026/05/09 04:18:39.203,74,6019,259.33
2026/05/09 04:18:40.234,80,6019,351.33
2026/05/09 04:18:41.267,76,6019,555.84
2026/05/09 04:18:42.299,76,6019,557.03
2026/05/09 04:18:43.331,74,6019,554.17
2026/05/09 04:18:44.362,74,6019,556.90
2026/05/09 04:18:45.394,74,6019,556.46
2026/05/09 04:18:46.427,76,6019,558.36
2026/05/09 04:18:47.458,75,6019,556.92
2026/05/09 04:18:48.491,73,6019,557.47
2026/05/09 04:18:49.522,75,6019,560.43
2026/05/09 04:18:50.554,75,6019,514.14
2026/05/09 04:18:51.586,75,6019,173.99
2026/05/09 04:18:52.618,76,6019,437.71
2026/05/09 04:18:53.651,70,6019,525.61
2026/05/09 04:18:54.683,75,6019,529.97
2026/05/09 04:18:55.715,84,6019,531.09
2026/05/09 04:18:56.746,70,6019,535.99
2026/05/09 04:18:57.778,81,6019,535.02
2026/05/09 04:18:58.811,70,6019,534.64
2026/05/09 04:18:59.846,69,6019,538.53
2026/05/09 04:19:00.877,66,6019,495.26
2026/05/09 04:19:01.908,70,6019,499.26
2026/05/09 04:19:02.940,65,6019,504.19
2026/05/09 04:19:03.973,60,6019,384.35
2026/05/09 04:19:05.005,61,6019,214.16
2026/05/09 04:19:06.037,60,6019,261.89
2026/05/09 04:19:07.068,75,6019,188.05
2026/05/09 04:19:08.099,74,6019,323.83
2026/05/09 04:19:09.130,79,6019,561.36
2026/05/09 04:19:10.162,83,6019,565.67
2026/05/09 04:19:11.193,83,6019,560.13
2026/05/09 04:19:12.225,82,6019,557.28
2026/05/09 04:19:13.256,73,6019,555.32
2026/05/09 04:19:14.289,74,6019,554.45
2026/05/09 04:19:15.320,79,6019,559.22
2026/05/09 04:19:16.351,77,6019,555.59
2026/05/09 04:19:17.383,81,6019,560.94
2026/05/09 04:19:18.415,74,6019,526.05
2026/05/09 04:19:19.446,75,6019,172.68
2026/05/09 04:19:20.477,77,6019,450.64
2026/05/09 04:19:21.508,84,6019,563.78
2026/05/09 04:19:22.539,75,6019,562.33
2026/05/09 04:19:23.570,81,6019,562.74
2026/05/09 04:19:24.601,82,6019,565.35
2026/05/09 04:19:25.632,75,6019,564.90
2026/05/09 04:19:26.665,76,6019,563.28
2026/05/09 04:19:27.696,83,6019,564.91
2026/05/09 04:19:28.727,83,6019,565.47
2026/05/09 04:19:29.759,84,6019,561.80
2026/05/09 04:19:30.790,76,6019,383.79
2026/05/09 04:19:31.821,74,6019,243.57
2026/05/09 04:19:32.852,70,6019,512.08
2026/05/09 04:19:33.885,73,6019,508.90
2026/05/09 04:19:34.916,69,6019,513.09
2026/05/09 04:19:35.952,65,6019,508.95
2026/05/09 04:19:36.983,73,6019,505.95
2026/05/09 04:19:38.014,72,6019,512.22
2026/05/09 04:19:39.047,66,6019,512.30
2026/05/09 04:19:40.078,66,6019,506.52
2026/05/09 04:19:41.110,72,6019,504.20
2026/05/09 04:19:42.141,73,6019,508.32
2026/05/09 04:19:43.172,73,6019,511.53
2026/05/09 04:19:44.203,65,6019,509.61
2026/05/09 04:19:45.234,77,6019,205.24
2026/05/09 04:19:46.266,72,6019,512.99
2026/05/09 04:19:47.298,63,6019,506.87
2026/05/09 04:19:48.330,72,6019,503.94
2026/05/09 04:19:49.362,72,6019,511.31
2026/05/09 04:19:50.394,71,6019,511.32
2026/05/09 04:19:51.427,70,6019,505.28
2026/05/09 04:19:52.458,64,6019,508.27
2026/05/09 04:19:53.491,67,6019,505.28
2026/05/09 04:19:54.523,71,6019,502.11
2026/05/09 04:19:55.555,72,6019,503.75
2026/05/09 04:19:56.587,71,6019,508.79
2026/05/09 04:19:57.619,72,6019,508.27
2026/05/09 04:19:58.651,83,6019,230.01
2026/05/09 04:19:59.683,72,6019,426.32
2026/05/09 04:20:00.714,71,6019,500.58
2026/05/09 04:20:01.747,62,6019,508.19
2026/05/09 04:20:02.779,71,6019,504.65
2026/05/09 04:20:03.811,73,6019,507.99
2026/05/09 04:20:04.843,71,6019,510.77
2026/05/09 04:20:05.875,62,6019,508.45
2026/05/09 04:20:06.907,59,6019,488.91
2026/05/09 04:20:07.938,62,6019,479.61
2026/05/09 04:20:08.970,70,6019,493.39
2026/05/09 04:20:10.001,62,6019,492.85
2026/05/09 04:20:11.032,73,6019,493.21
2026/05/09 04:20:12.062,75,6019,240.70
2026/05/09 04:20:13.091,84,6019,331.87
2026/05/09 04:20:14.123,74,6019,523.29
2026/05/09 04:20:15.154,71,6019,508.01
2026/05/09 04:20:16.186,66,6019,500.23
2026/05/09 04:20:17.218,72,6019,499.55
2026/05/09 04:20:18.252,31,6019,349.00
2026/05/09 04:20:19.285,68,6019,535.07
2026/05/09 04:20:20.316,72,6019,504.19
2026/05/09 04:20:21.349,71,6019,499.59
2026/05/09 04:20:22.380,67,6019,499.44
2026/05/09 04:20:23.412,73,6019,505.86
2026/05/09 04:20:24.443,69,6019,496.41
2026/05/09 04:20:25.476,65,6019,426.89
2026/05/09 04:20:26.510,61,6019,262.80
2026/05/09 04:20:27.542,70,6019,253.88
2026/05/09 04:20:28.572,74,6019,168.63
2026/05/09 04:20:29.606,63,6019,388.57
2026/05/09 04:20:30.638,75,6019,504.93
2026/05/09 04:20:31.671,69,6019,512.08
2026/05/09 04:20:32.702,75,6019,508.72
2026/05/09 04:20:33.732,66,6019,513.34
2026/05/09 04:20:34.761,76,6019,512.04
2026/05/09 04:20:35.791,63,6019,510.21
2026/05/09 04:20:36.822,76,6019,510.88
2026/05/09 04:20:37.852,63,6019,514.35
2026/05/09 04:20:38.882,73,6019,505.21
2026/05/09 04:20:39.913,75,6019,510.01
2026/05/09 04:20:40.944,66,6019,486.02
2026/05/09 04:20:41.975,77,6019,177.96
2026/05/09 04:20:43.006,62,6019,407.60
2026/05/09 04:20:44.037,66,6019,465.36
2026/05/09 04:20:45.069,67,6019,474.85
2026/05/09 04:20:46.101,62,6019,472.08
2026/05/09 04:20:47.131,61,6019,467.47
2026/05/09 04:20:48.162,63,6019,475.26
2026/05/09 04:20:49.193,62,6019,468.89
2026/05/09 04:20:50.223,62,6019,465.46
2026/05/09 04:20:51.255,64,6019,464.91
2026/05/09 04:20:52.286,61,6019,464.51
2026/05/09 04:20:53.317,75,6019,509.36
2026/05/09 04:20:54.348,62,6019,489.74
2026/05/09 04:20:55.379,67,6019,465.97
2026/05/09 04:20:56.409,82,6019,179.52
2026/05/09 04:20:57.440,73,6019,405.97
2026/05/09 04:20:58.472,66,6019,500.36
2026/05/09 04:20:59.503,73,6019,504.49
2026/05/09 04:21:00.535,73,6019,501.32
2026/05/09 04:21:01.567,66,6019,502.44
2026/05/09 04:21:02.599,62,6019,487.07
2026/05/09 04:21:03.631,62,6019,470.45
2026/05/09 04:21:04.663,62,6019,465.42
2026/05/09 04:21:05.695,62,6019,465.31
2026/05/09 04:21:06.727,62,6019,465.68
2026/05/09 04:21:07.759,59,6019,465.16
2026/05/09 04:21:08.791,64,6019,466.05
2026/05/09 04:21:09.823,82,6019,400.81
2026/05/09 04:21:10.855,70,6019,192.87
2026/05/09 04:21:11.887,62,6019,464.27
2026/05/09 04:21:12.919,62,6019,465.33
2026/05/09 04:21:13.950,62,6019,465.86
2026/05/09 04:21:14.981,62,6019,465.97
2026/05/09 04:21:16.012,62,6019,465.62
2026/05/09 04:21:17.043,62,6019,466.04
2026/05/09 04:21:18.075,62,6019,466.16
2026/05/09 04:21:19.107,62,6019,465.81
2026/05/09 04:21:20.138,62,6019,465.83
2026/05/09 04:21:21.171,62,6019,465.97
2026/05/09 04:21:22.202,62,6019,465.40
2026/05/09 04:21:23.234,62,6019,465.58
2026/05/09 04:21:24.267,62,6019,465.70
2026/05/09 04:21:25.297,89,6019,219.60
2026/05/09 04:21:26.327,60,6019,397.29
2026/05/09 04:21:27.358,63,6019,470.09
2026/05/09 04:21:28.388,62,6019,468.49
2026/05/09 04:21:29.419,62,6019,465.71
2026/05/09 04:21:30.451,61,6019,460.86
2026/05/09 04:21:31.483,62,6019,460.27
2026/05/09 04:21:32.515,61,6019,462.64
2026/05/09 04:21:33.548,62,6019,332.49
2026/05/09 04:21:34.580,69,6019,552.21
2026/05/09 04:21:35.612,74,6019,555.34
2026/05/09 04:21:36.642,78,6019,555.80
2026/05/09 04:21:37.673,83,6019,561.37
2026/05/09 04:21:38.704,80,6019,538.35
2026/05/09 04:21:39.736,76,6019,171.34
2026/05/09 04:21:40.766,77,6019,558.43
2026/05/09 04:21:41.798,77,6019,551.84
2026/05/09 04:21:42.831,78,6019,555.32
2026/05/09 04:21:43.863,81,6019,552.81
2026/05/09 04:21:44.894,82,6019,558.03
2026/05/09 04:21:45.927,83,6019,562.72
2026/05/09 04:21:46.959,82,6019,559.09
2026/05/09 04:21:47.991,80,6019,562.67
2026/05/09 04:21:49.022,82,6019,555.50
2026/05/09 04:21:50.054,81,6019,560.08
2026/05/09 04:21:51.086,60,6019,466.61
2026/05/09 04:21:52.120,62,6019,265.70
2026/05/09 04:21:53.152,70,6019,255.31
2026/05/09 04:21:54.183,75,6019,172.55
2026/05/09 04:21:55.215,79,6019,411.52
2026/05/09 04:21:56.249,76,6019,551.15
2026/05/09 04:21:57.280,81,6019,556.12
2026/05/09 04:21:58.312,83,6019,557.17
2026/05/09 04:21:59.344,78,6019,555.12
2026/05/09 04:22:00.377,71,6019,550.25
2026/05/09 04:22:01.409,74,6019,558.85
2026/05/09 04:22:02.441,81,6019,554.72
2026/05/09 04:22:03.473,84,6019,557.97
2026/05/09 04:22:04.506,82,6019,558.43
2026/05/09 04:22:05.538,72,6019,459.66
2026/05/09 04:22:06.570,72,6019,171.34
2026/05/09 04:22:07.603,72,6019,477.33
2026/05/09 04:22:08.635,83,6019,551.43
2026/05/09 04:22:09.669,80,6019,551.72
2026/05/09 04:22:10.700,71,6019,550.28
2026/05/09 04:22:11.733,80,6019,546.84
2026/05/09 04:22:12.766,71,6019,548.59
2026/05/09 04:22:13.798,83,6019,551.39
2026/05/09 04:22:14.832,75,6019,548.71
2026/05/09 04:22:15.864,78,6019,552.82
2026/05/09 04:22:16.897,81,6019,553.01
2026/05/09 04:22:17.929,72,6019,429.83
2026/05/09 04:22:18.962,79,6019,176.24
2026/05/09 04:22:19.994,72,6019,477.80
2026/05/09 04:22:21.026,73,6019,509.84
2026/05/09 04:22:22.059,80,6019,540.06
2026/05/09 04:22:23.092,70,6019,545.41
2026/05/09 04:22:24.124,80,6019,550.46
2026/05/09 04:22:25.155,74,6019,550.33
2026/05/09 04:22:26.188,82,6019,549.80
2026/05/09 04:22:27.220,73,6019,546.18
2026/05/09 04:22:28.251,81,6019,539.91
2026/05/09 04:22:29.282,69,6019,500.14
2026/05/09 04:22:30.314,71,6019,493.14
2026/05/09 04:22:31.347,82,6019,232.04
2026/05/09 04:22:32.379,64,6019,369.50
2026/05/09 04:22:33.411,62,6019,470.15
2026/05/09 04:22:34.443,61,6019,465.19
2026/05/09 04:22:35.475,62,6019,466.92
2026/05/09 04:22:36.507,62,6019,466.87
2026/05/09 04:22:37.539,62,6019,464.80
2026/05/09 04:22:38.572,62,6019,466.09
2026/05/09 04:22:39.606,62,6019,466.20
2026/05/09 04:22:40.638,62,6019,464.73
2026/05/09 04:22:41.671,62,6019,466.72
2026/05/09 04:22:42.703,62,6019,467.41
2026/05/09 04:22:43.735,62,6019,464.65
2026/05/09 04:22:44.768,71,6019,481.71
2026/05/09 04:22:45.801,89,6019,290.59
2026/05/09 04:22:46.835,78,6019,158.79
2026/05/09 04:22:47.869,82,6019,533.10
2026/05/09 04:22:48.901,71,6019,547.28
2026/05/09 04:22:49.932,82,6019,549.03
2026/05/09 04:22:50.966,74,6019,547.03
2026/05/09 04:22:51.997,80,6019,551.41
2026/05/09 04:22:53.030,71,6019,547.75
2026/05/09 04:22:54.063,73,6019,557.85
2026/05/09 04:22:55.095,79,6019,556.61
2026/05/09 04:22:56.128,83,6019,554.80
2026/05/09 04:22:57.159,80,6019,555.12
2026/05/09 04:22:58.191,71,6019,550.37
2026/05/09 04:22:59.222,74,6019,218.12
2026/05/09 04:23:00.254,83,6019,555.68
2026/05/09 04:23:01.287,80,6019,555.24
2026/05/09 04:23:02.319,81,6019,556.55
2026/05/09 04:23:03.353,82,6019,559.00
2026/05/09 04:23:04.386,82,6019,558.01
2026/05/09 04:23:05.418,83,6019,559.67
2026/05/09 04:23:06.451,82,6019,557.24
2026/05/09 04:23:07.483,78,6019,555.62
2026/05/09 04:23:08.514,73,6019,552.72
2026/05/09 04:23:09.548,74,6019,555.08
2026/05/09 04:23:10.580,60,6019,503.63
2026/05/09 04:23:11.614,61,6019,261.02
2026/05/09 04:23:12.647,61,6019,258.90
2026/05/09 04:23:13.677,76,6019,173.08
2026/05/09 04:23:14.709,80,6019,369.33
2026/05/09 04:23:15.741,83,6019,560.54
2026/05/09 04:23:16.773,82,6019,561.48
2026/05/09 04:23:17.806,82,6019,560.39
2026/05/09 04:23:18.838,79,6019,561.27
2026/05/09 04:23:19.870,75,6019,558.30
2026/05/09 04:23:20.902,74,6019,560.28
2026/05/09 04:23:21.934,75,6019,557.98
2026/05/09 04:23:22.966,75,6019,555.55
2026/05/09 04:23:23.998,76,6019,555.16
2026/05/09 04:23:25.031,75,6019,462.58
2026/05/09 04:23:26.062,71,6019,170.66
2026/05/09 04:23:27.094,74,6019,509.39
2026/05/09 04:23:28.126,74,6019,555.37
2026/05/09 04:23:29.158,76,6019,554.15
2026/05/09 04:23:30.191,74,6019,553.18
2026/05/09 04:23:31.223,74,6019,553.67
2026/05/09 04:23:32.255,83,6019,556.31
2026/05/09 04:23:33.288,83,6019,556.98
2026/05/09 04:23:34.320,82,6019,559.29
2026/05/09 04:23:35.352,82,6019,560.93
2026/05/09 04:23:36.383,83,6019,557.23
2026/05/09 04:23:37.415,85,6019,367.68
2026/05/09 04:23:38.447,77,6019,253.75
2026/05/09 04:23:39.478,77,6019,556.12
2026/05/09 04:23:40.511,68,6019,518.27
2026/05/09 04:23:41.543,67,6019,503.57
2026/05/09 04:23:42.575,69,6019,487.72
2026/05/09 04:23:43.608,69,6019,494.36
2026/05/09 04:23:44.639,73,6019,504.97
2026/05/09 04:23:45.672,63,6019,509.96
2026/05/09 04:23:46.706,72,6019,505.65
2026/05/09 04:23:47.738,72,6019,510.44
2026/05/09 04:23:48.770,63,6019,508.16
2026/05/09 04:23:49.802,60,6019,478.29
2026/05/09 04:23:50.833,90,6019,347.71
2026/05/09 04:23:51.865,63,6019,243.62
2026/05/09 04:23:52.897,61,6019,468.36
2026/05/09 04:23:53.930,62,6019,466.43
2026/05/09 04:23:54.963,62,6019,466.26
2026/05/09 04:23:55.996,61,6019,466.31
2026/05/09 04:23:57.029,62,6019,466.58
2026/05/09 04:23:58.062,81,6019,340.37
2026/05/09 04:23:59.094,74,6019,543.55
2026/05/09 04:24:00.126,78,6019,550.16
2026/05/09 04:24:01.158,74,6019,551.41
2026/05/09 04:24:02.191,77,6019,558.45
2026/05/09 04:24:03.224,81,6019,550.56
2026/05/09 04:24:04.257,76,6019,474.89
2026/05/09 04:24:05.289,71,6019,172.58
2026/05/09 04:24:06.321,75,6019,508.90
2026/05/09 04:24:07.353,76,6019,560.33
2026/05/09 04:24:08.384,70,6019,554.49
2026/05/09 04:24:09.416,77,6019,554.16
2026/05/09 04:24:10.448,80,6019,556.88
2026/05/09 04:24:11.479,84,6019,562.65
2026/05/09 04:24:12.511,82,6019,562.11
2026/05/09 04:24:13.543,79,6019,562.99
2026/05/09 04:24:14.575,77,6019,559.08
2026/05/09 04:24:15.608,76,6019,558.93
2026/05/09 04:24:16.640,74,6019,549.02
2026/05/09 04:24:17.672,75,6019,195.41
2026/05/09 04:24:18.704,79,6019,408.83
2026/05/09 04:24:19.736,65,6019,541.21
2026/05/09 04:24:20.767,64,6019,500.50
2026/05/09 04:24:21.799,64,6019,503.32
2026/05/09 04:24:22.831,68,6019,503.20
2026/05/09 04:24:23.863,75,6019,498.19
2026/05/09 04:24:24.894,64,6019,500.21
2026/05/09 04:24:25.926,62,6019,500.29
2026/05/09 04:24:26.957,73,6019,495.92
2026/05/09 04:24:27.989,72,6019,498.06
2026/05/09 04:24:29.020,66,6019,501.52
2026/05/09 04:24:30.051,66,6019,495.70
2026/05/09 04:24:31.083,62,6019,307.65
2026/05/09 04:24:32.115,62,6019,262.64
2026/05/09 04:24:33.145,74,6019,203.23
2026/05/09 04:24:34.175,66,6019,250.80
2026/05/09 04:24:35.208,67,6019,501.11
2026/05/09 04:24:36.239,71,6019,497.70
2026/05/09 04:24:37.271,70,6019,497.96
2026/05/09 04:24:38.302,63,6019,498.67
2026/05/09 04:24:39.335,72,6019,493.62
2026/05/09 04:24:40.368,64,6019,492.26
2026/05/09 04:24:41.399,67,6019,493.70
2026/05/09 04:24:42.431,71,6019,494.81
2026/05/09 04:24:43.461,63,6019,498.35
2026/05/09 04:24:44.492,71,6019,493.20
2026/05/09 04:24:45.523,65,6019,495.87
2026/05/09 04:24:46.553,75,6019,427.76
2026/05/09 04:24:47.585,75,6019,169.73
2026/05/09 04:24:48.615,60,6019,442.52
2026/05/09 04:24:49.648,63,6019,496.33
2026/05/09 04:24:50.679,65,6019,483.48
2026/05/09 04:24:51.711,60,6019,466.06
2026/05/09 04:24:52.742,65,6019,466.94
2026/05/09 04:24:53.773,65,6019,470.84
2026/05/09 04:24:54.804,62,6019,472.71
2026/05/09 04:24:55.836,65,6019,465.49
2026/05/09 04:24:56.868,61,6019,466.59
2026/05/09 04:24:57.898,65,6019,470.47
2026/05/09 04:24:58.930,62,6019,475.65
2026/05/09 04:24:59.962,62,6019,466.27
2026/05/09 04:25:00.994,71,6019,452.18
2026/05/09 04:25:02.025,75,6019,188.18
2026/05/09 04:25:03.056,72,6019,417.44
2026/05/09 04:25:04.088,73,6019,494.27
2026/05/09 04:25:05.119,63,6019,498.05
2026/05/09 04:25:06.152,68,6019,491.41
2026/05/09 04:25:07.184,67,6019,491.56
2026/05/09 04:25:08.216,73,6019,492.98
2026/05/09 04:25:09.248,71,6019,506.20
2026/05/09 04:25:10.279,71,6019,494.83
2026/05/09 04:25:11.311,63,6019,499.54
2026/05/09 04:25:12.343,64,6019,495.68
2026/05/09 04:25:13.377,31,6019,454.48
2026/05/09 04:25:14.410,62,6019,396.98
2026/05/09 04:25:15.442,76,6019,372.71
2026/05/09 04:25:16.473,76,6019,214.29
2026/05/09 04:25:17.505,76,6019,554.22
2026/05/09 04:25:18.536,83,6019,556.40
2026/05/09 04:25:19.567,71,6019,495.72
2026/05/09 04:25:20.599,62,6019,500.30
2026/05/09 04:25:21.630,65,6019,495.79
2026/05/09 04:25:22.662,71,6019,501.10
2026/05/09 04:25:23.694,74,6019,511.04
2026/05/09 04:25:24.726,76,6019,554.27
2026/05/09 04:25:25.758,78,6019,554.72
2026/05/09 04:25:26.790,76,6019,557.52
2026/05/09 04:25:27.821,79,6019,505.06
2026/05/09 04:25:28.853,72,6019,174.55
2026/05/09 04:25:29.884,82,6019,486.91
2026/05/09 04:25:30.916,83,6019,554.22
2026/05/09 04:25:31.949,76,6019,551.62
2026/05/09 04:25:32.981,75,6019,552.72
2026/05/09 04:25:34.014,82,6019,552.15
2026/05/09 04:25:35.047,72,6019,543.85
2026/05/09 04:25:36.080,82,6019,547.78
2026/05/09 04:25:37.113,73,6019,549.62
2026/05/09 04:25:38.146,81,6019,549.97
2026/05/09 04:25:39.178,72,6019,529.72
2026/05/09 04:25:40.211,67,6019,509.60
2026/05/09 04:25:41.242,78,6019,332.32
2026/05/09 04:25:42.274,77,6019,468.59
2026/05/09 04:25:43.306,78,6019,554.47
2026/05/09 04:25:44.338,76,6019,555.71
2026/05/09 04:25:45.370,76,6019,554.67
2026/05/09 04:25:46.401,76,6019,558.36
2026/05/09 04:25:47.432,79,6019,557.48
2026/05/09 04:25:48.463,83,6019,565.38
2026/05/09 04:25:49.494,76,6019,565.39
2026/05/09 04:25:50.524,77,6019,563.60
2026/05/09 04:25:51.555,83,6019,566.83
2026/05/09 04:25:52.586,74,6019,550.10
2026/05/09 04:25:53.618,64,6019,285.11
2026/05/09 04:25:54.649,59,6019,261.62
2026/05/09 04:25:55.678,76,6019,192.01
2026/05/09 04:25:56.708,82,6019,338.26
2026/05/09 04:25:57.740,80,6019,555.43
2026/05/09 04:25:58.772,67,6019,540.84
2026/05/09 04:25:59.804,73,6019,492.20
2026/05/09 04:26:00.835,62,6019,493.27
2026/05/09 04:26:01.866,63,6019,492.52
2026/05/09 04:26:02.898,67,6019,491.74
2026/05/09 04:26:03.931,70,6019,495.16
2026/05/09 04:26:04.964,65,6019,494.72
2026/05/09 04:26:05.997,65,6019,491.38
2026/05/09 04:26:07.029,61,6019,497.87
2026/05/09 04:26:08.061,63,6019,492.07
2026/05/09 04:26:09.093,78,6019,274.41
2026/05/09 04:26:10.125,61,6019,305.19
2026/05/09 04:26:11.155,62,6019,467.75
2026/05/09 04:26:12.187,64,6019,465.15
2026/05/09 04:26:13.219,59,6019,464.34
2026/05/09 04:26:14.252,64,6019,465.32
2026/05/09 04:26:15.283,63,6019,466.57
2026/05/09 04:26:16.315,64,6019,469.86
2026/05/09 04:26:17.346,60,6019,467.60
2026/05/09 04:26:18.377,64,6019,468.70
2026/05/09 04:26:19.409,62,6019,473.22
2026/05/09 04:26:20.440,62,6019,467.29
2026/05/09 04:26:21.474,62,6019,465.52
2026/05/09 04:26:22.506,64,6019,465.40
2026/05/09 04:26:23.539,89,6019,360.73
2026/05/09 04:26:24.570,58,6019,222.60
2026/05/09 04:26:25.602,62,6019,472.96
2026/05/09 04:26:26.635,62,6019,467.44
2026/05/09 04:26:27.667,62,6019,464.45
2026/05/09 04:26:28.698,62,6019,464.40
2026/05/09 04:26:29.731,67,6019,334.58
2026/05/09 04:26:30.763,77,6019,552.37
2026/05/09 04:26:31.795,74,6019,547.91
2026/05/09 04:26:32.828,79,6019,549.58
2026/05/09 04:26:33.860,71,6019,545.62
2026/05/09 04:26:34.893,76,6019,549.68
2026/05/09 04:26:35.927,80,6019,549.63
2026/05/09 04:26:36.960,76,6019,412.31
2026/05/09 04:26:37.992,74,6019,186.15
2026/05/09 04:26:39.024,69,6019,501.45
2026/05/09 04:26:40.056,72,6019,505.65
2026/05/09 04:26:41.089,69,6019,511.50
2026/05/09 04:26:42.121,63,6019,503.48
2026/05/09 04:26:43.153,73,6019,501.76
2026/05/09 04:26:44.184,72,6019,507.47
2026/05/09 04:26:45.216,73,6019,506.39
2026/05/09 04:26:46.250,62,6019,506.29
2026/05/09 04:26:47.282,71,6019,499.86
2026/05/09 04:26:48.313,72,6019,502.78
2026/05/09 04:26:49.347,72,6019,505.73
2026/05/09 04:26:50.379,74,6019,403.22
2026/05/09 04:26:51.411,73,6019,194.83
2026/05/09 04:26:52.444,62,6019,467.20
2026/05/09 04:26:53.476,71,6019,479.17
2026/05/09 04:26:54.510,65,6019,481.28
2026/05/09 04:26:55.542,64,6019,480.46
2026/05/09 04:26:56.574,64,6019,477.48
2026/05/09 04:26:57.607,64,6019,468.12
2026/05/09 04:26:58.639,60,6019,465.40
2026/05/09 04:26:59.671,65,6019,468.99
2026/05/09 04:27:00.702,67,6019,492.60
2026/05/09 04:27:01.734,72,6019,502.95
2026/05/09 04:27:02.766,73,6019,502.40
2026/05/09 04:27:03.798,61,6019,472.99
2026/05/09 04:27:04.831,64,6019,357.42
2026/05/09 04:27:05.864,67,6019,268.77
2026/05/09 04:27:06.896,90,6019,232.11
2026/05/09 04:27:07.927,72,6019,236.49
2026/05/09 04:27:08.959,63,6019,479.64
2026/05/09 04:27:09.991,62,6019,479.96
2026/05/09 04:27:11.023,67,6019,471.51
2026/05/09 04:27:12.054,62,6019,479.26
2026/05/09 04:27:13.087,69,6019,481.48
2026/05/09 04:27:14.119,62,6019,473.83
2026/05/09 04:27:15.151,65,6019,481.29
2026/05/09 04:27:16.183,73,6019,497.82
2026/05/09 04:27:17.215,63,6019,491.85
2026/05/09 04:27:18.247,64,6019,491.41
2026/05/09 04:27:19.278,65,6019,493.02
2026/05/09 04:27:20.310,62,6019,491.18
2026/05/09 04:27:21.341,89,6019,271.83
2026/05/09 04:27:22.373,67,6019,337.23
2026/05/09 04:27:23.407,71,6019,500.21
2026/05/09 04:27:24.440,71,6019,504.50
2026/05/09 04:27:25.473,71,6019,506.52
2026/05/09 04:27:26.505,72,6019,508.81
2026/05/09 04:27:27.537,63,6019,507.87
2026/05/09 04:27:28.569,67,6019,503.68
2026/05/09 04:27:29.602,71,6019,500.98
2026/05/09 04:27:30.633,73,6019,504.84
2026/05/09 04:27:31.665,72,6019,507.93
2026/05/09 04:27:32.698,73,6019,506.38
2026/05/09 04:27:33.732,72,6019,508.34
2026/05/09 04:27:34.764,84,6019,419.83
2026/05/09 04:27:35.796,62,6019,352.65
2026/05/09 04:27:36.827,69,6019,491.47
2026/05/09 04:27:37.860,67,6019,493.13
2026/05/09 04:27:38.891,62,6019,489.61
2026/05/09 04:27:39.922,67,6019,476.78
2026/05/09 04:27:40.952,72,6019,475.55
2026/05/09 04:27:41.984,67,6019,482.14
2026/05/09 04:27:43.017,68,6019,468.30
2026/05/09 04:27:44.049,63,6019,482.39
2026/05/09 04:27:45.080,60,6019,469.92
2026/05/09 04:27:46.113,62,6019,478.73
2026/05/09 04:27:47.145,63,6019,339.09
2026/05/09 04:27:48.177,72,6019,552.15
2026/05/09 04:27:49.210,75,6019,411.40
2026/05/09 04:27:50.241,72,6019,185.14
2026/05/09 04:27:51.274,73,6019,550.79
2026/05/09 04:27:52.307,81,6019,552.44
2026/05/09 04:27:53.339,81,6019,551.48
2026/05/09 04:27:54.372,75,6019,551.52
2026/05/09 04:27:55.405,83,6019,551.43
2026/05/09 04:27:56.436,74,6019,550.46
2026/05/09 04:27:57.468,75,6019,556.95
2026/05/09 04:27:58.500,79,6019,548.76
2026/05/09 04:27:59.532,72,6019,552.04
2026/05/09 04:28:00.564,75,6019,554.65
2026/05/09 04:28:01.596,76,6019,360.96
2026/05/09 04:28:02.628,74,6019,229.82
2026/05/09 04:28:03.661,74,6019,555.14
2026/05/09 04:28:04.693,68,6019,522.78
2026/05/09 04:28:05.725,73,6019,507.95
2026/05/09 04:28:06.757,68,6019,515.67
2026/05/09 04:28:07.789,72,6019,506.43
2026/05/09 04:28:08.821,73,6019,511.96
2026/05/09 04:28:09.853,69,6019,514.39
2026/05/09 04:28:10.887,64,6019,506.12
2026/05/09 04:28:11.918,73,6019,507.48
2026/05/09 04:28:12.950,73,6019,510.98
2026/05/09 04:28:13.982,63,6019,513.08
2026/05/09 04:28:15.014,89,6019,320.68
2026/05/09 04:28:16.045,63,6019,328.01
2026/05/09 04:28:17.077,73,6019,507.98
2026/05/09 04:28:18.110,73,6019,514.39
2026/05/09 04:28:19.142,63,6019,510.38
2026/05/09 04:28:20.174,72,6019,506.75
2026/05/09 04:28:21.207,73,6019,511.67
2026/05/09 04:28:22.238,71,6019,507.32
2026/05/09 04:28:23.272,63,6019,506.47
2026/05/09 04:28:24.305,63,6019,503.42
2026/05/09 04:28:25.337,65,6019,504.39
2026/05/09 04:28:26.371,67,6019,504.80
2026/05/09 04:28:27.403,73,6019,503.82
2026/05/09 04:28:28.435,68,6019,346.07
2026/05/09 04:28:29.470,63,6019,263.53
2026/05/09 04:28:30.502,90,6019,222.76
2026/05/09 04:28:31.534,72,6019,287.47
2026/05/09 04:28:32.568,72,6019,510.07
2026/05/09 04:28:33.600,65,6019,508.84
2026/05/09 04:28:34.633,64,6019,503.19
2026/05/09 04:28:35.665,70,6019,500.49
2026/05/09 04:28:36.697,72,6019,503.33
2026/05/09 04:28:37.729,72,6019,506.36
2026/05/09 04:28:38.761,72,6019,506.58
2026/05/09 04:28:39.794,72,6019,506.43
2026/05/09 04:28:40.825,71,6019,503.69
2026/05/09 04:28:41.857,68,6019,506.22
2026/05/09 04:28:42.890,63,6019,506.78
2026/05/09 04:28:43.923,84,6019,327.99
2026/05/09 04:28:44.955,64,6019,276.93
2026/05/09 04:28:45.988,69,6019,501.68
2026/05/09 04:28:47.020,67,6019,504.45
2026/05/09 04:28:48.054,67,6019,505.19
2026/05/09 04:28:49.089,61,6019,495.12
2026/05/09 04:28:50.122,65,6019,478.04
2026/05/09 04:28:51.155,68,6019,485.64
2026/05/09 04:28:52.188,65,6019,488.06
2026/05/09 04:28:53.220,66,6019,484.55
2026/05/09 04:28:54.253,69,6019,488.01
2026/05/09 04:28:55.284,72,6019,490.86
2026/05/09 04:28:56.316,63,6019,495.04
2026/05/09 04:28:57.347,69,6019,458.05
2026/05/09 04:28:58.380,84,6019,189.97
2026/05/09 04:28:59.412,62,6019,421.21
2026/05/09 04:29:00.443,62,6019,464.87
2026/05/09 04:29:01.475,62,6019,465.90
2026/05/09 04:29:02.509,0,6019,394.35
2026/05/09 04:29:03.542,74,6019,401.54
2026/05/09 04:29:04.574,81,6019,562.14
2026/05/09 04:29:05.607,74,6019,550.49
2026/05/09 04:29:06.644,79,6019,554.97
2026/05/09 04:29:07.676,83,6019,552.82
2026/05/09 04:29:08.710,71,6019,549.40
2026/05/09 04:29:09.743,80,6019,553.15
2026/05/09 04:29:10.775,80,6019,487.89
2026/05/09 04:29:11.807,72,6019,172.85
2026/05/09 04:29:12.838,75,6019,494.77
2026/05/09 04:29:13.871,74,6019,554.93
2026/05/09 04:29:14.903,74,6019,556.07
2026/05/09 04:29:15.935,82,6019,553.84
2026/05/09 04:29:16.968,81,6019,556.63
2026/05/09 04:29:17.999,75,6019,552.20
2026/05/09 04:29:19.031,76,6019,553.24
2026/05/09 04:29:20.063,82,6019,552.03
2026/05/09 04:29:21.094,72,6019,548.94
2026/05/09 04:29:22.126,76,6019,554.58
2026/05/09 04:29:23.160,82,6019,553.22
2026/05/09 04:29:24.192,84,6019,231.72
2026/05/09 04:29:25.224,71,6019,368.69
2026/05/09 04:29:26.256,73,6019,511.12
2026/05/09 04:29:27.288,63,6019,511.50
2026/05/09 04:29:28.319,71,6019,504.58
2026/05/09 04:29:29.353,73,6019,511.81
2026/05/09 04:29:30.384,72,6019,511.92
2026/05/09 04:29:31.417,64,6019,507.37
2026/05/09 04:29:32.450,63,6019,504.59
2026/05/09 04:29:33.482,63,6019,503.68
2026/05/09 04:29:34.515,63,6019,504.70
2026/05/09 04:29:35.548,67,6019,502.23
2026/05/09 04:29:36.579,72,6019,505.53
2026/05/09 04:29:37.612,82,6019,222.56
2026/05/09 04:29:38.645,68,6019,399.96
2026/05/09 04:29:39.677,71,6019,500.81
2026/05/09 04:29:40.711,72,6019,504.53
2026/05/09 04:29:41.743,72,6019,504.02
2026/05/09 04:29:42.775,71,6019,503.99
2026/05/09 04:29:43.808,71,6019,503.01
2026/05/09 04:29:44.840,71,6019,502.39
2026/05/09 04:29:45.874,70,6019,500.70
2026/05/09 04:29:46.908,69,6019,500.46
2026/05/09 04:29:47.940,67,6019,503.33
2026/05/09 04:29:48.972,64,6019,500.14
2026/05/09 04:29:50.005,62,6019,504.00
2026/05/09 04:29:51.038,62,6019,324.15
2026/05/09 04:29:52.071,61,6019,266.27
2026/05/09 04:29:53.103,90,6019,217.12
2026/05/09 04:29:54.135,66,6019,325.55
2026/05/09 04:29:55.168,63,6019,503.51
2026/05/09 04:29:56.200,64,6019,502.25
2026/05/09 04:29:57.233,66,6019,503.10
2026/05/09 04:29:58.265,70,6019,498.91
2026/05/09 04:29:59.298,71,6019,500.70
2026/05/09 04:30:00.331,72,6019,504.78
2026/05/09 04:30:01.363,62,6019,502.12
2026/05/09 04:30:02.395,60,6019,475.95
2026/05/09 04:30:03.428,58,6019,471.75
2026/05/09 04:30:04.461,69,6019,482.75
2026/05/09 04:30:05.494,62,6019,487.46
2026/05/09 04:30:06.526,70,6019,394.09
2026/05/09 04:30:07.557,71,6019,169.64
2026/05/09 04:30:08.590,83,6019,513.52
2026/05/09 04:30:09.620,66,6019,530.01
2026/05/09 04:30:10.652,67,6019,516.84
2026/05/09 04:30:11.683,72,6019,504.84
2026/05/09 04:30:12.715,0,6019,386.64
2026/05/09 04:30:13.748,65,6019,499.55
2026/05/09 04:30:14.780,76,6019,546.55
2026/05/09 04:30:15.813,79,6019,548.22
2026/05/09 04:30:16.845,63,6019,531.61
2026/05/09 04:30:17.877,72,6019,490.78
2026/05/09 04:30:18.910,63,6019,497.38
2026/05/09 04:30:19.942,79,6019,428.16
2026/05/09 04:30:20.973,77,6019,171.74
2026/05/09 04:30:22.004,64,6019,454.90
2026/05/09 04:30:23.036,62,6019,498.95
2026/05/09 04:30:24.068,70,6019,495.49
2026/05/09 04:30:25.099,73,6019,496.76
2026/05/09 04:30:26.131,62,6019,499.90
2026/05/09 04:30:27.163,63,6019,499.10
2026/05/09 04:30:28.192,72,6019,497.15
2026/05/09 04:30:29.223,68,6019,492.49
2026/05/09 04:30:30.255,69,6019,502.42
2026/05/09 04:30:31.286,72,6019,499.74
2026/05/09 04:30:32.318,64,6019,496.49
2026/05/09 04:30:33.350,64,6019,495.38
2026/05/09 04:30:34.384,73,6019,221.32
2026/05/09 04:30:35.416,66,6019,321.21
2026/05/09 04:30:36.446,72,6019,503.85
2026/05/09 04:30:37.476,64,6019,502.18
2026/05/09 04:30:38.508,73,6019,505.87
2026/05/09 04:30:39.539,73,6019,506.31
2026/05/09 04:30:40.569,67,6019,502.53
2026/05/09 04:30:41.601,74,6019,508.24
2026/05/09 04:30:42.633,75,6019,504.39
2026/05/09 04:30:43.664,65,6019,507.32
2026/05/09 04:30:44.696,66,6019,507.47
2026/05/09 04:30:45.728,65,6019,503.67
2026/05/09 04:30:46.760,62,6019,504.46
2026/05/09 04:30:47.792,76,6019,297.58
2026/05/09 04:30:48.823,72,6019,276.73
2026/05/09 04:30:49.855,67,6019,507.03
2026/05/09 04:30:50.887,72,6019,510.73
2026/05/09 04:30:51.918,67,6019,505.41
2026/05/09 04:30:52.950,62,6019,504.94
2026/05/09 04:30:53.981,63,6019,502.88
2026/05/09 04:30:55.012,64,6019,502.67
2026/05/09 04:30:56.045,62,6019,503.01
2026/05/09 04:30:57.075,63,6019,502.04
2026/05/09 04:30:58.108,63,6019,503.40
2026/05/09 04:30:59.139,65,6019,503.36
2026/05/09 04:31:00.171,63,6019,499.90
2026/05/09 04:31:01.202,65,6019,500.28
2026/05/09 04:31:02.233,62,6019,259.33
2026/05/09 04:31:03.264,0,6019,127.18
2026/05/09 04:31:04.295,0,6019,90.66
2026/05/09 04:31:05.327,0,6019,72.59
