stride_idx,level,beta_pre,beta_post,delta_beta,beta_max,ess_at_dbeta_chosen,n_smc,theta_dim,chees_L_chosen,chees_score_best,chees_L_candidates,chees_scores,eps_step_size,n_mcmc_moves,total_accepts,accept_frac,log_density_pre_mean,log_density_post_mean,delta_log_density,esjd_total,esjd_per_eps_L,wall_seconds_level
2,1,0.0,0.8312131659213019,0.8312131659213019,4.601679066771343,512.0000001520116,1024,12,16,33.301835625646575,16;32;64;128;256;512,33.301835625646575;10.489844166762252;9.671440514693334;2.0020468800389644;2.255626632278968;0.3032481676779947,0.2,8,8086,0.987060546875,11.85417002469785,13.27973704582837,1.4255670211305187,44.98400764474581,14.057502388983064,3.9018731117248535
2,2,0.8312131659213019,1.7515489792755705,0.9203358133542686,4.601679066771343,741.5182717287979,1024,12,16,25.014794285829666,16;32;64;128;256;512,25.014794285829666;9.647115527885646;4.599595453575061;1.086173379030652;1.0356083041193829;0.2958004012473914,0.2,8,8015,0.9783935546875,13.27973704582837,13.813869750361846,0.5341327045334765,41.25771799588063,12.893036873712697,3.813123941421509
2,3,1.7515489792755705,2.671884792629839,0.9203358133542685,4.601679066771343,861.9910405510943,1024,12,16,19.391021107890527,16;32;64;128;256;512,19.391021107890527;8.3812278014846;3.756943293213758;1.506308213683223;1.2138173352394193;0.15235439300979892,0.2,8,7904,0.96484375,13.813869750361846,14.017617247211092,0.2037474968492461,38.853875290888986,12.141836028402807,3.4864320755004883
2,4,2.671884792629839,3.5922206059841075,0.9203358133542685,4.601679066771343,915.0802052774042,1024,12,16,17.653638944411856,16;32;64;128;256;512,17.653638944411856;8.86581558603226;4.584683650848742;1.4306664630155903;1.3474338263416488;0.11850686111083551,0.2,8,7790,0.950927734375,14.017617247211092,14.161926895678334,0.14430964846724237,39.12425387560623,12.226329336126947,3.617684841156006
2,5,3.5922206059841075,4.5125564193383765,0.920335813354269,4.601679066771343,942.5384490548216,1024,12,16,16.601975040916493,16;32;64;128;256;512,16.601975040916493;6.816056672101599;4.353776032498435;1.3714103591853306;0.9435888975372132;0.04962870476266674,0.2,8,7645,0.9332275390625,14.161926895678334,14.276299082786863,0.11437218710852903,37.55337293549969,11.735429042343652,3.8232109546661377
2,6,4.5125564193383765,4.601679066771343,0.0891226474329665,4.601679066771343,1023.2442589281525,1024,12,16,18.910109203219704,16;32;64;128;256;512,18.910109203219704;7.2823378455683985;4.252033180566134;1.143258669351249;0.6253798914767806;0.10768447463856991,0.2,8,7652,0.93408203125,14.276299082786863,14.287167342368775,0.010868259581911843,36.832459593789864,11.510143623059331,3.5356290340423584
4,1,0.0,0.7733973637727232,0.7733973637727232,3.866986818863616,537.1983866491984,1024,12,16,19.41658256208048,16;32;64;128;256;512,19.41658256208048;9.236709495600781;3.6995825559316944;1.6502105615132179;0.985617170045962;0.1695001901256814,0.2,8,8123,0.9915771484375,13.335649856340751,14.648665978274948,1.3130161219341971,46.7898523754704,14.6218288673345,3.512104034423828
4,2,0.7733973637727232,1.5467947275454463,0.7733973637727232,3.866986818863616,779.6903118954216,1024,12,16,28.645147464435887,16;32;64;128;256;512,28.645147464435887;7.766140717861158;6.866549054446834;1.8846751760881693;1.8595835475039026;0.1891644940757057,0.2,8,8018,0.978759765625,14.648665978274948,15.17657570882875,0.5279097305538016,43.720428755964306,13.662633986238845,3.580918073654175
4,3,1.5467947275454463,2.3201920913181695,0.7733973637727232,3.866986818863616,877.621057083622,1024,12,16,26.63787209894667,16;32;64;128;256;512,26.63787209894667;9.196993494257724;3.9467739406206674;1.7918579464039746;1.3697784057103692;0.19772596907986084,0.2,8,7901,0.9644775390625,15.17657570882875,15.39662899848554,0.22005328965678927,40.6220000987819,12.694375030869343,3.589454174041748
4,4,2.3201920913181695,3.0935894550908927,0.7733973637727232,3.866986818863616,926.8307398958117,1024,12,16,20.519937916209916,16;32;64;128;256;512,20.519937916209916;7.615051562719682;4.331739562700333;1.3974976287835412;1.1133272090379807;0.19011792094956032,0.2,8,7850,0.958251953125,15.39662899848554,15.557918144375435,0.16128914588989574,39.17493401288671,12.242166879027096,3.5723118782043457
4,5,3.0935894550908927,3.866986818863616,0.7733973637727232,3.866986818863616,948.854555585441,1024,12,16,17.42002196138592,16;32;64;128;256;512,17.42002196138592;8.260976038798198;3.0611386995605807;1.2137362779954657;0.8565971039288609;0.13668263607522468,0.2,8,7772,0.94873046875,15.557918144375435,15.662475050186913,0.10455690581147792,36.74166080128202,11.481769000400632,3.5780129432678223
6,1,0.0,0.8526945418960434,0.8526945418960434,4.709397636040533,512.000000207111,1024,12,16,24.87532615593735,16;32;64;128;256;512,24.87532615593735;9.014721683027203;6.128562667227364;2.0451031247527562;1.3280624586917662;0.2951226535316005,0.2,8,8084,0.98681640625,12.714788422743368,14.020408806592968,1.3056203838496003,44.92693293954725,14.039666543608515,3.7986841201782227
6,2,0.8526945418960434,1.79457406910415,0.9418795272081066,4.709397636040533,740.9174264957334,1024,12,16,21.72760134564455,16;32;64;128;256;512,21.72760134564455;6.934578648572951;5.283673748253038;0.9714752374271263;1.1456383012880837;0.16891512015812252,0.2,8,8000,0.9765625,14.020408806592968,14.50420457536893,0.48379576877596264,42.558901691901696,13.29965677871928,3.859827995300293
6,3,1.79457406910415,2.7364535963122565,0.9418795272081064,4.709397636040533,855.2210920436459,1024,12,16,15.314089681520796,16;32;64;128;256;512,15.314089681520796;10.57886875414843;4.635781958424445;1.9752749619024084;1.2794554864217884;0.21409042904163816,0.2,8,7876,0.96142578125,14.50420457536893,14.747903555031371,0.24369897966244025,39.82343340852638,12.444822940164492,3.506082057952881
6,4,2.7364535963122565,3.678333123520363,0.9418795272081066,4.709397636040533,907.2867004346763,1024,12,16,19.074904781184145,16;32;64;128;256;512,19.074904781184145;7.206484788232587;4.662428390163871;1.629140009851429;0.9991565951682788;0.18124392823495836,0.2,8,7773,0.9488525390625,14.747903555031371,14.909945645562402,0.16204209053103114,38.30821421054407,11.971316940795022,3.6185390949249268
6,5,3.678333123520363,4.62021265072847,0.9418795272081066,4.709397636040533,947.4356980027586,1024,12,16,15.52432059377939,16;32;64;128;256;512,15.52432059377939;8.57902050730855;4.172744208763505;0.8067907741260333;1.1251584155726324;0.11158554791712898,0.2,8,7649,0.9337158203125,14.909945645562402,15.012855067267083,0.10290942170468043,36.43261018019038,11.385190681309494,3.5925469398498535
6,6,4.62021265072847,4.709397636040533,0.08918498531206343,4.709397636040533,1023.3094923995818,1024,12,16,18.175226135006653,16;32;64;128;256;512,18.175226135006653;6.808741268743943;4.129302526182541;1.0022844620728086;0.9943364428197088;0.172515470881989,0.2,8,7679,0.9373779296875,15.012855067267083,15.01470848875033,0.0018534214832470752,36.149626625965766,11.296758320614302,3.5699119567871094
8,1,0.0,0.7375940722469814,0.7375940722469814,3.6879703612349064,596.5126010378349,1024,12,16,21.181541811521704,16;32;64;128;256;512,21.181541811521704;7.529029991899634;5.853076048793063;1.741933290363457;1.5928108588816436;0.20951706171173148,0.2,8,8110,0.989990234375,13.754803161241398,14.931119210355064,1.176316049113666,48.309553662128856,15.096735519415267,4.036746025085449
8,2,0.7375940722469814,1.4751881444939627,0.7375940722469814,3.6879703612349064,783.7796013108493,1024,12,16,18.28667871825236,16;32;64;128;256;512,18.28667871825236;7.790001795672102;4.122968168392774;1.0411570545421707;1.0830914169183985;0.20743749913801846,0.2,8,8035,0.9808349609375,14.931119210355064,15.426115353526257,0.49499614317119267,44.42477934511549,13.882743545348589,3.6928369998931885
8,3,1.4751881444939627,2.212782216740944,0.7375940722469814,3.6879703612349064,877.5418059706834,1024,12,16,17.868410712377997,16;32;64;128;256;512,17.868410712377997;6.554341151720844;5.737984961334209;1.9143603853216042;1.196648643129743;0.19716482799407814,0.2,8,7931,0.9681396484375,15.426115353526257,15.728375283710193,0.3022599301839364,41.113154292239344,12.847860716324794,3.5576398372650146
8,4,2.212782216740944,2.9503762889879255,0.7375940722469814,3.6879703612349064,932.4014154744508,1024,12,16,14.134642141083393,16;32;64;128;256;512,14.134642141083393;6.984582138603779;2.8985666823994465;0.7911202406012436;0.8295441693403682;0.1936609797419946,0.2,8,7868,0.96044921875,15.728375283710193,15.840963001850469,0.11258771814027568,38.58430477719358,12.057595242872994,3.8148200511932373
8,5,2.9503762889879255,3.6879703612349064,0.7375940722469809,3.6879703612349064,953.2929818650333,1024,12,16,19.229623553851766,16;32;64;128;256;512,19.229623553851766;7.38365417258507;4.5926080400170415;0.8571483795412967;1.176756822677829;0.08623992627009423,0.2,8,7747,0.9456787109375,15.840963001850469,15.960410542404134,0.11944754055366502,38.35105370914382,11.984704284107442,3.780479907989502
10,1,0.0,0.8347295380980904,0.8347295380980904,4.6473586196737315,512.0000003372224,1024,12,16,23.62481648508627,16;32;64;128;256;512,23.62481648508627;10.364165542839755;4.641786860935738;2.4767647532429673;1.690923337151981;0.21174460035033954,0.2,8,8080,0.986328125,14.656193324568449,16.05240570666865,1.3962123821002024,45.71498280634366,14.285932126982393,3.737922191619873
10,2,0.8347295380980904,1.7642012620328367,0.9294717239347463,4.6473586196737315,729.1679246365723,1024,12,16,19.637433013049066,16;32;64;128;256;512,19.637433013049066;9.135426881578956;5.013691772319369;2.181408416946321;1.1089373183172984;0.24053329291928346,0.2,8,8018,0.978759765625,16.05240570666865,16.577375134183967,0.5249694275153161,42.77776629559416,13.368051967373175,3.526305913925171
10,3,1.7642012620328367,2.693672985967583,0.9294717239347463,4.6473586196737315,856.0650085710934,1024,12,16,22.235210029047064,16;32;64;128;256;512,22.235210029047064;11.54361952096822;6.447645278301717;2.235557315396276;1.7146139577516821;0.1301939678288807,0.2,8,7906,0.965087890625,16.577375134183967,16.829202062654076,0.2518269284701091,40.784209503303224,12.745065469782256,3.7761998176574707
10,4,2.693672985967583,3.6231447099023293,0.9294717239347463,4.6473586196737315,910.2155728145069,1024,12,16,15.410798460692256,16;32;64;128;256;512,15.410798460692256;7.413401841674805;3.2023596937443077;1.3859753266208101;1.1612092252456547;0.08418204034978168,0.2,8,7744,0.9453125,16.829202062654076,16.95606165522622,0.12685959257214563,38.06872412296733,11.89647628842729,3.6946189403533936
10,5,3.6231447099023293,4.552616433837075,0.9294717239347459,4.6473586196737315,940.4390176607094,1024,12,16,10.079632611331483,16;32;64;128;256;512,10.079632611331483;5.916820620735499;4.500173007598629;1.1042218873487655;0.8042601217148955;0.12125557078784087,0.2,8,7658,0.934814453125,16.95606165522622,17.07036481945397,0.11430316422774922,36.84827993458949,11.515087479559215,3.7252650260925293
10,6,4.552616433837075,4.6473586196737315,0.09474218583665639,4.6473586196737315,1023.1736885530144,1024,12,16,17.331458744957235,16;32;64;128;256;512,17.331458744957235;6.540429633591943;3.565758791492194;1.278414079249421;0.9739007283388357;0.1298736740701659,0.2,8,7595,0.9271240234375,17.07036481945397,17.097080818974064,0.026715999520092737,36.95882843434989,11.54963388573434,3.7438719272613525
12,1,0.0,0.8628385350595575,0.8628385350595575,4.575778719499292,512.0000000298619,1024,12,16,20.100611773204697,16;32;64;128;256;512,20.100611773204697;8.750792664664813;4.850188643270759;1.5983005118070344;1.252840704912292;0.2471647851476232,0.2,8,8091,0.9876708984375,15.036316346642707,16.397250171925407,1.3609338252827001,45.957085960353,14.361589362610312,3.421844959259033
12,2,0.8628385350595575,1.777994278959416,0.9151557438998585,4.575778719499292,756.0950491623183,1024,12,16,17.931521568686936,16;32;64;128;256;512,17.931521568686936;7.807840836650481;4.424625138123657;1.5599183902478797;1.0474682162945708;0.2511786016800324,0.2,8,7999,0.9764404296875,16.397250171925407,16.85057835538464,0.4533281834592344,41.928088805307056,13.102527751658455,3.5636348724365234
12,3,1.777994278959416,2.6931500228592746,0.9151557438998585,4.575778719499292,854.5322789049055,1024,12,16,23.276716773240608,16;32;64;128;256;512,23.276716773240608;9.140151215463318;5.990447794781362;1.3992467038265017;0.9601729049893357;0.3270916962159554,0.2,8,7879,0.9617919921875,16.85057835538464,17.0916873267779,0.2411089713932597,40.94002173860247,12.793756793313271,3.5796101093292236
12,4,2.6931500228592746,3.608305766759133,0.9151557438998585,4.575778719499292,908.4561107290441,1024,12,16,15.513754640027809,16;32;64;128;256;512,15.513754640027809;6.316972405713949;4.017407535012441;1.6449906844295354;0.7809974145524674;0.21158254381252203,0.2,8,7755,0.9466552734375,17.0916873267779,17.250787595850852,0.15910026907295105,38.9871667052374,12.183489595386687,3.6268579959869385
12,5,3.608305766759133,4.523461510658992,0.9151557438998585,4.575778719499292,935.1643519833028,1024,12,16,23.83777923971656,16;32;64;128;256;512,23.83777923971656;8.596248668696385;5.021647431912983;1.409272982162032;0.8583130398879587;0.12563149165898363,0.2,8,7612,0.92919921875,17.250787595850852,17.35828012326965,0.107492527418799,37.42946140172785,11.696706688039953,3.609795093536377
12,6,4.523461510658992,4.575778719499292,0.05231720884030011,4.575778719499292,1023.722882276236,1024,12,16,15.982434954856833,16;32;64;128;256;512,15.982434954856833;5.653906988225888;3.697832389077208;1.3689078592270836;1.0507692997714912;0.10856436141347216,0.2,8,7626,0.930908203125,17.35828012326965,17.371213683120004,0.012933559850353049,36.60550786701831,11.439221208443222,3.812384843826294
14,1,0.0,0.8829921524177482,0.8829921524177482,5.400545418909299,512.0000000884647,1024,12,16,20.239210451695747,16;32;64;128;256;512,20.239210451695747;9.279704383618716;4.587438948954186;1.9672043593562412;1.3204347072977118;0.24712369479802385,0.2,8,8083,0.9866943359375,14.294156129920339,15.602444008713064,1.3082878787927257,46.006701770290476,14.377094303215774,3.631680965423584
14,2,0.8829921524177482,1.963101236199608,1.0801090837818599,5.400545418909299,684.269383847815,1024,12,16,19.989600580028767,16;32;64;128;256;512,19.989600580028767;6.548512023874178;5.006663808394128;1.2900640780759867;0.8762503422509524;0.1594521023070202,0.2,8,7999,0.9764404296875,15.602444008713064,16.163227076645853,0.560783067932789,40.89517476077589,12.779742112742465,3.6048038005828857
14,3,1.963101236199608,3.043210319981468,1.08010908378186,5.400545418909299,841.0284991684966,1024,12,16,17.78883872495418,16;32;64;128;256;512,17.78883872495418;8.824310980000641;3.5245800608924385;1.5820983795867134;1.1602182135774812;0.20546017370481887,0.2,8,7873,0.9610595703125,16.163227076645853,16.397170278163685,0.23394320151783177,39.958743831313846,12.487107447285576,4.008185148239136
14,4,3.043210319981468,4.123319403763328,1.0801090837818599,5.400545418909299,895.4671959138799,1024,12,16,20.00434401701102,16;32;64;128;256;512,20.00434401701102;7.504501912079738;4.087648333323564;1.9035992900003986;1.1472868728989005;0.1445441619292936,0.2,8,7713,0.9415283203125,16.397170278163685,16.535321682058566,0.1381514038948808,37.21919626493651,11.630998832792658,3.6305630207061768
14,5,4.123319403763328,5.203428487545188,1.0801090837818599,5.400545418909299,929.6747615284377,1024,12,16,15.428490079009142,16;32;64;128;256;512,15.428490079009142;3.952684090512786;3.0216953933331108;0.7074601790909354;0.8570139704057553;0.1330739941458276,0.2,8,7602,0.927978515625,16.535321682058566,16.644525994823198,0.10920431276463205,35.1495482907914,10.984233840872312,3.8421430587768555
14,6,5.203428487545188,5.400545418909299,0.19711693136411146,5.400545418909299,1021.0065436174818,1024,12,16,21.97810091565823,16;32;64;128;256;512,21.97810091565823;8.110967978626816;2.684688773811793;1.3381902091579625;1.298172464002864;0.16249690392540844,0.2,8,7577,0.9249267578125,16.644525994823198,16.670233151664434,0.0257071568412357,35.62058840974262,11.13143387804457,3.756024122238159
16,1,0.0,0.8721303067704838,0.8721303067704838,5.059218495790715,512.000000303578,1024,12,16,23.871235627456606,16;32;64;128;256;512,23.871235627456606;9.73481028429065;6.893583903739298;2.19466041414909;1.74034685429616;0.3036653580659583,0.2,8,8086,0.987060546875,15.289548452728013,16.68196649049787,1.3924180377698576,46.36640648384476,14.489502026201487,3.5545549392700195
16,2,0.8721303067704838,1.8839740059286267,1.011843699158143,5.059218495790715,721.8768840484092,1024,12,16,20.330098987844316,16;32;64;128;256;512,20.330098987844316;7.306349192866774;6.089633022408616;1.5164574790951961;1.0555001451964652;0.2278981103477513,0.2,8,7981,0.9742431640625,16.68196649049787,17.165304056539753,0.4833375660418824,41.9458389766896,13.1080746802155,3.8148529529571533
16,3,1.8839740059286267,2.8958177050867695,1.0118436991581428,5.059218495790715,839.5334793810614,1024,12,16,16.948494777773064,16;32;64;128;256;512,16.948494777773064;6.332900751466052;4.532650225878705;1.024673504670821;0.7316813007456094;0.11843625628410087,0.2,8,7820,0.95458984375,17.165304056539753,17.417279092878744,0.2519750363389903,38.760406990106574,12.112627184408304,3.768326997756958
16,4,2.8958177050867695,3.9076614042449123,1.0118436991581428,5.059218495790715,900.2269800831649,1024,12,16,19.867783891341194,16;32;64;128;256;512,19.867783891341194;7.091619524110691;4.797947739341075;1.487336739916079;0.828618795868595;0.10380634098372021,0.2,8,7750,0.946044921875,17.417279092878744,17.581988840225677,0.164709747346933,37.53408045721561,11.729400142879877,3.853278160095215
16,5,3.9076614042449123,4.919505103403055,1.0118436991581428,5.059218495790715,939.9289294082178,1024,12,16,17.09988582308224,16;32;64;128;256;512,17.09988582308224;6.49719915452413;4.9095025077146826;1.3180799654883593;0.7073424051269556;0.1025952690841921,0.2,8,7668,0.93603515625,17.581988840225677,17.677266427723225,0.09527758749754867,36.68952754131165,11.465477356659889,3.4647178649902344
16,6,4.919505103403055,5.059218495790715,0.13971339238765967,5.059218495790715,1022.4123800943709,1024,12,16,13.820578939129812,16;32;64;128;256;512,13.820578939129812;5.449991220310977;2.4888775624093324;0.9792403664254935;0.4578356287551147;0.16533421222986142,0.2,8,7635,0.9320068359375,17.677266427723225,17.682197055015422,0.004930627292196732,36.68391590749926,11.463723721093519,3.6035759449005127
18,1,0.0,0.8266851871298233,0.8266851871298233,5.1762681701298705,512.0000003351556,1024,12,16,20.877331674258503,16;32;64;128;256;512,20.877331674258503;11.620499668495565;5.633478862562636;2.2480844296317284;1.5147588482417966;0.22373018724048727,0.2,8,8092,0.98779296875,17.464648382936502,18.811898228806967,1.347249845870465,47.835091104605965,14.948465970189364,3.7853870391845703
18,2,0.8266851871298233,1.8619388211557975,1.0352536340259741,5.1762681701298705,672.7090323170396,1024,12,16,27.7339507893946,16;32;64;128;256;512,27.7339507893946;9.616070745006363;6.598142367907407;2.0282769165091206;1.944436127385284;0.30422665272405375,0.2,8,7969,0.9727783203125,18.811898228806967,19.395453788645682,0.5835555598387145,42.67276091641558,13.335237786379867,3.763849973678589
18,3,1.8619388211557975,2.897192455181772,1.0352536340259744,5.1762681701298705,824.5428520062222,1024,12,16,16.70467440894834,16;32;64;128;256;512,16.70467440894834;8.068357760838815;5.039473337484897;1.4918174718308468;1.2613495838716378;0.1533459041476,0.2,8,7840,0.95703125,19.395453788645682,19.663496893597767,0.26804310495208483,39.83813395954126,12.449416862356642,3.7790629863739014
18,4,2.897192455181772,3.9324460892077457,1.035253634025974,5.1762681701298705,884.0253718938429,1024,12,16,16.49706105034801,16;32;64;128;256;512,16.49706105034801;6.000078392883182;3.5209075070995985;0.959405312436319;1.0621489136108753;0.19234813389507563,0.2,8,7716,0.94189453125,19.663496893597767,19.856241639485233,0.1927447458874667,37.395562915866805,11.686113411208376,3.459031105041504
18,5,3.9324460892077457,4.96769972323372,1.035253634025974,5.1762681701298705,936.0101267856438,1024,12,16,15.599231504089337,16;32;64;128;256;512,15.599231504089337;5.246401781285697;4.013424091074517;1.1924692486116188;0.7093289800698185;0.1292372693832649,0.2,8,7568,0.923828125,19.856241639485233,19.954311345005408,0.09806970552017447,36.22480391558877,11.32025122362149,3.780242919921875
18,6,4.96769972323372,5.1762681701298705,0.20856844689615084,5.1762681701298705,1020.3741692480627,1024,12,16,19.8514967645868,16;32;64;128;256;512,19.8514967645868;5.915797337891289;4.561675443281877;1.5904933576076776;0.8407801630577312;0.24090316587410499,0.2,8,7550,0.921630859375,19.954311345005408,19.979439224858652,0.02512787985324394,36.231699329877536,11.32240604058673,3.7341220378875732
20,1,0.0,0.8700780091625465,0.8700780091625465,5.610360091958978,512.0000004290036,1024,12,16,27.62412992845233,16;32;64;128;256;512,27.62412992845233;8.891925719530343;8.045911544898125;2.5408222268355045;1.6512014572999218;0.37117033477177086,0.2,8,8067,0.9847412109375,18.879346852346316,20.113020689321274,1.2336738369749582,45.73363110785027,14.29175972120321,3.7123959064483643
20,2,0.8700780091625466,1.992150027554342,1.1220720183917954,5.610360091958978,647.7189982109035,1024,12,16,16.138387247220916,16;32;64;128;256;512,16.138387247220916;6.589024267728099;4.876031167654343;1.682427903660766;1.2212861654747709;0.10548813474416219,0.2,8,7948,0.97021484375,20.113020689321274,20.694288906153815,0.5812682168325409,40.763987592386094,12.738746122620654,3.7640480995178223
20,3,1.992150027554342,3.1142220459461374,1.1220720183917954,5.610360091958978,817.764070122166,1024,12,16,23.533901603693582,16;32;64;128;256;512,23.533901603693582;8.68941635699799;4.567008611428353;1.1948571765472316;1.1258757229430316;0.20798200281274498,0.2,8,7804,0.95263671875,20.694288906153815,20.97834842845623,0.2840595223024138,38.78370463396934,12.11990769811542,3.459868907928467
20,4,3.1142220459461374,4.236294064337933,1.1220720183917958,5.610360091958978,889.2807532277601,1024,12,16,20.906284040102133,16;32;64;128;256;512,20.906284040102133;9.878258129604026;4.7971862353853485;1.6875473286690603;1.2353179721646252;0.11740795535325282,0.2,8,7631,0.9315185546875,20.97834842845623,21.12254946329631,0.14420103484007996,36.97902860984997,11.555946440578115,3.500041961669922
20,5,4.236294064337933,5.358366082729729,1.1220720183917958,5.610360091958978,932.1368324552956,1024,12,16,16.219368087188958,16;32;64;128;256;512,16.219368087188958;6.954797976234615;5.026130625624257;1.264229859825723;0.2775478348535841;0.12932203555080068,0.2,8,7526,0.918701171875,21.12254946329631,21.221319007134298,0.09876954383798875,35.983719587659664,11.244912371143645,3.9829089641571045
20,6,5.358366082729729,5.610360091958978,0.2519940092292492,5.610360091958978,1019.7211745951782,1024,12,16,17.78233801267559,16;32;64;128;256;512,17.78233801267559;7.806096378385064;4.394737764518644;0.828630564597174;0.6768884590566374;0.17978350462521492,0.2,8,7431,0.9071044921875,21.221319007134298,21.237052764605323,0.015733757471025456,35.82771549593013,11.196161092478164,3.62984299659729
22,1,0.0,0.8661889022726594,0.8661889022726594,5.817161826905583,512.0000003739106,1024,12,16,16.745625326480624,16;32;64;128;256;512,16.745625326480624;8.947522187622448;3.4720894737227592;1.4766866588511618;0.8314074879634279;0.16536016157805233,0.2,8,8096,0.98828125,17.173823090961378,18.51870396279628,1.3448808718349028,46.07751398880003,14.399223121500007,3.717215061187744
22,2,0.8661889022726594,2.029621267653776,1.1634323653811167,5.817161826905583,648.8890278303969,1024,12,16,21.781750129658953,16;32;64;128;256;512,21.781750129658953;8.407520083274651;4.812036748256043;1.3909800304177196;1.2214043512640211;0.19130822295030256,0.2,8,7955,0.9710693359375,18.51870396279628,19.098206781389308,0.5795028185930278,42.422321389000494,13.256975434062653,3.8473961353302
22,3,2.029621267653776,3.193053633034893,1.1634323653811167,5.817161826905583,799.6855701382527,1024,12,16,16.076380712941784,16;32;64;128;256;512,16.076380712941784;5.719223427394616;3.355390780397688;1.350192616923202;0.9402085752775976;0.13821629277884206,0.2,8,7792,0.951171875,19.098206781389308,19.39721384072618,0.29900705933687277,39.69853612131906,12.405792537912205,3.716248035430908
22,4,3.193053633034893,4.35648599841601,1.1634323653811167,5.817161826905583,892.7924365777283,1024,12,16,19.37228314930913,16;32;64;128;256;512,19.37228314930913;5.120666716074857;3.495731973453229;1.0015023141050685;0.9835484536572421;0.088319028633519,0.2,8,7645,0.9332275390625,19.39721384072618,19.54154818695679,0.14433434623060748,36.59618768990359,11.436308653094871,3.671351909637451
22,5,4.35648599841601,5.519918363797126,1.1634323653811167,5.817161826905583,929.4033225713965,1024,12,16,16.363415864377654,16;32;64;128;256;512,16.363415864377654;6.500878441838532;1.7795708967800608;0.7565759367015571;0.6670112869695818;0.07442245876686474,0.2,8,7453,0.9097900390625,19.54154818695679,19.639107690920355,0.09755950396356639,36.0325719345886,11.260178729558938,3.550426959991455
22,6,5.519918363797126,5.817161826905583,0.2972434631084564,5.817161826905583,1018.18810982926,1024,12,16,15.385000829966303,16;32;64;128;256;512,15.385000829966303;3.9607808185982565;2.359413530714266;0.7628488247657861;0.7931050648421712;0.0637783054131872,0.2,8,7475,0.9124755859375,19.639107690920355,19.65338882971264,0.014281138792284764,36.086590747957096,11.277059608736591,3.621835947036743
24,1,0.0,0.7902937517112523,0.7902937517112523,5.211423026018161,512.0000003333666,1024,12,16,19.052197775595506,16;32;64;128;256;512,19.052197775595506;11.385043195194621;6.925137680051894;2.258177311874969;1.5379191944295378;0.3334621326752835,0.2,8,8091,0.9876708984375,21.00410543586986,22.373578740523953,1.3694733046540932,47.202556378234036,14.750798868198135,3.4784090518951416
24,2,0.7902937517112523,1.8325783569148846,1.0422846052036323,5.211423026018161,638.8975468947949,1024,12,16,19.764398306794753,16;32;64;128;256;512,19.764398306794753;6.568964400671567;5.70348680277057;1.6823168542187632;1.3140147383075518;0.2011069323484046,0.2,8,7977,0.9737548828125,22.373578740523953,23.085766375217645,0.7121876346936915,42.059537463910935,13.143605457472166,3.5932528972625732
24,3,1.8325783569148846,2.8748629621185167,1.042284605203632,5.211423026018161,820.61162497891,1024,12,16,26.93979268646275,16;32;64;128;256;512,26.93979268646275;10.17811944557992;5.189976771334718;2.0503508201447285;2.0491208861782995;0.16419893028752483,0.2,8,7803,0.9525146484375,23.085766375217645,23.36097530958068,0.27520893436303595,39.12460308043184,12.226438462634949,3.5823187828063965
24,4,2.8748629621185167,3.917147567322149,1.0422846052036325,5.211423026018161,893.0615812941053,1024,12,16,20.468080867906913,16;32;64;128;256;512,20.468080867906913;6.572600527704471;5.8642147588085525;1.132295648264272;0.8866027601721246;0.10808003709460963,0.2,8,7690,0.938720703125,23.36097530958068,23.52141480142018,0.16043949183949735,37.29421216190682,11.654441300595881,3.547384023666382
24,5,3.917147567322149,4.959432172525782,1.0422846052036325,5.211423026018161,932.2009127931402,1024,12,16,12.016393644952212,16;32;64;128;256;512,12.016393644952212;5.2469961018248545;2.4815464273986323;0.49967396682227966;0.6960169542132417;0.12441311926347412,0.2,8,7560,0.9228515625,23.52141480142018,23.626444788853405,0.10502998743322678,36.33794661194341,11.355608316232315,3.8247241973876953
24,6,4.959432172525782,5.211423026018161,0.25199085349237915,5.211423026018161,1019.196357273415,1024,12,16,16.34166757892132,16;32;64;128;256;512,16.34166757892132;7.799350349654763;6.2196474719321975;1.0610795665931279;1.0808889181537966;0.14160279536327258,0.2,8,7501,0.9156494140625,23.626444788853405,23.66005204137764,0.033607252524234354,35.04652207551793,10.952038148599351,3.559022903442383
26,1,0.0,0.6847163103835825,0.6847163103835825,4.3913543334088265,512.0000004262661,1024,12,16,21.03771941426901,16;32;64;128;256;512,21.03771941426901;10.276739153095532;4.530081442782381;2.0491155156320717;1.6189161109788224;0.29293469736331573,0.2,8,8098,0.988525390625,22.491133314082617,23.911860401432932,1.4207270873503148,47.61450667904833,14.879533337202604,3.6884031295776367
26,2,0.6847163103835825,1.5629871770653478,0.8782708666817653,4.3913543334088265,649.766065407657,1024,12,16,26.101185037127443,16;32;64;128;256;512,26.101185037127443;9.310060914935665;5.943394049875475;2.099723941415348;1.5016151305969199;0.26824907811473325,0.2,8,7996,0.97607421875,23.911860401432932,24.656195817275147,0.7443354158422153,43.6427764380867,13.638367636902093,3.581912040710449
26,3,1.5629871770653478,2.441258043747113,0.8782708666817651,4.3913543334088265,813.7361762186471,1024,12,16,15.482109452554514,16;32;64;128;256;512,15.482109452554514;9.10155891222948;5.068507954002259;1.8158210320669943;1.302873446112442;0.1802092595745535,0.2,8,7881,0.9620361328125,24.656195817275147,25.017186891986057,0.36099107471090974,40.03110103809151,12.509719074403597,3.5927300453186035
26,4,2.441258043747113,3.319528910428878,0.8782708666817651,4.3913543334088265,901.7105905394573,1024,12,16,15.612998827207216,16;32;64;128;256;512,15.612998827207216;6.216047845601357;4.870113590794689;1.2242421798834917;1.0136767547691248;0.19309211029175044,0.2,8,7780,0.94970703125,25.017186891986057,25.21409274731559,0.19690585532953264,38.667424423374484,12.083570132304526,3.615285873413086
26,5,3.319528910428878,4.197799777110643,0.8782708666817651,4.3913543334088265,941.8944717006336,1024,12,16,18.9677616809654,16;32;64;128;256;512,18.9677616809654;5.167335919445228;3.1935899375176815;0.8429842114777891;0.8969886326303492;0.23297516062837006,0.2,8,7586,0.926025390625,25.21409274731559,25.308577040908858,0.09448429359326838,37.24738409578745,11.639807529933579,3.639462947845459
26,6,4.197799777110643,4.3913543334088265,0.1935545562981833,4.3913543334088265,1019.8127136304387,1024,12,16,17.52655434450208,16;32;64;128;256;512,17.52655434450208;8.291744334216478;3.5599784118999898;2.0278608908068176;0.9893357193992577;0.1836785844483463,0.2,8,7637,0.9322509765625,25.308577040908858,25.361299450523802,0.0527224096149439,36.36724734758402,11.364764796120005,4.056336879730225
28,1,0.0,0.7147521412939856,0.7147521412939856,4.468547513803784,512.0000005290913,1024,12,16,21.515515700026082,16;32;64;128;256;512,21.515515700026082;7.444246813619942;5.4831364639693225;2.5291864616370305;1.435505024290961;0.17472199674962177,0.2,8,8089,0.9874267578125,23.060012264924808,24.45693007301088,1.396917808086073,47.24123380270448,14.762885563345149,3.7885968685150146
28,2,0.7147521412939856,1.6084616440547423,0.8937095027607568,4.468547513803784,653.7535985889334,1024,12,16,18.292341044747626,16;32;64;128;256;512,18.292341044747626;9.06217302138498;4.657278993098652;1.7128466869322359;0.8685545361580658;0.25939276588368865,0.2,8,7993,0.9757080078125,24.45693007301088,25.19853499927558,0.7416049262646993,43.554961905104804,13.61092559534525,3.816612958908081
28,3,1.6084616440547423,2.502171146815499,0.8937095027607567,4.468547513803784,821.9565885697141,1024,12,16,17.045587346727284,16;32;64;128;256;512,17.045587346727284;6.1227666186247;3.2938119218306365;1.2149732128511583;0.8583491825402306;0.21952231465069041,0.2,8,7857,0.9591064453125,25.19853499927558,25.55696630602324,0.35843130674766144,40.1818513352744,12.55682854227325,3.7730560302734375
28,4,2.502171146815499,3.395880649576256,0.8937095027607569,4.468547513803784,902.4039197757235,1024,12,16,19.005958230239912,16;32;64;128;256;512,19.005958230239912;3.850045607823836;4.979177023620088;0.8815177672732173;1.0446920811400768;0.21529722423434902,0.2,8,7775,0.9490966796875,25.55696630602324,25.713099188607885,0.15613288258464308,38.548188236568215,12.046308823927566,3.56439208984375
28,5,3.395880649576256,4.289590152337013,0.8937095027607569,4.468547513803784,940.0860278431124,1024,12,16,16.84549263855583,16;32;64;128;256;512,16.84549263855583;3.6794569390024945;3.754985625073775;1.0323203726018744;0.9259670818514213;0.11823832245247877,0.2,8,7608,0.9287109375,25.713099188607885,25.83435600339726,0.12125681478937622,36.67267574623669,11.460211170698965,3.556411027908325
28,6,4.289590152337013,4.468547513803784,0.17895736146677077,4.468547513803784,1020.7195382638813,1024,12,16,23.910814926437233,16;32;64;128;256;512,23.910814926437233;8.399019131818612;4.294757278277399;1.2804947282486063;1.055992510967932;0.23468178457490413,0.2,8,7599,0.9276123046875,25.83435600339726,25.846633835586545,0.0122778321892838,36.682299799757914,11.463218687424348,3.614177942276001
30,1,0.0,0.6885135122816912,0.6885135122816912,5.101321754861047,512.0000002578727,1024,12,16,21.919393795688848,16;32;64;128;256;512,21.919393795688848;9.396136140013809;4.394021401348027;2.4339277695000607;1.2917457526979306;0.2525669718250202,0.2,8,8109,0.9898681640625,23.311907713814435,24.827787246154912,1.5158795323404775,47.33320910915697,14.791627846611552,3.7719058990478516
30,2,0.6885135122816912,1.7087778632539006,1.0202643509722094,5.101321754861047,584.927365613808,1024,12,16,11.486283430751012,16;32;64;128;256;512,11.486283430751012;5.917868877671764;3.710901189405764;0.9267401792472203;0.6775881288624054;0.1621060003546577,0.2,8,7971,0.9730224609375,24.827787246154912,25.628871668697684,0.8010844225427718,41.74299787124262,13.044686834763318,3.588836908340454
30,3,1.7087778632539006,2.72904221422611,1.0202643509722094,5.101321754861047,781.0421240078427,1024,12,16,18.537661144427585,16;32;64;128;256;512,18.537661144427585;9.5559166194798;4.947182061558344;1.7432885300649643;1.174633804528239;0.08111030117071313,0.2,8,7862,0.959716796875,25.628871668697684,26.005592815519776,0.3767211468220921,38.816613949764886,12.130191859301526,3.5952670574188232
30,4,2.72904221422611,3.749306565198319,1.0202643509722091,5.101321754861047,894.4823599265078,1024,12,16,17.04755809089249,16;32;64;128;256;512,17.04755809089249;8.063505250471184;3.524590461369824;1.8843567712323552;0.9431371914114431;0.12381786611009488,0.2,8,7666,0.935791015625,26.005592815519776,26.165741719305515,0.1601489037857391,39.12858835925327,12.227683862266646,3.661745071411133
30,5,3.749306565198319,4.769570916170529,1.0202643509722096,5.101321754861047,931.3291427335347,1024,12,16,17.3721113534185,16;32;64;128;256;512,17.3721113534185;4.985433244387602;4.025872658041074;0.8969508687574874;0.4360733188599035;0.10783834107541636,0.2,8,7592,0.9267578125,26.165741719305515,26.287232156217215,0.12149043691169936,37.01484911952099,11.567140349850309,3.6268510818481445
30,6,4.769570916170529,5.101321754861047,0.33175083869051836,5.101321754861047,1014.5188662065959,1024,12,16,19.89255814676221,16;32;64;128;256;512,19.89255814676221;8.057026887126758;4.223285280410282;1.470250305199532;0.8817764257812621;0.056527380571622446,0.2,8,7527,0.9188232421875,26.287232156217215,26.31808596852352,0.030853812306304462,36.52878706908853,11.415245959090164,3.5867760181427
32,1,0.0,0.6911998466061197,0.6911998466061197,5.223115841451412,512.0000002299071,1024,12,16,17.27192689595304,16;32;64;128;256;512,17.27192689595304;7.663963588656069;5.136350118695084;1.663496079992059;1.1837396993922533;0.14830474224592236,0.2,8,8109,0.9898681640625,24.507318383504753,26.026440883098985,1.519122499594232,47.08830585417755,14.715095579430484,3.5097830295562744
32,2,0.6911998466061196,1.7358230148964022,1.0446231682902827,5.223115841451412,583.8764288630314,1024,12,16,25.997893975992266,16;32;64;128;256;512,25.997893975992266;9.42316769776839;6.8603373010643915;2.0498916666329245;1.3396666692128318;0.2770300043041272,0.2,8,7957,0.9713134765625,26.026440883098985,26.85784718421928,0.8314063011202961,41.73588294099628,13.042463419061336,3.602236032485962
32,3,1.7358230148964022,2.780446183186685,1.0446231682902827,5.223115841451412,773.5091625834172,1024,12,16,28.445804681159277,16;32;64;128;256;512,28.445804681159277;10.899606482836282;5.7397278929775775;1.559019531853952;1.241673123216442;0.20525091606340362,0.2,8,7808,0.953125,26.85784718421928,27.23530242171546,0.3774552374961786,40.58350254993903,12.682344546855946,3.5191071033477783
32,4,2.780446183186685,3.8250693514769676,1.0446231682902827,5.223115841451412,876.2818039103923,1024,12,16,14.62880091108259,16;32;64;128;256;512,14.62880091108259;6.958028744975895;4.608129977439784;1.3892452315447403;1.3976365410957676;0.16411041500780313,0.2,8,7642,0.932861328125,27.23530242171546,27.419699519319693,0.18439709760423284,38.38222745736786,11.994446080427457,3.583527088165283
32,5,3.8250693514769676,4.86969251976725,1.0446231682902827,5.223115841451412,920.0570565158216,1024,12,16,17.864263637691288,16;32;64;128;256;512,17.864263637691288;7.623098290154267;5.073132924334809;0.695561957142083;1.0998761682059466;0.12381573336329453,0.2,8,7529,0.9190673828125,27.419699519319693,27.540653433825355,0.1209539145056624,37.58337040301227,11.744803250941333,3.603931188583374
32,6,4.86969251976725,5.223115841451412,0.35342332168416135,5.223115841451412,1013.6818833760348,1024,12,16,14.778597906427812,16;32;64;128;256;512,14.778597906427812;6.331539250564979;3.4612212445294337;1.4510327563286656;0.621105619989665;0.06911258033776319,0.2,8,7467,0.9114990234375,27.540653433825355,27.56724186456995,0.026588430744595826,36.94434451990936,11.545107662471674,3.5665059089660645
34,1,0.0,0.649452773650199,0.649452773650199,4.325873155116823,512.0000000928608,1024,12,16,26.301835300058535,16;32;64;128;256;512,26.301835300058535;9.055346481807009;7.841537892911147;1.6410836815974976;1.673344094654022;0.46305132321378006,0.2,8,8110,0.989990234375,25.713474434698583,27.344119948902517,1.630645514203934,48.585583333843054,15.182994791825953,3.6691389083862305
34,2,0.649452773650199,1.5146274046735637,0.8651746310233647,4.325873155116823,608.3853699214995,1024,12,16,27.18913611739016,16;32;64;128;256;512,27.18913611739016;8.512517975901094;5.349590471420817;2.2220224172532794;1.2941291174053806;0.16481803322349486,0.2,8,8000,0.9765625,27.344119948902517,28.194357422136818,0.8502374732343014,42.96351583127751,13.426098697274222,3.9040801525115967
34,3,1.5146274046735637,2.3798020356969283,0.8651746310233646,4.325873155116823,788.8002700302591,1024,12,16,21.351930432722952,16;32;64;128;256;512,21.351930432722952;7.776001788791272;3.7835803993654586;1.7027307008529162;1.1737483292204507;0.13374088189399397,0.2,8,7856,0.958984375,28.194357422136818,28.631175258997246,0.43681783686042763,40.5311692821681,12.665990400677531,3.686544179916382
34,4,2.3798020356969283,3.244976666720293,0.8651746310233648,4.325873155116823,887.1257180039837,1024,12,16,17.241850828739526,16;32;64;128;256;512,17.241850828739526;8.133288450845807;2.629348389207573;2.027445303590445;1.2611601372952415;0.1678219478717583,0.2,8,7762,0.947509765625,28.631175258997246,28.84000016070786,0.20882490171061363,38.103150397705576,11.907234499282993,3.690871000289917
34,5,3.244976666720293,4.110151297743657,0.8651746310233643,4.325873155116823,935.0658308807843,1024,12,16,17.606477930171575,16;32;64;128;256;512,17.606477930171575;8.34025415029734;5.508047153713472;1.6272683621683914;0.992646608489376;0.11036664980026162,0.2,8,7648,0.93359375,28.84000016070786,28.940425841938122,0.10042568123026285,37.0966283030592,11.592696344705999,3.6389310359954834
34,6,4.110151297743657,4.325873155116823,0.21572185737316563,4.325873155116823,1018.121652697081,1024,12,16,12.801606947468509,16;32;64;128;256;512,12.801606947468509;7.790659698240612;3.751646549087766;1.1459955672570092;0.7691920473824204;0.16178110951921731,0.2,8,7657,0.9346923828125,28.940425841938122,28.979493524253485,0.03906768231536262,36.68896034415018,11.46530010754693,3.5934500694274902
36,1,0.0,0.568437860003173,0.568437860003173,4.209009833739299,512.0000006087826,1024,12,16,26.228053789364303,16;32;64;128;256;512,26.228053789364303;9.679558830491754;7.115614510676083;2.5264728182121123;1.6520640269728528;0.32703290748859043,0.2,8,8108,0.98974609375,27.32824496703688,28.999369845041656,1.6711248780047754,48.69921813935103,15.218505668547197,3.5165610313415527
36,2,0.568437860003173,1.4102398267510328,0.8418019667478598,4.209009833739299,579.8475742661788,1024,12,16,26.83051202158559,16;32;64;128;256;512,26.83051202158559;10.827213956727348;5.437335586085019;2.063151229578805;1.1495500466938047;0.2080377249138779,0.2,8,8016,0.978515625,28.999369845041656,30.06340635677043,1.064036511728773,43.5710127054124,13.615941470441374,3.743680953979492
36,3,1.4102398267510328,2.2520417934988926,0.8418019667478598,4.209009833739299,794.8935181335588,1024,12,16,14.536725245380417,16;32;64;128;256;512,14.536725245380417;5.88818276879385;4.222534182040432;0.8519598397506829;0.7476050755038441;0.1441875425727985,0.2,8,7904,0.96484375,30.06340635677043,30.480977544459165,0.41757118768873625,40.41347428040925,12.62921071262789,3.604044198989868
36,4,2.2520417934988926,3.0938437602467523,0.8418019667478598,4.209009833739299,878.8265351855848,1024,12,16,17.316993816607493,16;32;64;128;256;512,17.316993816607493;6.436414912701054;4.113879858088647;1.1705876819916146;0.8586158677593354;0.1784056195143507,0.2,8,7775,0.9490966796875,30.480977544459165,30.702474389589042,0.22149684512987733,39.0904041360294,12.215751292509186,3.8559911251068115
36,5,3.0938437602467523,3.935645726994612,0.8418019667478598,4.209009833739299,932.8448557047174,1024,12,16,26.267405464696214,16;32;64;128;256;512,26.267405464696214;10.282427440139022;4.269915977576859;1.8026735053834448;1.3964601562413907;0.11397502062801425,0.2,8,7662,0.935302734375,30.702474389589042,30.85871079786739,0.15623640827834606,37.8117917708575,11.81618492839297,3.684203863143921
36,6,3.935645726994612,4.209009833739299,0.2733641067446868,4.209009833739299,1015.5902770375246,1024,12,16,14.078511209902013,16;32;64;128;256;512,14.078511209902013;6.932109892377636;3.658340418017083;1.427001129084492;0.8726592700049504;0.21061945239843463,0.2,8,7659,0.9349365234375,30.85871079786739,30.873950041088392,0.015239243221003562,36.75020681003147,11.484439628134835,3.870328903198242
38,1,0.0,0.5274066357668126,0.5274066357668126,3.4941061287887676,512.0000000533846,1024,12,16,17.97833318324778,16;32;64;128;256;512,17.97833318324778;6.517350451107383;4.319968240367321;1.6676301727847764;0.976703720317972;0.164703933474676,0.2,8,8125,0.9918212890625,29.019495657412335,30.830121920327656,1.8106262629153207,49.84618435488541,15.57693261090169,3.8028929233551025
38,2,0.5274066357668126,1.226227861524566,0.6988212257577535,3.4941061287887676,634.9015979440624,1024,12,16,20.35273976654673,16;32;64;128;256;512,20.35273976654673;7.725891242899072;5.252174308724446;1.9009294175095937;1.2042908262037166;0.14539522754441508,0.2,8,8056,0.9833984375,30.830121920327656,31.853498380020028,1.023376459692372,44.581705212574285,13.931782878929463,3.567082166671753
38,3,1.226227861524566,1.9250490872823196,0.6988212257577535,3.4941061287887676,802.2359348616758,1024,12,16,21.16600081341364,16;32;64;128;256;512,21.16600081341364;8.11984677792421;6.631928715480811;1.9803587396468396;0.9907685175527454;0.2092542177929913,0.2,8,7963,0.9720458984375,31.853498380020028,32.35413543047616,0.5006370504561346,40.747956470414586,12.733736397004558,3.731900930404663
38,4,1.9250490872823196,2.623870313040073,0.6988212257577535,3.4941061287887676,890.5940482234462,1024,12,16,20.041517306984268,16;32;64;128;256;512,20.041517306984268;8.65140230869509;4.912371166509866;1.6467979311045504;1.1659251127139874;0.1658748003681458,0.2,8,7863,0.9598388671875,32.35413543047616,32.58437822799897,0.23024279752280563,39.15598937501891,12.236246679693409,3.5724360942840576
38,5,2.623870313040073,3.3226915387978266,0.6988212257577535,3.4941061287887676,935.861415769877,1024,12,16,21.824421663227042,16;32;64;128;256;512,21.824421663227042;7.275187129550775;4.153302770715976;1.7519765105414116;1.2162195203791948;0.14739793142521185,0.2,8,7753,0.9464111328125,32.58437822799897,32.74650546477642,0.1621272367774509,38.59998808853144,12.062496277666074,3.6159989833831787
38,6,3.3226915387978266,3.4941061287887676,0.17141458999094095,3.4941061287887676,1018.8563168910144,1024,12,16,21.39971177053646,16;32;64;128;256;512,21.39971177053646;9.535405272210967;5.114309649861704;1.3924741304496515;1.298580932064353;0.20567076747789284,0.2,8,7768,0.9482421875,32.74650546477642,32.78720808157232,0.040702616795897484,38.85928974650968,12.143528045784274,3.5924320220947266
40,1,0.0,0.49090979850511784,0.49090979850511784,3.7308177017311155,512.0000006019591,1024,12,16,17.924772743845768,16;32;64;128;256;512,17.924772743845768;7.384200077309074;3.204640435366083;1.277528816013155;0.8713995446109544;0.17767065293327894,0.2,8,8109,0.9898681640625,29.594776568439556,31.408048794255592,1.8132722258160356,47.961464541229454,14.987957669134204,3.7608489990234375
40,2,0.49090979850511784,1.2370733388513409,0.746163540346223,3.7308177017311155,571.0293483193454,1024,12,16,26.31688218260067,16;32;64;128;256;512,26.31688218260067;8.625189951141172;5.835019210365551;2.5559749964037226;1.4948674235373949;0.2866801565211427,0.2,8,8017,0.9786376953125,31.408048794255592,32.66510060764267,1.2570518133870792,42.938329401631385,13.418227938009807,3.556022882461548
40,3,1.2370733388513409,1.9832368791975639,0.746163540346223,3.7308177017311155,788.0791150156333,1024,12,16,16.55108742744403,16;32;64;128;256;512,16.55108742744403;7.279743668118566;3.6211966725652025;1.3282347258353246;0.9457596098849261;0.2013338308277546,0.2,8,7952,0.970703125,32.66510060764267,33.151598972064676,0.48649836442200467,40.77856823471058,12.743302573347057,4.018251895904541
40,4,1.9832368791975639,2.729400419543787,0.746163540346223,3.7308177017311155,885.822879110782,1024,12,16,22.091264976401124,16;32;64;128;256;512,22.091264976401124;8.850290808697267;5.84722695792743;1.4193180993818006;0.76104948509469;0.1829673353513263,0.2,8,7803,0.9525146484375,33.151598972064676,33.3895357309666,0.2379367589019239,40.11844473212511,12.537013978789098,3.641308069229126
40,5,2.729400419543787,3.47556395989001,0.746163540346223,3.7308177017311155,928.027624092285,1024,12,16,21.107472602806897,16;32;64;128;256;512,21.107472602806897;7.025525975932911;4.416253680704222;1.579295543766096;0.8430427902498057;0.22142323075474638,0.2,8,7722,0.942626953125,33.3895357309666,33.56913128733868,0.17959555637207814,38.444612912597805,12.013941535186813,3.697924852371216
40,6,3.47556395989001,3.7308177017311155,0.2552537418411056,3.7308177017311155,1014.5509104054663,1024,12,16,18.653475330761403,16;32;64;128;256;512,18.653475330761403;6.922877045212889;5.435768091976399;1.5759729224067205;1.127176541844422;0.23908340046685053,0.2,8,7706,0.940673828125,33.56913128733868,33.592657281289576,0.023525993950897828,37.57138902813139,11.74105907129106,3.683645009994507
42,1,0.0,0.47615067716634374,0.47615067716634374,3.5352837749724184,512.0000000878035,1024,12,16,22.32266762621718,16;32;64;128;256;512,22.32266762621718;10.347311532133965;5.823382106942963;2.0986859710338677;1.6363706674356266;0.3160158924410797,0.2,8,8122,0.991455078125,31.020633860025555,33.053095517883776,2.032461657858221,49.51903365450592,15.474698017033099,3.48982310295105
42,2,0.47615067716634374,1.1832074321608275,0.7070567549944837,3.5352837749724184,576.3994245661167,1024,12,16,20.090414611042508,16;32;64;128;256;512,20.090414611042508;8.26130375742641;6.4425140243936925;1.8769598289860614;1.3366737394882147;0.21811593659887885,0.2,8,8046,0.982177734375,33.053095517883776,34.329248583031585,1.2761530651478097,43.694236730733074,13.654448978354084,3.5809099674224854
42,3,1.1832074321608275,1.8902641871553112,0.7070567549944837,3.5352837749724184,788.417699212331,1024,12,16,19.922679447527045,16;32;64;128;256;512,19.922679447527045;5.838418525227265;4.509244675613415;0.9819773569289393;0.921531861204502;0.22405767322730774,0.2,8,7939,0.9691162109375,34.329248583031585,34.86626493872609,0.5370163556945045,40.457808456282244,12.6430651425882,3.5553770065307617
42,4,1.8902641871553112,2.597320942149795,0.7070567549944837,3.5352837749724184,888.3890631070216,1024,12,16,16.75631383401256,16;32;64;128;256;512,16.75631383401256;5.201330362618181;3.822758305864987;0.9469451363729717;1.1164544443104643;0.0669691478678263,0.2,8,7831,0.9559326171875,34.86626493872609,35.10000492481049,0.2337399860844016,39.11856901753055,12.224552817978296,3.574525833129883
42,5,2.597320942149795,3.304377697144279,0.707056754994484,3.5352837749724184,936.3723308197045,1024,12,16,24.138546503985964,16;32;64;128;256;512,24.138546503985964;9.400618055968936;6.835140436841501;1.5020321159022092;1.4095252775510736;0.2302739463223437,0.2,8,7742,0.945068359375,35.10000492481049,35.259814900375204,0.15980997556471266,37.80073445788137,11.812729518087927,3.513385057449341
42,6,3.304377697144279,3.5352837749724184,0.23090607782813954,3.5352837749724184,1014.497109815269,1024,12,16,19.110617733256596,16;32;64;128;256;512,19.110617733256596;8.207481908247086;5.182013292575054;1.4479877723261836;1.1618380234480155;0.11199138586477506,0.2,8,7733,0.9439697265625,35.259814900375204,35.305962911166716,0.046148010791512206,37.4119730353885,11.691241573558905,3.672315835952759
44,1,0.0,0.4125260156877753,0.4125260156877753,3.087995361591093,512.0000006734249,1024,12,16,17.648400827803684,16;32;64;128;256;512,17.648400827803684;10.350947528223712;5.325858509920556;1.9474326269157687;1.2868873321030543;0.17787952085505063,0.2,8,8107,0.9896240234375,33.23673893784871,35.60091319665662,2.364174258807907,48.83709107971847,15.26159096241202,3.505833864212036
44,2,0.41252601568777525,1.030125088005994,0.6175990723182188,3.087995361591093,582.2038146061552,1024,12,16,19.838510474927773,16;32;64;128;256;512,19.838510474927773;6.792899064942617;4.418016441851154;1.8891708941961318;1.048436975921273;0.23186861729121047,0.2,8,8046,0.982177734375,35.60091319665662,37.04038610149291,1.4394729048362933,44.91224490018159,14.035076531306746,3.8229799270629883
44,3,1.030125088005994,1.6477241603242128,0.6175990723182188,3.087995361591093,803.6761206553265,1024,12,16,18.64595459376927,16;32;64;128;256;512,18.64595459376927;9.027907733533182;4.309480850311139;1.6583167401614507;1.4963877421967111;0.3221605086972846,0.2,8,7981,0.9742431640625,37.04038610149291,37.65579961167532,0.6154135101824068,41.59358756452984,12.997996113915574,3.613075017929077
44,4,1.6477241603242128,2.2653232326424315,0.6175990723182188,3.087995361591093,900.6074068703568,1024,12,16,23.08913300216573,16;32;64;128;256;512,23.08913300216573;9.457924787847462;5.003332392731301;1.4871306275374154;1.3081670306488709;0.1294122278601866,0.2,8,7896,0.9638671875,37.65579961167532,37.91495927318465,0.25915966150932945,39.62448082988257,12.382650259338304,3.812264919281006
44,5,2.2653232326424315,2.8829223049606503,0.6175990723182188,3.087995361591093,942.0349155658707,1024,12,16,17.567383132885073,16;32;64;128;256;512,17.567383132885073;6.933389989387075;4.4368032490961555;1.515631411332633;0.6844463973925661;0.15560172491693336,0.2,8,7810,0.953369140625,37.91495927318465,38.07197055016877,0.15701127698412165,39.40789199949426,12.314966249841955,3.6605300903320312
44,6,2.8829223049606503,3.087995361591093,0.20507305663044262,3.087995361591093,1015.8570781000942,1024,12,16,18.954937802526356,16;32;64;128;256;512,18.954937802526356;6.340454679169861;4.412572983689023;1.086952777323312;0.8510276963512304;0.0922027421706625,0.2,8,7758,0.947021484375,38.07197055016877,38.134736541629536,0.06276599146076478,39.238296793587594,12.261967747996122,3.4848780632019043
46,1,0.0,0.4210799938194,0.4210799938194,2.8214061466842155,512.0000004618655,1024,12,16,24.25285047816499,16;32;64;128;256;512,24.25285047816499;10.989535745294706;6.0897377955253535;1.7091041663949484;1.617661069834341;0.24899662099555664,0.2,8,8135,0.9930419921875,34.142153124907054,36.54362974927062,2.4014766243635677,49.02924828558027,15.321640089243834,3.454272985458374
46,2,0.4210799938194,0.9853612231562431,0.5642812293368431,2.8214061466842155,627.6609638217624,1024,12,16,19.962210006410956,16;32;64;128;256;512,19.962210006410956;7.159223876527202;4.117723804785777;1.6179369872473497;1.1641952330489291;0.20718338408574288,0.2,8,8052,0.98291015625,36.54362974927062,37.946681272558635,1.4030515232880134,44.296916321986636,13.842786350620823,3.622793197631836
46,3,0.9853612231562431,1.549642452493086,0.564281229336843,2.8214061466842155,827.730649195055,1024,12,16,19.545666332774587,16;32;64;128;256;512,19.545666332774587;8.199392398948085;4.2068416910332225;1.964030799529919;0.9996204742942255;0.2675284117901407,0.2,8,8002,0.976806640625,37.946681272558635,38.45427774748532,0.5075964749266859,42.10155423618775,13.156735698808673,3.6217360496520996
46,4,1.549642452493086,2.113923681829929,0.5642812293368431,2.8214061466842155,907.3415507091694,1024,12,16,15.779465373453807,16;32;64;128;256;512,15.779465373453807;8.734666206557383;4.876101211128932;1.1612612687912593;1.1547663274232354;0.16352025089014668,0.2,8,7880,0.9619140625,38.45427774748532,38.6943145666155,0.24003681913018227,39.858325062554165,12.455726582048175,3.8220620155334473
46,5,2.113923681829929,2.6782049111667723,0.5642812293368431,2.8214061466842155,940.8154819963224,1024,12,16,22.652171299984413,16;32;64;128;256;512,22.652171299984413;8.487989899511508;5.037017020426964;1.5352284114819184;1.015284797897782;0.29148966455622133,0.2,8,7790,0.950927734375,38.6943145666155,38.876261652534595,0.18194708591909148,39.46782736831438,12.333696052598244,3.9894330501556396
46,6,2.6782049111667723,2.8214061466842155,0.14320123551744324,2.8214061466842155,1019.5388113250699,1024,12,16,16.11140149195067,16;32;64;128;256;512,16.11140149195067;6.184817647009986;2.874811174451524;1.1327695395061705;0.8245566828532356;0.160733536074687,0.2,8,7781,0.9498291015625,38.876261652534595,38.91727398696821,0.04101233443361707,38.97541373937677,12.17981679355524,3.7491321563720703
48,1,0.0,0.37652566084487604,0.37652566084487604,2.9015446112812575,512.0000005001193,1024,12,16,18.591739533278194,16;32;64;128;256;512,18.591739533278194;10.238590364356988;5.09452270422955;1.7645000694014359;1.4428362171667857;0.20394128995935762,0.2,8,8141,0.9937744140625,35.08879141462967,37.630683395429514,2.5418919807998464,49.6635188101168,15.519849628161499,3.5922861099243164
48,2,0.37652566084487604,0.9568345831011276,0.5803089222562515,2.9015446112812575,608.8199117118533,1024,12,16,24.776167412877516,16;32;64;128;256;512,24.776167412877516;10.25481940524339;4.84735045991647;1.9727015527961302;1.2254083012122918;0.2967864875580978,0.2,8,8058,0.983642578125,37.630683395429514,39.113580045843264,1.4828966504137497,44.74568233759107,13.983025730497209,3.6076111793518066
48,3,0.9568345831011276,1.537143505357379,0.5803089222562514,2.9015446112812575,815.6172593278418,1024,12,16,22.236902547149544,16;32;64;128;256;512,22.236902547149544;10.055567424579506;6.208743424524639;2.3561852929580898;1.4636033869853498;0.2669713899155064,0.2,8,7963,0.9720458984375,39.113580045843264,39.61949787728372,0.5059178314404562,41.505749932645514,12.970546853951722,3.7525970935821533
48,4,1.537143505357379,2.1174524276136304,0.5803089222562514,2.9015446112812575,898.4011317055665,1024,12,16,15.489547312726861,16;32;64;128;256;512,15.489547312726861;7.53788281925841;6.466778645319258;1.6300997663562005;1.268161739382887;0.17968883500417346,0.2,8,7880,0.9619140625,39.61949787728372,39.93726787372725,0.31776999644353054,41.04173054587579,12.825540795586182,3.5769660472869873
48,5,2.1174524276136304,2.697761349869882,0.5803089222562514,2.9015446112812575,944.1070734021914,1024,12,16,15.574710949109095,16;32;64;128;256;512,15.574710949109095;7.088999142934231;3.001381562207226;1.1011480451650713;0.5301430887379922;0.17478881317237363,0.2,8,7797,0.9517822265625,39.93726787372725,40.11013021710096,0.17286234337370843,39.10919220877252,12.221622565241411,3.592694044113159
48,6,2.697761349869882,2.9015446112812575,0.2037832614113757,2.9015446112812575,1014.8823904241394,1024,12,16,15.127826862650915,16;32;64;128;256;512,15.127826862650915;9.74366937571244;4.719925706139592;1.606173294938159;1.4136943567577709;0.10877243789705582,0.2,8,7768,0.9482421875,40.11013021710096,40.14829182435642,0.038161607255460694,38.59243386888169,12.060135584025527,3.763176918029785
50,1,0.0,0.36482741816511854,0.36482741816511854,2.5324078684214797,512.0000003379937,1024,12,16,28.003280189929686,16;32;64;128;256;512,28.003280189929686;11.98733453704337;6.695510071683645;2.370021287274765;2.1439819372211835;0.2044931133116134,0.2,8,8138,0.993408203125,36.53401074238354,39.132262450497365,2.5982517081138212,49.97206269341026,15.616269591690704,3.7220141887664795
50,2,0.36482741816511854,0.8713089918494145,0.5064815736842959,2.5324078684214797,618.6661857229108,1024,12,16,23.959442015312867,16;32;64;128;256;512,23.959442015312867;9.444598821310684;5.37280289017839;1.7231505255537827;1.2128196334597852;0.2156572370564111,0.2,8,8064,0.984375,39.132262450497365,40.85870046590571,1.7264380154083483,44.260002796672886,13.831250873960276,3.7950589656829834
50,3,0.8713089918494145,1.3777905655337104,0.5064815736842959,2.5324078684214797,845.1348551469855,1024,12,16,20.19864096823808,16;32;64;128;256;512,20.19864096823808;10.243151432155223;5.482740366477927;1.479263116288994;1.2635571175116058;0.21164891627802276,0.2,8,7992,0.9755859375,40.85870046590571,41.33832218172029,0.4796217158145737,42.649836042430934,13.328073763259667,3.7337491512298584
50,4,1.3777905655337104,1.8842721392180062,0.5064815736842958,2.5324078684214797,918.1213491902056,1024,12,16,21.280491229456974,16;32;64;128;256;512,21.280491229456974;7.3190302514255166;4.189205097710537;1.3351439947204176;1.0944654006829813;0.09681677278176595,0.2,8,7895,0.9637451171875,41.33832218172029,41.61074283299968,0.27242065127938986,40.918226776703825,12.786945867719945,3.5174131393432617
50,5,1.8842721392180062,2.390753712902302,0.506481573684296,2.5324078684214797,949.9715764346046,1024,12,16,17.30538675794755,16;32;64;128;256;512,17.30538675794755;6.517059585874299;4.843430598919686;1.4244785434773444;1.0999376324184196;0.1985223610799007,0.2,8,7838,0.956787109375,41.61074283299968,41.828822749550454,0.21807991655077785,38.62507978330532,12.07033743228291,3.628994941711426
50,6,2.390753712902302,2.5324078684214797,0.14165415551917748,2.5324078684214797,1018.4659981334922,1024,12,16,19.63313704638395,16;32;64;128;256;512,19.63313704638395;9.217009987358841;4.59845887015758;0.9593816109935384;1.1761736571484713;0.09411796884052306,0.2,8,7779,0.9495849609375,41.828822749550454,41.860593032091856,0.031770282541401684,39.10969352354255,12.221779226107047,3.8122498989105225
52,1,0.0,0.3578497681376008,0.3578497681376008,2.8157260490975564,512.0000002418437,1024,12,16,29.849089645436727,16;32;64;128;256;512,29.849089645436727;11.544557277510807;6.210502512536774;2.989070786631353;1.9996955317337675;0.2439690163028327,0.2,8,8141,0.9937744140625,37.58804376149783,40.37789683692972,2.7898530754318926,50.26913221041138,15.709103815753554,3.5992960929870605
52,2,0.3578497681376007,0.920994977957112,0.5631452098195113,2.8157260490975564,611.3348025857823,1024,12,16,22.3740638863317,16;32;64;128;256;512,22.3740638863317;7.936320604004044;6.143494346969547;1.0644714040472172;1.4166630475848914;0.3008875674647014,0.2,8,8058,0.983642578125,40.37789683692972,41.95375913550379,1.5758622985740658,46.050897794157244,14.390905560674138,3.6070492267608643
52,3,0.920994977957112,1.4841401877766234,0.5631452098195113,2.8157260490975564,825.6445419249918,1024,12,16,22.10818324101059,16;32;64;128;256;512,22.10818324101059;6.769881261786602;4.912549193325267;1.3693947521076968;1.3267850991383034;0.1331402346680468,0.2,8,7973,0.9732666015625,41.95375913550379,42.50346230342984,0.5497031679260544,42.9235908619581,13.413622144361904,3.637259006500244
52,4,1.4841401877766234,2.0472853975961347,0.5631452098195113,2.8157260490975564,910.1029952580996,1024,12,16,20.955513414768475,16;32;64;128;256;512,20.955513414768475;7.4944499007494665;6.148359707807979;0.9884271773628325;1.254117213099511;0.30326110727441413,0.2,8,7897,0.9639892578125,42.50346230342984,42.82470163382823,0.3212393303983845,41.70467887953101,13.03271214985344,3.649660110473633
52,5,2.0472853975961347,2.610430607415646,0.5631452098195111,2.8157260490975564,958.019217459551,1024,12,16,17.80244049849124,16;32;64;128;256;512,17.80244049849124;8.615322517820822;4.873154805862813;1.68606746628943;1.3060590884094243;0.23073577461926162,0.2,8,7782,0.949951171875,42.82470163382823,42.920351043751,0.09564940992277116,40.031840143515495,12.509950044848592,3.7243361473083496
52,6,2.610430607415646,2.8157260490975564,0.2052954416819106,2.8157260490975564,1014.5184782676603,1024,12,16,18.402581915580885,16;32;64;128;256;512,18.402581915580885;5.945845594508753;4.1670684044300135;1.3828909139262584;0.8424914821780927;0.09681882254179798,0.2,8,7762,0.947509765625,42.920351043751,43.000648811401334,0.08029776765033603,39.80637912501534,12.439493476567293,4.127251863479614
54,1,0.0,0.35589422447485863,0.35589422447485863,2.4255537275810806,512.0000000431478,1024,12,16,17.735713884537507,16;32;64;128;256;512,17.735713884537507;10.007640758310083;5.272267329012235;1.8187011799342463;1.421414317747744;0.2617874070036562,0.2,8,8127,0.9920654296875,38.336099895183,41.080441244412214,2.7443413492292166,49.527360126779676,15.477300039618648,3.774111032485962
54,2,0.35589422447485863,0.8410049699910748,0.48511074551621614,2.4255537275810806,642.5202721965879,1024,12,16,19.87280404469639,16;32;64;128;256;512,19.87280404469639;7.961559029299134;5.417796186328467;1.6535286861183607;0.8355580973653317;0.31688184906510386,0.2,8,8077,0.9859619140625,41.080441244412214,42.64912823156919,1.5686869871569797,46.00846798915889,14.377646246612152,3.598444938659668
54,3,0.8410049699910748,1.326115715507291,0.48511074551621614,2.4255537275810806,839.855997525673,1024,12,16,21.028235682664274,16;32;64;128;256;512,21.028235682664274;11.67989001535683;5.875930156468006;1.72529016473867;1.0249821639529073;0.32843409046590794,0.2,8,7971,0.9730224609375,42.64912823156919,43.23116808812483,0.5820398565556388,44.098311492672075,13.780722341460022,3.6679348945617676
54,4,1.326115715507291,1.811226461023507,0.485110745516216,2.4255537275810806,917.0024094213736,1024,12,16,24.932558382635673,16;32;64;128;256;512,24.932558382635673;8.413614219735269;6.434956360723206;1.3403793167185576;1.1150649166919075;0.14853673055840969,0.2,8,7908,0.96533203125,43.23116808812483,43.53952495340491,0.308356865280075,40.511389227059716,12.65980913345616,3.658531904220581
54,5,1.811226461023507,2.296337206539723,0.485110745516216,2.4255537275810806,958.0294640524587,1024,12,16,22.996732464218262,16;32;64;128;256;512,22.996732464218262;8.225149662628835;6.448516470035115;1.5307263374339979;1.175509781750081;0.20277820633730517,0.2,8,7784,0.9501953125,43.53952495340491,43.694088189688046,0.1545632362831384,40.32468022270674,12.601462569595855,3.6399600505828857
54,6,2.296337206539723,2.4255537275810806,0.1292165210413576,2.4255537275810806,1019.3588026913181,1024,12,16,14.008455558808414,16;32;64;128;256;512,14.008455558808414;7.233339190460293;3.936516683733168;1.3065845841710169;1.1313777049927745;0.1587262491279465,0.2,8,7765,0.9478759765625,43.694088189688046,43.72532853324083,0.03124034355278127,40.234530683270364,12.573290838521988,3.5380780696868896
56,1,0.0,0.3568116899950342,0.3568116899950342,2.5046148872239504,512.0000001853405,1024,12,16,17.16883573183698,16;32;64;128;256;512,17.16883573183698;9.612970604302982;6.3485213440775645;1.7937348024326585;1.3673311968993518;0.2863962316075931,0.2,8,8126,0.991943359375,38.818753102066694,41.67320988260326,2.854456780536566,49.36036801479838,15.425115004624494,3.7296159267425537
56,2,0.3568116899950342,0.8577346674398243,0.5009229774447901,2.5046148872239504,643.9732244639039,1024,12,16,31.866430272151906,16;32;64;128;256;512,31.866430272151906;10.460241943822314;6.509414514761067;1.8010298931686646;1.8263774162139004;0.23528293963267818,0.2,8,8093,0.9879150390625,41.67320988260326,43.186201805918245,1.5129919233149849,44.96821218512551,14.052566307851722,3.5475940704345703
56,3,0.8577346674398243,1.3586576448846144,0.5009229774447901,2.5046148872239504,839.1440846040739,1024,12,16,30.718990867787927,16;32;64;128;256;512,30.718990867787927;12.059269784767563;8.178564547483274;2.4124028202302377;1.856000238946362;0.22565605774384198,0.2,8,7999,0.9764404296875,43.186201805918245,43.721282307989895,0.5350805020716507,42.25737455525375,13.205429548516795,3.636559009552002
56,4,1.3586576448846144,1.8595806223294045,0.5009229774447901,2.5046148872239504,915.5093468417853,1024,12,16,18.966378638708203,16;32;64;128;256;512,18.966378638708203;6.930984565895895;4.782873702348027;1.668358673288309;0.966871866587505;0.11848959570222703,0.2,8,7894,0.963623046875,43.721282307989895,44.06113996729255,0.3398576593026519,40.719486843305894,12.72483963853309,3.7795870304107666
56,5,1.8595806223294045,2.3605035997741943,0.5009229774447899,2.5046148872239504,956.9358495177158,1024,12,16,24.479991849512892,16;32;64;128;256;512,24.479991849512892;5.514893272382378;5.381948576305125;1.6516821553355956;1.3616925721671427;0.09604441580866571,0.2,8,7813,0.9537353515625,44.06113996729255,44.20951834745938,0.14837838016683236,40.06018667280575,12.518808335251796,3.7604711055755615
56,6,2.3605035997741943,2.5046148872239504,0.1441112874497561,2.5046148872239504,1018.939545902342,1024,12,16,20.224808433514962,16;32;64;128;256;512,20.224808433514962;7.432954896587692;4.352690679561974;0.862232621550036;0.8366340036955988;0.12093665909261414,0.2,8,7768,0.9482421875,44.20951834745938,44.272331992629915,0.06281364517053589,40.44969251596896,12.6405289112403,3.7608730792999268
58,1,0.0,0.3121095067538988,0.3121095067538988,2.0716621584520793,512.000000308959,1024,12,16,38.6962820585317,16;32;64;128;256;512,38.6962820585317;14.085368696712177;8.67972751017748;2.4220304966005024;2.3054049312235203;0.3162042328053953,0.2,8,8131,0.9925537109375,40.18230236534146,43.24473030056106,3.0624279352196027,50.35377672617728,15.7355552269304,3.829457998275757
58,2,0.3121095067538988,0.7264419384443147,0.4143324316904159,2.0716621584520793,658.8998271743053,1024,12,16,21.202322025299935,16;32;64;128;256;512,21.202322025299935;8.793973427689243;5.529728699004741;2.0701093868833786;1.4248581560385676;0.18934311985954372,0.2,8,8090,0.987548828125,43.24473030056106,44.951436942385044,1.7067066418239847,44.6902038470487,13.965688702202717,3.761960029602051
58,3,0.7264419384443147,1.1407743701347306,0.4143324316904159,2.0716621584520793,857.5781209923257,1024,12,16,20.549209729584536,16;32;64;128;256;512,20.549209729584536;7.491934229889875;5.253470343129581;1.284592554272141;1.036000621267787;0.252812156131892,0.2,8,8022,0.979248046875,44.951436942385044,45.538174413261004,0.5867374708759598,43.638984765273825,13.63718273914807,3.795477867126465
58,4,1.1407743701347306,1.5551068018251466,0.414332431690416,2.0716621584520793,921.2846794453528,1024,12,16,16.43842190885455,16;32;64;128;256;512,16.43842190885455;6.918153796172331;5.764113981260347;1.2480936742386883;0.7791744638226296;0.15988240071935605,0.2,8,7935,0.9686279296875,45.538174413261004,45.89832753071096,0.36015311744995415,42.45554339168244,13.267357309900762,3.7569730281829834
58,5,1.5551068018251466,1.9694392335155624,0.4143324316904158,2.0716621584520793,961.7343634519668,1024,12,16,23.539347879778756,16;32;64;128;256;512,23.539347879778756;8.283010035884084;6.235595539154413;1.7832768390149158;0.9498459188165261;0.24901169491185274,0.2,8,7863,0.9598388671875,45.89832753071096,46.06374255369883,0.16541502298787236,42.17879949748566,13.180874842964268,3.7644569873809814
58,6,1.9694392335155624,2.0716621584520793,0.10222292493651697,2.0716621584520793,1020.5453362293531,1024,12,16,23.388290353553895,16;32;64;128;256;512,23.388290353553895;8.804378786685348;5.519350720538203;1.1174246207828242;1.1498109181391853;0.13330534841993452,0.2,8,7845,0.9576416015625,46.06374255369883,46.11593173199799,0.05218917829915881,40.39375727916824,12.623049149740075,3.736213207244873
60,1,0.0,0.3003207412263744,0.3003207412263744,2.0926187971431993,512.0000000226851,1024,12,16,21.903044779238172,16;32;64;128;256;512,21.903044779238172;9.862693044396366;5.8837653668087935;1.626205504622499;1.688559216523954;0.1356366796619486,0.2,8,8144,0.994140625,41.82628781540552,44.89859359158436,3.072305776178837,50.66662969479542,15.833321779623567,3.711313009262085
60,2,0.3003207412263744,0.7188445006550144,0.41852375942863995,2.0926187971431993,645.0011753747906,1024,12,16,20.860824909810777,16;32;64;128;256;512,20.860824909810777;8.464275528229011;5.710342849748947;1.7469666535083568;1.0239581479054298;0.23882827728325107,0.2,8,8072,0.9853515625,44.89859359158436,46.77171416400233,1.8731205724179745,45.19116211987576,14.122238162461175,3.918997049331665
60,3,0.7188445006550144,1.1373682600836543,0.41852375942863995,2.0926187971431993,859.047360272851,1024,12,16,17.494412306835365,16;32;64;128;256;512,17.494412306835365;9.008497404759218;4.86334975063079;1.4022636570924636;1.292400588893906;0.19521546187608563,0.2,8,7979,0.9739990234375,46.77171416400233,47.377018421306275,0.605304257303942,43.81079443212412,13.690873260038787,3.6353681087493896
60,4,1.1373682600836543,1.5558920195122943,0.41852375942863995,2.0926187971431993,930.5530896419293,1024,12,16,20.768600508460366,16;32;64;128;256;512,20.768600508460366;8.030605926892571;4.301786692797015;1.1910522267667847;1.0277533684010955;0.21469186715341157,0.2,8,7892,0.96337890625,47.377018421306275,47.68477216584142,0.30775374453514814,43.57945759498571,13.618580498433035,3.6471610069274902
60,5,1.5558920195122943,1.9744157789409342,0.41852375942863995,2.0926187971431993,964.0846497568418,1024,12,16,36.08238219818846,16;32;64;128;256;512,36.08238219818846;11.974872093133975;7.7693451731431935;1.4945116955681241;1.2898428503173525;0.19293023411973817,0.2,8,7772,0.94873046875,47.68477216584142,47.79640252463287,0.11163035879144445,41.39506646773787,12.935958271168083,3.650761127471924
60,6,1.9744157789409342,2.0926187971431993,0.11820301820226509,2.0926187971431993,1018.9144273979089,1024,12,16,24.1657694486316,16;32;64;128;256;512,24.1657694486316;7.412247220381762;5.115447311433778;0.6900300043844444;1.1187851833158584;0.09106606496769874,0.2,8,7728,0.943359375,47.79640252463287,47.88659794180421,0.09019541717134416,40.75396686795251,12.735614646235158,3.604494094848633
62,1,0.0,0.2891502290681308,0.2891502290681308,2.0863177931087398,512.0000003421196,1024,12,16,31.391456833033583,16;32;64;128;256;512,31.391456833033583;14.095107212637023;9.337634621142286;2.833669290815724;2.5055321054107886;0.21330497010845975,0.2,8,8124,0.99169921875,42.950619309733156,46.17385386512615,3.2232345553929918,50.524039707599385,15.788762408624807,3.745025873184204
62,2,0.2891502290681308,0.7064137876898788,0.417263558621748,2.0863177931087398,624.2734977948012,1024,12,16,18.675009270756433,16;32;64;128;256;512,18.675009270756433;6.785285221750079;4.510703897731419;1.6362358412363145;1.015229168870332;0.16265113832584271,0.2,8,8075,0.9857177734375,46.17385386512615,48.22821451496566,2.0543606498395093,45.694021138088964,14.2793816056528,3.5797572135925293
62,3,0.7064137876898788,1.1236773463116267,0.4172635586217479,2.0863177931087398,846.3889096384264,1024,12,16,19.06251862247028,16;32;64;128;256;512,19.06251862247028;6.710516506790764;4.5968319799937545;1.7163529294301088;1.2261680668628263;0.25112524055665847,0.2,8,7985,0.9747314453125,48.22821451496566,48.84333564853296,0.6151211335672997,44.221108573799896,13.819096429312467,3.568969964981079
62,4,1.1236773463116267,1.5409409049333747,0.4172635586217479,2.0863177931087398,922.6700590879616,1024,12,16,18.63930002416823,16;32;64;128;256;512,18.63930002416823;6.48016008833183;3.970131264546822;1.472350839092974;1.1544825488815313;0.16331008354172621,0.2,8,7867,0.9603271484375,48.84333564853296,49.20886626950232,0.3655306209693663,41.92978603959753,13.103058137374228,3.5016250610351562
62,5,1.5409409049333747,1.9582044635551226,0.4172635586217479,2.0863177931087398,966.4196119945188,1024,12,16,15.980804577995084,16;32;64;128;256;512,15.980804577995084;6.033153260434011;3.4156228405005686;1.218880667238675;0.5342762949875735;0.1630192417132423,0.2,8,7780,0.94970703125,49.20886626950232,49.35066040750826,0.14179413800593466,40.965306867276965,12.80165839602405,3.688723087310791
62,6,1.9582044635551226,2.0863177931087398,0.1281133295536172,2.0863177931087398,1018.871783670209,1024,12,16,23.348918318019514,16;32;64;128;256;512,23.348918318019514;5.531263993753148;6.603381584877621;1.3314375694513307;1.0328482624142556;0.09936746379065907,0.2,8,7714,0.941650390625,49.35066040750826,49.382446803036146,0.03178639552788809,40.85115584923985,12.765986202887452,3.6002118587493896
64,1,0.0,0.27997414895863304,0.27997414895863304,2.1404890197751567,512.000000458364,1024,12,16,24.472039823967314,16;32;64;128;256;512,24.472039823967314;8.519929353648335;6.419809238288843;1.8689393962188774;1.6726506091956206;0.21829278572015373,0.2,8,8136,0.9931640625,44.67792746803025,48.135847147670574,3.4579196796403266,50.592794510230995,15.810248284447185,3.733336925506592
64,2,0.27997414895863304,0.7080719529136644,0.4280978039550314,2.1404890197751567,608.5807613711573,1024,12,16,24.134226868169016,16;32;64;128;256;512,24.134226868169016;8.413081593250672;5.6607517474397095;1.2697678065049485;1.5820114823231606;0.20465153073331196,0.2,8,8058,0.983642578125,48.135847147670574,50.15929239836987,2.0234452506992966,46.54896085595326,14.546550267485394,3.6106491088867188
64,3,0.7080719529136644,1.136169756868696,0.4280978039550315,2.1404890197751567,844.7131794930277,1024,12,16,21.50078947032827,16;32;64;128;256;512,21.50078947032827;7.165482508689515;6.824979111785918;1.3190108753800802;1.7429558611181974;0.2489203767473619,0.2,8,7954,0.970947265625,50.15929239836987,50.81537991348887,0.6560875151189975,44.0153446911503,13.754795215984467,3.589966058731079
64,4,1.136169756868696,1.5642675608237273,0.4280978039550314,2.1404890197751567,923.7193816016425,1024,12,16,16.084209276357065,16;32;64;128;256;512,16.084209276357065;6.605233535972348;4.913225378809454;0.8822389635365239;1.164085808536921;0.15253670393661764,0.2,8,7870,0.960693359375,50.81537991348887,51.1056965776952,0.29031666420632973,43.40379780076299,13.563686812738434,3.635982036590576
64,5,1.5642675608237273,1.9923653647787587,0.4280978039550314,2.1404890197751567,956.8823605735936,1024,12,16,23.329053736286916,16;32;64;128;256;512,23.329053736286916;9.939535711520524;6.668984537270753;2.11326316149257;1.5297547107155567;0.2302560595608748,0.2,8,7757,0.9468994140625,51.1056965776952,51.32985150121385,0.22415492351865396,41.24260825643629,12.88831508013634,3.6339480876922607
64,6,1.9923653647787587,2.1404890197751567,0.148123654996398,2.1404890197751567,1016.919616128734,1024,12,16,17.289842573128247,16;32;64;128;256;512,17.289842573128247;8.83436742648683;4.151650305338468;1.1440198895341864;1.1406570481551832;0.16374418941163543,0.2,8,7698,0.939697265625,51.32985150121385,51.36430219450267,0.034450693288818,40.099578324003836,12.531118226251198,3.8058910369873047
66,1,0.0,0.2922653799000682,0.2922653799000682,2.1565963765176925,512.0000001010217,1024,12,16,26.14679531991514,16;32;64;128;256;512,26.14679531991514;11.83759286732652;6.5494358541838835;1.8290741939671245;1.655661807527485;0.278096440932804,0.2,8,8122,0.991455078125,45.144850838172715,48.310507285641506,3.165656447468791,50.035813615323995,15.636191754788747,3.387310028076172
66,2,0.2922653799000682,0.7235846552036067,0.43131927530353853,2.1565963765176925,610.178782134818,1024,12,16,14.89501516492505,16;32;64;128;256;512,14.89501516492505;6.281724242593818;4.035499156866957;1.8559954182602838;0.7652363591927294;0.1430191953185019,0.2,8,8058,0.983642578125,48.310507285641506,50.424035099800676,2.11352781415917,44.871725986092585,14.022414370653932,3.525993824005127
66,3,0.7235846552036067,1.1549039305071451,0.4313192753035384,2.1565963765176925,847.6121487137165,1024,12,16,27.65630974700454,16;32;64;128;256;512,27.65630974700454;10.167351539908655;6.999397650197882;2.148356985552152;2.056290662715429;0.24511934096643118,0.2,8,7928,0.9677734375,50.424035099800676,51.05313952866709,0.6291044288664125,43.68668500133628,13.652089062917586,3.593355894088745
66,4,1.1549039305071451,1.5862232058106835,0.4313192753035384,2.1565963765176925,924.8200897864635,1024,12,16,25.61080037993813,16;32;64;128;256;512,25.61080037993813;9.426988347314204;6.092557459117436;2.04558037599174;1.0344543016728152;0.24548809452991935,0.2,8,7829,0.9556884765625,51.05313952866709,51.334643852955196,0.28150432428810745,41.40966385243903,12.940519953887197,4.038955926895142
66,5,1.5862232058106835,2.017542481114222,0.4313192753035384,2.1565963765176925,958.2094722646542,1024,12,16,19.315579068717856,16;32;64;128;256;512,19.315579068717856;7.855193931500251;3.869170660609372;0.9622650842150516;1.269384240113976;0.15091793224065408,0.2,8,7685,0.9381103515625,51.334643852955196,51.54147207789356,0.20682822493836284,40.56200912341469,12.67562785106709,3.9054510593414307
66,6,2.017542481114222,2.1565963765176925,0.13905389540347057,2.1565963765176925,1017.8183957076591,1024,12,16,18.477836275462774,16;32;64;128;256;512,18.477836275462774;8.72277460940929;5.919591468707433;0.834617812136883;0.8754966809323612;0.08779276522650335,0.2,8,7650,0.933837890625,51.54147207789356,51.58860309730517,0.04713101941160858,41.33654363976284,12.917669887425886,3.5986080169677734
68,1,0.0,0.29027375472251576,0.29027375472251576,2.0897737430670955,512.0000004775502,1024,12,16,27.200707690161753,16;32;64;128;256;512,27.200707690161753;12.470382042304907;7.3484588340816055;2.61425470762514;1.786535463066359;0.2612264153869771,0.2,8,8128,0.9921875,46.086045943782665,49.37301674747141,3.286970803688746,50.6041774223207,15.81380544447522,3.7792201042175293
68,2,0.29027375472251576,0.7082285033359349,0.41795474861341914,2.0897737430670955,625.7823451156681,1024,12,16,26.415388062107795,16;32;64;128;256;512,26.415388062107795;9.026449125867018;5.423274937006104;1.8526030108222824;1.2931822458872528;0.20663786732325498,0.2,8,8052,0.98291015625,49.37301674747141,51.465721605170984,2.092704857699573,46.776793534407076,14.61774797950221,3.7778499126434326
68,3,0.7082285033359349,1.126183251949354,0.4179547486134191,2.0897737430670955,864.5868304046214,1024,12,16,16.206116266761732,16;32;64;128;256;512,16.206116266761732;6.000683399933295;4.2863903154092915;1.592481150608468;0.9364530017155005;0.20646889244029235,0.2,8,7930,0.968017578125,51.465721605170984,51.99068578670267,0.5249641815316863,43.419523717198516,13.568601161624535,3.4691710472106934
68,4,1.126183251949354,1.5441380005627732,0.4179547486134192,2.0897737430670955,931.938200926005,1024,12,16,11.531476930434625,16;32;64;128;256;512,11.531476930434625;7.073821382906901;3.0595303107246767;1.5513127769116946;0.7977967776310054;0.12932500705153593,0.2,8,7828,0.95556640625,51.99068578670267,52.304755856166594,0.3140700694639236,42.128920061277384,13.165287519149182,3.5734140872955322
68,5,1.5441380005627732,1.9620927491761924,0.4179547486134192,2.0897737430670955,959.9713375232235,1024,12,16,18.205985094564813,16;32;64;128;256;512,18.205985094564813;6.406498059882253;4.482605857340852;1.3083766444807623;0.5101665839490319;0.18511284944454243,0.2,8,7692,0.93896484375,52.304755856166594,52.49083164258627,0.18607578641967848,41.5060240816094,12.970632525502936,3.618738889694214
68,6,1.9620927491761924,2.0897737430670955,0.12768099389090315,2.0897737430670955,1017.9972449370001,1024,12,16,21.066293547752252,16;32;64;128;256;512,21.066293547752252;8.155277573056901;4.341262776503793;1.1817652927536804;1.0443627153673272;0.19245846429543734,0.2,8,7626,0.930908203125,52.49083164258627,52.58183540351456,0.0910037609282881,40.73853813523311,12.730793167260344,3.6190109252929688
70,1,0.0,0.28504306528935425,0.28504306528935425,2.1647742920907076,512.0000002811321,1024,12,16,27.6224459228885,16;32;64;128;256;512,27.6224459228885;11.395145929113685;5.400560797523903;1.6591327496410102;1.4783378346144205;0.2495296455302475,0.2,8,8127,0.9920654296875,47.176205841766205,50.468551719386596,3.2923458776203915,52.18976144590703,16.309300451845946,3.746068000793457
70,2,0.28504306528935425,0.7179979237074958,0.4329548584181416,2.1647742920907076,604.5520242987342,1024,12,16,34.32892426993161,16;32;64;128;256;512,34.32892426993161;11.155040158538526;7.0348876583307405;2.385031311376645;1.59766172523508;0.170288973631818,0.2,8,8015,0.9783935546875,50.468551719386596,52.60699095408199,2.1384392346953973,45.65330538110181,14.266657931594315,3.754309892654419
70,3,0.7179979237074958,1.1509527821256373,0.4329548584181415,2.1647742920907076,849.1863338981718,1024,12,16,22.296000254713462,16;32;64;128;256;512,22.296000254713462;9.951821612567327;6.240519319912582;1.8830583094423192;1.5091521926700153;0.2584873474610117,0.2,8,7903,0.9647216796875,52.60699095408199,53.21289170905948,0.6059007549774833,42.86840472981385,13.396376478066827,3.578282117843628
70,4,1.1509527821256373,1.5839076405437789,0.4329548584181415,2.1647742920907076,922.0899033559641,1024,12,16,19.297020917600573,16;32;64;128;256;512,19.297020917600573;9.20065642275476;5.1263459467889865;1.5376072477326292;1.2200600458444615;0.2342002452832966,0.2,8,7732,0.94384765625,53.21289170905948,53.51525810797466,0.3023663989151828,42.2007421470137,13.187731920941781,3.6166391372680664
70,5,1.5839076405437789,2.0168624989619204,0.4329548584181415,2.1647742920907076,954.9809518287911,1024,12,16,17.36883829414993,16;32;64;128;256;512,17.36883829414993;7.573365805359502;4.49705438678675;1.4752567631321705;1.048599051416597;0.14172223418608412,0.2,8,7564,0.92333984375,53.51525810797466,53.702781368629076,0.18752326065441594,40.25455589973559,12.579548718667372,3.6134860515594482
70,6,2.0168624989619204,2.1647742920907076,0.14791179312878722,2.1647742920907076,1016.5774970026646,1024,12,16,21.40034719426691,16;32;64;128;256;512,21.40034719426691;5.032527421413209;4.083125043314232;1.0207837386054313;1.083424644491774;0.1251252915731948,0.2,8,7555,0.9222412109375,53.702781368629076,53.77522570302244,0.07244433439336717,39.83540339739084,12.448563561684637,3.860564947128296
72,1,0.0,0.2783938124220774,0.2783938124220774,2.1815738002902196,512.0000005267716,1024,12,16,24.679689617422035,16;32;64;128;256;512,24.679689617422035;12.33265469374323;5.7405527169339;1.76945028523325;1.541321384892148;0.26961078330259636,0.2,8,8131,0.9925537109375,48.01860542682698,51.467136154242326,3.4485307274153456,52.07327317236756,16.27289786636486,3.4956891536712646
72,2,0.2783938124220774,0.7147085724801213,0.4363147600580439,2.1815738002902196,607.6243034758113,1024,12,16,22.19741097899078,16;32;64;128;256;512,22.19741097899078;8.984275757370328;5.123910692632579;1.743134148211894;1.5031879314155308;0.12487477947152793,0.2,8,8005,0.9771728515625,51.467136154242326,53.65486013243208,2.1877239781897515,47.246046960969416,14.764389675302942,3.6186201572418213
72,3,0.7147085724801213,1.1510233325381654,0.43631476005804404,2.1815738002902196,847.3138120117078,1024,12,16,19.29578790281392,16;32;64;128;256;512,19.29578790281392;5.903928945384305;4.167707831499655;1.188464160388115;1.1583555669887462;0.20891570211360594,0.2,8,7893,0.9635009765625,53.65486013243208,54.177187978173606,0.522327845741529,44.74524454819811,13.982888921311908,3.6336560249328613
72,4,1.1510233325381654,1.5873380925962093,0.4363147600580439,2.1815738002902196,914.4865206739735,1024,12,16,21.469732062242244,16;32;64;128;256;512,21.469732062242244;8.313615312092194;4.568729403305537;1.4545098689537894;0.730078560721812;0.060167982650005586,0.2,8,7728,0.943359375,54.177187978173606,54.52757471118821,0.3503867330146022,41.800980584953045,13.062806432797826,3.6101949214935303
72,5,1.5873380925962093,2.023652852654253,0.4363147600580439,2.1815738002902196,956.7600177730197,1024,12,16,21.96868233081976,16;32;64;128;256;512,21.96868233081976;6.924802434750635;3.974974359944863;1.4593407292876406;0.8721476688012728;0.14868416931092263,0.2,8,7561,0.9229736328125,54.52757471118821,54.678782016271725,0.15120730508351699,41.17537020179478,12.867303188060868,3.993206024169922
72,6,2.023652852654253,2.1815738002902196,0.15792094763596642,2.1815738002902196,1015.7951106140157,1024,12,16,18.677083592815904,16;32;64;128;256;512,18.677083592815904;8.328836640858796;4.580416640656951;0.6453725725083562;0.8406853081089688;0.14678564276474382,0.2,8,7452,0.90966796875,54.678782016271725,54.756204203527886,0.07742218725616112,40.979984007599484,12.806245002374839,3.664340019226074
74,1,0.0,0.2859722780890901,0.2859722780890901,1.9368813548385433,512.0000005572556,1024,12,16,26.16945669514826,16;32;64;128;256;512,26.16945669514826;10.933625247785473;7.647112579173353;1.72766034373205;2.0365307529916734;0.2528111462765882,0.2,8,8123,0.9915771484375,48.75048030313337,52.290362067869864,3.539881764736492,51.025986225367134,15.945620695427229,3.8103060722351074
74,2,0.2859722780890901,0.6733485490567988,0.38737627096770866,1.9368813548385433,674.0599796539202,1024,12,16,19.61390688491897,16;32;64;128;256;512,19.61390688491897;9.572639623037297;5.83807613762579;1.0190537919556912;1.1677836794941516;0.25626399466135746,0.2,8,8049,0.9825439453125,52.290362067869864,54.055751408450305,1.765389340580441,47.05878382548345,14.705869945463578,3.7960221767425537
74,3,0.6733485490567988,1.0607248200245074,0.38737627096770866,1.9368813548385433,857.6617641011293,1024,12,16,16.672820607949912,16;32;64;128;256;512,16.672820607949912;7.578157174034571;4.855735098058038;1.967533296342601;0.7868772300230481;0.2633106091635598,0.2,8,7949,0.9703369140625,54.055751408450305,54.74764483002946,0.6918934215791523,43.58572821407947,13.620540066899833,3.7571918964385986
74,4,1.0607248200245074,1.448101090992216,0.38737627096770866,1.9368813548385433,932.6101433536829,1024,12,16,21.55672823179318,16;32;64;128;256;512,21.55672823179318;10.324988955032754;5.601784065551961;1.4345559799936072;1.2071951647817376;0.1808548247332139,0.2,8,7842,0.957275390625,54.74764483002946,55.0770013325382,0.3293565025087446,42.297614957484804,13.218004674214,3.834278106689453
74,5,1.448101090992216,1.8354773619599247,0.38737627096770866,1.9368813548385433,960.7845424021168,1024,12,16,16.46074803909728,16;32;64;128;256;512,16.46074803909728;6.640594648197019;3.444362818586567;1.0626787389881454;0.8350319055014112;0.0951289769346337,0.2,8,7665,0.9356689453125,55.0770013325382,55.27943394420436,0.20243261166615412,40.45857614156423,12.64330504423882,3.739224910736084
74,6,1.8354773619599247,1.9368813548385433,0.10140399287861857,1.9368813548385433,1020.2882094922068,1024,12,16,19.211754127743667,16;32;64;128;256;512,19.211754127743667;5.359086388785046;3.0269665175626583;0.8351733643725854;0.881657595293139;0.0724895509230767,0.2,8,7650,0.933837890625,55.27943394420436,55.30881371651776,0.02937977231340483,40.33544732160792,12.604827288002475,3.7944438457489014
76,1,0.0,0.27660233554531927,0.27660233554531927,2.307645525813271,512.0000001247981,1024,12,16,26.556403426399754,16;32;64;128;256;512,26.556403426399754;10.35685361300894;7.9925904818009;2.326956684001955;1.9269160897455235;0.1979062935445474,0.2,8,8130,0.992431640625,49.29700215230696,52.78818383050384,3.491181678196881,52.03563010919299,16.261134409122807,3.485106945037842
76,2,0.27660233554531927,0.7381314407079735,0.4615291051626543,2.307645525813271,593.6539236238306,1024,12,16,16.874990000590017,16;32;64;128;256;512,16.874990000590017;7.52482039279991;4.750012198764558;1.32158160239586;0.979993959134607;0.10234739092281879,0.2,8,8026,0.979736328125,52.78818383050384,54.88490691583138,2.0967230853275396,47.24484326150594,14.764013519220606,3.5566179752349854
76,3,0.7381314407079735,1.1996605458706278,0.4615291051626542,2.307645525813271,828.600419535816,1024,12,16,25.7231416546928,16;32;64;128;256;512,25.7231416546928;12.452382568760795;6.855771071319162;1.7784838045392792;1.7527987579539939;0.17708504361378513,0.2,8,7921,0.9669189453125,54.88490691583138,55.5861702816328,0.7012633658014238,43.735355805443774,13.667298689201179,3.6027112007141113
76,4,1.1996605458706278,1.661189651033282,0.4615291051626542,2.307645525813271,923.3844815345745,1024,12,16,20.11907570294451,16;32;64;128;256;512,20.11907570294451;9.700029084862361;5.5981358457229655;1.8384623896233225;1.0327510480381399;0.09745518319568336,0.2,8,7759,0.9471435546875,55.5861702816328,55.88012549595442,0.2939552143216133,43.01141895461476,13.441068423317112,3.6083099842071533
76,5,1.661189651033282,2.122718756195936,0.461529105162654,2.307645525813271,951.575367986745,1024,12,16,21.37050358887107,16;32;64;128;256;512,21.37050358887107;8.843438913704041;3.594675495082239;1.4322682168265444;1.1318293243551454;0.13145698455606394,0.2,8,7560,0.9228515625,55.88012549595442,56.08263831643853,0.20251282048411667,40.57602722947003,12.680008509209383,3.6248860359191895
76,6,2.122718756195936,2.307645525813271,0.18492676961733512,2.307645525813271,1013.249907139344,1024,12,16,22.60182579789004,16;32;64;128;256;512,22.60182579789004;8.223752679597908;6.094800324266251;1.17932063345825;0.8070928599930756;0.12959971387786326,0.2,8,7489,0.9141845703125,56.08263831643853,56.12767241289839,0.04503409645985812,39.91967468639092,12.474898339497162,3.6010489463806152
78,1,0.0,0.29677368571048945,0.29677368571048945,2.0814872351274816,512.0000000328641,1024,12,16,22.578098840602472,16;32;64;128;256;512,22.578098840602472;7.488219007803711;5.268703735443776;1.971274999771605;1.005844497280317;0.15972631673093682,0.2,8,8115,0.9906005859375,50.54892615909921,53.879802300420124,3.330876141320914,49.521433097475324,15.475447842961039,3.5337748527526855
78,2,0.29677368571048945,0.7130711327359858,0.4162974470254963,2.0814872351274816,650.2542928399843,1024,12,16,20.916339113976242,16;32;64;128;256;512,20.916339113976242;9.147603954347918;5.689487942255985;1.7454831001830895;1.3715960638633198;0.27401736978004726,0.2,8,8028,0.97998046875,53.879802300420124,55.884535133838654,2.0047328334185295,46.57655810809505,14.555174408779703,3.59139084815979
78,3,0.7130711327359858,1.129368579761482,0.4162974470254963,2.0814872351274816,865.6701953613839,1024,12,16,20.578696139786956,16;32;64;128;256;512,20.578696139786956;9.856072992309786;4.18360594086582;1.417147946109551;1.5517052750499587;0.23378065184329272,0.2,8,7869,0.9605712890625,55.884535133838654,56.48343045642832,0.5988953225896694,43.81577273704409,13.692428980326278,3.6220080852508545
78,4,1.129368579761482,1.5456660267869784,0.4162974470254963,2.0814872351274816,924.958191872446,1024,12,16,13.755677972488378,16;32;64;128;256;512,13.755677972488378;8.167989398749567;4.823397164822192;1.9866864380504614;1.0459786756698335;0.18274875040641986,0.2,8,7737,0.9444580078125,56.48343045642832,56.77016655594343,0.28673609951511025,41.975173315254985,13.117241661017182,3.6216681003570557
78,5,1.5456660267869784,1.9619634738124747,0.4162974470254963,2.0814872351274816,954.3408138867733,1024,12,16,22.815827575772744,16;32;64;128;256;512,22.815827575772744;5.29099372641348;3.712857770038458;1.4897231299609988;0.680220435467086;0.2186213719432713,0.2,8,7554,0.922119140625,56.77016655594343,56.940504568163306,0.17033801221987233,41.194228717204396,12.873196474126374,3.6341769695281982
78,6,1.9619634738124747,2.0814872351274816,0.11952376131500686,2.0814872351274816,1018.7749990297716,1024,12,16,22.39976344312521,16;32;64;128;256;512,22.39976344312521;6.540672998889423;3.868135119911685;0.7673993173953566;1.0212577152806517;0.07726210080337001,0.2,8,7521,0.9180908203125,56.940504568163306,56.9833134408691,0.042808872705791146,41.929672353305556,13.103022610407985,3.5454628467559814
80,1,0.0,0.2931660678884178,0.2931660678884178,1.861502773250383,512.000000288147,1024,12,16,16.60502633399143,16;32;64;128;256;512,16.60502633399143;8.798830642345868;4.2504215850474285;1.781308136838176;1.185504032758242;0.19626853424757107,0.2,8,8114,0.990478515625,51.45049288298469,54.89195229928009,3.4414594162954018,50.200330629565464,15.687603321739207,3.9993560314178467
80,2,0.2931660678884178,0.6654666225384944,0.3723005546500766,1.861502773250383,705.591376414471,1024,12,16,27.910845974142443,16;32;64;128;256;512,27.910845974142443;9.099313696652292;4.620789995337019;1.9326055748576012;1.627523912323105;0.2605783281397346,0.2,8,8010,0.977783203125,54.89195229928009,56.46663963544415,1.574687336164061,47.18277335440809,14.744616673252528,3.638617992401123
80,3,0.6654666225384944,1.037767177188571,0.3723005546500766,1.861502773250383,866.5238322771737,1024,12,16,21.09083629751976,16;32;64;128;256;512,21.09083629751976;7.466266484316639;3.447353060184522;1.5558952067201421;0.9078670314867245;0.17243463192787314,0.2,8,7893,0.9635009765625,56.46663963544415,57.11736952047795,0.6507298850337975,44.88826897064664,14.027584053327075,3.797261953353882
80,4,1.037767177188571,1.4100677318386476,0.3723005546500766,1.861502773250383,934.725802712765,1024,12,16,12.99249624263326,16;32;64;128;256;512,12.99249624263326;6.186768413733794;4.434112307238587;1.0340594793637585;0.9057951702863677;0.12617056599356646,0.2,8,7737,0.9444580078125,57.11736952047795,57.41139613627456,0.2940266157966107,42.18677064332163,13.183365826038008,3.7995290756225586
80,5,1.4100677318386476,1.7823682864887243,0.3723005546500766,1.861502773250383,957.0532020370977,1024,12,16,20.897452901510107,16;32;64;128;256;512,20.897452901510107;5.292741991287519;3.440264592643883;1.0971316283309989;0.6862529195405446;0.2306474134283048,0.2,8,7588,0.92626953125,57.41139613627456,57.63228373025777,0.2208875939832069,41.234401786827995,12.885750558383748,3.7424209117889404
80,6,1.7823682864887243,1.861502773250383,0.0791344867616588,1.861502773250383,1021.0264666543218,1024,12,16,16.446212991941263,16;32;64;128;256;512,16.446212991941263;9.078167244366998;4.134957657540728;1.7412818529314844;0.7766976450030506;0.13433050809500272,0.2,8,7584,0.92578125,57.63228373025777,57.660580035008024,0.02829630475025624,40.502852555087614,12.657141423464878,3.7505850791931152
82,1,0.0,0.29183935040929887,0.29183935040929887,2.115517647137592,512.0000002223683,1024,12,16,23.672949164810486,16;32;64;128;256;512,23.672949164810486;9.320124937292439;4.839184560355171;2.2038461457800858;1.0098176802171999;0.21325128266442636,0.2,8,8112,0.990234375,52.025807797617745,55.68776380753843,3.6619560099206865,50.24162549714054,15.700507967856417,3.4766268730163574
82,2,0.29183935040929887,0.7149428798368174,0.4231035294275185,2.115517647137592,667.6749319750057,1024,12,16,18.993906497160644,16;32;64;128;256;512,18.993906497160644;6.8476088046400125;4.114363066559365;1.2726712081254803;1.090257073146484;0.25593748402134503,0.2,8,8000,0.9765625,55.68776380753843,57.41934048203984,1.7315766745014116,46.35419285105276,14.485685265953986,3.839366912841797
82,3,0.7149428798368174,1.1380464092643359,0.4231035294275185,2.115517647137592,860.9758557562195,1024,12,16,18.074896678335374,16;32;64;128;256;512,18.074896678335374;7.394216962180731;5.00197985640716;1.5841708294094718;1.2156448987775526;0.21481453166748868,0.2,8,7860,0.95947265625,57.41934048203984,58.0800917550805,0.6607512730406597,43.97813326130027,13.743166644156334,3.7125601768493652
82,4,1.1380464092643359,1.5611499386918544,0.4231035294275185,2.115517647137592,928.5457171067715,1024,12,16,24.841201716484367,16;32;64;128;256;512,24.841201716484367;8.366968676003731;4.658287150135932;1.352337882572865;1.099180394881815;0.16248692649710578,0.2,8,7675,0.9368896484375,58.0800917550805,58.316390600346494,0.23629884526599199,41.610951189546725,13.00342224673335,3.5122289657592773
82,5,1.5611499386918544,1.9842534681193729,0.4231035294275185,2.115517647137592,946.3113428583005,1024,12,16,19.37257896637788,16;32;64;128;256;512,19.37257896637788;6.979533233640842;4.940076721460277;1.0080802599740568;0.7606541578790477;0.13626209938552694,0.2,8,7404,0.90380859375,58.316390600346494,58.51287312444765,0.19648252410115674,40.703488217987065,12.719840068120957,3.61708402633667
82,6,1.9842534681193729,2.115517647137592,0.13126417901821918,2.115517647137592,1017.3475284524804,1024,12,16,14.185771312159892,16;32;64;128;256;512,14.185771312159892;6.113463327287861;1.4940087238598516;1.040228010518998;1.0805343258031859;0.10650589925127914,0.2,8,7386,0.901611328125,58.51287312444765,58.627872942830436,0.11499981838278472,40.90251823436102,12.782036948237817,3.6214540004730225
84,1,0.0,0.2894655163863685,0.2894655163863685,2.1616749820599717,512.0000004929457,1024,12,16,13.380026443160888,16;32;64;128;256;512,13.380026443160888;6.124084181776553;3.9008050042164855;1.2656770782796851;1.1116231958923184;0.21727502021425807,0.2,8,8109,0.9898681640625,52.924056976800784,56.422217580198776,3.4981606033979915,51.91375999399441,16.22304999812325,3.594954013824463
84,2,0.2894655163863685,0.7218005127983629,0.43233499641199435,2.1616749820599717,631.7917537949301,1024,12,16,18.39809141106443,16;32;64;128;256;512,18.39809141106443;8.989386249130146;3.9458929721977185;1.1519717722697076;1.1209271918339974;0.1290547827735269,0.2,8,7996,0.97607421875,56.422217580198776,58.41700367524754,1.9947860950487666,46.20710373224199,14.439719916325622,3.6169850826263428
84,3,0.7218005127983629,1.1541355092103571,0.43233499641199424,2.1616749820599717,850.1531108432483,1024,12,16,25.346823250435236,16;32;64;128;256;512,25.346823250435236;13.519946231750103;6.739219231474208;2.160645254173583;1.8408107821637427;0.18269513581877522,0.2,8,7828,0.95556640625,58.41700367524754,58.954315727285575,0.5373120520380326,45.04215495074237,14.075673422106991,3.6245779991149902
84,4,1.1541355092103571,1.5864705056223514,0.43233499641199424,2.1616749820599717,916.1861581958997,1024,12,16,19.519226548623624,16;32;64;128;256;512,19.519226548623624;6.145607689312317;3.5545571417052066;1.1399177662232323;0.9087252467632231;0.13757998209170008,0.2,8,7668,0.93603515625,58.954315727285575,59.28000334009994,0.3256876128143631,42.34106747993892,13.231583587480912,3.638159990310669
84,5,1.5864705056223514,2.0188055020343456,0.43233499641199424,2.1616749820599717,942.4395446482125,1024,12,16,20.754172339359037,16;32;64;128;256;512,20.754172339359037;7.7631566458529075;3.5227606194758736;0.8243960497506205;0.7699818504115996;0.049560460209750745,0.2,8,7420,0.90576171875,59.28000334009994,59.48992275976343,0.2099194196634926,39.57385712067159,12.366830350209872,3.781665086746216
84,6,2.0188055020343456,2.1616749820599717,0.14286948002562605,2.1616749820599717,1015.4657235996631,1024,12,16,13.98867027984454,16;32;64;128;256;512,13.98867027984454;5.871848789195561;3.1687464113849595;0.8054519691288549;0.45741738294378226;0.0893495879008615,0.2,8,7370,0.899658203125,59.48992275976343,59.52040593401762,0.03048317425418645,39.977272879701076,12.492897774906586,3.707981824874878
86,1,0.0,0.30431660893047413,0.30431660893047413,2.1102248344460515,512.000000243761,1024,12,16,24.141611858134436,16;32;64;128;256;512,24.141611858134436;9.112779394162558;5.748081889569487;1.5913317463032128;1.458631972305305;0.18457803892803368,0.2,8,8103,0.9891357421875,53.942823767487425,57.51787105971016,3.5750472922227345,50.93510075238341,15.917218985119815,3.5382649898529053
86,2,0.30431660893047413,0.7263615758196844,0.4220449668892103,2.1102248344460515,701.4871846392235,1024,12,16,25.9095989400426,16;32;64;128;256;512,25.9095989400426;12.172069652450663;6.93638684700285;1.613133641024808;1.424021925510952;0.1628049241605556,0.2,8,8000,0.9765625,57.51787105971016,59.02271762007149,1.5048465603613295,47.67124554200847,14.897264231877646,3.9788808822631836
86,3,0.7263615758196844,1.1484065427088948,0.42204496688921034,2.1102248344460515,870.4575669390105,1024,12,16,18.181524457776643,16;32;64;128;256;512,18.181524457776643;10.097572453015129;4.441643472667101;1.6538851191605854;1.213910732478806;0.19403540957286414,0.2,8,7811,0.9534912109375,59.02271762007149,59.58022455009632,0.5575069300248288,43.82265113335324,13.694578479172886,3.6561858654022217
86,4,1.1484065427088948,1.570451509598105,0.42204496688921034,2.1102248344460515,920.6662849116514,1024,12,16,22.420879378661667,16;32;64;128;256;512,22.420879378661667;6.429292681313055;4.445703318524816;1.0628647770029247;0.9048983202694247;0.015652959453439603,0.2,8,7659,0.9349365234375,59.58022455009632,59.87267012568191,0.2924455755855888,42.88141370284941,13.400441782140438,3.528630018234253
86,5,1.570451509598105,1.9924964764873154,0.42204496688921034,2.1102248344460515,947.1935056918453,1024,12,16,23.638243982905912,16;32;64;128;256;512,23.638243982905912;7.9066990876223295;5.123790041862561;1.3337654539601453;0.6338293576044984;0.15505237314272105,0.2,8,7360,0.8984375,59.87267012568191,60.08409956860123,0.21142944291932508,40.914911454748726,12.785909829608975,3.635468006134033
86,6,1.9924964764873154,2.1102248344460515,0.11772835795873604,2.1102248344460515,1018.6872571588378,1024,12,16,16.054300075877755,16;32;64;128;256;512,16.054300075877755;5.839857700288711;2.533187264125588;1.0775436630447974;0.4532123153026899;0.12308480585317874,0.2,8,7268,0.88720703125,60.08409956860123,60.172168566146865,0.08806899754563347,39.7988806764999,12.437150211406218,3.6470448970794678
88,1,0.0,0.3204509368052235,0.3204509368052235,2.0772189889251953,512.00000001031,1024,12,16,28.136783053687545,16;32;64;128;256;512,28.136783053687545;14.59371401139901;8.868001072686393;2.4292409781818214;1.9022950253946338;0.25751812043308914,0.2,8,8099,0.9886474609375,54.91668084310368,58.465226617932785,3.5485457748291083,50.606602885099974,15.814563401593741,3.5548858642578125
88,2,0.3204509368052235,0.7358947345902627,0.41544379778503915,2.0772189889251953,729.5441591626919,1024,12,16,14.489797909769392,16;32;64;128;256;512,14.489797909769392;6.655587267465779;4.533974018459727;1.2627741876523837;1.4362630262505978;0.15718952160590788,0.2,8,7936,0.96875,58.465226617932785,59.75664636521833,1.2914197472855449,46.31178204469507,14.47243188896721,3.6012840270996094
88,3,0.7358947345902627,1.1513385323753018,0.41544379778503915,2.0772189889251953,868.624733704737,1024,12,16,25.616071298562854,16;32;64;128;256;512,25.616071298562854;7.637867284050093;6.053471520132752;1.5369137835847018;1.5445867647218825;0.1607854949270894,0.2,8,7748,0.94580078125,59.75664636521833,60.270794526848476,0.5141481616301462,44.2771448880908,13.836607777528375,3.642428159713745
88,4,1.1513385323753018,1.566782330160341,0.41544379778503915,2.0772189889251953,924.62024584144,1024,12,16,21.288359396442413,16;32;64;128;256;512,21.288359396442413;7.310936161438087;4.083446282674529;0.9784175576200694;1.2273725265776008;0.05010353678605845,0.2,8,7518,0.917724609375,60.270794526848476,60.57516172592295,0.30436719907447696,42.18642471225427,13.183257722579459,3.620598077774048
88,5,1.566782330160341,1.9822261279453801,0.41544379778503915,2.0772189889251953,954.5111156461396,1024,12,16,22.387808109082584,16;32;64;128;256;512,22.387808109082584;8.395012907855598;4.302908087863993;1.1077056750921335;1.4085223018084074;0.06246614447068515,0.2,8,7335,0.8953857421875,60.57516172592295,60.79852494050283,0.2233632145798765,41.30518749493417,12.907871092166927,3.5383529663085938
88,6,1.9822261279453801,2.0772189889251953,0.09499286097981519,2.0772189889251953,1020.5484949410566,1024,12,16,18.932568181667023,16;32;64;128;256;512,18.932568181667023;7.958174503398504;4.176578853548802;1.011722875516296;0.9219085502764591;0.05737767003355019,0.2,8,7209,0.8800048828125,60.79852494050283,60.83509859169135,0.03657365118851885,41.25016151603251,12.89067547376016,3.7454071044921875
90,1,0.0,0.3137025071591891,0.3137025071591891,1.7952089094685553,512.0000001519002,1024,12,16,23.68755067619807,16;32;64;128;256;512,23.68755067619807;10.446835250067416;5.1752607211218224;2.168661155591076;1.288835016815141;0.23959704649091287,0.2,8,8091,0.9876708984375,55.08051707211416,58.48000957467593,3.3994925025617704,50.026025271541414,15.633132897356692,3.547693967819214
90,2,0.3137025071591891,0.6727442890529002,0.35904178189371105,1.7952089094685553,734.9159147043072,1024,12,16,21.629386730677236,16;32;64;128;256;512,21.629386730677236;8.05157263496999;4.790158553690865;1.8223488239212717;0.925182681419154;0.27917094436804935,0.2,8,7961,0.9718017578125,58.48000957467593,59.88140496890992,1.4013953942339867,47.39344473876201,14.810451480863126,3.5727908611297607
90,3,0.6727442890529002,1.0317860709466111,0.35904178189371094,1.7952089094685553,879.6799828235921,1024,12,16,19.0440159713104,16;32;64;128;256;512,19.0440159713104;8.060943761346802;4.712365986232234;1.548868031788316;1.3123391257601436;0.22825053469285103,0.2,8,7816,0.9541015625,59.88140496890992,60.511811550182756,0.6304065812728368,44.40550769565934,13.876721154893543,3.561544895172119
90,4,1.0317860709466111,1.3908278528403222,0.35904178189371105,1.7952089094685553,931.2052400441844,1024,12,16,22.899003854016676,16;32;64;128;256;512,22.899003854016676;8.707121979761721;3.6392642666487443;1.4946853438707248;1.5341563477952782;0.20544310382330006,0.2,8,7683,0.9378662109375,60.511811550182756,60.81044793035835,0.29863638017559424,43.02276193726752,13.4446131053961,3.5871520042419434
90,5,1.3908278528403222,1.7498696347340332,0.35904178189371105,1.7952089094685553,958.8930063726575,1024,12,16,16.70479502601984,16;32;64;128;256;512,16.70479502601984;8.2068632771571;3.2173039169079236;1.1445059034775389;0.5390017672713217;0.16957863642437296,0.2,8,7440,0.908203125,60.81044793035835,61.00461713108234,0.1941692007239908,41.885988214193425,13.089371316935445,3.5980300903320312
90,6,1.7498696347340332,1.7952089094685553,0.04533927473452204,1.7952089094685553,1022.9866366181845,1024,12,16,23.425630112868767,16;32;64;128;256;512,23.425630112868767;7.399710890103324;3.804338865070072;0.6738695239730932;0.8878704537724381;0.11071009036223801,0.2,8,7469,0.9117431640625,61.00461713108234,61.06578369595809,0.06116656487574801,41.734025966507396,13.04188311453356,3.766555070877075
92,1,0.0,0.3363304086671929,0.3363304086671929,2.162194697202369,512.0000004095473,1024,12,16,30.41208147436284,16;32;64;128;256;512,30.41208147436284;10.363226547319586;6.371554735469004;1.9528170035478378;1.8549892397761096;0.22507279384352083,0.2,8,8093,0.9879150390625,56.06217264285078,59.218988949025515,3.1568163061747327,51.14963287393356,15.984260273104237,3.797189950942993
92,2,0.3363304086671929,0.7687693481076667,0.43243893944047385,2.162194697202369,688.628484950113,1024,12,16,28.228030532886034,16;32;64;128;256;512,28.228030532886034;8.939083617963783;5.65931142077523;1.6662448518574016;1.2810402288273421;0.15440652430495772,0.2,8,7940,0.96923828125,59.218988949025515,60.689883036131505,1.4708940871059895,46.28763057880797,14.46488455587749,3.733325958251953
92,3,0.7687693481076667,1.2012082875481407,0.43243893944047396,2.162194697202369,857.1963104891205,1024,12,16,28.993598430561942,16;32;64;128;256;512,28.993598430561942;11.07521726736811;6.848067033804376;1.7915103574930642;1.5306034603499459;0.21038125912591188,0.2,8,7723,0.9427490234375,60.689883036131505,61.234772488474846,0.544889452343341,44.51278281472194,13.910244629600605,3.617288827896118
92,4,1.2012082875481407,1.6336472269886144,0.43243893944047374,2.162194697202369,915.7311417227739,1024,12,16,19.1948395392481,16;32;64;128;256;512,19.1948395392481;9.450359066547321;6.098491609203793;1.5607047443330786;0.9740398277006133;0.18295421357083622,0.2,8,7493,0.9146728515625,61.234772488474846,61.52775217540329,0.29297968692844734,42.085905827006776,13.151845570939617,4.172220945358276
92,5,1.6336472269886144,2.066086166429088,0.43243893944047374,2.162194697202369,948.5592570157031,1024,12,16,16.66291338615472,16;32;64;128;256;512,16.66291338615472;6.680826983369093;5.6103179524994715;1.030043876210575;1.3449176056751173;0.2002782709782955,0.2,8,7246,0.884521484375,61.52775217540329,61.78273241815623,0.25498024275293574,40.10643904479557,12.533262201498616,3.8853280544281006
92,6,2.066086166429088,2.162194697202369,0.09610853077328096,2.162194697202369,1020.1722670014788,1024,12,16,12.090836788955809,16;32;64;128;256;512,12.090836788955809;5.5917310056046;3.753542675522056;0.4816518351423816;0.6659997589582681;0.026037655485478654,0.2,8,7105,0.8673095703125,61.78273241815623,61.786064681073185,0.003332262916956097,40.09904277480705,12.530950867127203,3.745422840118408
94,1,0.0,0.34501769541440963,0.34501769541440963,2.0072726351789156,512.0000001276285,1024,12,16,20.909265393810557,16;32;64;128;256;512,20.909265393810557;7.699059521867443;5.252505367222938;1.8547550936923707;1.1590026968866491;0.2902106005795707,0.2,8,8082,0.986572265625,56.59936117823236,59.803679810022004,3.204318631789647,49.872412312255506,15.585128847579846,3.5830800533294678
94,2,0.34501769541440963,0.7464722224501927,0.4014545270357831,2.0072726351789156,748.0922206067492,1024,12,16,17.739283751423347,16;32;64;128;256;512,17.739283751423347;7.126077864152332;5.516932961929777;1.0779820381330838;1.2119882697949091;0.23659657274710555,0.2,8,7944,0.9697265625,59.803679810022004,61.01210366602754,1.2084238560055383,46.56397910690383,14.551243470907446,3.8569958209991455
94,3,0.7464722224501927,1.147926749485976,0.4014545270357832,2.0072726351789156,875.4441743420653,1024,12,16,20.842052107510003,16;32;64;128;256;512,20.842052107510003;7.444036750129199;2.7910416689761046;1.4582670795578583;1.0635464819955578;0.11916720784292355,0.2,8,7770,0.948486328125,61.01210366602754,61.59777522983495,0.5856715638074093,44.96185112949845,14.050578477968264,3.6096088886260986
94,4,1.147926749485976,1.5493812765217592,0.4014545270357832,2.0072726351789156,921.9339334866285,1024,12,16,25.984273039812436,16;32;64;128;256;512,25.984273039812436;7.665387312091753;2.7177066091693547;0.9829418551862025;1.0747965621568625;0.2007041315773313,0.2,8,7554,0.922119140625,61.59777522983495,61.926070097484626,0.3282948676496744,42.50647589958833,13.283273718621352,3.590333938598633
94,5,1.5493812765217592,1.9508358035575424,0.4014545270357832,2.0072726351789156,954.455050306128,1024,12,16,17.09521103197807,16;32;64;128;256;512,17.09521103197807;5.659049708733696;3.6375467575454143;0.6254876115711218;0.06193957048114214;0.10375904075583743,0.2,8,7240,0.8837890625,61.926070097484626,62.1535753046046,0.22750520711997524,41.42448088963808,12.9451502780119,3.544625997543335
94,6,1.9508358035575424,2.0072726351789156,0.05643683162137325,2.0072726351789156,1022.7380441017187,1024,12,16,17.173918026118077,16;32;64;128;256;512,17.173918026118077;6.280940389110246;3.4091079208405555;0.6006403689401013;0.4699411773006635;0.04348298466889011,0.2,8,7234,0.883056640625,62.1535753046046,62.16020071605453,0.006625411449931562,40.48452115185458,12.651412859954556,3.6167731285095215
96,1,0.0,0.348338647456894,0.348338647456894,2.0251644663238273,512.0000002007696,1024,12,16,24.57181136217459,16;32;64;128;256;512,24.57181136217459;10.58115741568169;7.008184985105285;1.8289634746028818;1.9923243271768427;0.31107314783065976,0.2,8,8068,0.98486328125,56.947237358486746,60.170851944887545,3.2236145864007995,51.16427112130073,15.988834725406477,3.5532760620117188
96,2,0.348338647456894,0.7533715407216595,0.40503289326476544,2.0251644663238273,736.0964145005374,1024,12,16,19.08794727318991,16;32;64;128;256;512,19.08794727318991;8.285193065626412;4.631921223877362;1.5280049100600317;1.1996808457002863;0.16022801069603307,0.2,8,7919,0.9666748046875,60.170851944887545,61.47057694167597,1.2997249967884272,45.855569812315785,14.329865566348682,3.598396062850952
96,3,0.7533715407216595,1.158404433986425,0.40503289326476555,2.0251644663238273,885.2671631345381,1024,12,16,20.913206202806087,16;32;64;128;256;512,20.913206202806087;9.46587083206644;4.648257568476075;1.2477511462570923;0.9576668605311964;0.19339458243075205,0.2,8,7731,0.9437255859375,61.47057694167597,61.987267823074944,0.5166908813989721,44.319721145839466,13.849912858074832,3.7177419662475586
96,4,1.158404433986425,1.5634373272511906,0.40503289326476555,2.0251644663238273,921.5491343637726,1024,12,16,13.464111503992893,16;32;64;128;256;512,13.464111503992893;5.510583915376204;4.210630456471896;0.9820504045024033;0.3498408138634587;0.1791142772377115,0.2,8,7483,0.9134521484375,61.987267823074944,62.282443332194816,0.295175509119872,41.77371074927469,13.05428460914834,3.7347288131713867
96,5,1.5634373272511906,1.968470220515956,0.40503289326476555,2.0251644663238273,949.9784784134406,1024,12,16,16.777385443710845,16;32;64;128;256;512,16.777385443710845;7.678031240789417;3.5160698497782152;0.538161858842671;0.6267710463255832;0.0876066640586727,0.2,8,7241,0.8839111328125,62.282443332194816,62.48493417270947,0.20249084051465616,40.42454814903236,12.632671296572612,3.790891170501709
96,6,1.968470220515956,2.0251644663238273,0.05669424580787119,2.0251644663238273,1022.6228160350523,1024,12,16,18.852553277651705,16;32;64;128;256;512,18.852553277651705;7.280440709614935;3.1010769692325395;1.007876062050677;0.30665006600797107;0.0919549973961368,0.2,8,7227,0.8822021484375,62.48493417270947,62.49344917910639,0.008515006396919489,41.03884133069802,12.82463791584313,3.7459399700164795
98,1,0.0,0.36870285685762816,0.36870285685762816,2.025998196474278,512.0000000289119,1024,12,16,25.478761107583807,16;32;64;128;256;512,25.478761107583807;9.471165371425727;4.627690544179401;2.0822316319542313;1.4922363128415108;0.21461046430806188,0.2,8,8058,0.983642578125,57.82778514531674,60.95170451735612,3.1239193720393814,50.71335602194526,15.847923756857893,3.613636016845703
98,2,0.36870285685762816,0.7739024961524839,0.4051996392948557,2.025998196474278,771.2659388136094,1024,12,16,23.735860452375093,16;32;64;128;256;512,23.735860452375093;10.844730715601749;7.281950977209404;2.039546064490283;1.3125231575011937;0.262699247036275,0.2,8,7878,0.961669921875,60.95170451735612,62.01330735674128,1.0616028393851593,46.673285966194314,14.585401864435722,3.6270639896392822
98,3,0.7739024961524839,1.1791021354473394,0.4051996392948556,2.025998196474278,888.3639382636115,1024,12,16,17.390688006903677,16;32;64;128;256;512,17.390688006903677;7.642131626468368;4.144008617711835;1.3111151027264745;0.7127450021598016;0.1563573929420569,0.2,8,7654,0.934326171875,62.01330735674128,62.50134187313961,0.4880345163983293,44.41661501056534,13.880192190801667,3.590130090713501
98,4,1.1791021354473394,1.584301774742195,0.4051996392948556,2.025998196474278,936.4513200916903,1024,12,16,21.11023974881704,16;32;64;128;256;512,21.11023974881704;10.550262235336714;3.0294824367491193;0.9565509816047693;0.8347356918675641;0.08342522406578723,0.2,8,7452,0.90966796875,62.50134187313961,62.779376447433606,0.27803457429399714,43.135277473424246,13.479774210445076,3.7520639896392822
98,5,1.584301774742195,1.9895014140370506,0.4051996392948556,2.025998196474278,955.2725707785299,1024,12,16,16.499449511745027,16;32;64;128;256;512,16.499449511745027;5.757620971329304;2.8431043956252293;1.5877821477715914;0.8991501269861648;0.03961689623844746,0.2,8,7139,0.8714599609375,62.779376447433606,62.999404207686894,0.22002776025328785,43.03308078708026,13.44783774596258,3.5925731658935547
98,6,1.9895014140370506,2.025998196474278,0.03649678243722754,2.025998196474278,1023.4535023689438,1024,12,16,15.36670718803346,16;32;64;128;256;512,15.36670718803346;6.435891917214944;4.109929062335228;0.5760870404160601;0.3465659676343491;0.0499378841292601,0.2,8,7148,0.87255859375,62.999404207686894,62.98295905592386,-0.016445151763036847,40.92940392113109,12.790438725353464,4.064502000808716
100,1,0.0,0.35328045041994643,0.35328045041994643,2.059021693876196,512.0000001987191,1024,12,16,23.004561221387025,16;32;64;128;256;512,23.004561221387025;11.371228524061634;6.4734007155715565;2.3440402016387307;2.0437990941947772;0.2287222278643074,0.2,8,8072,0.9853515625,57.762164428364486,60.94563362986082,3.1834692014963366,50.24664595361811,15.70207686050566,3.8137941360473633
100,2,0.35328045041994643,0.7650847891951857,0.4118043387752393,2.059021693876196,743.034335491615,1024,12,16,26.41399839286477,16;32;64;128;256;512,26.41399839286477;8.370019051833536;4.890843475949129;1.5875304915761637;1.6330695611918802;0.1705201804359221,0.2,8,7924,0.96728515625,60.94563362986082,62.07410734152654,1.1284737116657197,48.07786376693575,15.02433242716742,3.806570053100586
100,3,0.7650847891951857,1.176889127970425,0.41180433877523925,2.059021693876196,864.5399759969605,1024,12,16,24.442466023965718,16;32;64;128;256;512,24.442466023965718;8.107333242034613;6.479797169707253;1.3439088275832167;1.384031200728788;0.14545882401290114,0.2,8,7682,0.937744140625,62.07410734152654,62.66767440066906,0.5935670591425151,44.313008223667445,13.847815069896075,3.523805856704712
100,4,1.176889127970425,1.5886934667456643,0.41180433877523925,2.059021693876196,925.9105112849969,1024,12,16,23.41252501421719,16;32;64;128;256;512,23.41252501421719;9.624143289684763;6.298540656242883;0.8302395993462889;1.1950243104577407;0.14165078597134326,0.2,8,7427,0.9066162109375,62.66767440066906,62.95310464291833,0.2854302422492765,42.95934215976614,13.424794424926917,3.6241679191589355
100,5,1.5886934667456643,2.0004978055209035,0.41180433877523925,2.059021693876196,949.3197908651533,1024,12,16,22.439096291681945,16;32;64;128;256;512,22.439096291681945;5.5882504513522875;3.577498289218613;0.6304252733259549;0.852616928179204;0.058815848028296806,0.2,8,7155,0.8734130859375,62.95310464291833,63.17724724300206,0.22414260008372366,41.01050880312702,12.815784000977192,3.835861921310425
100,6,2.0004978055209035,2.059021693876196,0.05852388835529254,2.059021693876196,1022.4936076284316,1024,12,16,22.585274681226053,16;32;64;128;256;512,22.585274681226053;6.38058317669004;2.3819439605363923;2.060042186245209;0.8486491795825388;0.11248440932977773,0.2,8,7140,0.87158203125,63.17724724300206,63.20196404471062,0.024716801708564162,40.331119213860596,12.603474754331435,3.51906418800354
102,1,0.0,0.3700634550572922,0.3700634550572922,2.0785569625711,512.0000003713258,1024,12,16,34.57424567710315,16;32;64;128;256;512,34.57424567710315;12.779668002360724;8.475314121947578;2.7841209050476214;2.162913964870299;0.3212230779792687,0.2,8,8036,0.98095703125,58.5024684848031,61.61998467211379,3.1175161873106845,51.04892388711221,15.952788714722566,3.733191967010498
102,2,0.3700634550572922,0.7857748475715123,0.41571139251422007,2.0785569625711,772.7262272361105,1024,12,16,32.22193015758203,16;32;64;128;256;512,32.22193015758203;12.813982369007501;8.274638027832497;2.336540952224216;2.247511302384491;0.3829338543826745,0.2,8,7880,0.9619140625,61.61998467211379,62.73461433011107,1.114629657997284,47.73258203668895,14.916431886465297,3.542430877685547
102,3,0.7857748475715123,1.2014862400857322,0.41571139251421996,2.0785569625711,884.1247140558074,1024,12,16,21.68614297128623,16;32;64;128;256;512,21.68614297128623;6.845829923034593;5.847306468750151;0.8476822563860048;1.216459007695668;0.11303442112430909,0.2,8,7678,0.937255859375,62.73461433011107,63.22443204355659,0.48981771344551817,44.99980546012704,14.0624392062897,3.585031032562256
102,4,1.2014862400857322,1.6171976325999522,0.41571139251421996,2.0785569625711,932.8630414730454,1024,12,16,22.15619366774286,16;32;64;128;256;512,22.15619366774286;8.313642108836222;7.425936355188796;0.9801132525304442;0.7743950879720479;0.06787681328280176,0.2,8,7387,0.9017333984375,63.22443204355659,63.44362363748951,0.2191915939329192,41.730299374381346,13.04071855449417,3.6082119941711426
102,5,1.6171976325999522,2.032909025114172,0.41571139251421996,2.0785569625711,950.1755729915888,1024,12,16,19.20820138759689,16;32;64;128;256;512,19.20820138759689;4.826748719184322;3.451972833357353;0.882344347241798;0.5995287688298325;0.08023124526150407,0.2,8,7064,0.8623046875,63.44362363748951,63.62121973716421,0.1775960996747017,40.975190309331005,12.804746971665939,3.7453818321228027
102,6,2.032909025114172,2.0785569625711,0.045647937456927856,2.0785569625711,1023.0784461080948,1024,12,16,13.38355918245882,16;32;64;128;256;512,13.38355918245882;7.054562055051005;2.52765359051336;0.5620090094248417;1.1333839821880658;0.019406387820304898,0.2,8,7004,0.85498046875,63.62121973716421,63.680338826961815,0.05911908979760483,41.11326993184004,12.84789685370001,3.4287350177764893
104,1,0.0,0.38330058150314156,0.38330058150314156,2.309095327541636,512.000000040734,1024,12,16,25.050353780252554,16;32;64;128;256;512,25.050353780252554;8.471852152080523;5.6092921818484704;1.8399394427616473;1.2522865187648868;0.17214450157483963,0.2,8,8035,0.9808349609375,59.0179083221592,62.16590669477591,3.147998372616712,50.55564774249726,15.798639919530393,3.721506118774414
104,2,0.38330058150314156,0.8451196470114688,0.46181906550832724,2.309095327541636,750.953331923104,1024,12,16,27.800210723509142,16;32;64;128;256;512,27.800210723509142;11.02448264267708;6.953993099100575;1.2681940625916313;1.6029921526716613;0.12040668376385784,0.2,8,7801,0.9522705078125,62.16590669477591,63.18521433684509,1.0193076420691796,46.00382933698266,14.376196667807081,3.7718019485473633
104,3,0.8451196470114688,1.306938712519796,0.4618190655083272,2.309095327541636,873.9341107912584,1024,12,16,21.98618252787498,16;32;64;128;256;512,21.98618252787498;9.994861260113652;3.6728388006209154;1.844117601534147;1.1290403367547819;0.1699032635784663,0.2,8,7576,0.9248046875,63.18521433684509,63.61500334437005,0.42978900752495974,44.69221427462462,13.966316960820192,3.598396062850952
104,4,1.306938712519796,1.7687577780281232,0.4618190655083272,2.309095327541636,918.1724554098722,1024,12,16,18.679264487195024,16;32;64;128;256;512,18.679264487195024;5.567936583234327;4.2367182094089255;1.0823297034941308;0.7548292092964122;0.16842379756330025,0.2,8,7219,0.8812255859375,63.61500334437005,63.89730421808781,0.2823008737177588,42.54996680385027,13.296864626203208,3.610974073410034
104,5,1.7687577780281232,2.2305768435364506,0.4618190655083274,2.309095327541636,947.1356667642383,1024,12,16,18.065586754938472,16;32;64;128;256;512,18.065586754938472;7.01569160746471;3.1053720380837;0.9395642918422612;0.4520157802477308;0.05339740906117074,0.2,8,6818,0.832275390625,63.89730421808781,64.10525299317669,0.2079487750888802,40.422417199088315,12.632005374715098,3.6233339309692383
104,6,2.2305768435364506,2.309095327541636,0.07851848400518557,2.309095327541636,1021.9294142633694,1024,12,16,8.657088753306002,16;32;64;128;256;512,8.657088753306002;7.929735033518856;2.499301022265871;1.1202632163703492;1.0925048388093017;0.10677305005439651,0.2,8,6857,0.8370361328125,64.10525299317669,64.12813350214856,0.02288050897186622,39.68169718748073,12.400530371087727,3.5957610607147217
106,1,0.0,0.40147880773114153,0.40147880773114153,2.553983918830096,512.0000003882956,1024,12,16,22.46519689190727,16;32;64;128;256;512,22.46519689190727;7.490036274283974;5.635397190742878;1.6888919867075949;1.1930702352617124;0.18479968008565079,0.2,8,8043,0.9818115234375,59.66673048964003,62.48650613205973,2.8197756424196996,48.674604619092854,15.210813943466515,4.135416030883789
106,2,0.40147880773114153,0.9122755914971608,0.5107967837660192,2.553983918830096,723.6722952118195,1024,12,16,24.165037010421752,16;32;64;128;256;512,24.165037010421752;8.667709522279289;7.320234799236694;2.0711120484835366;1.5425767988813377;0.09302671125839349,0.2,8,7816,0.9541015625,62.48650613205973,63.63474466034677,1.1482385282870382,45.67106664432966,14.272208326353018,3.6540520191192627
106,3,0.9122755914971608,1.42307237526318,0.5107967837660192,2.553983918830096,866.1025114085382,1024,12,16,28.558554671101753,16;32;64;128;256;512,28.558554671101753;9.52349803211023;6.962726057506773;1.3017296343053235;1.34386228240884;0.20527307632399983,0.2,8,7542,0.920654296875,63.63474466034677,64.0329156362568,0.39817097591003403,43.214333957489096,13.504479361715342,3.6656811237335205
106,4,1.42307237526318,1.9338691590291992,0.5107967837660192,2.553983918830096,906.6566314552077,1024,12,16,14.566756082733116,16;32;64;128;256;512,14.566756082733116;4.862774427025258;2.727198896978643;0.5947994490332161;0.14719689696435362;0.10094061110270594,0.2,8,7149,0.8726806640625,64.0329156362568,64.30093819129979,0.26802255504298955,41.131252773140005,12.853516491606252,3.571692943572998
106,5,1.9338691590291992,2.4446659427952184,0.5107967837660192,2.553983918830096,935.9797288411074,1024,12,16,16.182591548737868,16;32;64;128;256;512,16.182591548737868;3.2888702656231588;2.0091222249347926;0.3966403345187589;0.7618566905895154;0.03305896692652232,0.2,8,6713,0.8194580078125,64.30093819129979,64.4829807447968,0.1820425534970127,39.23273456478763,12.260229551496133,3.618396043777466
106,6,2.4446659427952184,2.553983918830096,0.1093179760348777,2.553983918830096,1019.9838767603109,1024,12,16,8.994388675173925,16;32;64;128;256;512,8.994388675173925;6.26022389523099;2.271303865972593;1.1140512199566532;0.7494459036927525;0.03955552160751719,0.2,8,6558,0.800537109375,64.4829807447968,64.51568826340372,0.032707518606912345,39.337817392535854,12.293067935167453,3.6981828212738037
108,1,0.0,0.4157656100039307,0.4157656100039307,2.2421368304154017,512.0000002225884,1024,12,16,26.883742609799846,16;32;64;128;256;512,26.883742609799846;9.45542248282767;7.900596004134651;1.9927206055084903;1.737073588976431;0.2928281175954202,0.2,8,8047,0.9822998046875,59.84731193893822,62.7764927909011,2.929180851962883,49.92815683004442,15.60254900938888,3.74526309967041
108,2,0.4157656100039307,0.8641929760870111,0.44842736608308037,2.2421368304154017,795.6274428344383,1024,12,16,34.18015414519894,16;32;64;128;256;512,34.18015414519894;11.000543621194923;7.782401639340331;2.442556191704182;1.9338380165007998;0.23590609081032723,0.2,8,7856,0.958984375,62.7764927909011,63.66809974447824,0.8916069535771385,46.1711405892343,14.428481434135717,3.482609987258911
108,3,0.8641929760870111,1.3126203421700915,0.4484273660830804,2.2421368304154017,877.7275872065696,1024,12,16,17.30689793102532,16;32;64;128;256;512,17.30689793102532;8.993309243664779;3.70241985221413;1.6492823535450154;1.0950733410976856;0.03800622371407801,0.2,8,7566,0.923583984375,63.66809974447824,64.0506107955589,0.3825110510806553,44.78199998789187,13.994374996216209,3.7332379817962646
108,4,1.3126203421700915,1.761047708253172,0.4484273660830804,2.2421368304154017,923.520158331672,1024,12,16,17.014858243332068,16;32;64;128;256;512,17.014858243332068;10.692958059612275;2.1790854753666564;1.62026821165039;1.1509086436103273;0.0,0.2,8,7278,0.888427734375,64.0506107955589,64.32058242720086,0.26997163164196536,42.38527826166068,13.245399456768961,3.7033491134643555
108,5,1.761047708253172,2.209475074336252,0.4484273660830802,2.2421368304154017,947.4524362535697,1024,12,16,13.154358625477125,16;32;64;128;256;512,13.154358625477125;3.50813680403618;4.126228006312719;0.8421816609707605;0.8922786025581472;0.024356092032899023,0.2,8,6917,0.8443603515625,64.32058242720086,64.50734759616898,0.18676516896812245,40.79786658008858,12.74933330627768,3.7353410720825195
108,6,2.209475074336252,2.2421368304154017,0.03266175607914956,2.2421368304154017,1023.6053677951556,1024,12,16,17.838073660303746,16;32;64;128;256;512,17.838073660303746;7.742946125446777;3.520175074529285;0.8073183521055991;0.5835977937910738;0.14978425754167465,0.2,8,6915,0.8441162109375,64.50734759616898,64.53013928432483,0.022791688155848533,40.45841237682617,12.643253867758176,3.677434206008911
110,1,0.0,0.43621969941380057,0.43621969941380057,2.3641711335843043,512.0000002507736,1024,12,16,25.71859744410692,16;32;64;128;256;512,25.71859744410692;9.873786891985603;7.7869474806403955;2.082582187544345;1.6122826914022486;0.14071912653956914,0.2,8,8028,0.97998046875,60.225548971502576,63.14539569080807,2.9198467193054967,49.929545511299516,15.602982972281097,3.7070178985595703
110,2,0.43621969941380057,0.9090539261306614,0.4728342267168608,2.3641711335843043,792.4053953986914,1024,12,16,17.21492853608949,16;32;64;128;256;512,17.21492853608949;9.424749244047337;4.493242214793714;1.4521681490497973;0.8985617690526689;0.19466674321102972,0.2,8,7787,0.9505615234375,63.14539569080807,63.85652688523987,0.7111311944318004,46.71068282410072,14.597088382531474,3.80859112739563
110,3,0.9090539261306614,1.3818881528475222,0.4728342267168608,2.3641711335843043,868.3548596178143,1024,12,16,14.067545362947849,16;32;64;128;256;512,14.067545362947849;8.874235296870225;4.651471848313576;1.1880354747388921;0.23877775401578197;0.10974016395923297,0.2,8,7456,0.91015625,63.85652688523987,64.28827339352574,0.4317465082858689,43.97063478502782,13.740823370321193,3.7438080310821533
110,4,1.3818881528475222,1.854722379564383,0.4728342267168608,2.3641711335843043,918.1161267317133,1024,12,16,22.187407377331223,16;32;64;128;256;512,22.187407377331223;5.441666278065959;3.9720264021514367;0.8196276409504183;0.8742771128035688;0.0990095846343836,0.2,8,7180,0.87646484375,64.28827339352574,64.5800393372192,0.29176594369346276,42.4779245530286,13.274351422821438,3.7874019145965576
110,5,1.854722379564383,2.327556606281244,0.4728342267168608,2.3641711335843043,948.0939313969591,1024,12,16,12.17462926969342,16;32;64;128;256;512,12.17462926969342;3.6785596417364284;2.831131235320955;0.858215372335947;0.5440497423967101;0.04782880375319146,0.2,8,6791,0.8289794921875,64.5800393372192,64.76919641700806,0.1891570797888562,39.38386443435153,12.307457635734853,3.5689971446990967
110,6,2.327556606281244,2.3641711335843043,0.03661452730306047,2.3641711335843043,1023.5355149683892,1024,12,16,14.041582872193624,16;32;64;128;256;512,14.041582872193624;6.722048453622141;1.987763222520259;0.21381308205567995;0.46318817786441185;0.0,0.2,8,6715,0.8197021484375,64.76919641700806,64.76330844126642,-0.005887975741643459,40.36272283006969,12.613350884396779,3.874559164047241
