stride_idx,level,beta_pre,beta_post,delta_beta,beta_max,ess_at_dbeta_chosen,n_smc,theta_dim,chees_L_chosen,chees_score_best,chees_L_candidates,chees_scores,eps_step_size,n_mcmc_moves,total_accepts,accept_frac,log_density_pre_mean,log_density_post_mean,delta_log_density,esjd_total,esjd_per_eps_L,wall_seconds_level
2,1,0.0,0.00841264844230339,0.00841264844230339,0.043856862595848964,64.00000004816755,128,16,16,31.871741465512322,16;32;64;128,31.871741465512322;9.98662909546917;3.7767143751329684;1.3283200730692963,0.2,2,239,0.93359375,-157.28453970018018,-21.330504040815867,135.9540356593643,44.380247845823476,13.868827451819836,6.711134910583496
2,2,0.00841264844230339,0.017184020961473184,0.008771372519169793,0.043856862595848964,100.30463058477338,128,16,16,27.733453051774106,16;32;64;128,27.733453051774106;9.940540140225389;7.330686672926281;1.1871650731790435,0.2,2,225,0.87890625,-21.330504040815867,34.72717209464463,56.0576761354605,48.47457372972923,15.148304290540384,6.506805896759033
2,3,0.017184020961473184,0.025955393480642977,0.008771372519169793,0.043856862595848964,119.88044880062908,128,16,16,26.527654438875434,16;32;64;128,26.527654438875434;6.709499970101678;4.375524279971533;1.6412322009999154,0.2,2,225,0.87890625,34.72717209464463,42.91706883644292,8.189896741798293,44.676490925618765,13.961403414255864,6.489537000656128
2,4,0.025955393480642977,0.03472676599981277,0.00877137251916979,0.043856862595848964,122.63411466699758,128,16,16,34.52621552057957,16;32;64;128,34.52621552057957;8.246583629155012;3.912859970304366;0.740386336258302,0.2,2,230,0.8984375,42.91706883644292,49.138250897753096,6.221182061310174,46.048272009574234,14.390085002991947,6.508466005325317
2,5,0.03472676599981277,0.04349813851898256,0.00877137251916979,0.043856862595848964,124.96712844498069,128,16,16,22.45627617430113,16;32;64;128,22.45627617430113;8.12401537793422;4.9595482951313326;0.5740532137537843,0.2,2,234,0.9140625,49.138250897753096,50.030964828736614,0.8927139309835184,40.5654464700173,12.676702021880406,6.42414402961731
2,6,0.04349813851898256,0.043856862595848964,0.00035872407686640684,0.043856862595848964,127.99159220782806,128,16,16,25.83135960286173,16;32;64;128,25.83135960286173;5.082564224278948;4.970016608935137;1.7043595583066333,0.2,2,228,0.890625,50.030964828736614,48.46756408800138,-1.5634007407352328,42.03484685909868,13.135889643468337,6.3691020011901855
4,1,0.0,0.00796000008375785,0.00796000008375785,0.03980000041878925,65.13990811029866,128,16,16,29.810474482949537,16;32;64;128,29.810474482949537;8.129541260134012;6.987552816614447;0.8301267810117988,0.2,2,234,0.9140625,-166.64097439295801,-6.81610408760389,159.82487030535412,48.36099228381752,15.112810088692973,6.523283958435059
4,2,0.00796000008375785,0.0159200001675157,0.00796000008375785,0.03980000041878925,106.7222879476289,128,16,16,27.544940261627556,16;32;64;128,27.544940261627556;11.024406680621576;4.8580458743661925;0.9588331486014675,0.2,2,231,0.90234375,-6.81610408760389,30.162275984534062,36.97838007213795,47.38844631902908,14.808889474696587,6.389233112335205
4,3,0.0159200001675157,0.02388000025127355,0.00796000008375785,0.03980000041878925,118.38694912784905,128,16,16,22.589454338562764,16;32;64;128,22.589454338562764;9.421681188439974;6.576931197173475;1.5382006546035132,0.2,2,238,0.9296875,30.162275984534062,47.28486749710282,17.12259151256876,45.6630481892069,14.269702559127154,6.293627977371216
4,4,0.02388000025127355,0.0318400003350314,0.00796000008375785,0.03980000041878925,123.2657103871746,128,16,16,23.93785334077324,16;32;64;128,23.93785334077324;8.8984727552926;6.449992116408786;1.703361575762699,0.2,2,230,0.8984375,47.28486749710282,51.358020114392275,4.073152617289452,46.014281459820886,14.379462956194025,6.314915180206299
4,5,0.0318400003350314,0.03980000041878925,0.00796000008375785,0.03980000041878925,125.05894633088967,128,16,16,30.211745340151687,16;32;64;128,30.211745340151687;7.501196946031379;4.920952380290852;1.3081417957925827,0.2,2,236,0.921875,51.358020114392275,55.479188073892146,4.121167959499871,41.506544236900886,12.970795074031527,6.452663898468018
6,1,0.0,0.008138094271525119,0.008138094271525119,0.04774808085922087,64.00000000182072,128,16,16,19.35895195850163,16;32;64;128,19.35895195850163;4.433468635823562;4.894043062806075;1.2180764102135504,0.2,2,235,0.91796875,-159.4718667969437,-15.26661484647775,144.20525195046594,46.117131896213124,14.411603717566601,6.494856119155884
6,2,0.008138094271525119,0.017687710443369295,0.009549616171844176,0.04774808085922087,99.44917368473726,128,16,16,24.12757746686756,16;32;64;128,24.12757746686756;8.064197013725693;4.497364815493452;1.1320339561647998,0.2,2,227,0.88671875,-15.26661484647775,33.17861851771886,48.44523336419661,46.296946987285786,14.467795933526807,6.331486940383911
6,3,0.017687710443369295,0.02723732661521347,0.009549616171844175,0.04774808085922087,117.39705301346721,128,16,16,25.464001539482645,16;32;64;128,25.464001539482645;5.497441024783154;5.5696264473539125;1.113403672846524,0.2,2,238,0.9296875,33.17861851771886,44.70996550836753,11.531346990648672,45.00793261959584,14.0649789436237,6.374536991119385
6,4,0.02723732661521347,0.036786942787057644,0.009549616171844175,0.04774808085922087,121.76773755573578,128,16,16,30.012826208458137,16;32;64;128,30.012826208458137;9.246882655113078;3.879068545110168;0.959441844383362,0.2,2,240,0.9375,44.70996550836753,51.223694896209054,6.513729387841522,41.78845810461704,13.058893157692825,6.444127082824707
6,5,0.036786942787057644,0.04633655895890182,0.009549616171844175,0.04774808085922087,124.04924684871511,128,16,16,27.070371870577006,16;32;64;128,27.070371870577006;8.744848748493498;6.561055868083666;1.6878707075574055,0.2,2,240,0.9375,51.223694896209054,57.63641435466707,6.412719458458014,40.316562120740706,12.59892566273147,6.444818019866943
6,6,0.04633655895890182,0.04774808085922087,0.0014115219003190543,0.04774808085922087,127.91214402198864,128,16,16,30.76360823945418,16;32;64;128,30.76360823945418;7.274422739163582;4.657842940561432;1.389920742042137,0.2,2,238,0.9296875,57.63641435466707,59.83556510764174,2.199150752974674,38.1876109751318,11.933628429728685,6.47945499420166
8,1,0.0,0.008398857051215167,0.008398857051215167,0.04358610592692871,64.00000004385302,128,16,16,28.70500202855106,16;32;64;128,28.70500202855106;10.843286506109093;8.360802758850559;0.6352983489699955,0.2,2,232,0.90625,-159.82826731546083,-18.728703031898476,141.09956428356236,50.26970315122967,15.709282234759272,6.473422050476074
8,2,0.008398857051215167,0.01711607823660091,0.008717221185385742,0.04358610592692871,101.29530382924523,128,16,16,24.653314358668876,16;32;64;128,24.653314358668876;10.348611104122906;6.097843619448915;1.3594581551567797,0.2,2,220,0.859375,-18.728703031898476,33.59544543029551,52.32414846219399,49.627166141035104,15.50848941907347,6.559736967086792
8,3,0.01711607823660091,0.02583329942198665,0.008717221185385742,0.04358610592692871,120.32557437325312,128,16,16,20.036696419146235,16;32;64;128,20.036696419146235;6.457151638272558;3.0987147540530517;0.40669395373774153,0.2,2,227,0.88671875,33.59544543029551,45.06521481613163,11.469769385836116,45.165110278488115,14.114096962027535,6.646703004837036
8,4,0.02583329942198665,0.03455052060737239,0.008717221185385739,0.04358610592692871,123.88720710007723,128,16,16,16.355265048299472,16;32;64;128,16.355265048299472;7.07527002975719;2.990652022676866;2.0253436592044904,0.2,2,216,0.84375,45.06521481613163,49.98007082316326,4.914856007031631,44.886675846722895,14.027086202100904,6.72103214263916
8,5,0.03455052060737239,0.043267741792758135,0.008717221185385746,0.04358610592692871,124.96289153419977,128,16,16,17.252164245277864,16;32;64;128,17.252164245277864;4.964321832336267;3.51786945338314;1.3957316030822897,0.2,2,226,0.8828125,49.98007082316326,53.546838825335726,3.5667680021724664,45.34930356715924,14.171657364737262,6.51439905166626
8,6,0.043267741792758135,0.04358610592692871,0.000318364134170572,0.04358610592692871,127.99766235806455,128,16,16,33.414342159627466,16;32;64;128,33.414342159627466;6.750336680739122;5.216707195933377;1.2964714916016369,0.2,2,225,0.87890625,53.546838825335726,50.89587220386602,-2.6509666214697063,40.70894961923622,12.72154675601132,6.343725919723511
10,1,0.0,0.008236495471572548,0.008236495471572548,0.04895346684551998,64.00000003580308,128,16,16,36.41278565721336,16;32;64;128,36.41278565721336;11.09972100161711;8.97802228784569;2.19021587037568,0.2,2,239,0.93359375,-157.25474937804393,-21.033322786614008,136.22142659142992,49.56692690010015,15.489664656281295,6.401623964309692
10,2,0.008236495471572548,0.018027188840676545,0.009790693369103997,0.04895346684551998,96.53666115588945,128,16,16,26.174302447666573,16;32;64;128,26.174302447666573;9.40022701299867;6.247501629192756;1.226269077629275,0.2,2,224,0.875,-21.033322786614008,25.025248296849895,46.0585710834639,51.22460032887525,16.007687602773515,6.333173990249634
10,3,0.018027188840676545,0.027817882209780542,0.009790693369103997,0.04895346684551998,115.41875619412758,128,16,16,16.989109233183555,16;32;64;128,16.989109233183555;6.21077469516668;6.220687450799969;0.8771407728308368,0.2,2,226,0.8828125,25.025248296849895,45.47616903328162,20.450920736431726,45.32625771582872,14.164455536196474,6.308870077133179
10,4,0.027817882209780542,0.03760857557888454,0.009790693369104,0.04895346684551998,123.42368483213744,128,16,16,29.161085388319307,16;32;64;128,29.161085388319307;5.818364016886493;4.185864034777754;1.5815989096740213,0.2,2,233,0.91015625,45.47616903328162,50.50455276342109,5.028383730139467,39.87592239254951,12.461225747671723,6.488019943237305
10,5,0.03760857557888454,0.04739926894798854,0.009790693369104,0.04895346684551998,125.08841816116929,128,16,16,24.337436736233766,16;32;64;128,24.337436736233766;10.58606794859281;6.874568772334347;1.3070135779402494,0.2,2,233,0.91015625,50.50455276342109,51.68833554514276,1.1837827817216748,38.58942097485904,12.059194054643449,6.4926440715789795
10,6,0.04739926894798854,0.04895346684551998,0.0015541978975314383,0.04895346684551998,127.90082189210048,128,16,16,22.824302605298662,16;32;64;128,22.824302605298662;6.267872817759372;4.844053569727129;1.1352853727199068,0.2,2,236,0.921875,51.68833554514276,55.28623662190512,3.597901076762355,41.36224572446084,12.925701788894012,6.378679990768433
12,1,0.0,0.008692701835541813,0.008692701835541813,0.043476821588288764,64.00000002373494,128,16,16,27.008142566979,16;32;64;128,27.008142566979;6.970225881444679;4.377679406660027;1.4788462255068837,0.2,2,241,0.94140625,-144.2535984854876,6.971552760893246,151.22515124638085,43.74823453015614,13.671323290673794,6.49902606010437
12,2,0.008692701835541813,0.017388066153199565,0.008695364317657751,0.043476821588288764,105.38932119030207,128,16,16,30.131090519031417,16;32;64;128,30.131090519031417;9.44077194100542;4.33635896568688;1.561582108782192,0.2,2,233,0.91015625,6.971552760893246,43.893241768935695,36.92168900804245,41.368012714858615,12.927503973393316,6.498116970062256
12,3,0.017388066153199565,0.026083430470857316,0.008695364317657751,0.043476821588288764,118.80334983498518,128,16,16,31.256583295073607,16;32;64;128,31.256583295073607;5.643326727103832;6.317332987354287;0.8979307911171508,0.2,2,236,0.921875,43.893241768935695,56.507677441230044,12.614435672294348,43.10010716544247,13.468783489200773,6.510197162628174
12,4,0.026083430470857316,0.03477879478851507,0.008695364317657751,0.043476821588288764,123.42472679543971,128,16,16,24.44524296336008,16;32;64;128,24.44524296336008;9.76761979453346;5.591651845785184;1.703999941547172,0.2,2,231,0.90234375,56.507677441230044,64.28709566639736,7.779418225167319,42.59653158156229,13.311416119238215,6.375083923339844
12,5,0.03477879478851507,0.04347415910617282,0.008695364317657751,0.043476821588288764,125.50539185966723,128,16,16,26.319719946924884,16;32;64;128,26.319719946924884;5.939035631858531;6.372251168784506;1.4621786034151392,0.2,2,238,0.9296875,64.28709566639736,65.87397313903784,1.5868774726404808,40.94322891982772,12.79475903744616,6.417773962020874
12,6,0.04347415910617282,0.043476821588288764,2.6624821159448864e-6,0.043476821588288764,127.99999971864813,128,16,16,28.381020284636627,16;32;64;128,28.381020284636627;8.625221506906101;5.3757502121525444;1.0085360544840114,0.2,2,234,0.9140625,65.87397313903784,64.19940988416784,-1.6745632548700087,43.20096178919999,13.500300559124994,6.414731025695801
14,1,0.0,0.007429201333269736,0.007429201333269736,0.044442236758422446,64.00000001871186,128,16,16,12.613234639636243,16;32;64;128,12.613234639636243;8.577468054399636;4.976477368299244;1.1264197587126665,0.2,2,243,0.94921875,-176.37395042651042,-27.643665910192794,148.73028451631762,46.70349684474506,14.59484276398283,6.549968957901001
14,2,0.007429201333269736,0.016317648684954226,0.00888844735168449,0.044442236758422446,99.56161081392958,128,16,16,22.654223777665912,16;32;64;128,22.654223777665912;9.275939976214282;6.130304271134831;1.7010379607621062,0.2,2,239,0.93359375,-27.643665910192794,20.902794735298812,48.54646064549161,45.2067149362402,14.127098417575063,6.617740869522095
14,3,0.016317648684954226,0.025206096036638717,0.008888447351684491,0.044442236758422446,115.76658541312636,128,16,16,39.47354417781101,16;32;64;128,39.47354417781101;7.394647796776543;4.00318884365182;1.1092308933660442,0.2,2,232,0.90625,20.902794735298812,36.95539228357666,16.052597548277845,43.765316347879484,13.676661358712337,6.629791975021362
14,4,0.025206096036638717,0.034094543388323205,0.008888447351684488,0.044442236758422446,121.70206552839379,128,16,16,31.612315915650512,16;32;64;128,31.612315915650512;8.695035879777613;6.082854460627725;1.4691393301262037,0.2,2,230,0.8984375,36.95539228357666,45.14953379044073,8.19414150686407,44.697652410684036,13.96801637833876,6.382792949676514
14,5,0.034094543388323205,0.04298299074000769,0.008888447351684488,0.044442236758422446,123.78573715206328,128,16,16,23.615796275582756,16;32;64;128,23.615796275582756;8.997038052850757;5.129893653741855;1.8753498260092174,0.2,2,235,0.91796875,45.14953379044073,51.50252554070903,6.352991750268302,42.139375929511914,13.168554977972473,6.287446975708008
14,6,0.04298299074000769,0.044442236758422446,0.0014592460184147532,0.044442236758422446,127.94085287685999,128,16,16,28.186494738786312,16;32;64;128,28.186494738786312;7.407373819328523;4.529353964173538;1.068256268889751,0.2,2,234,0.9140625,51.50252554070903,51.716189464204945,0.2136639234959148,42.28055396996575,13.212673115614297,6.596988916397095
16,1,0.0,0.008189503147297154,0.008189503147297154,0.05037061219252058,64.00000002633502,128,16,16,36.69233393188282,16;32;64;128,36.69233393188282;9.284934253430905;6.001914739346352;0.9234474088549008,0.2,2,244,0.953125,-168.50241670865216,-26.24459616043896,142.2578205482132,44.98111742450559,14.056599195157997,6.350093126296997
16,2,0.008189503147297154,0.01826362558580127,0.010074122438504116,0.05037061219252058,96.20249873275125,128,16,16,32.01351179691247,16;32;64;128,32.01351179691247;13.686434860498515;8.056745806530232;2.0447258221777123,0.2,2,235,0.91796875,-26.24459616043896,23.89013540648739,50.13473156692635,46.62482456305085,14.57025767595339,6.399143934249878
16,3,0.01826362558580127,0.028337748024305387,0.010074122438504116,0.05037061219252058,115.82860746215228,128,16,16,24.408798044032014,16;32;64;128,24.408798044032014;5.092547860987799;7.00069463497864;0.8196616237065871,0.2,2,240,0.9375,23.89013540648739,33.93219132809381,10.04205592160642,38.87605725935805,12.14876789354939,6.30622410774231
16,4,0.028337748024305387,0.0384118704628095,0.010074122438504113,0.05037061219252058,120.21051997670517,128,16,16,31.253238792037415,16;32;64;128,31.253238792037415;8.372973718526714;4.192651655288005;1.6493957636118417,0.2,2,240,0.9375,33.93219132809381,44.669849173405964,10.737657845312157,42.69341738407596,13.341692932523737,6.385161876678467
16,5,0.0384118704628095,0.04848599290131361,0.010074122438504113,0.05037061219252058,123.03032568017449,128,16,16,22.95028761011019,16;32;64;128,22.95028761011019;9.237558906567987;7.003620914001944;1.6579325795012796,0.2,2,239,0.93359375,44.669849173405964,53.21046966558788,8.540620492181915,38.14667336387451,11.920835426210784,6.3004090785980225
16,6,0.04848599290131361,0.05037061219252058,0.0018846192912069654,0.05037061219252058,127.90298386955428,128,16,16,27.761278982512664,16;32;64;128,27.761278982512664;6.646045880549068;5.547422204192709;1.4372933332314388,0.2,2,245,0.95703125,53.21046966558788,55.24816624498635,2.037696579398471,39.487767038773676,12.339927199616772,6.289976119995117
18,1,0.0,0.009392391120327965,0.009392391120327965,0.04814179026877209,64.00000000387061,128,16,16,24.18823098799847,16;32;64;128,24.18823098799847;6.028593794964436;5.621011898479185;1.876943361645506,0.2,2,237,0.92578125,-150.80560801112733,-12.56524784416979,138.24036016695754,48.83971125061154,15.262409765816107,6.306934118270874
18,2,0.009392391120327965,0.019020749174082384,0.00962835805375442,0.04814179026877209,99.96348878922097,128,16,16,17.349299802627336,16;32;64;128,17.349299802627336;4.2089345537630996;4.532992936735274;1.2803606685584183,0.2,2,232,0.90625,-12.56524784416979,33.59634553609794,46.16159338026773,42.379738411741876,13.243668253669336,6.359419822692871
18,3,0.019020749174082384,0.028649107227836805,0.009628358053754421,0.04814179026877209,116.71145635358937,128,16,16,25.17360768629308,16;32;64;128,25.17360768629308;7.340061086303138;5.362634026085129;1.4101413884070284,0.2,2,229,0.89453125,33.59634553609794,50.27274472390127,16.676399187803327,43.14358576650059,13.482370552031435,6.351622104644775
18,4,0.028649107227836805,0.038277465281591226,0.009628358053754421,0.04814179026877209,122.6923634528009,128,16,16,30.88966787858283,16;32;64;128,30.88966787858283;6.561470791599167;8.8991252270463;2.2472712227800273,0.2,2,240,0.9375,50.27274472390127,58.445741704665124,8.172996980763855,38.96298764283168,12.1759336383849,6.332144021987915
18,5,0.038277465281591226,0.04790582333534565,0.009628358053754421,0.04814179026877209,125.432896121109,128,16,16,21.615865298427643,16;32;64;128,21.615865298427643;6.367608231085649;5.908828403829315;0.7367111122447462,0.2,2,243,0.94921875,58.445741704665124,60.54096105194185,2.095219347276725,39.09657144181989,12.217678575568716,6.355035066604614
18,6,0.04790582333534565,0.04814179026877209,0.00023596693342644443,0.04814179026877209,127.99830148796246,128,16,16,26.103702578853433,16;32;64;128,26.103702578853433;9.808484123379827;6.604911281873333;0.9986227572387402,0.2,2,234,0.9140625,60.54096105194185,61.02615848160349,0.48519742966163903,43.74858670908178,13.671433346588055,6.377395868301392
20,1,0.0,0.009369701592736816,0.009369701592736816,0.04767007053709642,64.00000003603205,128,16,16,28.0077400195777,16;32;64;128,28.0077400195777;11.717085633826754;9.863032810901561;2.0153485528629953,0.2,2,242,0.9453125,-134.20542767166626,0.021212830048170872,134.22664050171443,46.980764634593854,14.681488948310578,6.355242013931274
20,2,0.009369701592736816,0.0189037157001561,0.009534014107419286,0.04767007053709642,105.80902749445735,128,16,16,33.44717941020651,16;32;64;128,33.44717941020651;8.345060975840555;4.87352990282655;1.7667698178750169,0.2,2,236,0.921875,0.021212830048170872,31.76687367247405,31.745660842425877,44.66548853821307,13.957965168191583,6.357988119125366
20,3,0.0189037157001561,0.028437729807575383,0.009534014107419282,0.04767007053709642,118.9630209938121,128,16,16,23.6478094067188,16;32;64;128,23.6478094067188;7.57310899960509;5.231625338459948;1.429143946959092,0.2,2,242,0.9453125,31.76687367247405,50.42128235213386,18.65440867965981,40.63485513045091,12.698392228265908,6.3479390144348145
20,4,0.028437729807575383,0.037971743914994666,0.009534014107419282,0.04767007053709642,124.96443122272564,128,16,16,25.84860339586599,16;32;64;128,25.84860339586599;5.2376085945848665;4.6921620977733545;0.8144809826485723,0.2,2,250,0.9765625,50.42128235213386,53.5611336217662,3.139851269632345,36.37752104471025,11.367975326471953,6.340523958206177
20,5,0.037971743914994666,0.04750575802241395,0.009534014107419282,0.04767007053709642,125.79890774259957,128,16,16,25.81937400649954,16;32;64;128,25.81937400649954;7.135909150242992;5.218045997167216;1.7117880950961706,0.2,2,241,0.94140625,53.5611336217662,55.58019155380316,2.019057932036958,39.4357339295365,12.323666852980155,6.295362949371338
20,6,0.04750575802241395,0.04767007053709642,0.00016431251468247005,0.04767007053709642,127.99943875538655,128,16,16,24.956562593482197,16;32;64;128,24.956562593482197;10.862537169672782;6.1427780064715805;1.8447236461570622,0.2,2,242,0.9453125,55.58019155380316,51.572901811799966,-4.007289742003195,39.022303879303564,12.194469962282364,6.373614072799683
22,1,0.0,0.009066018414612175,0.009066018414612175,0.05604116745263857,64.00000000944945,128,16,16,22.510491567947998,16;32;64;128,22.510491567947998;5.800666454869618;4.810680745560635;1.6947961926783197,0.2,2,240,0.9375,-134.78569547630104,6.807700327844941,141.59339580414598,46.4160577056764,14.505018033023875,6.2729551792144775
22,2,0.009066018414612175,0.020274251905139887,0.011208233490527712,0.05604116745263857,101.34426588767835,128,16,16,30.088208184229618,16;32;64;128,30.088208184229618;8.447629010799567;5.170872804520634;1.5665284703242766,0.2,2,232,0.90625,6.807700327844941,42.26104177237721,35.45334144453227,48.11592781105535,15.036227440954796,6.24522590637207
22,3,0.020274251905139887,0.0314824853956676,0.011208233490527714,0.05604116745263857,116.34995525995583,128,16,16,29.86183294084111,16;32;64;128,29.86183294084111;7.691045494435156;5.082876102927365;1.4362284278772208,0.2,2,241,0.94140625,42.26104177237721,52.97865038190503,10.717608609527815,41.94592996076664,13.108103112739574,6.2457661628723145
22,4,0.0314824853956676,0.042690718886195314,0.011208233490527714,0.05604116745263857,122.14533946781255,128,16,16,31.959150219154857,16;32;64;128,31.959150219154857;11.986933921077231;5.970964815772209;1.73492398976171,0.2,2,237,0.92578125,52.97865038190503,60.38820152892731,7.409551147022285,41.04699321886376,12.827185380894925,6.245000123977661
22,5,0.042690718886195314,0.05389895237672303,0.011208233490527714,0.05604116745263857,124.66167500121044,128,16,16,24.385850882452438,16;32;64;128,24.385850882452438;5.679216309175194;4.629429965057725;2.0767004737539883,0.2,2,237,0.92578125,60.38820152892731,63.666250255540945,3.2780487266136333,39.82462321076892,12.445194753365287,6.249366998672485
22,6,0.05389895237672303,0.05604116745263857,0.0021422150759155406,0.05604116745263857,127.8731195043824,128,16,16,25.40326256763499,16;32;64;128,25.40326256763499;7.378476753274495;6.526995105099372;1.2905577866788644,0.2,2,241,0.94140625,63.666250255540945,66.01741600758396,2.3511657520430163,37.95738324850665,11.861682265158327,6.277753829956055
24,1,0.0,0.00803090826396782,0.00803090826396782,0.050120548749322674,64.00000002505695,128,16,16,39.682644874033194,16;32;64;128,39.682644874033194;9.634627546962202;10.135037816414188;2.108014156093665,0.2,2,236,0.921875,-151.79499153410325,-20.449174415887683,131.34581711821556,52.2004258931686,16.312633091615186,6.339109897613525
24,2,0.00803090826396782,0.018055018013832354,0.010024109749864535,0.050120548749322674,93.9965645205047,128,16,16,30.93148507712937,16;32;64;128,30.93148507712937;9.65389179322479;7.929348870937527;1.4133268951090312,0.2,2,235,0.91796875,-20.449174415887683,40.47935025545303,60.92852467134071,45.74546185580076,14.295456829937738,6.307013988494873
24,3,0.018055018013832354,0.02807912776369689,0.010024109749864535,0.050120548749322674,118.9139001856052,128,16,16,30.14797991013164,16;32;64;128,30.14797991013164;7.067575572251555;5.601515653910972;1.755606592379451,0.2,2,227,0.88671875,40.47935025545303,47.43042391646304,6.951073661010014,46.60622433790912,14.564445105596599,6.359978199005127
24,4,0.02807912776369689,0.03810323751356143,0.010024109749864538,0.050120548749322674,122.48060705998363,128,16,16,26.303372107691125,16;32;64;128,26.303372107691125;10.57506731501948;5.719302413924609;1.9565841131874233,0.2,2,239,0.93359375,47.43042391646304,53.5243779621087,6.09395404564566,43.28534034020387,13.526668856313707,6.320059061050415
24,5,0.03810323751356143,0.04812734726342596,0.010024109749864535,0.050120548749322674,123.65713460286985,128,16,16,20.972904120566767,16;32;64;128,20.972904120566767;6.018597332743224;6.5579320754508785;1.566998692245729,0.2,2,244,0.953125,53.5243779621087,57.511180750327185,3.9868027882184833,39.68600303185456,12.401875947454549,6.333982944488525
24,6,0.04812734726342596,0.050120548749322674,0.0019932014858967118,0.050120548749322674,127.87391904515415,128,16,16,29.253446291875015,16;32;64;128,29.253446291875015;8.024988265255192;5.320095115893865;0.6284870871054918,0.2,2,242,0.9453125,57.511180750327185,58.97590806137305,1.4647273110458627,41.39446246647711,12.935769520774096,6.364362001419067
26,1,0.0,0.008985906854878756,0.008985906854878756,0.047029482143865285,64.00000000225057,128,16,16,27.33942190520189,16;32;64;128,27.33942190520189;14.349863853524143;6.519312835374729;1.1435605726194846,0.2,2,241,0.94140625,-149.16031435604964,2.1617392412008485,151.3220535972505,43.39030573496989,13.55947054217809,6.335925102233887
26,2,0.008985906854878756,0.018391803283651816,0.009405896428773059,0.047029482143865285,106.23859350281043,128,16,16,27.339167051389705,16;32;64;128,27.339167051389705;7.746104590770343;3.7203469220138183;0.23801944464095087,0.2,2,238,0.9296875,2.1617392412008485,29.993070082127815,27.831330840926967,40.68541461049171,12.71419206577866,6.322851181030273
26,3,0.018391803283651816,0.02779769971242487,0.009405896428773056,0.047029482143865285,118.662582866443,128,16,16,29.48579168089143,16;32;64;128,29.48579168089143;5.230495229319206;5.3888184478235095;1.4732175088625865,0.2,2,236,0.921875,29.993070082127815,46.33085135541842,16.337781273290602,43.71364804543183,13.660515014197447,6.326920032501221
26,4,0.02779769971242487,0.03720359614119793,0.009405896428773056,0.047029482143865285,123.71153292275547,128,16,16,25.14918877064798,16;32;64;128,25.14918877064798;8.385651071780144;7.171268427839308;2.0964169766398895,0.2,2,233,0.91015625,46.33085135541842,53.3007668487262,6.969915493307781,42.51426922526978,13.285709132896805,6.349546909332275
26,5,0.03720359614119793,0.04660949256997098,0.009405896428773056,0.047029482143865285,125.56523814225217,128,16,16,24.87164795834507,16;32;64;128,24.87164795834507;6.618468321915986;2.770314004168467;1.3695438042353874,0.2,2,236,0.921875,53.3007668487262,53.54971880578887,0.2489519570626726,40.28862198636797,12.59019437073999,6.28453803062439
26,6,0.04660949256997098,0.047029482143865285,0.0004199895738943027,0.047029482143865285,127.99390817054714,128,16,16,26.62936609266782,16;32;64;128,26.62936609266782;8.043875784368828;5.560942136492432;1.2375683946876859,0.2,2,244,0.953125,53.54971880578887,56.08032956987154,2.5306107640826667,38.329176453149735,11.977867641609292,6.276763916015625
28,1,0.0,0.008123333186892954,0.008123333186892954,0.04112922970987278,64.00000003705637,128,16,16,32.57580090605504,16;32;64;128,32.57580090605504;10.923269729178072;7.596802193426568;1.9876119668009906,0.2,2,244,0.953125,-157.8085090414388,-3.479299386810453,154.32920965462836,44.11433359740688,13.78572924918965,6.292501926422119
28,2,0.008123333186892954,0.016349179128867512,0.008225845941974558,0.04112922970987278,105.83391784771115,128,16,16,27.730905077546975,16;32;64;128,27.730905077546975;7.465530728556413;6.989802209939297;1.0951953811741033,0.2,2,234,0.9140625,-3.479299386810453,34.43413041281747,37.91342979962792,44.9998619226713,14.062456850834781,6.574002027511597
28,3,0.016349179128867512,0.02457502507084207,0.008225845941974556,0.04112922970987278,118.7813435085491,128,16,16,25.785102953613283,16;32;64;128,25.785102953613283;8.668773854856152;4.969446801340673;0.888015210986879,0.2,2,235,0.91796875,34.43413041281747,47.69606268082862,13.26193226801115,41.972788550032035,13.11649642188501,6.507091999053955
28,4,0.02457502507084207,0.032800871012816625,0.008225845941974556,0.04112922970987278,122.62498765266248,128,16,16,30.450848175575683,16;32;64;128,30.450848175575683;6.917448857654762;6.829939732874097;1.656491493320802,0.2,2,235,0.91796875,47.69606268082862,57.04884240432875,9.352779723500134,43.10527945360109,13.47039982925034,6.6306681632995605
28,5,0.032800871012816625,0.04102671695479118,0.008225845941974556,0.04112922970987278,125.25154595255674,128,16,16,22.092599420515178,16;32;64;128,22.092599420515178;8.81302075898968;4.560103355895285;1.0962424198851726,0.2,2,241,0.94140625,57.04884240432875,58.81912481028121,1.7702824059524573,40.73935957583786,12.73104986744933,6.473639011383057
28,6,0.04102671695479118,0.04112922970987278,0.00010251275508160046,0.04112922970987278,127.99944891761999,128,16,16,27.09150701536408,16;32;64;128,27.09150701536408;8.281100034584425;5.753482415779963;1.6395104461067163,0.2,2,240,0.9375,58.81912481028121,61.704880761012646,2.8857559507314363,40.64059489807563,12.700185905648635,6.450675010681152
30,1,0.0,0.009971540305772481,0.009971540305772481,0.05205886919064312,64.00000003237929,128,16,16,31.738211155622256,16;32;64;128,31.738211155622256;11.025016899006568;7.1296535049408565;0.4813579559484718,0.2,2,235,0.91796875,-142.71336265637365,-8.560359101102222,134.15300355527143,47.947358415670735,14.983549504897104,6.408873081207275
30,2,0.009971540305772481,0.020383314143901106,0.010411773838128625,0.05205886919064312,100.25604600726062,128,16,16,27.90625623881804,16;32;64;128,27.90625623881804;9.95085598458154;6.112145827903373;0.9163120384262707,0.2,2,230,0.8984375,-8.560359101102222,33.45452378658956,42.01488288769178,46.087951215692776,14.402484754903991,6.351752996444702
30,3,0.020383314143901106,0.03079508798202973,0.010411773838128625,0.05205886919064312,119.07607282524329,128,16,16,21.636861583007658,16;32;64;128,21.636861583007658;6.755286281855513;4.108679009610012;1.435727624926,0.2,2,232,0.90625,33.45452378658956,41.66043308550434,8.205909298914776,40.95962491216677,12.799882785052114,6.45320200920105
30,4,0.03079508798202973,0.041206861820158355,0.010411773838128625,0.05205886919064312,121.79848925785745,128,16,16,28.792886721842137,16;32;64;128,28.792886721842137;5.712285000680581;5.42954599488184;1.2151476629581661,0.2,2,228,0.890625,41.66043308550434,52.71906546707032,11.058632381565985,44.181081726921846,13.806588039663076,6.529460906982422
30,5,0.041206861820158355,0.05161863565828698,0.010411773838128621,0.05205886919064312,125.70458787652183,128,16,16,17.32558380430507,16;32;64;128,17.32558380430507;7.182039901753221;3.504077437704861;1.1704886746668857,0.2,2,229,0.89453125,52.71906546707032,53.18809343967587,0.4690279726055451,38.57160910249805,12.05362784453064,6.286029100418091
30,6,0.05161863565828698,0.05205886919064312,0.0004402335323561435,0.05205886919064312,127.99473755779698,128,16,16,27.71515386378712,16;32;64;128,27.71515386378712;8.038668034753567;6.962283785107546;1.4900830061623864,0.2,2,233,0.91015625,53.18809343967587,53.09936214508343,-0.088731294592435,44.38608837045783,13.870652615768071,6.521421909332275
32,1,0.0,0.007397090025841385,0.007397090025841385,0.04080383392226412,64.00000000781111,128,16,16,24.45638652762207,16;32;64;128,24.45638652762207;10.224714570696175;6.910913291378652;1.9598448095702952,0.2,2,234,0.9140625,-167.1061580109017,-14.139620101872424,152.96653790902928,48.973139150764894,15.30410598461403,6.598381996154785
32,2,0.007397090025841385,0.015557856810294209,0.008160766784452824,0.04080383392226412,101.89170141539029,128,16,16,35.87460225485677,16;32;64;128,35.87460225485677;8.294617869718216;6.171056118490845;2.309543773775805,0.2,2,233,0.91015625,-14.139620101872424,36.746565046705655,50.88618514857808,46.15762324377087,14.424257263678397,6.399060010910034
32,3,0.015557856810294209,0.02371862359474703,0.008160766784452822,0.04080383392226412,119.31191719894355,128,16,16,18.5653296458003,16;32;64;128,18.5653296458003;9.566487961637385;5.117594281327886;1.8097721588315667,0.2,2,233,0.91015625,36.746565046705655,51.579069578583585,14.83250453187793,42.76028028933947,13.362587590418583,6.514227867126465
32,4,0.02371862359474703,0.03187939037919985,0.008160766784452822,0.04080383392226412,123.93181054518733,128,16,16,20.37025375599698,16;32;64;128,20.37025375599698;7.788176834465786;4.829036706842983;1.1973101402722968,0.2,2,225,0.87890625,51.579069578583585,55.29561894532526,3.716549366741674,49.79999682088721,15.562499006527252,6.621575117111206
32,5,0.03187939037919985,0.040040157163652675,0.008160766784452822,0.04080383392226412,125.4460670238644,128,16,16,22.84875050555036,16;32;64;128,22.84875050555036;8.250714853939355;3.785396808740812;1.5332380579375866,0.2,2,234,0.9140625,55.29561894532526,56.64762529915606,1.3520063538308023,40.87799471568002,12.774373348650006,6.313940048217773
32,6,0.040040157163652675,0.04080383392226412,0.0007636767586114424,0.04080383392226412,127.9721901363428,128,16,16,19.514810657442485,16;32;64;128,19.514810657442485;7.541962820901987;4.2263141172970276;0.9081925201563936,0.2,2,233,0.91015625,56.64762529915606,58.5867189563578,1.939093657201738,41.35912365469716,12.924726142092862,6.565931081771851
34,1,0.0,0.008490755634802234,0.008490755634802234,0.04449851968277516,64.0000000115231,128,16,16,21.61336011622899,16;32;64;128,21.61336011622899;8.364248335961994;4.7240562716380925;1.4915643377314165,0.2,2,237,0.92578125,-164.70098602739745,-21.839180789349484,142.86180523804796,44.95197268296951,14.047491463427972,6.645472049713135
34,2,0.008490755634802234,0.017390459571357268,0.008899703936555033,0.04449851968277516,100.41555010727582,128,16,16,24.49032883319597,16;32;64;128,24.49032883319597;6.458208213288664;5.178791421989894;0.9527495401406277,0.2,2,225,0.87890625,-21.839180789349484,23.817481630729162,45.656662420078646,44.87158287005448,14.022369646892026,6.522494077682495
34,3,0.017390459571357268,0.0262901635079123,0.008899703936555033,0.04449851968277516,117.06795578422486,128,16,16,27.6273193029142,16;32;64;128,27.6273193029142;10.30856454610426;7.529289328337981;1.8519458449269326,0.2,2,225,0.87890625,23.817481630729162,38.3398034190177,14.522321788288536,46.89341813905354,14.65419316845423,6.389057159423828
34,4,0.0262901635079123,0.03518986744446734,0.008899703936555037,0.04449851968277516,121.24165682724437,128,16,16,28.313669400389244,16;32;64;128,28.313669400389244;8.34487237439453;5.111466136655389;1.2175360977704568,0.2,2,235,0.91796875,38.3398034190177,47.00669451223803,8.666891093220329,43.37876237405636,13.555863241892611,6.43280816078186
34,5,0.03518986744446734,0.044089571381022374,0.008899703936555037,0.04449851968277516,124.53379968784732,128,16,16,26.05280264189439,16;32;64;128,26.05280264189439;7.430254540818228;6.213556198481284;0.9395018317684674,0.2,2,231,0.90234375,47.00669451223803,51.290904811394284,4.284210299156257,39.8855015527685,12.464219235240156,6.708558082580566
34,6,0.044089571381022374,0.04449851968277516,0.0004089483017527887,0.04449851968277516,127.99409197961508,128,16,16,32.09580947808479,16;32;64;128,32.09580947808479;6.61269229344549;4.603063384772603;1.893944165436768,0.2,2,228,0.890625,51.290904811394284,54.6731540664332,3.3822492550389143,42.47698644060067,13.274058262687708,6.582970857620239
36,1,0.0,0.00788305866037001,0.00788305866037001,0.04002351899714804,64.00000000400459,128,16,16,24.448091836481755,16;32;64;128,24.448091836481755;9.281800543242674;6.727903307693655;0.8739494594868075,0.2,2,248,0.96875,-164.45188813679852,-17.53551459983646,146.91637353696206,37.73096115076732,11.790925359614787,6.32251501083374
36,2,0.00788305866037001,0.015887762459799618,0.008004703799429608,0.04002351899714804,103.92719285872452,128,16,16,23.930419773083493,16;32;64;128,23.930419773083493;6.314561384841715;6.9316462141591355;1.6722314374291405,0.2,2,245,0.95703125,-17.53551459983646,22.911794054758502,40.44730865459496,39.1105134241523,12.222035445047593,6.43417501449585
36,3,0.015887762459799618,0.023892466259229226,0.008004703799429608,0.04002351899714804,118.18005048341125,128,16,16,23.271298523276144,16;32;64;128,23.271298523276144;8.156552271771615;3.855156128505156;1.247360324010316,0.2,2,233,0.91015625,22.911794054758502,37.21450027457104,14.302706219812535,43.07167662292395,13.459898944663735,6.522006034851074
36,4,0.023892466259229226,0.03189717005865883,0.008004703799429604,0.04002351899714804,122.47625703089547,128,16,16,22.928090002769625,16;32;64;128,22.928090002769625;6.222324844661897;4.704484711547371;1.5765532054791043,0.2,2,230,0.8984375,37.21450027457104,45.66163952549687,8.44713925092583,44.62263676312282,13.94457398847588,6.413898944854736
36,5,0.03189717005865883,0.03990187385808844,0.008004703799429608,0.04002351899714804,125.12853190614936,128,16,16,17.74855580199389,16;32;64;128,17.74855580199389;5.36269651016214;3.9946975687341206;0.7771968444062134,0.2,2,228,0.890625,45.66163952549687,48.21737880635192,2.5557392808550503,49.10142795781032,15.344196236815725,6.523635149002075
36,6,0.03990187385808844,0.04002351899714804,0.00012164513905960073,0.04002351899714804,127.99922626738312,128,16,16,25.412378811417508,16;32;64;128,25.412378811417508;7.921993769145163;3.5339041130052165;1.4691168412913553,0.2,2,244,0.953125,48.21737880635192,47.73987264226889,-0.4775061640830245,38.724345184080576,12.10135787002518,6.454052925109863
38,1,0.0,0.008123379022779095,0.008123379022779095,0.052813084360736035,64.00000005078746,128,16,16,39.23294296110535,16;32;64;128,39.23294296110535;10.652738989194665;7.849039203536335;0.539726012692012,0.2,2,241,0.94140625,-170.1743180090707,-17.14514623856303,153.02917177050767,48.234192531145595,15.073185165982999,6.403570890426636
38,2,0.008123379022779095,0.018685995894926304,0.010562616872147209,0.052813084360736035,100.69250016759015,128,16,16,33.78261805250562,16;32;64;128,33.78261805250562;5.14271512133477;5.657297086904257;0.9072198535301047,0.2,2,238,0.9296875,-17.14514623856303,27.58220950476243,44.72735574332546,41.9484346559218,13.108885829975563,6.450207948684692
38,3,0.018685995894926304,0.02924861276707351,0.010562616872147206,0.052813084360736035,117.09624955421329,128,16,16,29.052029580968792,16;32;64;128,29.052029580968792;4.802776303525091;6.535304057075531;1.2059535752723738,0.2,2,225,0.87890625,27.58220950476243,38.59299484404619,11.010785339283757,45.42772025439494,14.196162579498418,6.365917921066284
38,4,0.02924861276707351,0.039811229639220715,0.010562616872147206,0.052813084360736035,121.8505460499616,128,16,16,26.88537762820226,16;32;64;128,26.88537762820226;5.21644908299755;2.981921978098692;0.9032669274394075,0.2,2,241,0.94140625,38.59299484404619,47.295420977856566,8.702426133810377,38.83076955494055,12.134615485918921,6.385454177856445
38,5,0.039811229639220715,0.05037384651136792,0.010562616872147206,0.052813084360736035,124.02724497020075,128,16,16,20.743316866260752,16;32;64;128,20.743316866260752;7.767684966180941;6.777194914053924;1.5031042685043954,0.2,2,240,0.9375,47.295420977856566,52.3013692022796,5.005948224423037,38.11237151877084,11.910116099615887,6.388623952865601
38,6,0.05037384651136792,0.052813084360736035,0.0024392378493681144,0.052813084360736035,127.83926816000363,128,16,16,26.07266924022347,16;32;64;128,26.07266924022347;8.05319523061235;3.5650191647209644;1.8208916121331575,0.2,2,233,0.91015625,52.3013692022796,52.71736134818957,0.4159921459099678,40.954106989496125,12.79815843421754,6.464444160461426
40,1,0.0,0.008493899193362714,0.008493899193362714,0.04246949596681357,64.19078419197791,128,16,16,31.284159853694618,16;32;64;128,31.284159853694618;10.75243473030735;4.994407206232506;1.7479544844565453,0.2,2,247,0.96484375,-160.0366882357048,-36.04501057878042,123.99167765692437,41.654932902151266,13.01716653192227,6.409076929092407
40,2,0.008493899193362714,0.016987798386725428,0.008493899193362714,0.04246949596681357,98.27896644979313,128,16,16,21.834936196913038,16;32;64;128,21.834936196913038;5.988909599654015;6.583935239087536;1.2409553950535432,0.2,2,235,0.91796875,-36.04501057878042,22.23248836694256,58.27749894572298,42.12746941705187,13.164834192828708,6.358893871307373
40,3,0.016987798386725428,0.025481697580088142,0.008493899193362714,0.04246949596681357,116.78547037811529,128,16,16,30.816928196283133,16;32;64;128,30.816928196283133;10.849096307546732;4.857363803203156;0.8531983179641579,0.2,2,235,0.91796875,22.23248836694256,39.10514719535422,16.87265882841166,41.14128475933325,12.856651487291641,6.360421895980835
40,4,0.025481697580088142,0.033975596773450856,0.008493899193362714,0.04246949596681357,123.14403093459352,128,16,16,22.49569868451602,16;32;64;128,22.49569868451602;8.249997819837924;5.6207148535229345;1.5007960628402202,0.2,2,230,0.8984375,39.10514719535422,42.72671719014761,3.62156999479339,41.65086461648767,13.015895192652396,6.368865013122559
40,5,0.033975596773450856,0.04246949596681357,0.008493899193362714,0.04246949596681357,124.63837701607082,128,16,16,31.587013750975025,16;32;64;128,31.587013750975025;8.59208042361392;6.011732601303295;1.2565528422754748,0.2,2,225,0.87890625,42.72671719014761,46.51002378812882,3.783306597981209,43.183817284553164,13.494942901422863,6.371577978134155
42,1,0.0,0.008113883332338383,0.008113883332338383,0.05417276019871462,64.0000000206501,128,16,16,34.352062620452784,16;32;64;128,34.352062620452784;9.737693816821405;9.259510205012194;1.5201382622553428,0.2,2,239,0.93359375,-168.0690521525721,-28.506728319756803,139.5623238328153,45.79813343710997,14.311916699096864,6.697635889053345
42,2,0.008113883332338383,0.01894843537208131,0.010834552039742927,0.05417276019871462,92.98943692263366,128,16,16,32.37225440349429,16;32;64;128,32.37225440349429;11.393569141903766;6.90338047193263;2.0779551246590557,0.2,2,222,0.8671875,-28.506728319756803,31.926609634945635,60.43333795470244,48.96764059611671,15.30238768628647,6.441494941711426
42,3,0.01894843537208131,0.029782987411824235,0.010834552039742925,0.05417276019871462,117.88462927913449,128,16,16,41.10535082810604,16;32;64;128,41.10535082810604;12.569943928875624;1.8319359444755892;0.7742337538296502,0.2,2,227,0.88671875,31.926609634945635,40.40416901226854,8.477559377322905,44.50182971755298,13.906821786735305,6.68667197227478
42,4,0.029782987411824235,0.04061753945156716,0.010834552039742925,0.05417276019871462,122.36469793889731,128,16,16,29.602648935748075,16;32;64;128,29.602648935748075;6.713175234359681;4.878199038144099;1.0685878196087237,0.2,2,218,0.8515625,40.40416901226854,45.87904709618306,5.474878083914518,45.42395061787827,14.194984568086959,6.6974568367004395
42,5,0.04061753945156716,0.05145209149131008,0.010834552039742922,0.05417276019871462,124.57120667098597,128,16,16,30.749067434597734,16;32;64;128,30.749067434597734;6.198480873650261;6.115948067958956;1.7130082202418058,0.2,2,216,0.84375,45.87904709618306,53.67484573824913,7.7957986420660745,44.859439736992705,14.01857491781022,6.433030843734741
42,6,0.05145209149131008,0.05417276019871462,0.00272066870740454,0.05417276019871462,127.9126820907387,128,16,16,26.794249405432833,16;32;64;128,26.794249405432833;5.345721131659977;7.344173828205965;0.5414732254985593,0.2,2,227,0.88671875,53.67484573824913,49.89502961677499,-3.7798161214741413,41.15411772880143,12.860661790250447,6.689687013626099
44,1,0.0,0.00839992006202415,0.00839992006202415,0.04199960031012075,64.27691207272657,128,16,16,38.08120989811481,16;32;64;128,38.08120989811481;12.246744959292553;9.24575519975979;1.9545149394741193,0.2,2,239,0.93359375,-162.20138655998744,-12.10104800575209,150.10033855423535,45.7281079044981,14.290033720155657,6.475275993347168
44,2,0.00839992006202415,0.0167998401240483,0.00839992006202415,0.04199960031012075,103.53339160432135,128,16,16,26.89778514114159,16;32;64;128,26.89778514114159;7.144575578991881;4.03360430928227;1.296631338441262,0.2,2,244,0.953125,-12.10104800575209,33.78990344059139,45.89095144634348,39.671109428883504,12.397221696526094,6.464646100997925
44,3,0.0167998401240483,0.02519976018607245,0.008399920062024151,0.04199960031012075,119.26750790258436,128,16,16,19.957208384519628,16;32;64;128,19.957208384519628;9.025649997967525;5.4849710072942335;0.9112571266434553,0.2,2,242,0.9453125,33.78990344059139,50.194366533736684,16.404463093145296,40.73445408385939,12.72951690120606,6.779233932495117
44,4,0.02519976018607245,0.0335996802480966,0.008399920062024148,0.04199960031012075,124.75537867005566,128,16,16,27.78222058946794,16;32;64;128,27.78222058946794;8.02854015763225;5.0106334222569755;1.4101552550626295,0.2,2,248,0.96875,50.194366533736684,55.904124838649295,5.7097583049126115,39.06683036667889,12.208384489587154,6.5157201290130615
44,5,0.0335996802480966,0.04199960031012075,0.008399920062024148,0.04199960031012075,125.92194026385037,128,16,16,25.16008915604622,16;32;64;128,25.16008915604622;11.059948879549044;6.379157759870668;1.547638260440475,0.2,2,246,0.9609375,55.904124838649295,58.38313545950223,2.4790106208529323,36.1178412129363,11.286825379042593,6.49442982673645
46,1,0.0,0.009634172314809848,0.009634172314809848,0.04817086157404924,65.53765130432926,128,16,16,22.511016936725685,16;32;64;128,22.511016936725685;7.297670271863381;5.820363956508132;2.0144818800958206,0.2,2,241,0.94140625,-139.54472244198405,-2.1040411146823317,137.44068132730172,46.16266856450511,14.425833926407847,6.476348161697388
46,2,0.009634172314809848,0.019268344629619696,0.009634172314809848,0.04817086157404924,106.12599799169352,128,16,16,23.92506310481116,16;32;64;128,23.92506310481116;5.891313534524559;6.80602459322426;1.6884180129747834,0.2,2,226,0.8828125,-2.1040411146823317,28.924149129241414,31.028190243923746,47.73484244717374,14.917138264741792,6.45978307723999
46,3,0.019268344629619696,0.028902516944429545,0.009634172314809848,0.04817086157404924,117.86520170166062,128,16,16,31.71854150125919,16;32;64;128,31.71854150125919;9.205271009771764;6.005180574758014;1.2440709891537776,0.2,2,241,0.94140625,28.924149129241414,44.74318810769273,15.819038978451317,38.21008659359234,11.940652060497605,6.462540864944458
46,4,0.028902516944429545,0.03853668925923939,0.009634172314809848,0.04817086157404924,123.7506887276164,128,16,16,25.57438253865633,16;32;64;128,25.57438253865633;9.853065682657247;4.597755710743772;1.5770254195211015,0.2,2,241,0.94140625,44.74318810769273,46.39687947578204,1.6536913680893122,37.39871567904165,11.687098649700514,6.569916009902954
46,5,0.03853668925923939,0.04817086157404924,0.009634172314809848,0.04817086157404924,124.44786974175894,128,16,16,29.90397803441903,16;32;64;128,29.90397803441903;7.787074426991754;6.48163355214288;1.9852482620520602,0.2,2,240,0.9375,46.39687947578204,51.186215944355354,4.78933646857331,37.0378779855485,11.574336870483904,6.46728515625
48,1,0.0,0.008436927993788767,0.008436927993788767,0.05142817689756308,64.00000004109555,128,16,16,28.85375949227863,16;32;64;128,28.85375949227863;12.486972675482495;4.074326346616721;1.6276571523903045,0.2,2,241,0.94140625,-171.97667379213817,-42.414206858135,129.56246693400317,47.44695827027407,14.827174459460645,6.568777084350586
48,2,0.008436927993788767,0.018722563373301384,0.010285635379512617,0.05142817689756308,91.35436666292485,128,16,16,26.137904520273036,16;32;64;128,26.137904520273036;7.7541818437769265;5.988724659949135;1.2663977296696478,0.2,2,226,0.8828125,-42.414206858135,2.1360753323724566,44.55028219050746,46.96739180334914,14.677309938546605,6.518651008605957
48,3,0.018722563373301384,0.029008198752814,0.010285635379512617,0.05142817689756308,109.08452069277196,128,16,16,22.056939021149546,16;32;64;128,22.056939021149546;6.844419342745103;4.564071915664456;1.2797292282494659,0.2,2,237,0.92578125,2.1360753323724566,34.46080437300884,32.324729040636385,41.77572936863194,13.054915427697482,6.484306812286377
48,4,0.029008198752814,0.03929383413232662,0.01028563537951262,0.05142817689756308,123.25761572787523,128,16,16,22.50792951777136,16;32;64;128,22.50792951777136;5.844385156800274;5.310594735852329;1.518865384873308,0.2,2,225,0.87890625,34.46080437300884,37.31812753742088,2.857323164412037,46.64888964745636,14.57777801483011,6.533246994018555
48,5,0.03929383413232662,0.04957946951183924,0.010285635379512617,0.05142817689756308,123.5614880990473,128,16,16,23.008128511850245,16;32;64;128,23.008128511850245;5.366349555123022;4.699539026390642;0.5695257673142992,0.2,2,226,0.8828125,37.31812753742088,40.80829329107655,3.490165753655674,41.78150838663601,13.056721370823754,6.496515989303589
48,6,0.04957946951183924,0.05142817689756308,0.0018487073857238398,0.05142817689756308,127.85142504644155,128,16,16,16.95701108069632,16;32;64;128,16.95701108069632;3.29041830040108;3.64822582449588;1.629058916523749,0.2,2,236,0.921875,40.80829329107655,39.80594402353745,-1.0023492675391026,39.117682639533086,12.22427582485409,6.486677169799805
50,1,0.0,0.009353938808824683,0.009353938808824683,0.050105344174927555,64.00000002713304,128,16,16,24.004401756343462,16;32;64;128,24.004401756343462;12.785580055887486;8.541409778246797;1.421751362036079,0.2,2,237,0.92578125,-150.6496195490763,-36.917394352123665,113.73222519695264,47.48367753752286,14.838649230475893,6.4996490478515625
50,2,0.009353938808824683,0.019375007643810196,0.010021068834985512,0.050105344174927555,94.81680008138973,128,16,16,27.934158797519196,16;32;64;128,27.934158797519196;9.034606429638231;3.621675590710044;1.137030790831876,0.2,2,225,0.87890625,-36.917394352123665,17.420365827554633,54.3377601796783,45.965980228372544,14.36436882136642,6.442539930343628
50,3,0.019375007643810196,0.029396076478795708,0.010021068834985512,0.050105344174927555,117.52171061074237,128,16,16,22.8350155640216,16;32;64;128,22.8350155640216;7.878029712538311;5.664011786409612;0.7322588381243724,0.2,2,229,0.89453125,17.420365827554633,28.79300245268678,11.372636625132145,45.26718983420814,14.145996823190043,6.594704866409302
50,4,0.029396076478795708,0.039417145313781224,0.010021068834985516,0.050105344174927555,122.04733470533228,128,16,16,39.08417169784222,16;32;64;128,39.08417169784222;9.193068684992946;6.969639098376567;1.040682564830902,0.2,2,228,0.890625,28.79300245268678,33.625584565118515,4.832582112431737,42.07613153013688,13.148791103167774,6.508051872253418
50,5,0.039417145313781224,0.049438214148766736,0.010021068834985512,0.050105344174927555,124.54361871508125,128,16,16,25.67723879230851,16;32;64;128,25.67723879230851;5.437738952483123;5.961796367589776;1.3079243459877479,0.2,2,222,0.8671875,33.625584565118515,36.83423273882363,3.2086481737051145,44.07155984651101,13.77236245203469,6.501223087310791
50,6,0.049438214148766736,0.050105344174927555,0.0006671300261608185,0.050105344174927555,127.98502616499962,128,16,16,23.365852285870492,16;32;64;128,23.365852285870492;8.956480532101914;3.282153107304554;0.3853989576049885,0.2,2,225,0.87890625,36.83423273882363,37.46967403154122,0.6354412927175872,45.074011009160614,14.085628440362692,6.525122165679932
52,1,0.0,0.00800245515845991,0.00800245515845991,0.046617933081486644,64.00000003911245,128,16,16,19.982351549961763,16;32;64;128,19.982351549961763;8.336935302079226;6.049370375291183;1.4122078256912198,0.2,2,235,0.91796875,-168.28351717381884,-27.108533150973926,141.1749840228449,45.55799864210133,14.236874575656666,6.493099927902222
52,2,0.00800245515845991,0.017326041774757238,0.009323586616297327,0.046617933081486644,96.2913827166907,128,16,16,20.965817316029735,16;32;64;128,20.965817316029735;6.7180039793457;3.8382540122005686;0.958570814964772,0.2,2,226,0.8828125,-27.108533150973926,25.182090419682936,52.29062357065686,47.21483096071572,14.754634675223663,6.481165885925293
52,3,0.017326041774757238,0.026649628391054565,0.009323586616297327,0.046617933081486644,116.44404510607046,128,16,16,21.690908001869794,16;32;64;128,21.690908001869794;6.970324327775666;3.5942368488104837;0.9724079705829765,0.2,2,225,0.87890625,25.182090419682936,37.966581397806294,12.784490978123358,49.1754568308039,15.367330259626218,6.569072961807251
52,4,0.026649628391054565,0.03597321500735189,0.009323586616297327,0.046617933081486644,121.08255562233573,128,16,16,19.976489105967534,16;32;64;128,19.976489105967534;7.000463528623973;3.9875026770640245;1.774602927047932,0.2,2,226,0.8828125,37.966581397806294,49.67469011164212,11.708108713835827,41.85848420811842,13.080776315037005,6.47760009765625
52,5,0.03597321500735189,0.04529680162364922,0.009323586616297327,0.046617933081486644,124.49443086194991,128,16,16,9.27896478671291,16;32;64;128,9.27896478671291;5.774666828147301;3.7129244927103646;1.7213338972463084,0.2,2,229,0.89453125,49.67469011164212,55.75020657433197,6.075516462689848,42.25956985280646,13.206115579002017,6.49248194694519
52,6,0.04529680162364922,0.046617933081486644,0.001321131457837424,0.046617933081486644,127.92703530539904,128,16,16,19.552640159277,16;32;64;128,19.552640159277;8.492893831029876;3.9678653050480936;0.9136308045168517,0.2,2,237,0.92578125,55.75020657433197,52.6743258095521,-3.0758807647798676,39.59853658341396,12.374542682316862,6.476886987686157
54,1,0.0,0.009311246187912563,0.009311246187912563,0.05060774861031179,64.00000002622781,128,16,16,28.916642158353003,16;32;64;128,28.916642158353003;9.612061743214365;7.021641009069073;1.082652503894,0.2,2,230,0.8984375,-149.05301586075075,-29.720992926100735,119.33202293465001,49.28813882944259,15.402543384200808,6.805781126022339
54,2,0.009311246187912563,0.01943279590997492,0.010121549722062358,0.05060774861031179,96.52929153763367,128,16,16,30.065383171749666,16;32;64;128,30.065383171749666;6.507302980270926;5.940889419976887;2.0300155310133605,0.2,2,228,0.890625,-29.720992926100735,21.381599744774576,51.10259267087531,42.84827920915554,13.390087252861106,6.665956020355225
54,3,0.01943279590997492,0.02955434563203728,0.010121549722062358,0.05060774861031179,116.78129057386279,128,16,16,24.012698009831674,16;32;64;128,24.012698009831674;7.203558128454611;5.070947704687413;0.842157711645118,0.2,2,227,0.88671875,21.381599744774576,39.04993771370209,17.668337968927517,46.764052219174374,14.613766318491992,6.524435043334961
54,4,0.02955434563203728,0.03967589535409964,0.010121549722062362,0.05060774861031179,124.19061860129926,128,16,16,30.51909542267208,16;32;64;128,30.51909542267208;4.724800204426806;5.312098372253023;0.9756482374878707,0.2,2,232,0.90625,39.04993771370209,40.63461591042869,1.5846781967265997,40.84156510598163,12.76298909561926,6.910162925720215
54,5,0.03967589535409964,0.049797445076162,0.010121549722062362,0.05060774861031179,124.22494518370044,128,16,16,32.04394554628984,16;32;64;128,32.04394554628984;8.892612209572937;5.25949799960157;1.0453250360155713,0.2,2,232,0.90625,40.63461591042869,44.65276197146159,4.018146061032894,39.577966993363,12.368114685425937,7.071047067642212
54,6,0.049797445076162,0.05060774861031179,0.0008103035341497852,0.05060774861031179,127.98179537446221,128,16,16,26.427288121702883,16;32;64;128,26.427288121702883;7.12238326040376;6.254955517420869;2.053284830905324,0.2,2,226,0.8828125,44.65276197146159,46.23184961263905,1.5790876411774661,44.358640271322436,13.86207508478826,6.851607799530029
56,1,0.0,0.007841541979287119,0.007841541979287119,0.06520845996198278,64.0000000029884,128,16,16,31.033623962980442,16;32;64;128,31.033623962980442;9.260932132009113;8.08151508436531;2.3100065011518347,0.2,2,245,0.95703125,-177.23138289432973,-20.123888323752908,157.10749457057682,42.564509673132015,13.301409272853753,7.1015238761901855
56,2,0.007841541979287119,0.020883233971683676,0.013041691992396557,0.06520845996198278,91.09851203633428,128,16,16,27.956804145692455,16;32;64;128,27.956804145692455;5.428058445828601;5.699329501581044;1.4047630170978576,0.2,2,237,0.92578125,-20.123888323752908,31.41661911889787,51.54050744265078,40.22380768060101,12.569939900187816,7.21480393409729
56,3,0.020883233971683676,0.033924925964080234,0.013041691992396558,0.06520845996198278,118.15542109674094,128,16,16,20.020280009765603,16;32;64;128,20.020280009765603;4.916282833745586;5.365590602874913;0.4515062605405253,0.2,2,240,0.9375,31.41661911889787,37.857347114855656,6.440727995957786,40.14270257575606,12.54459455492377,6.4799721240997314
56,4,0.033924925964080234,0.04696661795647679,0.013041691992396555,0.06520845996198278,120.10532921195558,128,16,16,24.77436087296072,16;32;64;128,24.77436087296072;4.763547295420631;5.453232695796163;0.9460813148277264,0.2,2,243,0.94921875,37.857347114855656,43.4215465055604,5.564199390704744,37.41776326658972,11.693051020809287,6.410454034805298
56,5,0.04696661795647679,0.060008309948873344,0.013041691992396555,0.06520845996198278,123.30390223533065,128,16,16,32.356928575737925,16;32;64;128,32.356928575737925;9.933450768748811;8.146096117878871;1.4340257253604975,0.2,2,239,0.93359375,43.4215465055604,47.542661402374506,4.121114896814106,39.46208746142287,12.331902331694646,6.465359926223755
56,6,0.060008309948873344,0.06520845996198278,0.005200150013109438,0.06520845996198278,127.52373752212354,128,16,16,22.65405679523396,16;32;64;128,22.65405679523396;8.506517230449212;2.899436379238296;1.1860548582402013,0.2,2,238,0.9296875,47.542661402374506,48.22245594083233,0.679794538457827,42.60170903074194,13.313034072106854,6.402297019958496
58,1,0.0,0.008636693381150798,0.008636693381150798,0.04318346690575399,64.29996649372664,128,16,16,27.17492887293477,16;32;64;128,27.17492887293477;8.595737891384568;6.141448303980331;1.4846280477085756,0.2,2,239,0.93359375,-154.51322640967828,-40.76256854356507,113.75065786611322,48.36524907441374,15.114140335754293,6.443832874298096
58,2,0.008636693381150798,0.017273386762301595,0.008636693381150798,0.04318346690575399,95.2822456100185,128,16,16,32.068709937723824,16;32;64;128,32.068709937723824;9.942445796026277;5.975728857977739;1.124271739880228,0.2,2,224,0.875,-40.76256854356507,13.550960472064617,54.31352901562968,51.78932278007372,16.184163368773035,6.606139183044434
58,3,0.017273386762301595,0.02591008014345239,0.008636693381150796,0.04318346690575399,114.09115060872624,128,16,16,24.58516161192684,16;32;64;128,24.58516161192684;6.395121168588715;6.883779980132775;0.8195215768167814,0.2,2,223,0.87109375,13.550960472064617,32.989667068759445,19.43870659669483,48.92281509441594,15.28837971700498,6.6859660148620605
58,4,0.02591008014345239,0.03454677352460319,0.0086366933811508,0.04318346690575399,122.03363987259955,128,16,16,25.748997251999484,16;32;64;128,25.748997251999484;5.957582584161806;4.222813367483595;0.38825794847288325,0.2,2,222,0.8671875,32.989667068759445,42.162409158525406,9.172742089765961,44.81633166727652,14.005103646023912,6.394706964492798
58,5,0.03454677352460319,0.04318346690575399,0.0086366933811508,0.04318346690575399,124.59630034335161,128,16,16,24.598318908566768,16;32;64;128,24.598318908566768;9.224548283771092;5.243283564185976;0.6910460294623164,0.2,2,223,0.87109375,42.162409158525406,45.681025087491435,3.518615928966028,45.92962440571951,14.353007626787345,6.392626047134399
60,1,0.0,0.008340293262571545,0.008340293262571545,0.05188242652048996,64.00000003214555,128,16,16,27.71875866322757,16;32;64;128,27.71875866322757;8.398889445009479;5.619458495702132;1.8975382281355815,0.2,2,236,0.921875,-167.58731647643253,-24.729860785397705,142.85745569103483,45.35878503650882,14.174620323909005,6.3820641040802
60,2,0.008340293262571545,0.018716778566669538,0.010376485304097993,0.05188242652048996,96.22988985349625,128,16,16,22.896713726468214,16;32;64;128,22.896713726468214;11.14028531823572;7.115967200114299;0.9566645940604769,0.2,2,234,0.9140625,-24.729860785397705,25.074366643475514,49.80422742887322,42.91960856202412,13.412377675632538,6.440938949584961
60,3,0.018716778566669538,0.02909326387076753,0.010376485304097991,0.05188242652048996,115.64918457524196,128,16,16,27.80151731260914,16;32;64;128,27.80151731260914;11.162577999040403;6.717452723489311;1.7634414391449909,0.2,2,238,0.9296875,25.074366643475514,43.576039378536734,18.50167273506122,39.30810112429746,12.283781601342955,6.4215099811553955
60,4,0.02909326387076753,0.03946974917486552,0.010376485304097995,0.05188242652048996,122.93060777039891,128,16,16,24.507942499500203,16;32;64;128,24.507942499500203;8.287537648506355;3.4109965599963945;1.5528273536991946,0.2,2,239,0.93359375,43.576039378536734,49.376258100615814,5.80021872207908,39.32731537926832,12.289786056021349,6.391284942626953
60,5,0.03946974917486552,0.04984623447896352,0.010376485304097995,0.05188242652048996,125.38674023393928,128,16,16,24.047267507071307,16;32;64;128,24.047267507071307;8.41742914729438;6.234842500799121;1.812929510196743,0.2,2,236,0.921875,49.376258100615814,48.50518041125906,-0.8710776893567527,40.91542968743756,12.786071777324237,6.407635927200317
60,6,0.04984623447896352,0.05188242652048996,0.002036192041526441,0.05188242652048996,127.8642078308154,128,16,16,23.664750411774868,16;32;64;128,23.664750411774868;6.12181291975815;5.409226557606273;1.1642214435206488,0.2,2,241,0.94140625,48.50518041125906,49.85466613993049,1.349485728671425,39.60337006187524,12.376053144336012,6.4507670402526855
62,1,0.0,0.008831892852544095,0.008831892852544095,0.044823011435189145,64.0000000108964,128,16,16,30.832324752790267,16;32;64;128,30.832324752790267;12.139458458783002;7.705072527940567;1.2843490764547598,0.2,2,238,0.9296875,-158.42720337741775,-21.66000027433256,136.7672031030852,46.72805715087096,14.602517859647174,6.745631217956543
62,2,0.008831892852544095,0.017796495139581925,0.00896460228703783,0.044823011435189145,101.80780393251725,128,16,16,33.004300520872185,16;32;64;128,33.004300520872185;8.488993062847756;5.4627304497983085;1.5199624539273644,0.2,2,238,0.9296875,-21.66000027433256,22.969015795431915,44.629016069764475,48.252040319264395,15.078762599770123,6.832474946975708
62,3,0.017796495139581925,0.026761097426619754,0.00896460228703783,0.044823011435189145,119.00540553342081,128,16,16,27.360265338446247,16;32;64;128,27.360265338446247;8.67200069367174;5.88373686515405;1.4830571203219136,0.2,2,230,0.8984375,22.969015795431915,35.5931236111428,12.624107815710886,45.34800283502723,14.171250885946009,6.698645114898682
62,4,0.026761097426619754,0.035725699713657584,0.00896460228703783,0.044823011435189145,123.09217460292386,128,16,16,22.457700606850644,16;32;64;128,22.457700606850644;7.2034642855456115;3.7766878703999174;1.0985959244832009,0.2,2,242,0.9453125,35.5931236111428,42.02117265672496,6.428049045582156,39.762502110161265,12.425781909425394,6.611863136291504
62,5,0.035725699713657584,0.04469030200069542,0.008964602287037833,0.044823011435189145,125.02437233476671,128,16,16,29.233063720700372,16;32;64;128,29.233063720700372;11.321842547659575;8.138049598873701;1.5017335837673664,0.2,2,234,0.9140625,42.02117265672496,44.53724154399242,2.5160688872674655,41.83120643925713,13.072252012267853,6.575718879699707
62,6,0.04469030200069542,0.044823011435189145,0.0001327094344937274,0.044823011435189145,127.99935344951825,128,16,16,28.42671358315614,16;32;64;128,28.42671358315614;8.990245300518664;5.74933103365273;1.3925820776204005,0.2,2,241,0.94140625,44.53724154399242,44.528452292099246,-0.008789251893176697,38.46195454717887,12.019360795993396,6.438569068908691
64,1,0.0,0.008032255155487243,0.008032255155487243,0.05334670570019752,64.00000006162773,128,16,16,29.154957195360772,16;32;64;128,29.154957195360772;7.64339455145952;4.900902941947773;1.2329733537297864,0.2,2,233,0.91015625,-157.42331823211862,-17.198194078708184,140.22512415341043,47.938975841198,14.980929950374374,6.518488168716431
64,2,0.008032255155487243,0.01870159629552675,0.010669341140039507,0.05334670570019752,97.48545310476113,128,16,16,22.49207943981482,16;32;64;128,22.49207943981482;9.150663803656313;3.5181691867039193;0.971768172476036,0.2,2,233,0.91015625,-17.198194078708184,28.625973749236437,45.82416782794462,43.48585572421928,13.589329913818524,6.67706298828125
64,3,0.01870159629552675,0.029370937435566256,0.010669341140039507,0.05334670570019752,117.05406277135326,128,16,16,26.65945884724142,16;32;64;128,26.65945884724142;5.283543054717616;5.305991412395592;1.2036610556610996,0.2,2,222,0.8671875,28.625973749236437,38.84112630398886,10.215152554752422,47.16726257510035,14.73976955471886,6.637980937957764
64,4,0.029370937435566256,0.04004027857560576,0.010669341140039507,0.05334670570019752,121.86570251960927,128,16,16,21.259493311277833,16;32;64;128,21.259493311277833;11.066900376993368;4.3262853760365365;0.37425940992152196,0.2,2,223,0.87109375,38.84112630398886,44.98077227813337,6.139645974144514,45.79769983330986,14.311781197909331,6.616567850112915
64,5,0.04004027857560576,0.05070961971564527,0.010669341140039507,0.05334670570019752,124.79250385943729,128,16,16,24.595832582991694,16;32;64;128,24.595832582991694;10.955692213176361;4.783850084077252;1.7920489264504271,0.2,2,236,0.921875,44.98077227813337,49.71403013521922,4.733257857085846,38.755639062483986,12.111137207026244,6.518264055252075
64,6,0.05070961971564527,0.05334670570019752,0.0026370859845522496,0.05334670570019752,127.82324859364392,128,16,16,31.175048656099175,16;32;64;128,31.175048656099175;8.012284330764107;5.359259206842323;1.2984811638808191,0.2,2,238,0.9296875,49.71403013521922,48.97548875908251,-0.738541376136709,40.68846468999149,12.715145215622341,6.506181001663208
66,1,0.0,0.008964945998437923,0.008964945998437923,0.04482472999218961,67.62438427713737,128,16,16,36.698801378578274,16;32;64;128,36.698801378578274;11.600811780506366;8.777878254261209;1.512067728566247,0.2,2,235,0.91796875,-144.40829916804068,-19.667329826392233,124.74096934164845,48.38461312246508,15.120191600770339,6.519260883331299
66,2,0.008964945998437923,0.017929891996875846,0.008964945998437923,0.04482472999218961,103.03696840299885,128,16,16,31.14594717740741,16;32;64;128,31.14594717740741;7.342418392997554;5.545705137095096;1.9628117748390128,0.2,2,244,0.953125,-19.667329826392233,22.533858688871987,42.20118851526422,38.8953952023172,12.154811000724123,6.4834840297698975
66,3,0.017929891996875846,0.026894837995313767,0.008964945998437921,0.04482472999218961,118.14058259378938,128,16,16,23.38472160792141,16;32;64;128,23.38472160792141;8.22134007740251;6.0611865317468645;1.1168759465034277,0.2,2,231,0.90234375,22.533858688871987,36.887191594956676,14.353332906084688,42.93297857971766,13.41655580616177,6.542973041534424
66,4,0.026894837995313767,0.03585978399375169,0.008964945998437925,0.04482472999218961,123.16383335740038,128,16,16,28.653097630917976,16;32;64;128,28.653097630917976;9.427305570797383;5.907422107543111;1.7031240868893178,0.2,2,233,0.91015625,36.887191594956676,43.678075118223205,6.79088352326653,45.33120448830831,14.166001402596345,6.507443904876709
66,5,0.03585978399375169,0.04482472999218961,0.008964945998437918,0.04482472999218961,124.70315355741384,128,16,16,33.487956586637054,16;32;64;128,33.487956586637054;9.183652829376372;6.785650519906643;1.1508666664814027,0.2,2,235,0.91796875,43.678075118223205,45.85369016628829,2.175615048065083,41.45331001708333,12.95415938033854,6.565392971038818
68,1,0.0,0.007696388957333159,0.007696388957333159,0.04824776261879386,64.00000003734161,128,16,16,33.11863410593254,16;32;64;128,33.11863410593254;8.614705686343951;9.914335360273231;1.5453112519264314,0.2,2,234,0.9140625,-184.48607027623802,-27.59018936517532,156.8958809110627,45.86765535417949,14.33364229818109,6.520122051239014
68,2,0.007696388957333159,0.017345941481091934,0.009649552523758775,0.04824776261879386,98.46965844223945,128,16,16,32.529006173637875,16;32;64;128,32.529006173637875;10.647719596519702;7.8664068453812925;2.0958590534282995,0.2,2,230,0.8984375,-27.59018936517532,19.36189327466127,46.95208263983659,45.04527924953214,14.076649765478795,6.50612998008728
68,3,0.017345941481091934,0.026995494004850705,0.009649552523758771,0.04824776261879386,116.37053498281104,128,16,16,23.03733309557364,16;32;64;128,23.03733309557364;9.19176079226412;2.87923013365299;1.323502917425781,0.2,2,219,0.85546875,19.36189327466127,32.604016085737385,13.242122811076115,54.71324785166678,17.09788995364587,6.531352996826172
68,4,0.026995494004850705,0.036645046528609476,0.009649552523758771,0.04824776261879386,121.31633129499441,128,16,16,21.14195611125766,16;32;64;128,21.14195611125766;5.604304123113819;5.379936007594521;0.9169081044140446,0.2,2,226,0.8828125,32.604016085737385,35.881794821885705,3.2777787361483206,44.92335319510285,14.03854787346964,6.473578929901123
68,5,0.036645046528609476,0.04629459905236825,0.009649552523758771,0.04824776261879386,122.62601413112068,128,16,16,26.09188408265122,16;32;64;128,26.09188408265122;5.026016838723566;2.2371709500299817;1.1708984826778683,0.2,2,227,0.88671875,35.881794821885705,43.65110350183386,7.769308679948153,42.61783233382573,13.318072604320541,6.540582180023193
68,6,0.04629459905236825,0.04824776261879386,0.0019531635664256156,0.04824776261879386,127.78805645149849,128,16,16,20.503844971407904,16;32;64;128,20.503844971407904;5.1254433092271965;2.184884677227;0.8933299945989117,0.2,2,213,0.83203125,43.65110350183386,42.58318424000754,-1.0679192618263187,44.088933092921565,13.777791591537989,6.504981994628906
70,1,0.0,0.007950211022432716,0.007950211022432716,0.04264551271568363,64.00000001619506,128,16,16,29.04769519609083,16;32;64;128,29.04769519609083;11.530431970298359;8.284059752446634;1.840583383430157,0.2,2,245,0.95703125,-173.39994693895278,-29.738231976734824,143.66171496221796,47.547999191766756,14.85874974742711,6.717184066772461
70,2,0.007950211022432716,0.01647931356556944,0.008529102543136725,0.04264551271568363,100.99872192325962,128,16,16,27.72564816380826,16;32;64;128,27.72564816380826;8.34574682522084;7.584892685188744;1.545581526368734,0.2,2,234,0.9140625,-29.738231976734824,17.922287874942413,47.660519851677236,46.978844550636545,14.680888922073919,6.9000160694122314
70,3,0.01647931356556944,0.025008416108706168,0.008529102543136727,0.04264551271568363,118.24378745272641,128,16,16,25.284990677543043,16;32;64;128,25.284990677543043;4.901757574325376;3.3923064868876027;1.4644119868419458,0.2,2,225,0.87890625,17.922287874942413,32.386692343810864,14.464404468868452,49.14624759850188,15.358202374531837,6.774462938308716
70,4,0.025008416108706168,0.033537518651842894,0.008529102543136727,0.04264551271568363,123.05591054370908,128,16,16,19.87491543189935,16;32;64;128,19.87491543189935;3.7888986934987914;5.651851251582345;0.5008638614534701,0.2,2,224,0.875,32.386692343810864,39.86866844736505,7.481976103554189,46.11312241390004,14.41035075434376,6.426007986068726
70,5,0.033537518651842894,0.04206662119497962,0.008529102543136727,0.04264551271568363,124.99152457029102,128,16,16,24.14326625615659,16;32;64;128,24.14326625615659;5.06935221810324;3.7519723049425022;1.504229799263267,0.2,2,225,0.87890625,39.86866844736505,43.06514496001546,3.196476512650406,47.31820759538661,14.786939873558316,6.432657957077026
70,6,0.04206662119497962,0.04264551271568363,0.0005788915207040057,0.04264551271568363,127.9866681377881,128,16,16,27.64868725139995,16;32;64;128,27.64868725139995;6.950772479269243;5.885184568942796;0.7672222933072109,0.2,2,223,0.87109375,43.06514496001546,43.88302718475461,0.8178822247391508,45.43029713755034,14.19696785548448,6.461925029754639
72,1,0.0,0.008406809380308595,0.008406809380308595,0.0493623123412582,64.00000003547703,128,16,16,28.556615502770974,16;32;64;128,28.556615502770974;5.600375889061389;8.008571534503472;1.7182460311750452,0.2,2,241,0.94140625,-157.8993014777152,-30.711822032229975,127.18747944548522,45.75306175020225,14.297831796938203,6.402830123901367
72,2,0.008406809380308595,0.018279271848560236,0.00987246246825164,0.0493623123412582,97.35832450346128,128,16,16,24.118146485190593,16;32;64;128,24.118146485190593;8.928598304769793;4.141092833286911;0.7986118428216835,0.2,2,231,0.90234375,-30.711822032229975,28.732150480048404,59.44397251227838,46.040793002783964,14.387747813369987,6.480885028839111
72,3,0.018279271848560236,0.028151734316811877,0.00987246246825164,0.0493623123412582,119.81496598695152,128,16,16,24.225894605346294,16;32;64;128,24.225894605346294;8.457116005270562;4.052249999500824;1.5515365991806045,0.2,2,222,0.8671875,28.732150480048404,37.0013284470333,8.269177966984898,47.48633275055482,14.839478984548382,6.424321889877319
72,4,0.028151734316811877,0.03802419678506352,0.00987246246825164,0.0493623123412582,122.93995883222253,128,16,16,30.517201225660767,16;32;64;128,30.517201225660767;8.408299563627939;4.5084521665085875;1.1423314365390835,0.2,2,231,0.90234375,37.0013284470333,44.960552791995724,7.959224344962422,43.61052982555099,13.628290570484683,6.616792917251587
72,5,0.03802419678506352,0.047896659253315155,0.009872462468251637,0.0493623123412582,125.7496542882715,128,16,16,26.74753555961347,16;32;64;128,26.74753555961347;10.690365775390912;5.463800766484262;1.1230607832211414,0.2,2,231,0.90234375,44.960552791995724,44.896634105323756,-0.06391868667196832,44.347236778107664,13.858511493158645,6.616323947906494
72,6,0.047896659253315155,0.0493623123412582,0.001465653087943046,0.0493623123412582,127.94052312829027,128,16,16,21.17258847527691,16;32;64;128,21.17258847527691;9.972651103765026;4.431474389736492;1.2526761921681084,0.2,2,222,0.8671875,44.896634105323756,45.89441307555535,0.9977789702315931,48.03444654518536,15.010764545370424,6.725637912750244
74,1,0.0,0.006929332294480003,0.006929332294480003,0.050723795066124504,64.00000004337122,128,16,16,21.52206232049612,16;32;64;128,21.52206232049612;13.233634490980238;5.417751152413547;1.2027692628068796,0.2,2,244,0.953125,-203.8005277121556,-42.44828730779409,161.3522404043615,46.32146840205984,14.4754588756437,6.447082042694092
74,2,0.006929332294480003,0.017074091307704903,0.0101447590132249,0.050723795066124504,93.36294358056351,128,16,16,23.623110095838545,16;32;64;128,23.623110095838545;5.926536245192084;5.550599056255911;1.246406016491945,0.2,2,224,0.875,-42.44828730779409,13.761012789160304,56.209300096954394,49.4566246963428,15.455195217607125,6.564043998718262
74,3,0.017074091307704903,0.027218850320929806,0.010144759013224904,0.050723795066124504,114.31701413891682,128,16,16,21.850319698255145,16;32;64;128,21.850319698255145;7.182567751407698;4.904510207279569;1.2895641114832828,0.2,2,231,0.90234375,13.761012789160304,27.167440268407518,13.406427479247213,41.351072584781754,12.922210182744298,6.713886976242065
74,4,0.027218850320929806,0.03736360933415471,0.010144759013224904,0.050723795066124504,120.93717638529134,128,16,16,26.407114134267093,16;32;64;128,26.407114134267093;3.8620382313106414;3.5464605200223343;0.938385353276621,0.2,2,228,0.890625,27.167440268407518,36.33143514141739,9.16399487300987,45.96969573875735,14.365529918361672,6.686478137969971
74,5,0.03736360933415471,0.04750836834737961,0.010144759013224904,0.050723795066124504,124.18630272864365,128,16,16,17.498039794463686,16;32;64;128,17.498039794463686;6.1652701988639445;5.451294053445076;0.5780571561031665,0.2,2,234,0.9140625,36.33143514141739,40.212390119606425,3.8809549781890382,40.636948444374525,12.699046388867039,6.482918977737427
74,6,0.04750836834737961,0.050723795066124504,0.0032154267187448904,0.050723795066124504,127.75213470404734,128,16,16,19.383854009470607,16;32;64;128,19.383854009470607;6.443376986411613;4.005408026701173;0.9927704478710166,0.2,2,226,0.8828125,40.212390119606425,41.573828643304296,1.3614385236978706,42.421576081916086,13.256742525598776,6.592817068099976
76,1,0.0,0.008853372379363837,0.008853372379363837,0.05182999435334992,64.00000000637036,128,16,16,34.042478649426414,16;32;64;128,34.042478649426414;13.891590229514332;7.583166091140906;1.7961933183475156,0.2,2,236,0.921875,-164.7713875018926,-46.45403797180916,118.31734953008345,46.83094016979402,14.634668803060631,6.620057106018066
76,2,0.008853372379363837,0.019219371250033822,0.010365998870669985,0.05182999435334992,90.14135291299739,128,16,16,35.404812654543775,16;32;64;128,35.404812654543775;9.779809549236695;6.657992154009109;1.2743744288171368,0.2,2,219,0.85546875,-46.45403797180916,19.353016115972423,65.80705408778158,43.46992287269808,13.58435089771815,6.453678131103516
76,3,0.019219371250033822,0.029585370120703808,0.010365998870669985,0.05182999435334992,116.02313688226961,128,16,16,17.721312030482085,16;32;64;128,17.721312030482085;6.021432610281246;3.550178953283142;1.454420552909545,0.2,2,233,0.91015625,19.353016115972423,34.96571315626352,15.612697040291096,42.48666781675162,13.27708369273488,6.51000189781189
76,4,0.029585370120703808,0.03995136899137379,0.010365998870669982,0.05182999435334992,122.5511118963212,128,16,16,25.147827528306834,16;32;64;128,25.147827528306834;7.679474151679695;4.70029990434112;0.7451240018011535,0.2,2,222,0.8671875,34.96571315626352,41.61687950126361,6.651166345000092,45.312235565348,14.160073614171248,6.514798164367676
76,5,0.03995136899137379,0.05031736786204377,0.010365998870669982,0.05182999435334992,125.42403395952786,128,16,16,20.919126216683182,16;32;64;128,20.919126216683182;6.593110903284596;2.790270133536049;1.3922179302439632,0.2,2,232,0.90625,41.61687950126361,44.741023450071225,3.124143948807614,38.948020033797725,12.171256260561789,6.461301803588867
76,6,0.05031736786204377,0.05182999435334992,0.0015126264913061516,0.05182999435334992,127.95477921097502,128,16,16,18.808072505223734,16;32;64;128,18.808072505223734;5.950653218820091;4.6670482950778105;1.2754104856731554,0.2,2,230,0.8984375,44.741023450071225,46.39418680756353,1.6531633574923035,40.21462648985609,12.567070778080026,6.386199951171875
78,1,0.0,0.007720365324336072,0.007720365324336072,0.0470985022196529,64.00000003614005,128,16,16,26.446878440646415,16;32;64;128,26.446878440646415;8.87528931468085;7.041974200536185;1.3007759892165849,0.2,2,236,0.921875,-179.38201588672746,-24.254657786426833,155.12735810030063,45.63578068577032,14.261181464303224,6.411402940750122
78,2,0.007720365324336072,0.017140065768266655,0.009419700443930583,0.0470985022196529,98.42903699690964,128,16,16,38.26924154897828,16;32;64;128,38.26924154897828;8.214414001248693;7.6811887137310615;1.8702946129734,0.2,2,233,0.91015625,-24.254657786426833,14.033018689136952,38.287676475563785,48.30297947906711,15.094681087208471,6.511718988418579
78,3,0.017140065768266655,0.026559766212197237,0.009419700443930583,0.0470985022196529,115.04917652848933,128,16,16,12.158744808117037,16;32;64;128,12.158744808117037;6.809260000253277;4.951106239837107;0.7047652520028133,0.2,2,232,0.90625,14.033018689136952,36.01504436226969,21.98202567313274,44.74402493049109,13.982507790778467,6.4262988567352295
78,4,0.026559766212197237,0.03597946665612782,0.009419700443930583,0.0470985022196529,123.31803676615431,128,16,16,28.388701644577566,16;32;64;128,28.388701644577566;8.441241752128455;5.13252665212288;1.5472999524556335,0.2,2,230,0.8984375,36.01504436226969,40.6370071619167,4.621962799647008,43.51809328877948,13.599404152743588,6.379003047943115
78,5,0.03597946665612782,0.0453991671000584,0.009419700443930583,0.0470985022196529,124.54841559103643,128,16,16,23.724787457307155,16;32;64;128,23.724787457307155;6.014162836653092;3.3939847435825614;1.1310463313140757,0.2,2,234,0.9140625,40.6370071619167,46.23054637343739,5.593539211520692,42.71567270754283,13.348647721107133,6.393375873565674
78,6,0.0453991671000584,0.0470985022196529,0.0016993351195944972,0.0470985022196529,127.92788755431047,128,16,16,27.506336189675437,16;32;64;128,27.506336189675437;7.108072329518101;2.711105240297419;1.5798069399749783,0.2,2,231,0.90234375,46.23054637343739,46.102294809999876,-0.12825156343751587,43.36232747574332,13.550727336169787,6.441977024078369
80,1,0.0,0.008492587178722304,0.008492587178722304,0.04255477941767323,64.00000003041262,128,16,16,27.3180692684874,16;32;64;128,27.3180692684874;9.13315393981106;5.371663736686858;1.3251246072235723,0.2,2,241,0.94140625,-174.02084759328864,-35.85223180401954,138.1686157892691,45.86667314051265,14.333335356410203,6.406466007232666
80,2,0.008492587178722304,0.017003543062256953,0.008510955883534649,0.04255477941767323,100.34209249581717,128,16,16,23.491628353323527,16;32;64;128,23.491628353323527;7.934411328060307;5.009980819201619;1.1099780537690453,0.2,2,226,0.8828125,-35.85223180401954,3.5156989782699384,39.36793078228948,45.31076291957708,14.159613412367836,6.379749059677124
80,3,0.017003543062256953,0.0255144989457916,0.008510955883534649,0.04255477941767323,115.03867421722497,128,16,16,21.24518558796903,16;32;64;128,21.24518558796903;5.7423496666176295;4.254435504756213;1.0223244524488149,0.2,2,226,0.8828125,3.5156989782699384,18.257736930452666,14.742037952182727,42.78381261045027,13.36994144076571,6.362022876739502
80,4,0.0255144989457916,0.03402545482932625,0.008510955883534649,0.04255477941767323,120.18285211117575,128,16,16,20.94826295977799,16;32;64;128,20.94826295977799;4.092979946363706;3.9450833481799354;0.4900284081077348,0.2,2,219,0.85546875,18.257736930452666,31.914800537153496,13.65706360670083,47.09212000850205,14.71628750265689,6.380681037902832
80,5,0.03402545482932625,0.0425364107128609,0.008510955883534649,0.04255477941767323,124.31357508143385,128,16,16,27.620816423380752,16;32;64;128,27.620816423380752;3.2145076023000096;4.953334870928796;0.5096668103712428,0.2,2,224,0.875,31.914800537153496,36.72128829820031,4.80648776104681,44.7534512426225,13.985453513319532,6.46048903465271
80,6,0.0425364107128609,0.04255477941767323,1.836870481233127e-5,0.04255477941767323,127.99998353888634,128,16,16,20.915721708358383,16;32;64;128,20.915721708358383;5.503787180867665;3.578969912489483;0.573911783120014,0.2,2,218,0.8515625,36.72128829820031,35.79127797218098,-0.9300103260193282,51.846522418810835,16.202038255878385,6.418927192687988
82,1,0.0,0.008473631811056174,0.008473631811056174,0.042368159055280866,68.06893710333777,128,16,16,17.21796596838017,16;32;64;128,17.21796596838017;10.359850326559057;8.32614079871786;2.1412298452769556,0.2,2,247,0.96484375,-149.9493547308739,-36.211972539371345,113.73738219150255,44.51180471630721,13.909938973846003,6.360937833786011
82,2,0.008473631811056174,0.01694726362211235,0.008473631811056174,0.042368159055280866,99.62947845690339,128,16,16,25.27426775279335,16;32;64;128,25.27426775279335;9.01538802630656;6.122052157358393;1.2823531235960297,0.2,2,231,0.90234375,-36.211972539371345,14.794019675384334,51.00599221475568,44.74112597039174,13.981601865747418,6.371709108352661
82,3,0.01694726362211235,0.02542089543316852,0.008473631811056172,0.042368159055280866,119.08040818775373,128,16,16,29.916291353315565,16;32;64;128,29.916291353315565;9.486956583522836;7.450635262637008;1.5641388193378252,0.2,2,230,0.8984375,14.794019675384334,28.321603617208893,13.52758394182456,43.059308968658215,13.456034052705691,6.348576068878174
82,4,0.02542089543316852,0.0338945272442247,0.008473631811056176,0.042368159055280866,123.75423713066282,128,16,16,20.620653988169433,16;32;64;128,20.620653988169433;8.40225606242486;2.7604540793798154;1.1425234077889252,0.2,2,227,0.88671875,28.321603617208893,34.672418487869436,6.3508148706605425,46.16774340911392,14.427419815348099,6.3316309452056885
82,5,0.0338945272442247,0.042368159055280866,0.008473631811056169,0.042368159055280866,125.06160273748527,128,16,16,17.446354716237717,16;32;64;128,17.446354716237717;5.808146959858387;3.5308057136018505;0.868558946189788,0.2,2,226,0.8828125,34.672418487869436,37.283097686486144,2.610679198616708,41.44462342388565,12.951444819964266,6.334384918212891
84,1,0.0,0.009218645114727963,0.009218645114727963,0.05333035291027047,64.00000003302611,128,16,16,19.343806899165983,16;32;64;128,19.343806899165983;8.102961682631276;5.190045057235149;1.9141299753383123,0.2,2,239,0.93359375,-153.53139883478502,-15.734182073283591,137.79721676150143,46.89368121910255,14.654275380969546,6.376987934112549
84,2,0.009218645114727963,0.019884715696782056,0.010666070582054094,0.05333035291027047,98.26407423354576,128,16,16,34.898526664398794,16;32;64;128,34.898526664398794;12.51083311145584;5.839762999396683;1.983511372058612,0.2,2,240,0.9375,-15.734182073283591,24.63852434794535,40.37270642122894,44.237342100310244,13.82416940634695,6.759130954742432
84,3,0.019884715696782056,0.030550786278836152,0.010666070582054096,0.05333035291027047,116.77668908205435,128,16,16,27.145982211388223,16;32;64;128,27.145982211388223;11.260648731496874;6.615026062293239;1.201704299175758,0.2,2,230,0.8984375,24.63852434794535,40.339142223467206,15.700617875521857,50.5095133830577,15.78422293220553,6.521013975143433
84,4,0.030550786278836152,0.041216856860890244,0.010666070582054092,0.05333035291027047,122.91174973413787,128,16,16,23.854555133402545,16;32;64;128,23.854555133402545;10.076297361551724;2.5076672421723636;1.671300357484435,0.2,2,237,0.92578125,40.339142223467206,45.07164742903842,4.732505205571215,40.40011402351074,12.625035632347105,6.481507062911987
84,5,0.041216856860890244,0.051882927442944336,0.010666070582054092,0.05333035291027047,124.59454207028513,128,16,16,28.74516249753068,16;32;64;128,28.74516249753068;8.678531003939115;3.4994871084257753;0.7295278478960595,0.2,2,240,0.9375,45.07164742903842,49.11864493606845,4.046997507030028,41.28631172156806,12.901972412990018,6.548046827316284
84,6,0.051882927442944336,0.05333035291027047,0.0014474254673261314,0.05333035291027047,127.96080637055961,128,16,16,23.55777942254255,16;32;64;128,23.55777942254255;8.76013148615771;6.887717826012989;0.7639205397851245,0.2,2,233,0.91015625,49.11864493606845,49.800750351161696,0.6821054150932468,41.03457459933248,12.8233045622914,6.55035400390625
86,1,0.0,0.007731084372318983,0.007731084372318983,0.052042191343069914,64.00000002154744,128,16,16,37.10495456764698,16;32;64;128,37.10495456764698;11.063265028761554;8.461142949270176;0.5851602683827615,0.2,2,240,0.9375,-178.8183902299861,-29.715098434477113,149.103291795509,44.69542734558158,13.967321045494243,6.439758062362671
86,2,0.007731084372318984,0.018139522640932968,0.010408438268613984,0.052042191343069914,95.2154827718642,128,16,16,25.480521474080515,16;32;64;128,25.480521474080515;4.745092559333364;6.080098468190803;0.7119653339758527,0.2,2,228,0.890625,-29.715098434477113,24.962323647167068,54.67742208164418,45.89571338410605,14.342410432533141,6.485787868499756
86,3,0.018139522640932968,0.028547960909546952,0.010408438268613984,0.052042191343069914,116.24831046648319,128,16,16,20.748713880768815,16;32;64;128,20.748713880768815;9.00539577619882;4.061100309041299;0.7461114109267847,0.2,2,220,0.859375,24.962323647167068,36.98607630941842,12.023752662251354,47.30950898328187,14.784221557275584,6.475006103515625
86,4,0.028547960909546952,0.03895639917816093,0.01040843826861398,0.052042191343069914,121.67100443487033,128,16,16,25.852302287505434,16;32;64;128,25.852302287505434;5.823065528390692;5.437990603729356;1.515930592999953,0.2,2,229,0.89453125,36.98607630941842,46.880598017494776,9.894521708076354,44.71861233957027,13.974566356115709,6.50042200088501
86,5,0.03895639917816093,0.04936483744677492,0.010408438268613984,0.052042191343069914,125.72138877835157,128,16,16,25.803889097265458,16;32;64;128,25.803889097265458;9.102287010980014;5.0165073647439895;1.4615262547227594,0.2,2,238,0.9296875,46.880598017494776,47.03549844806548,0.1549004305707058,42.03349940539985,13.135468564187454,6.489978790283203
86,6,0.04936483744677492,0.052042191343069914,0.002677353896294997,0.052042191343069914,127.78813806301196,128,16,16,21.29098079853565,16;32;64;128,21.29098079853565;5.123242450921281;6.199274841395104;1.31654541651263,0.2,2,239,0.93359375,47.03549844806548,47.761301262507914,0.7258028144424316,42.178737061256314,13.180855331642597,6.5080180168151855
88,1,0.0,0.008490822343344686,0.008490822343344686,0.053808599931969306,64.00000001022707,128,16,16,30.047108100170913,16;32;64;128,30.047108100170913;9.583308945828634;8.042311802165028;1.6193388967025768,0.2,2,238,0.9296875,-192.34021416338055,-35.319547908693494,157.02066625468706,44.53153002465784,13.916103132705574,6.478224992752075
88,2,0.008490822343344686,0.019252542329738546,0.01076171998639386,0.053808599931969306,96.81612548240389,128,16,16,21.32066868223636,16;32;64;128,21.32066868223636;9.233514314646087;5.514237203877224;1.0126751001497363,0.2,2,228,0.890625,-35.319547908693494,4.912497515892028,40.23204542458552,49.08338297773629,15.33855718054259,6.516631126403809
88,3,0.019252542329738546,0.03001426231613241,0.010761719986393862,0.053808599931969306,111.26774227180657,128,16,16,21.651037578298368,16;32;64;128,21.651037578298368;7.567958789972288;4.247651454688779;1.0319255329053514,0.2,2,222,0.8671875,4.912497515892028,24.70817713762517,19.795679621733143,49.54137290546305,15.481679032957203,6.504020929336548
88,4,0.03001426231613241,0.04077598230252627,0.010761719986393862,0.053808599931969306,121.42010396615612,128,16,16,24.914320344716593,16;32;64;128,24.914320344716593;9.303625636329606;6.070919797152483;0.6825408942155273,0.2,2,227,0.88671875,24.70817713762517,31.60212322267762,6.893946085052448,41.32983926172693,12.915574769289666,6.508373975753784
88,5,0.04077598230252627,0.05153770228892013,0.010761719986393858,0.053808599931969306,124.18078515953812,128,16,16,18.545085138279948,16;32;64;128,18.545085138279948;6.602703868279092;2.0417584050166964;0.8936773693009993,0.2,2,223,0.87109375,31.60212322267762,33.34191029478097,1.7397870721033541,41.43183838222679,12.947449494445872,6.541749000549316
88,6,0.05153770228892013,0.053808599931969306,0.0022708976430491773,0.053808599931969306,127.82023675069549,128,16,16,19.64710934054121,16;32;64;128,19.64710934054121;5.869612166129735;2.8943529201325573;1.3337924923611757,0.2,2,219,0.85546875,33.34191029478097,32.918194658646826,-0.42371563613414764,44.117087257982874,13.786589768119647,6.531554937362671
90,1,0.0,0.008680740531098302,0.008680740531098302,0.0485248209555559,64.00000004260724,128,16,16,26.435644079407922,16;32;64;128,26.435644079407922;11.128606358384365;5.2537410840732;1.883687436529531,0.2,2,229,0.89453125,-173.63339551431272,-29.6802222514234,143.95317326288932,49.879602838382795,15.587375886994623,6.4885640144348145
90,2,0.008680740531098302,0.018385704722209482,0.00970496419111118,0.0485248209555559,101.15440294520944,128,16,16,21.410367662466562,16;32;64;128,21.410367662466562;6.128922030210709;3.7358471859348286;0.9041891890806804,0.2,2,222,0.8671875,-29.6802222514234,-2.4034744976306683,27.276747753792733,47.616977877294396,14.880305586654497,6.865231037139893
90,3,0.018385704722209482,0.02809066891332066,0.009704964191111179,0.0485248209555559,112.14778445390266,128,16,16,24.58625391127229,16;32;64;128,24.58625391127229;7.001123735291297;4.724217174728076;0.6509935345191006,0.2,2,216,0.84375,-2.4034744976306683,19.20478461649145,21.60825911412212,47.49569253109232,14.842403915966349,6.896878957748413
90,4,0.02809066891332066,0.03779563310443184,0.009704964191111179,0.0485248209555559,120.11656823086233,128,16,16,22.254126410327267,16;32;64;128,22.254126410327267;4.714684916542946;1.665625301275555;0.8866703744795773,0.2,2,213,0.83203125,19.20478461649145,30.10691143101576,10.902126814524308,48.077791800566054,15.024309937676891,6.91537880897522
90,5,0.03779563310443184,0.04750059729554302,0.009704964191111179,0.0485248209555559,124.49701788873674,128,16,16,22.661437631744878,16;32;64;128,22.661437631744878;4.213719603260343;5.450608605462752;0.6271737663745613,0.2,2,217,0.84765625,30.10691143101576,34.14879302040208,4.041881589386321,46.34120215144711,14.481625672327223,6.449819087982178
90,6,0.04750059729554302,0.0485248209555559,0.0010242236600128823,0.0485248209555559,127.97137382659538,128,16,16,21.522151768696553,16;32;64;128,21.522151768696553;6.679726716406071;4.586778663355274;0.7486236590662173,0.2,2,215,0.83984375,34.14879302040208,31.293520871382498,-2.8552721490195836,47.95894706472141,14.98717095772544,6.43507981300354
92,1,0.0,0.007832334787588838,0.007832334787588838,0.04938049413205338,64.00000003484573,128,16,16,25.452197531891905,16;32;64;128,25.452197531891905;10.554331844009509;7.776764265383663;1.810342707156807,0.2,2,240,0.9375,-182.96174178872025,-41.086547246221016,141.87519454249923,49.453522108963476,15.454225659051085,6.392257928848267
92,2,0.007832334787588838,0.017708433613999514,0.009876098826410676,0.04938049413205338,95.23822124187947,128,16,16,27.630215755386168,16;32;64;128,27.630215755386168;8.731709943524066;5.801668160646398;1.0564025289127088,0.2,2,240,0.9375,-41.086547246221016,16.380428899472463,57.46697614569348,43.88723641011509,13.714761378160963,6.3893561363220215
92,3,0.017708433613999514,0.02758453244041019,0.009876098826410676,0.04938049413205338,117.35046925838996,128,16,16,24.009369731481666,16;32;64;128,24.009369731481666;6.423327148318272;7.045393179038689;1.254073336308379,0.2,2,242,0.9453125,16.380428899472463,27.682335640405654,11.301906740933191,39.98308619774007,12.494714436793771,6.436345815658569
92,4,0.02758453244041019,0.037460631266820865,0.009876098826410676,0.04938049413205338,121.88858571557533,128,16,16,28.526668790430424,16;32;64;128,28.526668790430424;9.029645479558381;6.104121781679437;1.6877384931429995,0.2,2,232,0.90625,27.682335640405654,36.410024606157094,8.72768896575144,42.98269749717162,13.432092967866131,6.428308963775635
92,5,0.037460631266820865,0.04733673009323154,0.009876098826410676,0.04938049413205338,125.37541086014552,128,16,16,27.5757958809303,16;32;64;128,27.5757958809303;7.60116616035843;5.612344366416688;1.2823581040980228,0.2,2,236,0.921875,36.410024606157094,33.26418891067442,-3.145835695482674,39.931075057922655,12.478460955600829,6.424333095550537
92,6,0.04733673009323154,0.04938049413205338,0.002043764038821838,0.04938049413205338,127.73378121886,128,16,16,31.867707203942395,16;32;64;128,31.867707203942395;8.847610955789062;7.387203658041806;1.3855039983480604,0.2,2,231,0.90234375,33.26418891067442,36.804481232709804,3.540292322035384,43.01686917639943,13.442771617624821,6.444880962371826
94,1,0.0,0.008398013636550253,0.008398013636550253,0.04679800606595191,64.0000000317535,128,16,16,21.05794986535406,16;32;64;128,21.05794986535406;7.1066510002295855;5.295176031182678;1.329993717577054,0.2,2,239,0.93359375,-158.09977374534355,-27.07572532747872,131.02404841786483,43.92692701890199,13.727164693406872,6.403654098510742
94,2,0.008398013636550253,0.017757614849740637,0.009359601213190384,0.04679800606595191,100.70587188142692,128,16,16,18.62571981767465,16;32;64;128,18.62571981767465;5.4911526861001825;4.317844842835929;1.0032843637907136,0.2,2,231,0.90234375,-27.07572532747872,19.15964428178995,46.23536960926867,45.70294669901273,14.282170843441477,6.4060959815979
94,3,0.017757614849740637,0.02711721606293102,0.009359601213190384,0.04679800606595191,117.38711702282521,128,16,16,26.807704211512945,16;32;64;128,26.807704211512945;8.473637277642023;6.578894817125713;1.1392422680211387,0.2,2,226,0.8828125,19.15964428178995,28.569406739698024,9.409762457908073,45.645380843259744,14.26418151351867,6.441447019577026
94,4,0.02711721606293102,0.036476817276121405,0.009359601213190384,0.04679800606595191,120.39710255119297,128,16,16,26.014845302693335,16;32;64;128,26.014845302693335;9.846817056597029;3.438227053292955;1.839529905567321,0.2,2,231,0.90234375,28.569406739698024,38.850721337574214,10.28131459787619,45.21916909192418,14.130990341226305,6.441504001617432
94,5,0.036476817276121405,0.04583641848931179,0.009359601213190384,0.04679800606595191,125.40404548917085,128,16,16,33.12513452129001,16;32;64;128,33.12513452129001;8.568957140231804;5.2636800997226105;1.3255472437036215,0.2,2,231,0.90234375,38.850721337574214,40.57372120747459,1.7229998699003772,42.32675400039737,13.227110625124178,6.480670928955078
94,6,0.04583641848931179,0.04679800606595191,0.0009615875766401175,0.04679800606595191,127.97063489204436,128,16,16,19.042197196282117,16;32;64;128,19.042197196282117;6.923325076725245;4.464426301971133;1.3691412593363446,0.2,2,238,0.9296875,40.57372120747459,41.57335810905988,0.9996369015852906,39.720636804636364,12.412699001448862,6.541568994522095
96,1,0.0,0.008624479725288275,0.008624479725288275,0.04889376077779207,64.00000001331264,128,16,16,36.599394043651415,16;32;64;128,36.599394043651415;9.711448915961062;8.121591804989059;2.202411521666474,0.2,2,245,0.95703125,-165.35258029646138,-33.4948084479056,131.85777184855579,44.836134132035845,14.0112919162612,6.437646150588989
96,2,0.008624479725288275,0.01840323188084669,0.009778752155558415,0.04889376077779207,98.1643109830658,128,16,16,34.23987965697211,16;32;64;128,34.23987965697211;7.744810593804496;5.421156687583905;1.0928229820764852,0.2,2,225,0.87890625,-33.4948084479056,13.02753069858727,46.52233914649287,49.11099453158681,15.347185791120879,6.495708227157593
96,3,0.01840323188084669,0.028181984036405105,0.009778752155558415,0.04889376077779207,118.75060875203158,128,16,16,29.948170270774714,16;32;64;128,29.948170270774714;10.607220538738712;4.3427598747762275;0.8037456642017322,0.2,2,221,0.86328125,13.02753069858727,26.608200724102062,13.580670025514792,44.17802875199861,13.805633984999565,6.481238126754761
96,4,0.028181984036405105,0.03796073619196352,0.009778752155558419,0.04889376077779207,123.4432807781315,128,16,16,25.08385633693125,16;32;64;128,25.08385633693125;5.243087274699308;3.2905837151105657;0.6892694694285243,0.2,2,224,0.875,26.608200724102062,31.58502435126138,4.97682362715932,42.764746316744166,13.363983223982551,6.508718967437744
96,5,0.03796073619196352,0.04773948834752194,0.009778752155558415,0.04889376077779207,124.6094147021413,128,16,16,22.285147160366197,16;32;64;128,22.285147160366197;4.184275775405304;2.98426994456527;0.5091915875450619,0.2,2,225,0.87890625,31.58502435126138,34.948042679490754,3.363018328229373,43.669066187524436,13.646583183601386,6.490866184234619
96,6,0.04773948834752194,0.04889376077779207,0.0011542724302701299,0.04889376077779207,127.95304003422474,128,16,16,24.116433705837043,16;32;64;128,24.116433705837043;9.060449377204936;5.314650300682243;0.7998820866097228,0.2,2,226,0.8828125,34.948042679490754,34.81554960974245,-0.13249306974830688,45.2411405058631,14.137856408082218,6.553407907485962
98,1,0.0,0.007503906598560714,0.007503906598560714,0.04984688790513519,64.00000000781719,128,16,16,34.577330919251736,16;32;64;128,34.577330919251736;13.3876979009999;8.635020580946275;1.4811513020124112,0.2,2,247,0.96484375,-209.7385746363616,-56.00788904625915,153.73068559010244,45.381553246788584,14.181735389621432,6.5299811363220215
98,2,0.007503906598560714,0.017473284179587753,0.009969377581027039,0.04984688790513519,92.42689570305087,128,16,16,25.378247216916318,16;32;64;128,25.378247216916318;6.468426593522825;5.571235994485352;1.2230469910683714,0.2,2,229,0.89453125,-56.00788904625915,6.421789807251116,62.42967885351027,47.975110778269325,14.992222118209163,6.511821985244751
98,3,0.017473284179587753,0.027442661760614794,0.00996937758102704,0.04984688790513519,115.48350636219013,128,16,16,28.80847114980969,16;32;64;128,28.80847114980969;7.458937374028714;4.721774635496139;0.7649478350455361,0.2,2,231,0.90234375,6.421789807251116,24.832583073013666,18.41079326576255,45.33686696317911,14.167770925993471,6.441893100738525
98,4,0.027442661760614794,0.037412039341641834,0.00996937758102704,0.04984688790513519,121.87014979602164,128,16,16,21.999181418961104,16;32;64;128,21.999181418961104;8.926953743968152;4.904463017954981;0.3883079551791969,0.2,2,221,0.86328125,24.832583073013666,32.216061969826114,7.3834788968124485,44.278804046208705,13.83712626444022,6.4438440799713135
98,5,0.037412039341641834,0.047381416922668874,0.00996937758102704,0.04984688790513519,124.26220093666322,128,16,16,21.947903169210672,16;32;64;128,21.947903169210672;7.12642498577621;4.091130701191787;0.8798431806536596,0.2,2,235,0.91796875,32.216061969826114,34.750254311817116,2.5341923419910017,42.382948305464986,13.244671345457807,6.544033050537109
98,6,0.047381416922668874,0.04984688790513519,0.002465470982466314,0.04984688790513519,127.73274928867421,128,16,16,27.780944987899588,16;32;64;128,27.780944987899588;6.17130735290414;2.6702179840095375;1.207658764029368,0.2,2,234,0.9140625,34.750254311817116,32.53777444908701,-2.212479862730106,43.63578587229529,13.636183085092277,6.547136068344116
100,1,0.0,0.00902339454306641,0.00902339454306641,0.050211534131244795,64.00000001775814,128,16,16,31.12353835579665,16;32;64;128,31.12353835579665;10.630346425612158;9.339456627405571;1.674627552299986,0.2,2,244,0.953125,-162.73997893159685,-26.575118832741282,136.16486009885557,45.06419507503089,14.082560960947152,6.531530857086182
100,2,0.00902339454306641,0.019065701369315367,0.010042306826248957,0.050211534131244795,98.3422262353795,128,16,16,32.39282044776496,16;32;64;128,32.39282044776496;10.749988754940514;8.051215727263832;1.4518106638586061,0.2,2,230,0.8984375,-26.575118832741282,23.79954236819094,50.37466120093222,41.05737886257417,12.830430894554427,6.897075891494751
100,3,0.019065701369315367,0.029108008195564326,0.010042306826248959,0.050211534131244795,118.56900619336673,128,16,16,23.928410026230424,16;32;64;128,23.928410026230424;6.700899802744767;6.559604863892622;1.2830950387279345,0.2,2,239,0.93359375,23.79954236819094,34.87893814842391,11.079395780232971,42.10341936730282,13.157318552282131,6.877377986907959
100,4,0.029108008195564326,0.039150315021813285,0.010042306826248959,0.050211534131244795,122.92894873454416,128,16,16,27.53026911062803,16;32;64;128,27.53026911062803;8.147459984110979;5.129998336914022;0.2620886228453531,0.2,2,236,0.921875,34.87893814842391,41.877466875943355,6.998528727519442,40.76506586767565,12.73908308364864,6.704303979873657
100,5,0.039150315021813285,0.049192621848062244,0.010042306826248959,0.050211534131244795,125.71998590512332,128,16,16,28.27431019540706,16;32;64;128,28.27431019540706;7.118539248054653;4.9582904732096456;1.0819136879509876,0.2,2,241,0.94140625,41.877466875943355,43.77120885513432,1.8937419791909633,40.34413494281681,12.607542169630252,6.417428016662598
100,6,0.049192621848062244,0.050211534131244795,0.0010189122831825506,0.050211534131244795,127.972373883883,128,16,16,29.906836554438236,16;32;64;128,29.906836554438236;9.564430669365477;6.8222072997271725;1.1873245078105032,0.2,2,237,0.92578125,43.77120885513432,40.94594164096634,-2.8252672141679795,40.91632848384424,12.786352651201325,6.427579879760742
102,1,0.0,0.00796375014243744,0.00796375014243744,0.039818750712187205,65.99158773274442,128,16,16,27.18999254623058,16;32;64;128,27.18999254623058;8.435351705986594;6.601892469628967;1.14236539719681,0.2,2,250,0.9765625,-171.56754639311112,-39.41341354715405,132.15413284595707,39.3352583792413,12.292268243512906,6.423146963119507
102,2,0.00796375014243744,0.01592750028487488,0.00796375014243744,0.039818750712187205,101.86993753368999,128,16,16,20.92314624544099,16;32;64;128,20.92314624544099;6.4399442560609375;5.207421415965889;1.478813526174503,0.2,2,234,0.9140625,-39.41341354715405,5.366142146368475,44.779555693522525,48.139615890682414,15.043629965838253,6.436736822128296
102,3,0.01592750028487488,0.02389125042731232,0.007963750142437439,0.039818750712187205,117.6776437222491,128,16,16,28.766304982066224,16;32;64;128,28.766304982066224;8.874925905314845;5.593199937298055;1.687256002864932,0.2,2,233,0.91015625,5.366142146368475,19.95074721148194,14.584605065113465,44.516549915960965,13.9114218487378,6.422672986984253
102,4,0.02389125042731232,0.03185500056974976,0.007963750142437442,0.039818750712187205,120.97332892823776,128,16,16,28.560604027323542,16;32;64;128,28.560604027323542;5.371259293877293;4.964447380658189;1.061254094918962,0.2,2,235,0.91796875,19.95074721148194,27.779829071652784,7.829081860170845,44.688251407459646,13.965078564831138,6.4371538162231445
102,5,0.03185500056974976,0.039818750712187205,0.007963750142437442,0.039818750712187205,124.2737661536383,128,16,16,33.36576615160643,16;32;64;128,33.36576615160643;8.66759317200566;5.225986184137697;1.8331115609186128,0.2,2,229,0.89453125,27.779829071652784,35.45365078619943,7.673821714546648,46.392140899273464,14.497544031022956,6.441907167434692
104,1,0.0,0.008813690837415247,0.008813690837415247,0.0499965808051057,64.00000003125868,128,16,16,26.092626605100932,16;32;64;128,26.092626605100932;10.62811083092755;6.692515856728971;1.1335253174151425,0.2,2,236,0.921875,-163.21773087026668,-42.28790264642055,120.92982822384613,47.30289029391251,14.782153216847659,6.472217798233032
104,2,0.008813690837415247,0.01881300699843639,0.009999316161021142,0.0499965808051057,93.90962366430925,128,16,16,25.280509898580103,16;32;64;128,25.280509898580103;5.746117362594454;5.416412224393629;0.5532581338652882,0.2,2,232,0.90625,-42.28790264642055,12.701438257216068,54.98934090363662,41.90300422866799,13.094688821458746,6.437222003936768
104,3,0.01881300699843639,0.02881232315945753,0.009999316161021142,0.0499965808051057,116.5516154158606,128,16,16,24.346753463530344,16;32;64;128,24.346753463530344;8.352823424134833;7.011600188053409;1.3246053790817636,0.2,2,224,0.875,12.701438257216068,25.24878566840198,12.54734741118591,46.30041831154125,14.46888072235664,6.467533111572266
104,4,0.02881232315945753,0.03881163932047867,0.009999316161021142,0.0499965808051057,121.89306751404476,128,16,16,20.2567475541167,16;32;64;128,20.2567475541167;8.59445816138698;1.9432464000796967;1.0150882773906178,0.2,2,220,0.859375,25.24878566840198,31.528482537598393,6.279696869196414,48.89021256753885,15.27819142735589,6.538312911987305
104,5,0.03881163932047867,0.048810955481499815,0.009999316161021142,0.0499965808051057,124.65597051425189,128,16,16,30.030685183893684,16;32;64;128,30.030685183893684;7.705011551697388;5.862061151567208;0.7138874414128547,0.2,2,220,0.859375,31.528482537598393,34.51321902961354,2.984736492015145,44.442611749350135,13.888316171671917,6.527225971221924
104,6,0.048810955481499815,0.0499965808051057,0.0011856253236058878,0.0499965808051057,127.94274667335428,128,16,16,30.67366462620129,16;32;64;128,30.67366462620129;6.118971695938353;6.884801965306573;2.149274361823882,0.2,2,219,0.85546875,34.51321902961354,32.35013477683606,-2.1630842527774803,45.065380102062115,14.08293128189441,6.508347034454346
106,1,0.0,0.009164300784416015,0.009164300784416015,0.049934644338431144,64.000000026006,128,16,16,32.14432894376046,16;32;64;128,32.14432894376046;13.58078702090726;8.651128970972346;1.7618924814746706,0.2,2,241,0.94140625,-161.30708454531123,-26.342316745882272,134.96476779942896,40.84199832187242,12.76312447558513,6.9340667724609375
106,2,0.009164300784416015,0.019151229652102246,0.009986928867686231,0.049934644338431144,102.0749280628537,128,16,16,18.34501272841792,16;32;64;128,18.34501272841792;9.572435662528228;4.678393692785265;1.520393642921141,0.2,2,236,0.921875,-26.342316745882272,17.592017967304855,43.93433471318713,43.25256837482239,13.516427617131995,6.7168848514556885
106,3,0.019151229652102246,0.029138158519788473,0.009986928867686228,0.049934644338431144,120.68199893330112,128,16,16,21.419058737230035,16;32;64;128,21.419058737230035;9.092394920138037;5.345576633525933;1.4370519038144507,0.2,2,239,0.93359375,17.592017967304855,25.225203290523496,7.63318532321864,41.40646430017346,12.939520093804205,6.555510997772217
106,4,0.029138158519788473,0.0391250873874747,0.009986928867686228,0.049934644338431144,123.26120709665548,128,16,16,15.636617029898131,16;32;64;128,15.636617029898131;8.000468123858035;3.7816633296460935;1.827954162290444,0.2,2,236,0.921875,25.225203290523496,28.131017566864102,2.9058142763406067,40.580453071513745,12.681391584848045,6.499884128570557
106,5,0.0391250873874747,0.04911201625516093,0.009986928867686228,0.049934644338431144,124.75995820438894,128,16,16,22.98944712058692,16;32;64;128,22.98944712058692;6.564280552555577;4.457765341749917;1.6139953435149894,0.2,2,235,0.91796875,28.131017566864102,34.602978978415194,6.471961411551092,41.72842099314159,13.040131560356746,6.529253005981445
106,6,0.04911201625516093,0.049934644338431144,0.000822628083270216,0.049934644338431144,127.98344258704958,128,16,16,21.94535246106602,16;32;64;128,21.94535246106602;6.950308573954823;1.9880314980359703;1.322737935944046,0.2,2,232,0.90625,34.602978978415194,35.27246758277761,0.6694886043624138,44.07703571474543,13.774073660857946,6.470072031021118
108,1,0.0,0.007880601896502937,0.007880601896502937,0.04741131780802266,64.00000004677227,128,16,16,29.973459873209364,16;32;64;128,29.973459873209364;12.11527216374016;7.613365389148736;1.6931974523106677,0.2,2,239,0.93359375,-183.71717560387333,-44.85760517016297,138.85957043371036,46.749299403111884,14.609156063472463,6.415204048156738
108,2,0.007880601896502937,0.017362865458107467,0.00948226356160453,0.04741131780802266,96.01791309280114,128,16,16,26.123919981411323,16;32;64;128,26.123919981411323;6.104346181430203;3.8775153654325694;1.2494926451967046,0.2,2,219,0.85546875,-44.85760517016297,8.124868466853513,52.98247363701648,48.983813600570144,15.30744175017817,6.429192066192627
108,3,0.017362865458107467,0.026845129019711998,0.009482263561604531,0.04741131780802266,113.69361548252667,128,16,16,30.235116023331106,16;32;64;128,30.235116023331106;6.571418662570725;5.826611719363705;0.7506909171873158,0.2,2,231,0.90234375,8.124868466853513,28.81519229186233,20.690323825008818,47.01026141925605,14.690706693517514,6.4394309520721436
108,4,0.026845129019711998,0.03632739258131653,0.009482263561604531,0.04741131780802266,122.7347028567126,128,16,16,23.706359531745818,16;32;64;128,23.706359531745818;5.001602114722663;4.137585356527689;1.4799599330804352,0.2,2,225,0.87890625,28.81519229186233,33.55483750708663,4.7396452152243,43.16790083139843,13.489969009812008,6.439756155014038
108,5,0.03632739258131653,0.04580965614292106,0.009482263561604531,0.04741131780802266,124.77298830233981,128,16,16,28.42563256551158,16;32;64;128,28.42563256551158;7.740847380081412;5.6502108194218765;2.0616835045026396,0.2,2,220,0.859375,33.55483750708663,38.06375221074268,4.508914703656046,47.3209441981161,14.78779506191128,6.438180923461914
108,6,0.04580965614292106,0.04741131780802266,0.001601661665101596,0.04741131780802266,127.91345395359168,128,16,16,22.733656071449833,16;32;64;128,22.733656071449833;8.187207101460226;3.0994464530030097;1.2115553784992874,0.2,2,225,0.87890625,38.06375221074268,37.3702180594064,-0.69353415133628,41.973390101553555,13.116684406735486,6.445412874221802
110,1,0.0,0.008376484898670804,0.008376484898670804,0.05877214814520415,64.0000000565739,128,16,16,29.44017014409832,16;32;64;128,29.44017014409832;12.859607834284056;9.412899463869477;1.9968112382049465,0.2,2,241,0.94140625,-184.18739088473376,-53.606887895808995,130.58050298892476,45.48180420596536,14.213063814364174,6.546519994735718
110,2,0.008376484898670804,0.020130914527711635,0.01175442962904083,0.05877214814520415,88.08126600208487,128,16,16,31.911587905251118,16;32;64;128,31.911587905251118;9.062777561328675;3.9487770993965103;1.2914432572621537,0.2,2,227,0.88671875,-53.606887895808995,8.846909327543472,62.45379722335247,48.023952264647534,15.007485082702354,6.485284805297852
110,3,0.020130914527711635,0.03188534415675247,0.011754429629040834,0.05877214814520415,114.42161977385378,128,16,16,19.98585151038131,16;32;64;128,19.98585151038131;3.3201234456753217;4.929717850308084;1.1910126437090536,0.2,2,225,0.87890625,8.846909327543472,17.511013583187378,8.664104255643906,51.090711345013126,15.965847295316602,6.533408880233765
110,4,0.03188534415675247,0.0436397737857933,0.01175442962904083,0.05877214814520415,118.61771035712273,128,16,16,26.07402580469821,16;32;64;128,26.07402580469821;6.7385737314809795;3.9993627249468404;0.46354379335159157,0.2,2,216,0.84375,17.511013583187378,28.63094356882175,11.119929985634371,43.482600691958275,13.58831271623696,6.510240077972412
110,5,0.0436397737857933,0.05539420341483413,0.01175442962904083,0.05877214814520415,123.64828067421396,128,16,16,26.034897374049052,16;32;64;128,26.034897374049052;6.178502760221819;4.339224514214902;1.4073159387854834,0.2,2,228,0.890625,28.63094356882175,30.996059402612445,2.3651158337906963,42.42462221260504,13.257694441439073,6.442327976226807
110,6,0.05539420341483413,0.05877214814520415,0.003377944730370022,0.05877214814520415,127.66965586711434,128,16,16,24.277540791577515,16;32;64;128,24.277540791577515;7.356916490793084;5.790647209636954;0.9903735001608884,0.2,2,222,0.8671875,30.996059402612445,33.70901692730877,2.7129575246963213,39.29206508478256,12.278770338994548,6.5143210887908936
112,1,0.0,0.009097639680179735,0.009097639680179735,0.04548819840089867,64.53726432126862,128,16,16,25.0874508698291,16;32;64;128,25.0874508698291;10.104006384295102;7.2480755362077085;1.4560935832339632,0.2,2,247,0.96484375,-166.01122763000603,-42.49083550495561,123.52039212505042,41.96750425086417,13.114845078395051,6.43142294883728
112,2,0.009097639680179735,0.01819527936035947,0.009097639680179735,0.04548819840089867,99.53302680893847,128,16,16,22.843746608092488,16;32;64;128,22.843746608092488;7.976898545360922;5.074264264364851;1.6653498646554998,0.2,2,227,0.88671875,-42.49083550495561,1.5231089926292043,44.013944497584816,50.11365979294052,15.66051868529391,6.4656171798706055
112,3,0.01819527936035947,0.027292919040539203,0.009097639680179733,0.04548819840089867,115.12426760508258,128,16,16,27.83348588905067,16;32;64;128,27.83348588905067;6.355953813605744;4.919753490713997;0.31789763237327695,0.2,2,227,0.88671875,1.5231089926292043,21.54529677179835,20.022187779169144,45.583982950033,14.24499467188531,6.4530348777771
112,4,0.027292919040539203,0.03639055872071894,0.009097639680179737,0.04548819840089867,123.8837009618791,128,16,16,24.836957694130856,16;32;64;128,24.836957694130856;5.87342134239887;3.171805611551025;0.796899191662447,0.2,2,223,0.87109375,21.54529677179835,28.198678358574398,6.6533815867760495,46.06111904761454,14.394099702379544,6.484478950500488
112,5,0.03639055872071894,0.04548819840089867,0.00909763968017973,0.04548819840089867,125.29193673219847,128,16,16,17.364126650163893,16;32;64;128,17.364126650163893;6.575350176398574;4.604253601603966;0.6171367300120625,0.2,2,226,0.8828125,28.198678358574398,30.28541671152425,2.086738352949851,46.66451948910191,14.582662340344347,6.781208038330078
114,1,0.0,0.009888828061855107,0.009888828061855107,0.04944414030927553,64.98809523968735,128,16,16,28.312100985162754,16;32;64;128,28.312100985162754;10.559808868301268;4.153290220614768;1.769835357013156,0.2,2,236,0.921875,-149.65677241245248,-24.136256497196882,125.5205159152556,43.6877721266651,13.652428789582844,6.458366870880127
114,2,0.009888828061855107,0.019777656123710213,0.009888828061855107,0.04944414030927553,104.3617071744169,128,16,16,21.58641336141697,16;32;64;128,21.58641336141697;6.776867834222334;5.05096347493626;1.0408536363752108,0.2,2,221,0.86328125,-24.136256497196882,2.4879488220308303,26.624205319227713,45.183683990521295,14.119901247037904,6.459566831588745
114,3,0.019777656123710213,0.02966648418556532,0.009888828061855107,0.04944414030927553,114.89968920091647,128,16,16,37.2751654799634,16;32;64;128,37.2751654799634;6.729517192196138;4.817662693314919;0.8532764967676065,0.2,2,227,0.88671875,2.4879488220308303,23.480162592995384,20.992213770964554,46.96581753045488,14.676817978267149,6.3815271854400635
114,4,0.02966648418556532,0.03955531224742043,0.009888828061855107,0.04944414030927553,123.2479577066991,128,16,16,28.314044046968842,16;32;64;128,28.314044046968842;8.863301841333556;3.9264168115485996;0.6142878184553211,0.2,2,227,0.88671875,23.480162592995384,27.359754523113224,3.87959193011784,45.97909451918162,14.368467037244256,6.4422900676727295
114,5,0.03955531224742043,0.04944414030927553,0.009888828061855107,0.04944414030927553,124.83015687267367,128,16,16,28.611213354460478,16;32;64;128,28.611213354460478;5.979503690257808;7.6327268277072235;1.4353139878493206,0.2,2,223,0.87109375,27.359754523113224,32.353702794333,4.993948271219779,44.06012947867914,13.76879046208723,6.373737096786499
116,1,0.0,0.007991975139990027,0.007991975139990027,0.048382250760391536,64.00000005636403,128,16,16,29.34370197130714,16;32;64;128,29.34370197130714;10.932023392846482;6.486607010646736;1.2619480438413526,0.2,2,242,0.9453125,-183.8791090498853,-52.81263763311017,131.06647141677513,44.11194547149487,13.784982959842146,6.358273029327393
116,2,0.007991975139990027,0.017668425292068336,0.00967645015207831,0.048382250760391536,90.40022276587351,128,16,16,27.645719555567982,16;32;64;128,27.645719555567982;5.290363105264346;5.1559488677730645;0.9584823416244642,0.2,2,225,0.87890625,-52.81263763311017,11.495249324594852,64.30788695770502,48.49282125153807,15.154006641105646,6.479654788970947
116,3,0.017668425292068336,0.027344875444146644,0.009676450152078308,0.048382250760391536,114.9932720453579,128,16,16,27.93614130362347,16;32;64;128,27.93614130362347;10.872439954013426;5.430808412909445;1.0046785795161648,0.2,2,223,0.87109375,11.495249324594852,27.81013867677393,16.31488935217908,42.80438747935061,13.376371087297064,6.676833152770996
116,4,0.027344875444146644,0.03702132559622495,0.009676450152078308,0.048382250760391536,122.44849950451702,128,16,16,17.830689427287513,16;32;64;128,17.830689427287513;6.835150406755443;4.977249345115516;0.9323798461176183,0.2,2,223,0.87109375,27.81013867677393,36.866399548169284,9.056260871395352,44.53056802404552,13.915802507514226,6.657574892044067
116,5,0.03702132559622495,0.046697775748303263,0.009676450152078311,0.048382250760391536,125.14749482008936,128,16,16,28.582251119266083,16;32;64;128,28.582251119266083;4.041190726128951;3.6612857778106402;1.3087067731065578,0.2,2,232,0.90625,36.866399548169284,37.83741245601777,0.9710129078484897,43.83864490814009,13.699576533793778,6.565618991851807
116,6,0.046697775748303263,0.048382250760391536,0.0016844750120882726,0.048382250760391536,127.90365180173862,128,16,16,28.313397829077445,16;32;64;128,28.313397829077445;7.042532384225432;4.782172254044376;0.6407505082716078,0.2,2,222,0.8671875,37.83741245601777,38.46984567691106,0.6324332208932901,44.12675612465609,13.789611288955028,6.489277124404907
118,1,0.0,0.008103249047326799,0.008103249047326799,0.04589985890053235,64.00000003163248,128,16,16,40.44406387278363,16;32;64;128,40.44406387278363;12.979045087098037;9.628560738543499;1.889776113365465,0.2,2,235,0.91796875,-168.15202106384095,-36.57106456494148,131.58095649889947,50.30918627342438,15.721620710445118,6.477962017059326
118,2,0.008103249047326799,0.01728322082743327,0.009179971780106471,0.04589985890053235,100.04898746812104,128,16,16,32.0546385643901,16;32;64;128,32.0546385643901;8.349098031178533;4.597183252503359;1.540559162249744,0.2,2,232,0.90625,-36.57106456494148,14.94599331862264,51.51705788356412,45.990797090954246,14.3721240909232,6.48196005821228
118,3,0.01728322082743327,0.02646319260753974,0.009179971780106471,0.04589985890053235,117.47386993444621,128,16,16,19.54764630984969,16;32;64;128,19.54764630984969;8.777206359203037;6.137994069501579;0.6406507516364279,0.2,2,232,0.90625,14.94599331862264,28.741024895614828,13.795031576992187,41.85243549222454,13.078886091320166,6.56024694442749
118,4,0.02646319260753974,0.03564316438764621,0.009179971780106471,0.04589985890053235,124.51519360957373,128,16,16,28.858309873906002,16;32;64;128,28.858309873906002;12.212153448538011;6.652844325449719;1.4337689976165626,0.2,2,238,0.9296875,28.741024895614828,31.462427391059464,2.721402495444636,44.02836528729201,13.758864152278752,6.917082071304321
118,5,0.03564316438764621,0.044823136167752686,0.009179971780106475,0.04589985890053235,124.34544796476344,128,16,16,20.079907787164892,16;32;64;128,20.079907787164892;6.892321106787038;4.245640736692242;1.1794978893929924,0.2,2,231,0.90234375,31.462427391059464,34.714102488491335,3.251675097431871,43.07042930151343,13.459509156722946,6.9989800453186035
118,6,0.044823136167752686,0.04589985890053235,0.0010767227327796655,0.04589985890053235,127.96134265695781,128,16,16,26.73728779893331,16;32;64;128,26.73728779893331;5.791164138213079;5.320471648475595;1.1521114407951565,0.2,2,239,0.93359375,34.714102488491335,35.80704825694556,1.0929457684542285,37.86144162325599,11.831700507267497,7.188917875289917
120,1,0.0,0.007848260179072265,0.007848260179072265,0.04839919522177766,64.00000002638538,128,16,16,23.83444597127049,16;32;64;128,23.83444597127049;8.679491083015227;7.9301816621461985;1.5465611591839679,0.2,2,237,0.92578125,-180.65229484754354,-63.64057338983548,117.01172145770806,47.99489756767003,14.998405489896884,6.789866924285889
120,2,0.007848260179072265,0.017528099223427795,0.00967983904435553,0.04839919522177766,87.77094136872026,128,16,16,26.66616628509324,16;32;64;128,26.66616628509324;9.503351102466036;6.9956884042944605;1.683778943634663,0.2,2,226,0.8828125,-63.64057338983548,17.254706967347374,80.89528035718286,47.018767288220594,14.693364777568934,6.420385837554932
120,3,0.017528099223427795,0.027207938267783328,0.009679839044355532,0.04839919522177766,118.09827845693422,128,16,16,23.271116787222084,16;32;64;128,23.271116787222084;7.824565031325964;2.1546967439493874;1.1582358598155256,0.2,2,223,0.87109375,17.254706967347374,29.152916095939872,11.898209128592498,48.82259765835932,15.257061768237287,6.429624080657959
120,4,0.027207938267783328,0.03688777731213886,0.009679839044355532,0.04839919522177766,122.10205214113272,128,16,16,26.91383541839489,16;32;64;128,26.91383541839489;3.581518164138082;3.1589628247768236;1.4041934964656266,0.2,2,223,0.87109375,29.152916095939872,38.884379927796545,9.731463831856672,51.94141795645414,16.231693111391916,6.444606781005859
120,5,0.03688777731213886,0.046567616356494396,0.009679839044355536,0.04839919522177766,125.65920940523844,128,16,16,22.41146946212311,16;32;64;128,22.41146946212311;8.643572907027215;4.011699025409914;0.9443618279814432,0.2,2,228,0.890625,38.884379927796545,41.149916492271586,2.265536564475042,46.36610707052617,14.489408459539428,6.438493013381958
120,6,0.046567616356494396,0.04839919522177766,0.001831578865283262,0.04839919522177766,127.90411322194697,128,16,16,26.303523767883306,16;32;64;128,26.303523767883306;6.076702830489189;4.828829147818823;0.841159682897687,0.2,2,230,0.8984375,41.149916492271586,43.03135197365191,1.881435481380322,44.490891300539886,13.903403531418714,6.440547943115234
122,1,0.0,0.008452775978253457,0.008452775978253457,0.04575542153908399,64.00000001015437,128,16,16,30.037384571851355,16;32;64;128,30.037384571851355;12.266087666096052;8.305178074784779;1.449441620097241,0.2,2,238,0.9296875,-173.8489015437117,-50.4672194047198,123.38168213899189,43.5984864143894,13.624527004496686,6.426182985305786
122,2,0.008452775978253457,0.017603860286070257,0.0091510843078168,0.04575542153908399,94.98983521247436,128,16,16,29.405173440984814,16;32;64;128,29.405173440984814;9.7026959601018;5.465845559472467;0.8651747797276595,0.2,2,237,0.92578125,-50.4672194047198,2.372411808129982,52.83963121284978,38.9635008204658,12.176094006395562,6.455329895019531
122,3,0.017603860286070257,0.026754944593887053,0.009151084307816797,0.04575542153908399,115.17886262863053,128,16,16,21.754907776569805,16;32;64;128,21.754907776569805;6.736854433216008;4.791282679027111;1.2334823540603705,0.2,2,233,0.91015625,2.372411808129982,23.586865363117795,21.214453554987813,45.13098996984163,14.103434365575508,6.59182596206665
122,4,0.026754944593887053,0.03590602890170385,0.009151084307816797,0.04575542153908399,123.9932089320617,128,16,16,24.233379648127904,16;32;64;128,24.233379648127904;5.888859252433865;5.612716860665572;1.001248648944064,0.2,2,222,0.8671875,23.586865363117795,27.309866937571854,3.7230015744540594,45.54709944262466,14.233468575820206,6.574413061141968
122,5,0.03590602890170385,0.04505711320952065,0.009151084307816797,0.04575542153908399,124.65533781346669,128,16,16,16.611839549340893,16;32;64;128,16.611839549340893;5.6804680429380205;3.7904690108853236;0.3220273679054028,0.2,2,230,0.8984375,27.309866937571854,31.722272694285493,4.412405756713639,45.446998584782094,14.202187057744403,6.487252950668335
122,6,0.04505711320952065,0.04575542153908399,0.0006983083295633435,0.04575542153908399,127.9838637970773,128,16,16,24.428114135159042,16;32;64;128,24.428114135159042;7.278816595714664;6.225620124393368;1.354020694642813,0.2,2,228,0.890625,31.722272694285493,32.83752563770395,1.1152529434184544,44.94920081483739,14.046625254636684,6.604548931121826
124,1,0.0,0.00927567511293926,0.00927567511293926,0.050755255278115696,64.00000001325466,128,16,16,27.37592438012213,16;32;64;128,27.37592438012213;12.60990303058205;5.666256936824537;2.2361091690857218,0.2,2,245,0.95703125,-158.91849300179092,-20.700969179233653,138.21752382255727,40.33225105614984,12.603828455046825,6.830856800079346
124,2,0.00927567511293926,0.0194267261685624,0.01015105105562314,0.050755255278115696,102.40370897391983,128,16,16,27.310060463588236,16;32;64;128,27.310060463588236;8.061868835396654;6.972102962539533;1.9812873034217848,0.2,2,235,0.91796875,-20.700969179233653,16.901014631977887,37.60198381121154,41.69613426959631,13.030041959248845,6.876785039901733
124,3,0.0194267261685624,0.029577777224185538,0.01015105105562314,0.050755255278115696,118.49980492618089,128,16,16,26.22853423635353,16;32;64;128,26.22853423635353;7.8727410240984845;4.16617715820987;1.6070568880989426,0.2,2,239,0.93359375,16.901014631977887,22.64466270529374,5.743648073315853,37.67670127550286,11.773969148594642,6.884135961532593
124,4,0.029577777224185538,0.03972882827980868,0.01015105105562314,0.050755255278115696,121.61024875511488,128,16,16,25.227570882891516,16;32;64;128,25.227570882891516;8.54499037493831;8.56420698439924;2.0503770839446225,0.2,2,223,0.87109375,22.64466270529374,31.82159803045215,9.17693532515841,46.08600043557904,14.401875136118448,6.593766927719116
124,5,0.03972882827980868,0.049879879335431816,0.01015105105562314,0.050755255278115696,124.50928153300009,128,16,16,13.104708812058789,16;32;64;128,13.104708812058789;5.487094949821227;6.214143134216539;1.302056397368846,0.2,2,240,0.9375,31.82159803045215,34.56457537942333,2.7429773489711806,38.707520763579026,12.096100238618446,6.441562175750732
124,6,0.049879879335431816,0.050755255278115696,0.00087537594268388,0.050755255278115696,127.97850162939368,128,16,16,22.68002844281828,16;32;64;128,22.68002844281828;8.640373132682367;2.2826257549575457;1.4859608811651188,0.2,2,229,0.89453125,34.56457537942333,32.95179140334949,-1.6127839760738425,43.812242450180406,13.691325765681377,6.533313035964966
126,1,0.0,0.008046567299455281,0.008046567299455281,0.05085928194865607,64.00000002724951,128,16,16,24.144857065847155,16;32;64;128,24.144857065847155;11.7448962877459;8.707589399831532;1.8353159611364116,0.2,2,240,0.9375,-191.43447381128135,-54.546943879617174,136.88752993166418,46.99132858455663,14.684790182673947,6.463510990142822
126,2,0.008046567299455281,0.018218423689186497,0.010171856389731216,0.05085928194865607,92.58984330652723,128,16,16,24.30135522355974,16;32;64;128,24.30135522355974;9.173076141190853;4.2353122387426865;1.4240970628439302,0.2,2,229,0.89453125,-54.546943879617174,10.812438563400065,65.35938244301724,47.54999115146877,14.85937223483399,6.462863922119141
126,3,0.018218423689186497,0.02839028007891771,0.010171856389731213,0.05085928194865607,117.84997255635287,128,16,16,28.889922465966507,16;32;64;128,28.889922465966507;10.432756479063091;2.685541756521387;0.8633191784787976,0.2,2,220,0.859375,10.812438563400065,19.618091132349946,8.805652568949881,46.65029247262944,14.578216397696698,6.470747947692871
126,4,0.02839028007891771,0.03856213646864892,0.010171856389731213,0.05085928194865607,121.09799377858631,128,16,16,22.592881916195367,16;32;64;128,22.592881916195367;5.920059605294511;4.251987096221066;1.2832204987501765,0.2,2,225,0.87890625,19.618091132349946,27.91261129348277,8.294520161132823,40.545553731445885,12.670485541076838,6.45262598991394
126,5,0.03856213646864892,0.048733992858380135,0.010171856389731213,0.05085928194865607,124.27252093941877,128,16,16,24.204575739688927,16;32;64;128,24.204575739688927;8.722881301873901;7.702737451460548;1.394090271217388,0.2,2,223,0.87109375,27.91261129348277,28.49998724924808,0.5873759557653102,42.04666496523375,13.139582801635546,6.463175058364868
126,6,0.048733992858380135,0.05085928194865607,0.002125289090275935,0.05085928194865607,127.8231254875982,128,16,16,26.79796723671994,16;32;64;128,26.79796723671994;10.240888450596357;4.370491597407568;0.3613153537613598,0.2,2,225,0.87890625,28.49998724924808,28.025041216005775,-0.4749460332423041,42.681514184125405,13.337973182539189,6.484628915786743
128,1,0.0,0.008386455318037354,0.008386455318037354,0.0447212014538119,64.00000000840814,128,16,16,33.79255246870384,16;32;64;128,33.79255246870384;9.857447894184238;8.070931154703985;1.038838227471957,0.2,2,245,0.95703125,-187.5684270663769,-55.295302109223485,132.2731249571534,46.52100272807214,14.537813352522543,6.525434970855713
128,2,0.008386455318037354,0.017330695608799733,0.008944240290762379,0.0447212014538119,95.7322278022094,128,16,16,32.61376521711662,16;32;64;128,32.61376521711662;4.520489567972537;6.794786250400684;1.573464980629821,0.2,2,232,0.90625,-55.295302109223485,7.232010403560707,62.52731251278419,44.25922164888192,13.8310067652756,6.501752138137817
128,3,0.017330695608799733,0.02627493589956211,0.008944240290762379,0.0447212014538119,117.62860707631374,128,16,16,25.22883050360387,16;32;64;128,25.22883050360387;10.077527570901614;5.383024554898752;0.8150269118155193,0.2,2,219,0.85546875,7.232010403560707,19.867499781486913,12.635489377926206,48.58124531622977,15.181639161321803,6.54894495010376
128,4,0.02627493589956211,0.03521917619032449,0.008944240290762379,0.0447212014538119,122.40981285275163,128,16,16,29.713596855439725,16;32;64;128,29.713596855439725;9.695185607374631;3.5081347985021236;1.5795292915339192,0.2,2,238,0.9296875,19.867499781486913,26.471148183401795,6.603648401914882,40.01034812676566,12.503233789614269,6.523580074310303
128,5,0.03521917619032449,0.04416341648108687,0.008944240290762379,0.0447212014538119,123.8183009430141,128,16,16,29.763753569231874,16;32;64;128,29.763753569231874;5.817513452583025;6.695429385816288;1.4271997533968828,0.2,2,229,0.89453125,26.471148183401795,32.85324478615712,6.382096602755325,45.33583574220179,14.167448669438057,6.518572092056274
128,6,0.04416341648108687,0.0447212014538119,0.0005577849727250311,0.0447212014538119,127.99204728005137,128,16,16,26.68082231853028,16;32;64;128,26.68082231853028;7.598621341279063;6.30327125223484;1.184542195804897,0.2,2,229,0.89453125,32.85324478615712,33.26392254390521,0.4106777577480898,41.1934929228614,12.872966538394188,6.465303897857666
130,1,0.0,0.008680907464842838,0.008680907464842838,0.04340453732421418,65.68576794599046,128,16,16,30.670929871774327,16;32;64;128,30.670929871774327;12.149003560456954;8.731106209741073;1.9743137936183102,0.2,2,239,0.93359375,-181.4976445809898,-30.094344744364207,151.4032998366256,47.88010762307619,14.96253363221131,6.548227787017822
130,2,0.008680907464842838,0.017361814929685675,0.008680907464842838,0.04340453732421418,104.65263228327564,128,16,16,33.37522828306653,16;32;64;128,33.37522828306653;11.166588080387243;6.200745193231889;1.4692757767586033,0.2,2,236,0.921875,-30.094344744364207,10.025216639645805,40.11956138401001,45.17669855969846,14.117718299905768,6.510307788848877
130,3,0.017361814929685675,0.02604272239452851,0.008680907464842836,0.04340453732421418,119.92290621000109,128,16,16,27.5375963250951,16;32;64;128,27.5375963250951;5.308871366598614;4.598759313879295;1.3617181907900795,0.2,2,238,0.9296875,10.025216639645805,25.066319862555247,15.041103222909442,43.42299604384266,13.56968626370083,6.554201126098633
130,4,0.02604272239452851,0.03472362985937135,0.00868090746484284,0.04340453732421418,123.00210312821686,128,16,16,29.41849343846646,16;32;64;128,29.41849343846646;8.108273344912094;6.139877190318865;1.4685069204022834,0.2,2,233,0.91015625,25.066319862555247,28.74326916015707,3.6769492976018228,44.68251521509293,13.963286004716538,6.5117950439453125
130,5,0.03472362985937135,0.04340453732421418,0.008680907464842832,0.04340453732421418,124.03440312494249,128,16,16,25.235422857818282,16;32;64;128,25.235422857818282;4.987569016156992;4.261308272131634;1.5551281235569754,0.2,2,235,0.91796875,28.74326916015707,31.24699568230426,2.50372652214719,40.382095623103815,12.619404882219941,6.533391952514648
132,1,0.0,0.008586927389881776,0.008586927389881776,0.05176166520773577,64.00000002761547,128,16,16,24.188228054058428,16;32;64;128,24.188228054058428;7.845716492354546;4.6268307139071725;1.3810916868178138,0.2,2,237,0.92578125,-179.98998768708043,-43.87980358636378,136.11018410071665,48.130852464515215,15.040891395161005,6.503793001174927
132,2,0.008586927389881776,0.01893926043142893,0.010352333041547155,0.05176166520773577,93.76881071955735,128,16,16,34.788092712365284,16;32;64;128,34.788092712365284;7.084483088477955;7.001037713800939;1.4945378906902267,0.2,2,229,0.89453125,-43.87980358636378,7.094895191027263,50.97469877739104,50.63657017976898,15.823928181177806,6.535858869552612
132,3,0.01893926043142893,0.029291593472976087,0.010352333041547156,0.05176166520773577,115.3232090858072,128,16,16,24.34329111277424,16;32;64;128,24.34329111277424;10.85628048221014;8.119571267285167;0.8185273601478278,0.2,2,221,0.86328125,7.094895191027263,26.488150453325943,19.39325526229868,47.02559168163747,14.695497400511709,6.544624090194702
132,4,0.029291593472976087,0.03964392651452324,0.010352333041547153,0.05176166520773577,123.15558817078845,128,16,16,29.196163925197784,16;32;64;128,29.196163925197784;11.04585943409672;6.839462751752983;1.8314259559227646,0.2,2,225,0.87890625,26.488150453325943,31.699686349980766,5.211535896654823,43.63313387367295,13.635354335522797,6.56899094581604
132,5,0.03964392651452324,0.04999625955607039,0.010352333041547153,0.05176166520773577,124.61988537045293,128,16,16,27.208973081371877,16;32;64;128,27.208973081371877;7.183866531924884;5.178264221396926;1.7269284164129979,0.2,2,229,0.89453125,31.699686349980766,34.06860425911145,2.368917909130687,41.8695030675486,13.084219708608936,6.517622947692871
132,6,0.04999625955607039,0.05176166520773577,0.001765405651665379,0.05176166520773577,127.9046811847609,128,16,16,28.664370987632672,16;32;64;128,28.664370987632672;8.459082128978343;7.072961829323023;1.5214119540746185,0.2,2,225,0.87890625,34.06860425911145,35.109244779945584,1.0406405208341312,46.064330622860474,14.395103319643898,6.850832939147949
134,1,0.0,0.008605682857875187,0.008605682857875187,0.055428538277405466,64.00000000657965,128,16,16,27.183459644107053,16;32;64;128,27.183459644107053;8.83037093177108;5.231819438980698;1.8653304316789792,0.2,2,238,0.9296875,-165.19943527528085,-37.902146299566084,127.29728897571476,47.649834341462835,14.890573231707135,6.744898796081543
134,2,0.008605682857875187,0.01969139051335628,0.011085707655481093,0.055428538277405466,94.88720697127373,128,16,16,22.882586797834296,16;32;64;128,22.882586797834296;6.216182134965536;4.625402783580075;0.9107015085428821,0.2,2,226,0.8828125,-37.902146299566084,3.4994207701383857,41.40156706970447,47.76503951670481,14.926574848970253,6.975129842758179
134,3,0.01969139051335628,0.030777098168837374,0.011085707655481093,0.055428538277405466,111.91151323346162,128,16,16,31.059258408225006,16;32;64;128,31.059258408225006;7.388952936619777;3.515044350596064;0.17060813895334834,0.2,2,223,0.87109375,3.4994207701383857,20.23298232757952,16.733561557441135,45.976827632414256,14.367758635129455,7.150202989578247
134,4,0.030777098168837374,0.041862805824318464,0.01108570765548109,0.055428538277405466,120.12024582693721,128,16,16,26.252556538945264,16;32;64;128,26.252556538945264;7.628040242096504;2.483384007766071;0.3634685500473944,0.2,2,220,0.859375,20.23298232757952,26.659076779396855,6.426094451817335,47.13171991442208,14.728662473256898,6.552359104156494
134,5,0.041862805824318464,0.05294851347979956,0.011085707655481093,0.055428538277405466,123.06846198923448,128,16,16,24.49701375804106,16;32;64;128,24.49701375804106;6.832348615503901;4.1401068179882135;0.9589899764522262,0.2,2,235,0.91796875,26.659076779396855,32.28550246266241,5.626425683265552,41.70960587251181,13.034251835159939,6.709558963775635
134,6,0.05294851347979956,0.055428538277405466,0.002480024797605909,0.055428538277405466,127.82774054268859,128,16,16,23.36528785961916,16;32;64;128,23.36528785961916;6.943717370641439;4.371871030237938;0.9152816661857429,0.2,2,222,0.8671875,32.28550246266241,35.160129861033056,2.8746273983706487,39.23171603867622,12.259911262086318,6.699988842010498
136,1,0.0,0.008269267033851235,0.008269267033851235,0.05734345286805375,64.0000000146853,128,16,16,33.84175289982759,16;32;64;128,33.84175289982759;7.469631836288701;7.82942349988115;1.4437916055317468,0.2,2,244,0.953125,-181.70767717762283,-38.05155031515915,143.65612686246368,44.90940639759684,14.034189499249011,6.4893128871917725
136,2,0.008269267033851235,0.019737957607461984,0.01146869057361075,0.05734345286805375,96.15296181419266,128,16,16,28.51729133778412,16;32;64;128,28.51729133778412;7.993036699000591;3.9522444186025574;1.1780097801794627,0.2,2,230,0.8984375,-38.05155031515915,14.60739628124793,52.65894659640708,43.82452420069778,13.695163812718055,6.508077144622803
136,3,0.019737957607461984,0.031206648181072737,0.011468690573610753,0.05734345286805375,116.05250808888871,128,16,16,24.617875846788248,16;32;64;128,24.617875846788248;7.789386700337199;3.2643346676249787;0.9907222895985247,0.2,2,236,0.921875,14.60739628124793,24.58782711502863,9.980430833780702,42.21125755028846,13.191017984465143,6.468333959579468
136,4,0.031206648181072737,0.04267533875468349,0.011468690573610753,0.05734345286805375,120.9831958572857,128,16,16,29.147051964176242,16;32;64;128,29.147051964176242;9.344777045487376;3.295780813222592;0.9199907171061663,0.2,2,233,0.91015625,24.58782711502863,31.492919001102564,6.905091886073933,42.339852868984856,13.231204021557767,6.464577913284302
136,5,0.04267533875468349,0.05414402932829424,0.011468690573610753,0.05734345286805375,124.41878416087638,128,16,16,26.647966627882866,16;32;64;128,26.647966627882866;4.937691955572448;5.20912966693569;1.1942441945299211,0.2,2,226,0.8828125,31.492919001102564,36.64143168425653,5.148512683153967,43.845936161844655,13.701855050576453,6.469550132751465
136,6,0.05414402932829424,0.05734345286805375,0.0031994235397595078,0.05734345286805375,127.78701999188578,128,16,16,25.157130923086072,16;32;64;128,25.157130923086072;5.81077617864527;5.895700246951772;1.483316932088985,0.2,2,227,0.88671875,36.64143168425653,37.07012808721629,0.4286964029597584,40.45392459678693,12.641851436495916,6.953260898590088
138,1,0.0,0.008705151429941799,0.008705151429941799,0.04423786903607738,64.0000000199407,128,16,16,47.81309229217829,16;32;64;128,47.81309229217829;12.094783139783445;10.473080513059365;2.401219068571722,0.2,2,247,0.96484375,-184.06518793202122,-45.294897240781665,138.77029069123955,44.68008772039354,13.962527412622979,6.3603620529174805
138,2,0.008705151429941799,0.017552725237157278,0.00884757380721548,0.04423786903607738,101.46745663698286,128,16,16,34.002623082780104,16;32;64;128,34.002623082780104;13.242713687583596;7.763509699585811;1.6043858543538738,0.2,2,234,0.9140625,-45.294897240781665,-4.3696199248520315,40.925277315929634,43.48865914200088,13.590205981875274,6.429394006729126
138,3,0.017552725237157278,0.026400299044372758,0.00884757380721548,0.04423786903607738,115.73346554955336,128,16,16,22.92587252649587,16;32;64;128,22.92587252649587;8.86384548730864;4.667269124214418;1.2686005888529968,0.2,2,233,0.91015625,-4.3696199248520315,16.949037971600774,21.318657896452805,44.558444863386406,13.924514019808251,6.539383888244629
138,4,0.026400299044372758,0.03524787285158824,0.00884757380721548,0.04423786903607738,122.61821659624133,128,16,16,29.395493584162885,16;32;64;128,29.395493584162885;8.161291329343689;7.279142988071903;1.131663652792044,0.2,2,234,0.9140625,16.949037971600774,22.35337751848401,5.404339546883236,41.74598355867995,13.045619862087484,6.548130989074707
138,5,0.03524787285158824,0.044095446658803716,0.00884757380721548,0.04423786903607738,124.5093919782841,128,16,16,26.949087273733014,16;32;64;128,26.949087273733014;7.76502874404148;5.340746545349197;0.9410260963776186,0.2,2,222,0.8671875,22.35337751848401,27.581242965708952,5.227865447224943,47.6961114077299,14.905034814915593,6.4182209968566895
138,6,0.044095446658803716,0.04423786903607738,0.00014242237727366686,0.04423786903607738,127.99879113972445,128,16,16,29.2033572483028,16;32;64;128,29.2033572483028;6.8347237523120485;4.607725103582836;1.42449559314634,0.2,2,233,0.91015625,27.581242965708952,28.43423444878863,0.852991483079677,42.08403960282112,13.1512623758816,6.366178035736084
140,1,0.0,0.008697309354957602,0.008697309354957602,0.05009190266094433,64.00000004791823,128,16,16,24.382205006723552,16;32;64;128,24.382205006723552;9.704329872867739;7.416095653578947;1.2169229473380336,0.2,2,238,0.9296875,-157.42581261051237,-15.560674613312585,141.86513799719978,45.49931292258806,14.218535288308768,6.5684638023376465
140,2,0.008697309354957602,0.018715689887146468,0.010018380532188866,0.05009190266094433,105.51267781510929,128,16,16,33.294569029284936,16;32;64;128,33.294569029284936;10.602472867446068;8.584438175662743;1.0881677390549522,0.2,2,225,0.87890625,-15.560674613312585,9.536389298129507,25.097063911442092,45.40960664335844,14.19050207604951,6.436713933944702
140,3,0.018715689887146468,0.028734070419335334,0.010018380532188866,0.05009190266094433,114.69415700583417,128,16,16,19.316257683654545,16;32;64;128,19.316257683654545;6.94842368106636;5.170010643180993;1.666599712879191,0.2,2,222,0.8671875,9.536389298129507,27.56999719739906,18.033607899269555,48.04952989591624,15.015478092473824,6.560276031494141
140,4,0.028734070419335334,0.0387524509515242,0.010018380532188866,0.05009190266094433,122.6895357161588,128,16,16,24.88724255424162,16;32;64;128,24.88724255424162;5.411913457692615;1.4777137109620437;0.8490890781851431,0.2,2,216,0.84375,27.56999719739906,31.66473621746627,4.094739020067209,45.77253244109724,14.303916387842888,6.471248149871826
140,5,0.0387524509515242,0.04877083148371307,0.01001838053218887,0.05009190266094433,124.74736698347117,128,16,16,27.324061783351844,16;32;64;128,27.324061783351844;8.940684161064322;3.6524229449380408;0.9114389277687438,0.2,2,222,0.8671875,31.66473621746627,34.87379959499867,3.2090633775324022,39.658699190586525,12.393343497058288,6.452900171279907
140,6,0.04877083148371307,0.05009190266094433,0.0013210711772312575,0.05009190266094433,127.95676568753969,128,16,16,15.682245996563006,16;32;64;128,15.682245996563006;3.2299065090126824;1.3224924037961812;1.1498230065042432,0.2,2,227,0.88671875,34.87379959499867,35.80351273296401,0.9297131379653365,47.97021252382757,14.990691413696116,6.5400168895721436
142,1,0.0,0.009185197914959482,0.009185197914959482,0.05329933839590109,64.00000004941879,128,16,16,31.571076931472515,16;32;64;128,31.571076931472515;10.281809200597234;9.237032372250075;2.0876740524016757,0.2,2,233,0.91015625,-168.11929643561598,-41.96195363177321,126.15734280384277,49.787052439686654,15.558453887402079,6.419172048568726
142,2,0.009185197914959482,0.0198450655941397,0.010659867679180219,0.05329933839590109,96.88890533391559,128,16,16,38.52018058923724,16;32;64;128,38.52018058923724;11.824197708887493;4.748192378541929;1.5722259875736995,0.2,2,233,0.91015625,-41.96195363177321,9.559774778756037,51.52172841052925,43.30601618960319,13.533130059250997,6.630018949508667
142,3,0.0198450655941397,0.03050493327331992,0.010659867679180219,0.05329933839590109,118.81194055215352,128,16,16,21.169378425006514,16;32;64;128,21.169378425006514;5.145088116919164;4.251115853481765;1.648384057187025,0.2,2,237,0.92578125,9.559774778756037,22.844848737877328,13.285073959121291,41.782652464324954,13.057078895101547,6.537883043289185
142,4,0.03050493327331992,0.041164800952500136,0.010659867679180215,0.05329933839590109,123.58749037036887,128,16,16,14.201035314916993,16;32;64;128,14.201035314916993;10.03987957424668;6.260564401820703;1.4855904504376218,0.2,2,234,0.9140625,22.844848737877328,29.027767448969826,6.182918711092498,41.994011160616175,13.123128487692554,6.4424378871917725
142,5,0.041164800952500136,0.05182466863168035,0.010659867679180215,0.05329933839590109,125.4370620495869,128,16,16,28.469578013699486,16;32;64;128,28.469578013699486;8.386476850220955;7.099884844781655;0.8655050358389699,0.2,2,234,0.9140625,29.027767448969826,29.473924409525353,0.4461569605555269,41.50815938358907,12.971299807371583,6.514928102493286
142,6,0.05182466863168035,0.05329933839590109,0.0014746697642207401,0.05329933839590109,127.94057391392407,128,16,16,24.040701145376715,16;32;64;128,24.040701145376715;6.770697409644125;3.7046886051016608;0.7715926396622048,0.2,2,234,0.9140625,29.473924409525353,30.69555133069298,1.2216269211676263,42.46494214334424,13.270294419795073,6.523391008377075
144,1,0.0,0.008373679050242586,0.008373679050242586,0.05160909118722855,64.00000001084655,128,16,16,36.41154555292247,16;32;64;128,36.41154555292247;15.538037970636012;6.69358944223542;2.370454034806215,0.2,2,237,0.92578125,-182.99727091618547,-50.654829392089596,132.34244152409588,48.5617152267317,15.175536008353655,6.438179016113281
144,2,0.008373679050242586,0.018695497287688295,0.010321818237445709,0.05160909118722855,94.7686043822348,128,16,16,29.457983079023418,16;32;64;128,29.457983079023418;3.6899177943922057;7.199981744951006;2.548996359609134,0.2,2,223,0.87109375,-50.654829392089596,9.271271069083014,59.92610046117261,48.476301900512674,15.14884434391021,6.526082992553711
144,3,0.018695497287688295,0.029017315525134008,0.010321818237445712,0.05160909118722855,119.08028529914186,128,16,16,27.86535838284169,16;32;64;128,27.86535838284169;7.378210326917431;7.238491194672971;0.841185691484424,0.2,2,228,0.890625,9.271271069083014,18.093302389518612,8.822031320435599,47.77116451784746,14.92848891182733,6.401712894439697
144,4,0.029017315525134008,0.03933913376257972,0.010321818237445712,0.05160909118722855,121.70366356312842,128,16,16,20.934278842235987,16;32;64;128,20.934278842235987;6.265158166730547;4.604810770311207;0.708053036505635,0.2,2,218,0.8515625,18.093302389518612,26.51505323863603,8.421750849117416,45.887002555866545,14.339688298708294,6.505326986312866
144,5,0.03933913376257972,0.04966095200002543,0.010321818237445712,0.05160909118722855,124.68218114100922,128,16,16,22.35980992241585,16;32;64;128,22.35980992241585;8.824367656106316;3.061720762300091;1.2309606741271475,0.2,2,223,0.87109375,26.51505323863603,25.450523090432398,-1.0645301482036302,43.608157623674074,13.627549257398147,6.5501549243927
144,6,0.04966095200002543,0.05160909118722855,0.0019481391872031156,0.05160909118722855,127.80137077193264,128,16,16,24.63785567218845,16;32;64;128,24.63785567218845;5.781522619870046;6.068579911312681;0.7215357179272591,0.2,2,224,0.875,25.450523090432398,26.577399271180184,1.1268761807477858,41.97265426294561,13.116454457170503,6.683258056640625
146,1,0.0,0.009042006006879082,0.009042006006879082,0.04664328951913779,64.00000002317014,128,16,16,34.94277865303388,16;32;64;128,34.94277865303388;8.88765550901487;5.411386113757693;1.37162417855832,0.2,2,240,0.9375,-162.5213083942799,-38.23693554696365,124.28437284731626,45.624789709926795,14.257746784352122,6.526630163192749
146,2,0.009042006006879082,0.01837066391070664,0.009328657903827559,0.04664328951913779,99.88799883380229,128,16,16,32.25116192815066,16;32;64;128,32.25116192815066;5.103599588424227;6.914756741462141;1.4006839252271708,0.2,2,227,0.88671875,-38.23693554696365,11.757926833786769,49.99486238075042,44.48626683740884,13.901958386690263,6.585287809371948
146,3,0.01837066391070664,0.0276993218145342,0.009328657903827559,0.04664328951913779,118.366695840905,128,16,16,29.24599551135952,16;32;64;128,29.24599551135952;8.436419258894281;3.38641475727844;1.0870119528726003,0.2,2,232,0.90625,11.757926833786769,26.553836531551497,14.795909697764728,42.33290338916128,13.229032309112899,6.422661066055298
146,4,0.0276993218145342,0.03702797971836176,0.009328657903827562,0.04664328951913779,124.35014434248427,128,16,16,28.06943726499676,16;32;64;128,28.06943726499676;7.634583794469082;4.165679427095628;1.5896238324646708,0.2,2,225,0.87890625,26.553836531551497,29.373991076354287,2.82015454480279,46.03809266097223,14.386903956553821,6.3637731075286865
146,5,0.03702797971836176,0.04635663762218932,0.009328657903827559,0.04664328951913779,124.56742706199778,128,16,16,25.068219389994802,16;32;64;128,25.068219389994802;5.291464134272695;2.580290505548292;0.5395873006621466,0.2,2,226,0.8828125,29.373991076354287,33.62388928486689,4.2498982085126045,43.26171276257953,13.519285238306102,6.451767921447754
146,6,0.04635663762218932,0.04664328951913779,0.0002866518969484727,0.04664328951913779,127.99714647036518,128,16,16,29.029818581433886,16;32;64;128,29.029818581433886;10.40647563085103;6.192825198362349;1.3718958755947164,0.2,2,223,0.87109375,33.62388928486689,33.04351265641162,-0.5803766284552694,46.80784595009012,14.62745185940316,6.36366605758667
148,1,0.0,0.008625129109349473,0.008625129109349473,0.04318915558810379,64.00000002356481,128,16,16,19.464255493344975,16;32;64;128,19.464255493344975;8.085036632794843;6.185532413757278;1.4842285412960932,0.2,2,246,0.9609375,-179.5443952982906,-52.03957291692859,127.504822381362,41.172776053867565,12.866492516833613,6.337217092514038
148,2,0.008625129109349473,0.017262960226970228,0.008637831117620755,0.04318915558810379,97.7474744051096,128,16,16,28.592757228552657,16;32;64;128,28.592757228552657;10.17015151176942;2.9797808518643607;1.1761229985299568,0.2,2,235,0.91796875,-52.03957291692859,-5.373225516217644,46.66634740071095,44.866585162850754,14.02080786339086,6.419974088668823
148,3,0.017262960226970228,0.025900791344590987,0.008637831117620759,0.04318915558810379,114.72549498466549,128,16,16,21.807315724262775,16;32;64;128,21.807315724262775;6.278892222905751;5.789002280585349;1.348533653937135,0.2,2,226,0.8828125,-5.373225516217644,13.61551650630895,18.988742022526594,46.217304579798395,14.442907681186998,6.3785669803619385
148,4,0.025900791344590987,0.034538622462211746,0.008637831117620759,0.04318915558810379,121.12406355630587,128,16,16,18.365310002624216,16;32;64;128,18.365310002624216;8.044017749397833;4.545678394992763;0.4613391968844259,0.2,2,226,0.8828125,13.61551650630895,20.750671502579962,7.135154996271012,43.444597737238716,13.576436792887097,6.367063045501709
148,5,0.034538622462211746,0.043176453579832505,0.008637831117620759,0.04318915558810379,123.44262723784415,128,16,16,19.446400147560283,16;32;64;128,19.446400147560283;6.0011009471386165;4.150213087895924;0.4229100498644242,0.2,2,228,0.890625,20.750671502579962,26.709801559318294,5.959130056738331,44.736767513238135,13.980239847886917,6.457365989685059
148,6,0.043176453579832505,0.04318915558810379,1.2702008271282816e-5,0.04318915558810379,127.99999213252111,128,16,16,16.709429812015077,16;32;64;128,16.709429812015077;4.8184478164721;1.8497240579147283;1.0675142399742759,0.2,2,231,0.90234375,26.709801559318294,25.848642696262687,-0.8611588630556071,44.3937162411288,13.87303632535275,6.457711935043335
150,1,0.0,0.00756468352746827,0.00756468352746827,0.05400735218651683,64.00000002215981,128,16,16,30.927809917935342,16;32;64;128,30.927809917935342;7.241754246971045;8.02430740091411;1.4875663898628688,0.2,2,246,0.9609375,-213.5748046423687,-51.74179584900412,161.83300879336457,46.78068398409152,14.618963745028598,6.415787935256958
150,2,0.00756468352746827,0.018366153964771637,0.010801470437303368,0.05400735218651683,92.96779965945909,128,16,16,27.904980386715998,16;32;64;128,27.904980386715998;6.129418303513969;3.9510368470207107;1.6201263415396256,0.2,2,233,0.91015625,-51.74179584900412,9.454613792796408,61.19640964180053,45.71872771622827,14.287102411321335,6.541889905929565
150,3,0.018366153964771637,0.029167624402075005,0.010801470437303368,0.05400735218651683,117.37731885435855,128,16,16,24.255661162466502,16;32;64;128,24.255661162466502;6.2863256802360175;3.532818931868673;0.6274873766501474,0.2,2,229,0.89453125,9.454613792796408,20.073955283747637,10.619341490951228,41.19045833824261,12.872018230700814,6.51493501663208
150,4,0.029167624402075005,0.03996909483937837,0.010801470437303364,0.05400735218651683,122.34784006402556,128,16,16,23.83926137145015,16;32;64;128,23.83926137145015;6.890119983200558;5.859786104706968;1.0300407719310585,0.2,2,222,0.8671875,20.073955283747637,26.078967263871164,6.005011980123527,47.32905953189065,14.790331103715827,6.56931209564209
150,5,0.03996909483937837,0.05077056527668174,0.010801470437303368,0.05400735218651683,123.5498964945743,128,16,16,26.054227787574508,16;32;64;128,26.054227787574508;8.686114557431885;5.973431066597474;1.5278861766030283,0.2,2,236,0.921875,26.078967263871164,29.495788991269364,3.416821727398201,40.859933078164396,12.768729086926372,6.375656843185425
150,6,0.05077056527668174,0.05400735218651683,0.0032367869098350946,0.05400735218651683,127.65646615088703,128,16,16,26.32264752445819,16;32;64;128,26.32264752445819;8.47388863059268;1.876398080151127;1.1164022529208306,0.2,2,233,0.91015625,29.495788991269364,32.29011458237642,2.7943255911070537,41.69667151416833,13.030209848177602,6.415966033935547
152,1,0.0,0.0073294479554962405,0.0073294479554962405,0.05158138346364283,64.00000007004829,128,16,16,35.126897591877004,16;32;64;128,35.126897591877004;15.492431832542835;8.985308964124235;2.1801238337967392,0.2,2,247,0.96484375,-197.8605766447472,-52.30319475623037,145.55738188851683,43.52321268603172,13.601003964384912,6.346816062927246
152,2,0.0073294479554962405,0.01764572464822481,0.010316276692728568,0.05158138346364283,90.89141775195435,128,16,16,23.960953640474607,16;32;64;128,23.960953640474607;7.167455455065058;6.957349455124103;1.8137002551709294,0.2,2,240,0.9375,-52.30319475623037,9.176696270820685,61.47989102705105,43.16811029880778,13.49003446837743,6.482564926147461
152,3,0.01764572464822481,0.027962001340953377,0.010316276692728568,0.05158138346364283,115.68070276525157,128,16,16,19.348081254780322,16;32;64;128,19.348081254780322;9.683603114397728;4.948897387878931;1.0612288291621226,0.2,2,240,0.9375,9.176696270820685,30.313114737393335,21.13641846657265,43.88639566972034,13.714498646787607,6.820756912231445
152,4,0.027962001340953377,0.038278278033681945,0.010316276692728568,0.05158138346364283,123.99606218710494,128,16,16,18.738560269232522,16;32;64;128,18.738560269232522;6.874048250314569;4.309731898993985;1.6595177394328449,0.2,2,237,0.92578125,30.313114737393335,31.543152988133897,1.230038250740563,43.064026598050184,13.457508311890681,6.593151807785034
152,5,0.038278278033681945,0.04859455472641051,0.010316276692728568,0.05158138346364283,124.6398571705273,128,16,16,30.102994574548337,16;32;64;128,30.102994574548337;7.279427924574573;6.355209976436524;0.9364705275301847,0.2,2,234,0.9140625,31.543152988133897,32.23546724197331,0.6923142538394131,40.72804093839539,12.727512793248557,6.460593938827515
152,6,0.04859455472641051,0.05158138346364283,0.002986828737232314,0.05158138346364283,127.6320517092586,128,16,16,27.36330922655029,16;32;64;128,27.36330922655029;6.358967125438937;3.810321770367307;0.7335580955912588,0.2,2,244,0.953125,32.23546724197331,35.155797596031334,2.9203303540580237,36.2181014795561,11.31815671236128,6.441524982452393
154,1,0.0,0.007663512196034476,0.007663512196034476,0.04525390691651667,64.00000002874609,128,16,16,31.567258510431984,16;32;64;128,31.567258510431984;13.11036050082825;5.280227669472606;1.2388227488548513,0.2,2,239,0.93359375,-197.38598511320743,-62.052682737885334,135.3333023753221,45.20289765540595,14.125905517314358,6.486526966094971
154,2,0.007663512196034476,0.016714293579337812,0.009050781383303336,0.04525390691651667,93.27948064284396,128,16,16,25.81988376217583,16;32;64;128,25.81988376217583;8.343116042470719;6.376363429830143;1.5519269768570256,0.2,2,241,0.94140625,-62.052682737885334,-9.55659220218513,52.496090535700205,44.20196797107922,13.813114990962255,6.5058629512786865
154,3,0.016714293579337812,0.025765074962641146,0.009050781383303334,0.04525390691651667,111.53970174467808,128,16,16,27.750297823105527,16;32;64;128,27.750297823105527;9.00471204147343;5.551332402420419;1.7830297167842397,0.2,2,241,0.94140625,-9.55659220218513,17.473510152383824,27.030102354568953,42.47148104769827,13.272337827405709,6.52577805519104
154,4,0.025765074962641146,0.03481585634594448,0.009050781383303334,0.04525390691651667,121.79302469820047,128,16,16,13.986969210934493,16;32;64;128,13.986969210934493;7.575112048391364;6.125358388376278;1.0381587403202142,0.2,2,226,0.8828125,17.473510152383824,22.494426288201794,5.02091613581797,44.64883790705708,13.952761845955337,6.470256090164185
154,5,0.03481585634594448,0.043866637729247815,0.009050781383303334,0.04525390691651667,123.45105391601393,128,16,16,27.6067143288286,16;32;64;128,27.6067143288286;8.564623119915339;5.236653753111636;0.6323097523550055,0.2,2,230,0.8984375,22.494426288201794,29.110547032112663,6.616120743910869,40.866679604127064,12.770837376289707,6.74039101600647
154,6,0.043866637729247815,0.04525390691651667,0.0013872691872688567,0.04525390691651667,127.91560085080164,128,16,16,15.119767115242377,16;32;64;128,15.119767115242377;10.850517858285947;5.18335233680444;1.405413155552015,0.2,2,230,0.8984375,29.110547032112663,27.65964597914717,-1.4509010529654915,49.185569224708324,15.37049038272135,6.809859037399292
156,1,0.0,0.008958922934297581,0.008958922934297581,0.0668929555662086,64.00000000406808,128,16,16,36.04733992893894,16;32;64;128,36.04733992893894;10.741965033334044;7.999870175371531;0.7021947291235406,0.2,2,236,0.921875,-185.13330877052067,-53.98700443797861,131.14630433254206,46.07247449125125,14.397648278516014,6.5038440227508545
156,2,0.008958922934297581,0.0223375140475393,0.01337859111324172,0.0668929555662086,83.39999444898024,128,16,16,30.503622637933233,16;32;64;128,30.503622637933233;7.616764747181706;4.5226545209147355;1.0227042318415798,0.2,2,230,0.8984375,-53.98700443797861,0.31971827154757193,54.306722709526184,43.97909719529569,13.743467873529902,6.478052139282227
156,3,0.0223375140475393,0.035716105160781025,0.013378591113241724,0.0668929555662086,111.70468152827749,128,16,16,26.94843932164839,16;32;64;128,26.94843932164839;4.595574815297593;2.8357925371790706;1.3233068426803931,0.2,2,219,0.85546875,0.31971827154757193,16.417900087952148,16.098181816404576,48.693193253701956,15.21662289178186,6.482374906539917
156,4,0.035716105160781025,0.04909469627402274,0.013378591113241717,0.0668929555662086,119.07813333862717,128,16,16,28.856533701840387,16;32;64;128,28.856533701840387;8.815386820854552;9.677890150493564;0.893738114383106,0.2,2,222,0.8671875,16.417900087952148,22.659965991597346,6.242065903645198,51.2912969204288,16.028530287634,6.592674016952515
156,5,0.04909469627402274,0.06247328738726446,0.013378591113241717,0.0668929555662086,123.81986957263084,128,16,16,20.257886926103502,16;32;64;128,20.257886926103502;7.763625695363627;3.0514764588823686;0.6857598507397852,0.2,2,230,0.8984375,22.659965991597346,25.57175701999404,2.911791028396692,44.96148694420032,14.050464670062599,6.572252035140991
156,6,0.06247328738726446,0.0668929555662086,0.004419668178944139,0.0668929555662086,127.50317314812898,128,16,16,19.58253204214391,16;32;64;128,19.58253204214391;6.987205366107103;2.706475322744695;1.3631096109655874,0.2,2,226,0.8828125,25.57175701999404,27.13938219355623,1.5676251735621918,42.38789134166314,13.246216044269731,6.634749889373779
158,1,0.0,0.007925848146116219,0.007925848146116219,0.04858889885902105,64.0000000565802,128,16,16,25.54951552984577,16;32;64;128,25.54951552984577;8.498583092415588;8.263176007473163;1.5006831174957584,0.2,2,246,0.9609375,-188.3249266963976,-50.3988348144685,137.9260918819291,44.06722972373054,13.771009288665793,6.894315004348755
158,2,0.007925848146116219,0.01764362791792043,0.00971777977180421,0.04858889885902105,96.60459048815702,128,16,16,18.643437155488243,16;32;64;128,18.643437155488243;6.888325549613537;4.496249192571072;1.465171504296129,0.2,2,230,0.8984375,-50.3988348144685,4.829137676935716,55.227972491404216,46.707661963074486,14.596144363460777,6.780184984207153
158,3,0.01764362791792043,0.02736140768972464,0.00971777977180421,0.04858889885902105,118.00901831003557,128,16,16,31.3269395770119,16;32;64;128,31.3269395770119;8.061410879852037;5.07056038966821;0.905277802884684,0.2,2,230,0.8984375,4.829137676935716,17.846691752769402,13.017554075833687,42.72039667511408,13.35012396097315,6.9473090171813965
158,4,0.02736140768972464,0.03707918746152885,0.00971777977180421,0.04858889885902105,123.25202224016174,128,16,16,30.723361993380422,16;32;64;128,30.723361993380422;6.018152340222183;4.453743461847906;0.5825394491202531,0.2,2,234,0.9140625,17.846691752769402,24.582378449129465,6.735686696360062,44.52114113346888,13.912856604209024,6.829908132553101
158,5,0.03707918746152885,0.046796967233333056,0.009717779771804207,0.04858889885902105,125.26419840191791,128,16,16,20.913260816544064,16;32;64;128,20.913260816544064;10.109071471629205;5.199118482087896;0.8379988712176887,0.2,2,229,0.89453125,24.582378449129465,25.917842253642448,1.3354638045129832,42.7892373746367,13.371636679573967,6.493053197860718
158,6,0.046796967233333056,0.04858889885902105,0.001791931625687991,0.04858889885902105,127.92106992908231,128,16,16,20.72463510583293,16;32;64;128,20.72463510583293;6.147645171225978;2.8429371950642754;0.7308894675737474,0.2,2,221,0.86328125,25.917842253642448,27.202568061184138,1.2847258075416903,48.20947437432761,15.065460741977379,6.758967876434326
160,1,0.0,0.00821204377569638,0.00821204377569638,0.05281941153953062,64.00000004699498,128,16,16,23.67424903813702,16;32;64;128,23.67424903813702;12.423357465450684;7.812308356468842;0.9084360918534686,0.2,2,237,0.92578125,-189.73542642254324,-43.740335749081396,145.99509067346185,46.03091380586187,14.384660564331835,6.57413911819458
160,2,0.00821204377569638,0.018775926083602505,0.010563882307906124,0.05281941153953062,98.33803473346548,128,16,16,26.393436823774053,16;32;64;128,26.393436823774053;11.019556898425357;5.487359644929726;1.1701808948414418,0.2,2,226,0.8828125,-43.740335749081396,6.0415809318201354,49.78191668090153,43.35328812384766,13.547902538702393,6.525949001312256
160,3,0.018775926083602505,0.02933980839150863,0.010563882307906124,0.05281941153953062,117.69994105628376,128,16,16,20.954985957546576,16;32;64;128,20.954985957546576;3.885446230099865;5.61971574824645;0.5004974949891139,0.2,2,231,0.90234375,6.0415809318201354,15.644286466016581,9.602705534196446,43.977937691350604,13.743105528547064,6.564985990524292
160,4,0.02933980839150863,0.039903690699414754,0.010563882307906124,0.05281941153953062,121.816842541534,128,16,16,19.6029692677764,16;32;64;128,19.6029692677764;5.575593041456481;6.263568602247649;1.0227780488089797,0.2,2,239,0.93359375,15.644286466016581,17.47534200962764,1.8310555436110576,37.105247134942765,11.595389729669613,6.615289926528931
160,5,0.039903690699414754,0.05046757300732088,0.010563882307906128,0.05281941153953062,122.74345248732845,128,16,16,21.70732537750189,16;32;64;128,21.70732537750189;6.380216225783355;5.024001718624549;1.6042750768660847,0.2,2,231,0.90234375,17.47534200962764,22.631055873273,5.15571386364536,38.12624404203817,11.914451263136927,6.528131008148193
160,6,0.05046757300732088,0.05281941153953062,0.0023518385322097365,0.05281941153953062,127.77410014948438,128,16,16,23.923982496480786,16;32;64;128,23.923982496480786;7.773101455443161;4.673806086855394;1.4714464516628116,0.2,2,235,0.91796875,22.631055873273,23.980382880651632,1.3493270073786334,41.427080275254234,12.945962586016947,6.488507032394409
162,1,0.0,0.008111775131060164,0.008111775131060164,0.05738792843102293,64.00000002145808,128,16,16,24.26478460622726,16;32;64;128,24.26478460622726;11.579138935711557;9.397081806650684;2.086711021484349,0.2,2,240,0.9375,-179.91059675999713,-58.54391221866899,121.36668454132814,47.15060879883075,14.73456524963461,6.487776041030884
162,2,0.008111775131060164,0.01958936081726475,0.011477585686204585,0.05738792843102293,87.07162718840755,128,16,16,20.951312070878558,16;32;64;128,20.951312070878558;9.635358639153461;6.652424879315302;1.3880594992393613,0.2,2,234,0.9140625,-58.54391221866899,2.996925307350466,61.54083752601946,46.965190303532076,14.676621969853773,6.66053318977356
162,3,0.01958936081726475,0.031066946503469334,0.011477585686204585,0.05738792843102293,113.43332328346845,128,16,16,19.69178398342075,16;32;64;128,19.69178398342075;6.806858003739029;6.042690096361035;0.9272721740607706,0.2,2,211,0.82421875,2.996925307350466,19.28796312335362,16.291037816003154,48.4051184309496,15.126599509671749,6.505599021911621
162,4,0.031066946503469334,0.04254453218967392,0.011477585686204585,0.05738792843102293,120.43161605033684,128,16,16,29.21926693524565,16;32;64;128,29.21926693524565;7.114013394485972;5.044481865014532;1.5854770634993431,0.2,2,214,0.8359375,19.28796312335362,24.53866516512062,5.250702041766999,49.79347469007201,15.560460840647503,6.569482088088989
162,5,0.04254453218967392,0.0540221178758785,0.011477585686204585,0.05738792843102293,122.84039461439498,128,16,16,18.147106359313607,16;32;64;128,18.147106359313607;5.442980370916408;3.998391518314027;0.7258566302995282,0.2,2,223,0.87109375,24.53866516512062,30.99431558123615,6.455650416115532,43.44703553632566,13.577198605101767,6.38364315032959
162,6,0.0540221178758785,0.05738792843102293,0.0033658105551444273,0.05738792843102293,127.76791288672382,128,16,16,27.358887549888394,16;32;64;128,27.358887549888394;8.73565648696184;3.490984115120659;1.1239654936910841,0.2,2,234,0.9140625,30.99431558123615,29.329565137559257,-1.664750443676894,39.67252208644217,12.397663152013179,6.366274833679199
164,1,0.0,0.008719496401109167,0.008719496401109167,0.04898082616788078,64.0000000527456,128,16,16,24.744575625678102,16;32;64;128,24.744575625678102;9.227269908023782;5.742202242121808;1.4468566615258385,0.2,2,236,0.921875,-166.4823483742366,-49.58272183685244,116.89962653738417,49.12757787761366,15.352368086754268,6.352017164230347
164,2,0.008719496401109167,0.01851566163468532,0.009796165233576154,0.04898082616788078,91.11231756369598,128,16,16,31.939944200663337,16;32;64;128,31.939944200663337;8.130693155553633;4.923443922612712;1.8058662371410765,0.2,2,225,0.87890625,-49.58272183685244,16.60575244037841,66.18847427723085,46.77864983985238,14.618328074953867,6.358614921569824
164,3,0.01851566163468532,0.028311826868261475,0.009796165233576154,0.04898082616788078,117.45185095541505,128,16,16,24.34168130449534,16;32;64;128,24.34168130449534;6.238401139091316;3.4370790076431588;1.2604518124935782,0.2,2,233,0.91015625,16.60575244037841,25.85881844643427,9.25306600605586,42.84064681685177,13.38770213026618,6.381766080856323
164,4,0.028311826868261475,0.03810799210183763,0.009796165233576154,0.04898082616788078,120.96222638637364,128,16,16,19.092526774861163,16;32;64;128,19.092526774861163;6.951008338223403;3.622046465002027;0.9215517373031227,0.2,2,231,0.90234375,25.85881844643427,36.89731495633896,11.03849650990469,45.560197862852895,14.237561832141528,6.706679821014404
164,5,0.03810799210183763,0.04790415733541378,0.009796165233576154,0.04898082616788078,124.73955724192176,128,16,16,20.985825152280768,16;32;64;128,20.985825152280768;6.244272337053836;5.385516163015078;0.9275201562062835,0.2,2,229,0.89453125,36.89731495633896,34.862608806557546,-2.034706149781414,40.47680609835482,12.649001905735881,6.762170076370239
164,6,0.04790415733541378,0.04898082616788078,0.001076668832466994,0.04898082616788078,127.93458980598676,128,16,16,18.18038901095316,16;32;64;128,18.18038901095316;6.631445250333939;4.502524435961499;1.2950923548951188,0.2,2,224,0.875,34.862608806557546,36.72640718844741,1.8637983818898647,42.554500340281955,13.29828135633811,6.780808925628662
166,1,0.0,0.008147398367700502,0.008147398367700502,0.05356042765729641,64.0000000506216,128,16,16,39.89987241910683,16;32;64;128,39.89987241910683;14.760838134017895;10.649234966585052;2.390669592272779,0.2,2,240,0.9375,-202.5983225157106,-63.14887800114957,139.44944451456104,44.8897114876286,14.028034839883938,6.509959936141968
166,2,0.008147398367700502,0.018859483899159785,0.010712085531459282,0.05356042765729641,93.00038412208066,128,16,16,29.049141170876176,16;32;64;128,29.049141170876176;8.302455100108105;4.5668861305544395;1.4850408125249317,0.2,2,226,0.8828125,-63.14887800114957,-20.217976379612082,42.93090162153749,49.26379285970074,15.394935268656482,6.452539920806885
166,3,0.018859483899159785,0.029571569430619067,0.010712085531459282,0.05356042765729641,108.56724145613252,128,16,16,23.143585748803464,16;32;64;128,23.143585748803464;7.547627037606894;4.5733196316956555;0.6265376578246414,0.2,2,228,0.890625,-20.217976379612082,6.59015069614361,26.808127075755692,42.58496502057489,13.307801568929653,6.494665145874023
166,4,0.029571569430619067,0.04028365496207835,0.010712085531459282,0.05356042765729641,120.76043826715572,128,16,16,30.708938908578894,16;32;64;128,30.708938908578894;6.12015524507731;6.043061772454553;1.0713175354937,0.2,2,222,0.8671875,6.59015069614361,10.039506885193987,3.449356189050377,45.3715617228806,14.178613038400186,6.525810956954956
166,5,0.04028365496207835,0.05099574049353763,0.010712085531459282,0.05356042765729641,122.36740738995017,128,16,16,30.81988419994074,16;32;64;128,30.81988419994074;8.73657374115736;3.628873498473144;1.0054290009857763,0.2,2,215,0.83984375,10.039506885193987,15.661260695731471,5.621753810537484,44.565372141140934,13.926678794106541,6.509026050567627
166,6,0.05099574049353763,0.05356042765729641,0.0025646871637587804,0.05356042765729641,127.72313213418259,128,16,16,20.706357244408554,16;32;64;128,20.706357244408554;9.071124808044956;5.2951736996497;1.2737715226402038,0.2,2,224,0.875,15.661260695731471,13.70516721101012,-1.9560934847213503,43.62581016093183,13.633065675291196,6.6037139892578125
168,1,0.0,0.008444374633703358,0.008444374633703358,0.053908047404107755,64.00000005074665,128,16,16,17.785812468704655,16;32;64;128,17.785812468704655;8.716825670712979;4.600201594265108;1.5676271196826486,0.2,2,245,0.95703125,-174.7988643124081,-69.79230346434633,105.00656084806178,43.912984177230165,13.722807555384426,6.426935911178589
168,2,0.008444374633703358,0.019225984114524912,0.010781609480821554,0.053908047404107755,85.09101171527239,128,16,16,25.597432408332683,16;32;64;128,25.597432408332683;9.785247805452531;5.204722855726393;0.7674223718275308,0.2,2,239,0.93359375,-69.79230346434633,-1.130589228405519,68.66171423594082,38.70200450410071,12.09437640753147,6.447957992553711
168,3,0.019225984114524912,0.030007593595346466,0.010781609480821554,0.053908047404107755,114.10558762189476,128,16,16,24.463805119627786,16;32;64;128,24.463805119627786;3.938560495112922;5.2381304202264385;1.267660319640221,0.2,2,226,0.8828125,-1.130589228405519,16.49112308149961,17.621712309905128,46.204547528459265,14.43892110264352,6.493259906768799
168,4,0.030007593595346466,0.04078920307616802,0.010781609480821554,0.053908047404107755,122.23635897098052,128,16,16,27.245134860249383,16;32;64;128,27.245134860249383;7.884576468308793;3.939181807641572;0.6779677564201456,0.2,2,218,0.8515625,16.49112308149961,21.904540517917667,5.413417436418058,45.816999903432766,14.317812469822739,6.416907072067261
168,5,0.04078920307616802,0.05157081255698957,0.010781609480821554,0.053908047404107755,123.59443676034398,128,16,16,25.96585074532455,16;32;64;128,25.96585074532455;5.9372307214482944;3.5768598387845865;0.8450086566598841,0.2,2,220,0.859375,21.904540517917667,28.603114626737806,6.698574108820139,42.17349282850599,13.179216508908121,6.566606044769287
168,6,0.05157081255698957,0.053908047404107755,0.0023372348471181817,0.053908047404107755,127.82600019599757,128,16,16,25.693638467147263,16;32;64;128,25.693638467147263;7.067450231430864;3.9701681485722267;0.71374188234901,0.2,2,224,0.875,28.603114626737806,27.95992722955998,-0.6431873971778259,43.88118026088266,13.71286883152583,6.821388006210327
170,1,0.0,0.009348541351525857,0.009348541351525857,0.05210365333442638,64.0000000341536,128,16,16,21.465971242042727,16;32;64;128,21.465971242042727;6.361996503702759;5.5038277082454234;2.1847418414747084,0.2,2,250,0.9765625,-157.2266256091243,-21.613687730372476,135.61293787875184,39.825639425362795,12.445512320425873,6.552006959915161
170,2,0.009348541351525857,0.019769272018411135,0.010420730666885277,0.05210365333442638,103.86137537293612,128,16,16,26.785249678545366,16;32;64;128,26.785249678545366;6.865348135436805;5.441048202070273;1.5007778385465833,0.2,2,233,0.91015625,-21.613687730372476,17.085071299234187,38.69875902960666,44.47232839488464,13.89760262340145,6.570665121078491
170,3,0.019769272018411135,0.03019000268529641,0.010420730666885276,0.05210365333442638,119.9623942730554,128,16,16,24.353376176330144,16;32;64;128,24.353376176330144;6.1679191731802785;4.847131825000547;0.5522817967934986,0.2,2,233,0.91015625,17.085071299234187,25.82732415718783,8.742252857953645,42.32013303760219,13.225041574250683,6.328392028808594
170,4,0.03019000268529641,0.04061073335218169,0.01042073066688528,0.05210365333442638,122.63551545013956,128,16,16,27.05442389372426,16;32;64;128,27.05442389372426;9.163944615006523;2.929275073168295;1.1975654137853253,0.2,2,235,0.91796875,25.82732415718783,33.456533132324694,7.629208975136862,41.84877363937448,13.077741762304523,6.39300799369812
170,5,0.04061073335218169,0.05103146401906697,0.01042073066688528,0.05210365333442638,124.37863456439906,128,16,16,22.33543889730241,16;32;64;128,22.33543889730241;4.992500516239694;5.6691762614749495;0.508242915218291,0.2,2,239,0.93359375,33.456533132324694,34.239404602965806,0.782871470641112,38.363982783801504,11.98874461993797,6.616093873977661
170,6,0.05103146401906697,0.05210365333442638,0.0010721893153594134,0.05210365333442638,127.95539801762021,128,16,16,22.709230806082687,16;32;64;128,22.709230806082687;8.578906394016979;4.2137078757878355;1.0315201750937628,0.2,2,234,0.9140625,34.239404602965806,34.58140141576587,0.3419968128000619,39.077718616861496,12.211787067769217,6.805490016937256
172,1,0.0,0.008987232387828219,0.008987232387828219,0.045972642592973866,64.00000001109257,128,16,16,28.001685392110137,16;32;64;128,28.001685392110137;10.12537698135903;7.735309545688305;1.967066251367087,0.2,2,244,0.953125,-161.34056717360454,-29.69067522728801,131.64989194631653,45.00568961701142,14.064278005316067,6.553961992263794
172,2,0.008987232387828219,0.01818176090642299,0.009194528518594772,0.045972642592973866,104.01366758018116,128,16,16,26.556199210307174,16;32;64;128,26.556199210307174;9.138040663288653;4.6470154436697335;1.8615693208640012,0.2,2,235,0.91796875,-29.69067522728801,5.796330433317053,35.487005660605064,41.002695250130735,12.813342265665854,6.49764609336853
172,3,0.01818176090642299,0.027376289425017762,0.009194528518594772,0.045972642592973866,115.99820177592616,128,16,16,26.742829832316104,16;32;64;128,26.742829832316104;10.099333541296268;7.279377700575267;1.1058151913045116,0.2,2,234,0.9140625,5.796330433317053,21.840127024026515,16.043796590709462,45.243517108831846,14.138599096509951,6.516980886459351
172,4,0.027376289425017762,0.036570817943612534,0.009194528518594772,0.045972642592973866,121.0793669864517,128,16,16,26.80640605018229,16;32;64;128,26.80640605018229;8.63480813660306;3.0256084922262163;1.0127883047265147,0.2,2,239,0.93359375,21.840127024026515,32.90102926152031,11.060902237493792,42.02315939762927,13.132237311759146,6.450848817825317
172,5,0.036570817943612534,0.045765346462207306,0.009194528518594772,0.045972642592973866,124.53697426670561,128,16,16,25.970487527798667,16;32;64;128,25.970487527798667;8.271204182272088;6.163979022175968;1.857261929691343,0.2,2,239,0.93359375,32.90102926152031,37.33240146044409,4.431372198923782,39.94266186166465,12.482081831770202,6.46934700012207
172,6,0.045765346462207306,0.045972642592973866,0.00020729613076655995,0.045972642592973866,127.99873734073846,128,16,16,24.064656993271,16;32;64;128,24.064656993271;9.43982756508079;3.9789533346771013;0.8503287188990625,0.2,2,235,0.91796875,37.33240146044409,35.34718443603924,-1.9852170244048466,40.77305336378774,12.741579176183668,6.47288703918457
174,1,0.0,0.00747839782849634,0.00747839782849634,0.054600479782796925,64.00000004922882,128,16,16,32.27226136081047,16;32;64;128,32.27226136081047;12.924817339548595;8.212312104954597;2.3687737791528343,0.2,2,240,0.9375,-199.811655160971,-69.38786134438851,130.42379381658247,45.635979781734115,14.26124368179191,6.454406976699829
174,2,0.007478397828496339,0.018398493785055724,0.010920095956559385,0.054600479782796925,86.50406481765184,128,16,16,22.848954527982194,16;32;64;128,22.848954527982194;7.187904410396301;3.845170072347739;1.3361071320851048,0.2,2,237,0.92578125,-69.38786134438851,-2.2272075946821133,67.1606537497064,41.0110050712251,12.815939084757844,6.453019142150879
174,3,0.018398493785055724,0.02931858974161511,0.010920095956559385,0.054600479782796925,114.46325199131917,128,16,16,22.217319239343272,16;32;64;128,22.217319239343272;5.343350304825672;2.6361083362630455;0.6917427406912171,0.2,2,233,0.91015625,-2.2272075946821133,15.723941136526264,17.951148731208377,43.494384384829054,13.591995120259078,6.448249101638794
174,4,0.02931858974161511,0.040238685698174494,0.010920095956559385,0.054600479782796925,120.56364164060601,128,16,16,25.536187051644994,16;32;64;128,25.536187051644994;7.035080953818192;3.2903531010242495;1.6875373254576242,0.2,2,228,0.890625,15.723941136526264,22.97035644162679,7.246415305100527,46.19247959176476,14.435149872426486,6.555499076843262
174,5,0.040238685698174494,0.05115878165473388,0.010920095956559385,0.054600479782796925,123.40639760749191,128,16,16,30.15523847476534,16;32;64;128,30.15523847476534;8.805470117857368;4.824155827745238;1.6570903877974419,0.2,2,218,0.8515625,22.97035644162679,26.687011727539357,3.716655285912566,47.065243525847926,14.707888601827475,6.628237962722778
174,6,0.05115878165473388,0.054600479782796925,0.0034416981280630463,0.054600479782796925,127.69573505848933,128,16,16,20.6102615578781,16;32;64;128,20.6102615578781;6.056978458274562;5.456412479281465;1.2332084338927456,0.2,2,232,0.90625,26.687011727539357,29.02330720469763,2.3362954771582736,43.86313942815943,13.707231071299821,6.5987548828125
176,1,0.0,0.007893061582284797,0.007893061582284797,0.054919218020411074,64.00000004080093,128,16,16,30.539946307320438,16;32;64;128,30.539946307320438;11.348817328648803;8.669310870889243;1.8269898364690307,0.2,2,238,0.9296875,-212.63946012270753,-80.3646449578955,132.27481516481203,46.33382233044232,14.479319478263223,6.494853973388672
176,2,0.007893061582284797,0.01887690518636701,0.010983843604082215,0.054919218020411074,83.98910588473446,128,16,16,23.78925922437163,16;32;64;128,23.78925922437163;9.643869881487008;6.640963370123729;0.7146000002299553,0.2,2,225,0.87890625,-80.3646449578955,-15.892447058387916,64.47219789950759,48.140591057470154,15.043934705459423,6.634829044342041
176,3,0.01887690518636701,0.029860748790449226,0.010983843604082215,0.054919218020411074,108.53110484941274,128,16,16,25.996825109576672,16;32;64;128,25.996825109576672;11.054287940721816;5.208919824046094;1.4354888079813801,0.2,2,225,0.87890625,-15.892447058387916,10.917200856336422,26.809647914724337,46.205803337005705,14.439313542814283,6.746686935424805
176,4,0.029860748790449226,0.04084459239453144,0.010983843604082215,0.054919218020411074,120.64929658096565,128,16,16,20.569686280575016,16;32;64;128,20.569686280575016;4.99233408525893;3.2212369746533764;1.4908469752683462,0.2,2,215,0.83984375,10.917200856336422,16.76007800601201,5.842877149675587,46.08787640304718,14.402461375952244,6.5891618728637695
176,5,0.04084459239453144,0.051828435998613656,0.010983843604082215,0.054919218020411074,123.04685625359073,128,16,16,23.85329700053876,16;32;64;128,23.85329700053876;8.870031021153887;5.386932769902035;1.0215036429338025,0.2,2,228,0.890625,16.76007800601201,21.131077573576476,4.370999567564468,42.638213178796676,13.32444161837396,6.673629999160767
176,6,0.051828435998613656,0.054919218020411074,0.0030907820217974183,0.054919218020411074,127.62733070292535,128,16,16,23.649424740916007,16;32;64;128,23.649424740916007;10.128809782582282;4.125702729360327;1.0245237783238568,0.2,2,229,0.89453125,21.131077573576476,22.92274510223251,1.7916675286560348,47.51018354510273,14.8469323578446,6.583142995834351
178,1,0.0,0.009544338714498415,0.009544338714498415,0.06044551680104949,64.0000000103984,128,16,16,32.92308263402185,16;32;64;128,32.92308263402185;11.428204682944036;7.615570079747456;1.9635782903304195,0.2,2,239,0.93359375,-160.2681123549628,-38.215987452267655,122.05212490269514,43.68274052280936,13.650856413377925,6.356781005859375
178,2,0.009544338714498415,0.02163344207470831,0.012089103360209897,0.06044551680104949,91.05964567080574,128,16,16,18.824917311629804,16;32;64;128,18.824917311629804;6.330948906421041;3.4221460157072503;1.591028758325309,0.2,2,220,0.859375,-38.215987452267655,15.762524333651527,53.97851178591918,45.31907218685301,14.162210058391565,6.446973085403442
178,3,0.02163344207470831,0.03372254543491821,0.0120891033602099,0.06044551680104949,118.37413707857282,128,16,16,22.708674692400724,16;32;64;128,22.708674692400724;9.510744645535762;4.130730784087514;0.9596054030817294,0.2,2,221,0.86328125,15.762524333651527,25.866154867311707,10.10363053366018,46.0529639654275,14.391551239196094,6.373323917388916
178,4,0.03372254543491821,0.04581164879512811,0.0120891033602099,0.06044551680104949,121.92651574739098,128,16,16,18.867812667095347,16;32;64;128,18.867812667095347;7.418200604565498;4.005603678615749;1.0471324243005335,0.2,2,237,0.92578125,25.866154867311707,30.936565526484628,5.070410659172921,40.210190294388774,12.56568446699649,6.606734991073608
178,5,0.04581164879512811,0.05790075215533801,0.0120891033602099,0.06044551680104949,124.13760537622598,128,16,16,22.178166103416963,16;32;64;128,22.178166103416963;6.1029980072860175;2.6069288782871047;0.8681914479991628,0.2,2,219,0.85546875,30.936565526484628,35.291380783120985,4.354815256636357,48.458873715010114,15.14339803594066,6.703992128372192
178,6,0.05790075215533801,0.06044551680104949,0.0025447646457114753,0.06044551680104949,127.8738713298863,128,16,16,22.441906684654697,16;32;64;128,22.441906684654697;7.1552875488774115;5.016725295672517;1.4854050462938433,0.2,2,223,0.87109375,35.291380783120985,33.74334885308053,-1.5480319300404517,44.74434151094498,13.982606722170305,6.697090148925781
180,1,0.0,0.007968955981367305,0.007968955981367305,0.04949965337931274,64.00000003667267,128,16,16,31.162354830062235,16;32;64;128,31.162354830062235;12.238630183789395;10.844711668677675;1.6411972260174648,0.2,2,245,0.95703125,-191.1687922916035,-62.63131306807918,128.53747922352431,44.62584944399788,13.945577951249337,6.35735297203064
180,2,0.007968955981367305,0.017868886657229854,0.00989993067586255,0.04949965337931274,91.47627237603167,128,16,16,31.87198127469595,16;32;64;128,31.87198127469595;7.320767846096624;7.06970680526804;0.7860876085137289,0.2,2,234,0.9140625,-62.63131306807918,-5.081201516733017,57.55011155134616,44.92771800151932,14.039911875474786,6.360759973526001
180,3,0.017868886657229854,0.027768817333092402,0.009899930675862548,0.04949965337931274,114.18340203337102,128,16,16,27.736711282183233,16;32;64;128,27.736711282183233;8.339383505716075;6.057584777075198;1.776644473316783,0.2,2,226,0.8828125,-5.081201516733017,10.97297939546479,16.054180912197808,47.95236783420974,14.985114948190542,6.361009120941162
180,4,0.027768817333092402,0.03766874800895495,0.009899930675862548,0.04949965337931274,121.00692716024268,128,16,16,20.104163243071778,16;32;64;128,20.104163243071778;5.482583224993358;4.166383416311825;1.1950256250060314,0.2,2,224,0.875,10.97297939546479,17.411838918356807,6.438859522892017,40.9155807790686,12.786118993458937,6.476384162902832
180,5,0.03766874800895495,0.0475686786848175,0.009899930675862548,0.04949965337931274,123.04193520981303,128,16,16,20.679267301780502,16;32;64;128,20.679267301780502;7.027916726913004;2.3359413362536654;1.0648465559705889,0.2,2,225,0.87890625,17.411838918356807,28.86068005438483,11.448841136028022,42.72124312377369,13.350388476179278,6.56188702583313
180,6,0.0475686786848175,0.04949965337931274,0.001930974694495241,0.04949965337931274,127.9401799283089,128,16,16,25.731894740966325,16;32;64;128,25.731894740966325;8.744368000032598;5.3662149857310375;1.6540710117919704,0.2,2,232,0.90625,28.86068005438483,28.24272717209533,-0.6179528822895008,38.864779883661285,12.14524371364415,6.697601079940796
182,1,0.0,0.008071261591137933,0.008071261591137933,0.05299107886687796,64.00000000486469,128,16,16,25.185847537928236,16;32;64;128,25.185847537928236;14.70168238582958;10.451398649053486;2.6403925111490993,0.2,2,242,0.9453125,-197.65491614779603,-57.11505356322414,140.5398625845719,44.49456481232389,13.904551503851215,6.380462884902954
182,2,0.008071261591137933,0.018669477364513527,0.010598215773375594,0.05299107886687796,90.65083574816849,128,16,16,39.37262769506556,16;32;64;128,39.37262769506556;11.278709596315254;8.434243418558616;0.980497451876115,0.2,2,236,0.921875,-57.11505356322414,4.806635834614099,61.921689397838236,39.16276595707092,12.238364361584662,6.485300064086914
182,3,0.018669477364513527,0.02926769313788912,0.010598215773375594,0.05299107886687796,115.72758572635975,128,16,16,30.46958224634141,16;32;64;128,30.46958224634141;11.25500917212314;5.799496042372878;1.8020543301747585,0.2,2,231,0.90234375,4.806635834614099,17.70291054480913,12.89627471019503,41.731680044880406,13.041150014025126,6.654130935668945
182,4,0.02926769313788912,0.039865908911264715,0.010598215773375594,0.05299107886687796,122.23620096250733,128,16,16,22.535255893966404,16;32;64;128,22.535255893966404;7.7110610999055895;3.7128437682211994;0.8382621736951054,0.2,2,221,0.86328125,17.70291054480913,22.21662885042315,4.51371830561402,45.700987589149314,14.28155862160916,6.701128959655762
182,5,0.039865908911264715,0.05046412468464031,0.010598215773375594,0.05299107886687796,124.2919661790539,128,16,16,16.630721010226903,16;32;64;128,16.630721010226903;6.2653181091297245;6.483952565681177;0.8888232864922343,0.2,2,225,0.87890625,22.21662885042315,27.533437898906413,5.316809048483265,44.28978782631492,13.840558695723413,6.574472904205322
182,6,0.05046412468464031,0.05299107886687796,0.0025269541822376534,0.05299107886687796,127.79837683879222,128,16,16,25.81707636007244,16;32;64;128,25.81707636007244;6.372187663145848;2.6214703924906595;0.9424381134574867,0.2,2,225,0.87890625,27.533437898906413,29.099720958697617,1.5662830597912034,44.324496761895354,13.851405238092298,6.515978097915649
184,1,0.0,0.008732379999928087,0.008732379999928087,0.054681654804200217,64.00000004023107,128,16,16,27.479873078422056,16;32;64;128,27.479873078422056;10.537656226094402;3.231559286090534;2.107816105531103,0.2,2,248,0.96875,-198.63410074118656,-77.53937368574043,121.09472705544613,42.35756639178577,13.236739497433051,6.4228880405426025
184,2,0.008732379999928087,0.01966871096076813,0.010936330960840044,0.054681654804200217,85.80202543383136,128,16,16,35.930422860533014,16;32;64;128,35.930422860533014;9.272702132308664;4.93813788579432;1.7040414327279623,0.2,2,236,0.921875,-77.53937368574043,-17.211054629175976,60.32831905656445,45.200666164953844,14.125208176548076,6.415416955947876
184,3,0.01966871096076813,0.030605041921608175,0.010936330960840044,0.054681654804200217,110.4614381027687,128,16,16,31.793099679951496,16;32;64;128,31.793099679951496;10.985240478567432;5.901952055070756;1.0539178925638122,0.2,2,226,0.8828125,-17.211054629175976,2.288952486234777,19.500007115410753,44.96025970811276,14.050081158785236,6.385617971420288
184,4,0.030605041921608175,0.04154137288244822,0.010936330960840044,0.054681654804200217,119.11618688305798,128,16,16,28.654900459785857,16;32;64;128,28.654900459785857;4.176165442302467;4.883460587608208;0.7571307260895839,0.2,2,215,0.83984375,2.288952486234777,10.275645195499237,7.98669270926446,51.18903909393418,15.996574716854429,6.547749042510986
184,5,0.04154137288244822,0.05247770384328826,0.01093633096084004,0.054681654804200217,122.53299153224584,128,16,16,21.011898146495025,16;32;64;128,21.011898146495025;8.78359656174195;5.714211205422598;0.8861957443943926,0.2,2,219,0.85546875,10.275645195499237,15.201879856031155,4.926234660531918,40.936916199417766,12.792786312318052,6.5632710456848145
184,6,0.05247770384328826,0.054681654804200217,0.0022039509609119573,0.054681654804200217,127.83154197901305,128,16,16,20.82173792674386,16;32;64;128,20.82173792674386;6.900721742550487;3.3542106359082804;0.44881011937256077,0.2,2,213,0.83203125,15.201879856031155,17.475461014382745,2.2735811583515897,46.0955682805028,14.404865087657125,6.411421060562134
186,1,0.0,0.007851439411824012,0.007851439411824012,0.04740662379243982,64.00000002351229,128,16,16,24.601877205415075,16;32;64;128,24.601877205415075;9.738478397008915;6.120672919747133;1.9151028960921375,0.2,2,246,0.9609375,-222.17778150202503,-78.66151599874274,143.51626550328228,45.04683429211597,14.07713571628624,6.595868110656738
186,2,0.007851439411824012,0.017332764170311977,0.009481324758487964,0.04740662379243982,91.8625107552671,128,16,16,26.213228117983263,16;32;64;128,26.213228117983263;5.872924754054979;5.949640446352132;1.1155037462399457,0.2,2,236,0.921875,-78.66151599874274,-16.35895561196594,62.302560386776804,42.22996136148278,13.196862925463368,6.402575969696045
186,3,0.017332764170311977,0.02681408892879994,0.009481324758487963,0.04740662379243982,113.71499423546119,128,16,16,18.359813054898964,16;32;64;128,18.359813054898964;5.837213618659419;5.289859451683763;0.7351944105416983,0.2,2,222,0.8671875,-16.35895561196594,0.8476346261704748,17.206590238136414,43.481438215103005,13.587949442219688,6.722498893737793
186,4,0.02681408892879994,0.036295413687287906,0.009481324758487966,0.04740662379243982,119.8100717811863,128,16,16,33.6745465072032,16;32;64;128,33.6745465072032;10.10213076353073;6.443054479633485;1.8522141708447273,0.2,2,224,0.875,0.8476346261704748,13.848773686346249,13.001139060175774,43.83912879300005,13.699727747812515,6.5345799922943115
186,5,0.036295413687287906,0.04577673844577587,0.009481324758487966,0.04740662379243982,124.69043457970625,128,16,16,24.623250377440478,16;32;64;128,24.623250377440478;6.941765489245555;3.658464492525536;0.6871571940141216,0.2,2,223,0.87109375,13.848773686346249,16.11895313387049,2.2701794475242423,43.165569491160284,13.489240465987589,6.452505111694336
186,6,0.04577673844577587,0.04740662379243982,0.0016298853466639451,0.04740662379243982,127.85170471388965,128,16,16,25.83861081645882,16;32;64;128,25.83861081645882;5.271738346343593;3.9201304494969307;0.7902168945508314,0.2,2,228,0.890625,16.11895313387049,18.12315380801374,2.0042006741432488,42.75842554416318,13.362007982550994,6.7801899909973145
188,1,0.0,0.007913846030386213,0.007913846030386213,0.05922694222955547,64.00000003642654,128,16,16,26.440692833992212,16;32;64;128,26.440692833992212;8.472651499179067;8.289173343815198;1.614341793162547,0.2,2,243,0.94921875,-193.00721297584823,-48.89801003465982,144.1092029411884,45.05088912957565,14.07840285299239,6.521883010864258
188,2,0.007913846030386213,0.019759234476297308,0.011845388445911095,0.05922694222955547,91.612686346386,128,16,16,32.54970265807746,16;32;64;128,32.54970265807746;8.94896036343032;4.928643269919168;1.6559011661207892,0.2,2,237,0.92578125,-48.89801003465982,-4.37239002680144,44.52562000785838,43.93405136226129,13.729391050706653,6.411876916885376
188,3,0.019759234476297308,0.031604622922208406,0.011845388445911098,0.05922694222955547,111.59375259930387,128,16,16,25.071504412387874,16;32;64;128,25.071504412387874;4.4620359392584446;5.666093842723866;0.9625684011884256,0.2,2,227,0.88671875,-4.37239002680144,16.40586444055225,20.77825446735369,42.61727271689475,13.31789772402961,6.464564085006714
188,4,0.031604622922208406,0.043450011368119504,0.011845388445911098,0.05922694222955547,121.22383093389163,128,16,16,24.397192576331534,16;32;64;128,24.397192576331534;8.167163021851374;4.2526534754633065;0.948916968366782,0.2,2,230,0.8984375,16.40586444055225,23.337564235270293,6.9316997947180425,41.957641471458686,13.11176295983084,6.4623799324035645
188,5,0.043450011368119504,0.0552953998140306,0.011845388445911098,0.05922694222955547,124.17133318491703,128,16,16,16.184983464498124,16;32;64;128,16.184983464498124;5.1822379409833115;4.059955241119789;1.1964496379534266,0.2,2,225,0.87890625,23.337564235270293,27.00885683193337,3.671292596663079,45.25019355714916,14.140685486609112,6.44690203666687
188,6,0.0552953998140306,0.05922694222955547,0.003931542415524868,0.05922694222955547,127.620016423796,128,16,16,27.535400452182923,16;32;64;128,27.535400452182923;4.871151196688841;4.91826194608595;1.4321951478540145,0.2,2,230,0.8984375,27.00885683193337,28.380141034796907,1.371284202863535,39.94192933997353,12.481852918741726,6.630250930786133
190,1,0.0,0.008467131045731425,0.008467131045731425,0.045619757139081736,64.00000003825065,128,16,16,23.836171165153516,16;32;64;128,23.836171165153516;8.263074600214093;5.812197583072054;2.00894000751605,0.2,2,243,0.94921875,-192.73625233490384,-35.2891335724853,157.44711876241854,42.70768946366635,13.346152957395732,6.359738111495972
190,2,0.008467131045731425,0.01759108247354777,0.009123951427816347,0.045619757139081736,102.82851876325728,128,16,16,23.981894983925898,16;32;64;128,23.981894983925898;11.745281432881418;6.434245579995775;2.1885521587384678,0.2,2,230,0.8984375,-35.2891335724853,9.24399092989006,44.53312450237536,46.81415425084165,14.629423203388017,6.397753000259399
190,3,0.01759108247354777,0.02671503390136412,0.00912395142781635,0.045619757139081736,119.05847168769311,128,16,16,22.923452634116675,16;32;64;128,22.923452634116675;8.132344247929161;4.3777412166293965;0.6658961408553484,0.2,2,231,0.90234375,9.24399092989006,19.2948074665037,10.050816536613638,45.492194790758134,14.216310872111917,6.822517156600952
190,4,0.02671503390136412,0.03583898532918047,0.00912395142781635,0.045619757139081736,122.32254785123078,128,16,16,32.61376523927526,16;32;64;128,32.61376523927526;7.583054980221357;7.3481809003708864;1.342259976152686,0.2,2,236,0.921875,19.2948074665037,24.09602441851166,4.801216952007962,42.90738355233324,13.408557360104139,6.5439958572387695
190,5,0.03583898532918047,0.04496293675699682,0.00912395142781635,0.045619757139081736,124.64575523398136,128,16,16,26.89576699513064,16;32;64;128,26.89576699513064;6.699513508476473;5.507517681337735;1.3699708650273075,0.2,2,233,0.91015625,24.09602441851166,27.299850178842462,3.203825760330801,41.221691329633565,12.881778540510489,6.491601943969727
190,6,0.04496293675699682,0.045619757139081736,0.0006568203820849147,0.045619757139081736,127.97712689219226,128,16,16,23.946365104692926,16;32;64;128,23.946365104692926;7.683174309023693;6.105634621182504;0.7870349074446016,0.2,2,224,0.875,27.299850178842462,29.69192841745098,2.3920782386085193,44.83729158398483,14.011653619995258,6.530383110046387
192,1,0.0,0.009305633090612246,0.009305633090612246,0.046528165453061224,66.67094569628081,128,16,16,22.8722623443465,16;32;64;128,22.8722623443465;10.330574326100427;6.626335387499151;2.0474125058880586,0.2,2,245,0.95703125,-156.44381074769262,-29.37665391885639,127.06715682883623,41.83369278614841,13.073028995671377,6.807931184768677
192,2,0.009305633090612246,0.01861126618122449,0.009305633090612246,0.046528165453061224,106.61486673694651,128,16,16,22.614180352419297,16;32;64;128,22.614180352419297;7.174537213353085;6.468631161450042;0.6829996299352764,0.2,2,229,0.89453125,-29.37665391885639,2.00372702338791,31.3803809422443,45.22381585841784,14.132442455755573,6.874760866165161
192,3,0.01861126618122449,0.027916899271836736,0.009305633090612244,0.046528165453061224,118.39647923457987,128,16,16,17.783752469504044,16;32;64;128,17.783752469504044;6.862784402001754;4.143402362760942;1.558582147690638,0.2,2,245,0.95703125,2.00372702338791,16.44852109951171,14.444794076123799,40.2958622925289,12.59245696641528,6.782464981079102
192,4,0.027916899271836736,0.03722253236244898,0.009305633090612248,0.046528165453061224,123.18524294567472,128,16,16,28.440502505248986,16;32;64;128,28.440502505248986;6.605091139196166;5.7266992358635775;0.9205689350939097,0.2,2,228,0.890625,16.44852109951171,19.489562954113353,3.0410418546016444,43.40792197437015,13.56497561699067,6.822721004486084
192,5,0.03722253236244898,0.046528165453061224,0.00930563309061224,0.046528165453061224,125.03834150061543,128,16,16,26.38169597126746,16;32;64;128,26.38169597126746;8.215724093004559;6.435185278731486;1.9062064667149055,0.2,2,229,0.89453125,19.489562954113353,24.21926784133393,4.729704887220578,43.58111119212261,13.619097247538315,6.849233865737915
194,1,0.0,0.008425676979509744,0.008425676979509744,0.04877899349405463,64.00000003680898,128,16,16,29.015155199304118,16;32;64;128,29.015155199304118;12.960307704318723;10.331864869516613;2.3095863033834565,0.2,2,247,0.96484375,-190.9534478665687,-44.41481826601921,146.53862960054948,43.86400666774729,13.707502083671027,6.741151809692383
194,2,0.008425676979509744,0.018181475678320673,0.009755798698810929,0.04877899349405463,98.47312895400002,128,16,16,36.12979047957902,16;32;64;128,36.12979047957902;9.812858505484705;7.991655674488572;0.8921861440738501,0.2,2,229,0.89453125,-44.41481826601921,-1.9119164334697416,42.50290183254947,46.510196305606684,14.534436345502089,6.715986967086792
194,3,0.018181475678320673,0.027937274377131602,0.009755798698810929,0.04877899349405463,114.82719361999894,128,16,16,20.853302359787627,16;32;64;128,20.853302359787627;8.098018564327543;5.325312892978477;0.809062805256604,0.2,2,233,0.91015625,-1.9119164334697416,18.58963096356092,20.501547397030663,47.709574970789674,14.909242178371773,6.444192886352539
194,4,0.027937274377131602,0.03769307307594253,0.009755798698810929,0.04877899349405463,123.65391964515246,128,16,16,26.19919754809396,16;32;64;128,26.19919754809396;6.991307334704964;5.563216504367735;0.483468850340348,0.2,2,212,0.828125,18.58963096356092,19.554630499926134,0.9649995363652124,48.37965181317763,15.118641191618009,6.445297956466675
194,5,0.03769307307594253,0.04744887177475346,0.009755798698810929,0.04877899349405463,123.62107555440792,128,16,16,27.209804368979203,16;32;64;128,27.209804368979203;8.754783461481217;5.671155374375206;0.9744878116398137,0.2,2,222,0.8671875,19.554630499926134,25.03678770805709,5.482157208130957,50.11925168280082,15.662266150875256,6.443453073501587
194,6,0.04744887177475346,0.04877899349405463,0.0013301217193011708,0.04877899349405463,127.94819222892089,128,16,16,21.59716522775588,16;32;64;128,21.59716522775588;7.567786087063266;5.189535649719932;1.3984758620384934,0.2,2,233,0.91015625,25.03678770805709,29.4939607743363,4.457173066279211,46.41370557348983,14.50428299171557,6.431660175323486
196,1,0.0,0.008605716576693694,0.008605716576693694,0.05787029020937397,64.00000001324881,128,16,16,24.769927636474034,16;32;64;128,24.769927636474034;11.398406920100241;7.396819640544929;1.4952117468094828,0.2,2,248,0.96875,-176.237565563315,-36.29836310178507,139.93920246152993,42.47572244015892,13.273663262549661,6.454011917114258
196,2,0.008605716576693694,0.020179774618568486,0.011574058041874792,0.05787029020937397,92.25169969693506,128,16,16,28.35873899837696,16;32;64;128,28.35873899837696;12.152237527375737;4.658862813047267;1.144255356972025,0.2,2,234,0.9140625,-36.29836310178507,16.132376120775007,52.43073922256008,45.7766517697551,14.305203678048468,6.475197076797485
196,3,0.020179774618568486,0.03175383266044328,0.011574058041874793,0.05787029020937397,117.03019828254135,128,16,16,30.361682526404223,16;32;64;128,30.361682526404223;10.20253757216088;5.542792549487899;1.508473293040797,0.2,2,230,0.8984375,16.132376120775007,26.306973337450472,10.174597216675465,44.420766387961365,13.881489496237926,6.56008505821228
196,4,0.03175383266044328,0.04332789070231807,0.011574058041874793,0.05787029020937397,121.81917211438383,128,16,16,21.442169519831815,16;32;64;128,21.442169519831815;8.307644682341845;1.9736120114148836;0.6805352452506209,0.2,2,231,0.90234375,26.306973337450472,31.361879630900148,5.054906293449676,41.42263101082743,12.944572190883571,6.418780088424683
196,5,0.04332789070231807,0.054901948744192866,0.011574058041874793,0.05787029020937397,124.25373963278354,128,16,16,22.763593470905725,16;32;64;128,22.763593470905725;9.154910326739612;3.044276084038896;1.0278207675060598,0.2,2,232,0.90625,31.361879630900148,35.41121249800199,4.049332867101839,46.12648491781113,14.414526536815979,6.397831916809082
196,6,0.054901948744192866,0.05787029020937397,0.0029683414651811013,0.05787029020937397,127.79905748757194,128,16,16,29.609292394164417,16;32;64;128,29.609292394164417;6.716479738101382;5.409843018656297;1.960588243136367,0.2,2,229,0.89453125,35.41121249800199,36.56794205127517,1.1567295532731805,43.34832341315027,13.546351066609459,6.405487060546875
198,1,0.0,0.008038923409515394,0.008038923409515394,0.04988617482561412,64.00000003888991,128,16,16,39.817378416835,16;32;64;128,39.817378416835;12.881901066113;7.716779460461008;2.8920167211393952,0.2,2,244,0.953125,-181.40816525575065,-49.60207632136735,131.8060889343833,45.25072130999546,14.14085040937358,6.376037120819092
198,2,0.008038923409515394,0.018016158374638217,0.009977234965122823,0.04988617482561412,95.15636400533975,128,16,16,28.79383175153546,16;32;64;128,28.79383175153546;7.431068784645288;7.80448397572506;1.4459619601540459,0.2,2,236,0.921875,-49.60207632136735,9.560972395298222,59.16304871666557,43.15685069893093,13.486515843415916,6.425246000289917
198,3,0.018016158374638217,0.02799339333976104,0.009977234965122823,0.04988617482561412,117.5315038888784,128,16,16,34.35904168452346,16;32;64;128,34.35904168452346;8.164788714245303;6.560306831894827;0.9124508566044417,0.2,2,231,0.90234375,9.560972395298222,22.384463746616348,12.823491351318125,39.58672914352374,12.370852857351169,6.475651979446411
198,4,0.02799339333976104,0.03797062830488386,0.00997723496512282,0.04988617482561412,122.07919302343498,128,16,16,20.69177937927272,16;32;64;128,20.69177937927272;6.244250678712514;5.486048082636055;1.4715502630791044,0.2,2,232,0.90625,22.384463746616348,28.343827611592133,5.959363864975785,44.822986953803145,14.007183423063482,6.542748928070068
198,5,0.03797062830488386,0.047947863270006684,0.009977234965122823,0.04988617482561412,124.34964409021528,128,16,16,18.40937610671449,16;32;64;128,18.40937610671449;4.125031080497982;4.532111067786347;1.059325602310861,0.2,2,235,0.91796875,28.343827611592133,35.065246511708665,6.721418900116532,40.56118378491389,12.675369932785589,6.513829946517944
198,6,0.047947863270006684,0.04988617482561412,0.0019383115556074332,0.04988617482561412,127.89354803654605,128,16,16,26.021310524905967,16;32;64;128,26.021310524905967;7.63610230741157;5.571646205098308;1.292225074673145,0.2,2,229,0.89453125,35.065246511708665,34.20417415164411,-0.8610723600645542,42.931161982569165,13.415988119552864,6.472963809967041
