stride_idx,level,beta_pre,beta_post,delta_beta,beta_max,ess_at_dbeta_chosen,n_smc,theta_dim,chees_L_chosen,chees_score_best,chees_L_candidates,chees_scores,eps_step_size,n_mcmc_moves,total_accepts,accept_frac,log_density_pre_mean,log_density_post_mean,delta_log_density,esjd_total,esjd_per_eps_L,wall_seconds_level
2,1,0.0,0.4157632147200383,0.4157632147200383,2.5094303398613604,512.0000002589104,1024,12,16,25.31243499958863,16;32;64;128;256;512,25.31243499958863;9.348408534910261;6.1432061176935004;1.886792039785799;1.5778442642316792;0.27333777742643073,0.2,8,8098,0.988525390625,20.759038232555667,23.362581885169675,2.6035436526140074,45.72212772262147,14.288164913319209,4.438753128051758
2,2,0.4157632147200383,0.9176492826923104,0.5018860679722721,2.5094303398613604,673.9207364803516,1024,12,16,19.168569834361204,16;32;64;128;256;512,19.168569834361204;9.593406732706399;5.418492375126105;1.4362382431942857;1.3589284041072607;0.3172191220925158,0.2,8,8027,0.9798583984375,23.362581885169675,24.49394273277312,1.131360847603446,41.385914084024996,12.933098151257811,4.0719969272613525
2,3,0.9176492826923104,1.4195353506645825,0.5018860679722721,2.5094303398613604,819.3445860611123,1024,12,16,18.769035347835423,16;32;64;128;256;512,18.769035347835423;9.345545591352735;4.361422636915691;1.5339409339260541;1.1306152655328023;0.18109753591411856,0.2,8,7940,0.96923828125,24.49394273277312,25.04457195828536,0.5506292255122389,38.88071903961382,12.150224699879319,4.108759880065918
2,4,1.4195353506645825,1.9214214186368546,0.5018860679722721,2.5094303398613604,882.625639466601,1024,12,16,18.25116060898211,16;32;64;128;256;512,18.25116060898211;7.857835342337148;4.474072463778624;1.2077931486494828;1.079627239497805;0.17179679384711302,0.2,8,7850,0.958251953125,25.04457195828536,25.392794690002574,0.34822273171721463,37.706157101722205,11.783174094288189,4.150689125061035
2,5,1.9214214186368546,2.4233074866091266,0.5018860679722721,2.5094303398613604,928.0560154175579,1024,12,16,11.681980760335437,16;32;64;128;256;512,11.681980760335437;5.541154504880948;3.4331226600399294;1.1472160629618737;0.6333767580781144;0.07721474792153953,0.2,8,7698,0.939697265625,25.392794690002574,25.636820709149106,0.24402601914653133,35.32665158081165,11.03957861900364,4.160673141479492
2,6,2.4233074866091266,2.5094303398613604,0.08612285325223379,2.5094303398613604,1021.2072717441573,1024,12,16,19.186586144966846,16;32;64;128;256;512,19.186586144966846;7.056059328424286;4.266187983350463;0.9371594266583302;1.1004509874148451;0.1380445598464624,0.2,8,7714,0.941650390625,25.636820709149106,25.685737475456335,0.04891676630722941,35.4337747003035,11.073054593844844,4.1073009967803955
4,1,0.0,0.4109502546042819,0.4109502546042819,2.3191132554333027,512.0000003455812,1024,12,16,19.00612742003941,16;32;64;128;256;512,19.00612742003941;9.65581603635426;3.992614554117058;1.7475213604606177;1.0634834544839549;0.15485117894141914,0.2,8,8138,0.993408203125,22.248489293350758,24.725653082858116,2.477163789507358,48.68701534195408,15.214692294360649,4.345108985900879
4,2,0.4109502546042819,0.8747729056909425,0.46382265108666054,2.3191132554333027,696.7346274875866,1024,12,16,23.33883652295406,16;32;64;128;256;512,23.33883652295406;7.525641595380281;5.927696150241296;1.9754539240619808;1.3821748721903862;0.19517852899760232,0.2,8,8032,0.98046875,24.725653082858116,25.926622954744744,1.2009698718866275,43.87697624963187,13.71155507800996,4.375149965286255
4,3,0.8747729056909425,1.338595556777603,0.46382265108666043,2.3191132554333027,821.0615534971007,1024,12,16,18.571071402516818,16;32;64;128;256;512,18.571071402516818;6.444827287680413;4.232550797080583;1.1248132728213278;1.4599138720243103;0.20450042706542607,0.2,8,7909,0.9654541015625,25.926622954744744,26.535990949952065,0.6093679952073217,40.237235606476965,12.574136127024051,4.182451009750366
4,4,1.338595556777603,1.8024182078642634,0.46382265108666054,2.3191132554333027,897.245110040939,1024,12,16,20.960196872290215,16;32;64;128;256;512,20.960196872290215;6.0517279371510435;5.471957393480512;1.3933615463010112;1.0083767530823766;0.17068696015146817,0.2,8,7885,0.9625244140625,26.535990949952065,26.85601268517712,0.3200217352250547,36.806489306327414,11.502027908227316,4.225224018096924
4,5,1.8024182078642634,2.266240858950924,0.46382265108666054,2.3191132554333027,930.330977250077,1024,12,16,14.63211046662138,16;32;64;128;256;512,14.63211046662138;7.406479400420283;3.0938066626914265;1.1220880596397764;0.6458773141521998;0.11867617524144507,0.2,8,7713,0.9415283203125,26.85601268517712,27.111936852201325,0.2559241670242045,35.604165027415924,11.126301571067476,4.251637935638428
4,6,2.266240858950924,2.3191132554333027,0.052872396482378736,2.3191132554333027,1022.8774798214768,1024,12,16,12.136317719332325,16;32;64;128;256;512,12.136317719332325;7.158523015742181;2.1888708158411254;1.4197084485125335;0.805376126683673;0.10351150132508279,0.2,8,7694,0.939208984375,27.111936852201325,27.160075041381788,0.04813818918046309,35.90066377010011,11.218957428156283,4.2340428829193115
6,1,0.0,0.42649574659040673,0.42649574659040673,2.635537037681265,512.000000348266,1024,12,16,14.565381686095478,16;32;64;128;256;512,14.565381686095478;8.593607906799397;5.214483839975609;1.654371852562844;1.0083943257932537;0.2518185585600047,0.2,8,8113,0.9903564453125,22.56540425376079,24.981690382948727,2.416286129187938,46.16516272730973,14.426613352284289,4.0577778816223145
6,2,0.4264957465904067,0.9536031541266599,0.5271074075362532,2.635537037681265,644.8743277817056,1024,12,16,27.09589333197848,16;32;64;128;256;512,27.09589333197848;9.396880970085133;5.9081723896889615;1.547017094344654;1.4998248063120225;0.25693383162630884,0.2,8,8022,0.979248046875,24.981690382948727,26.282402551900304,1.300712168951577,42.02108503764033,13.131589074262603,4.206780910491943
6,3,0.9536031541266599,1.4807105616629128,0.527107407536253,2.635537037681265,806.8123869350429,1024,12,16,13.714104262913507,16;32;64;128;256;512,13.714104262913507;8.182078532209092;4.731640598676916;1.857967240831856;1.1715446235694242;0.22413726130156036,0.2,8,7927,0.9676513671875,26.282402551900304,26.840378927110578,0.5579763752102735,38.11953228228761,11.912353838214877,4.188369035720825
6,4,1.4807105616629128,2.007817969199166,0.5271074075362532,2.635537037681265,876.7431908157506,1024,12,16,19.5933389248815,16;32;64;128;256;512,19.5933389248815;8.317262508351506;5.6363929789624505;1.511269703952579;1.1686387399471982;0.19081545123175975,0.2,8,7816,0.9541015625,26.840378927110578,27.17694554537593,0.3365666182653513,37.079428507265646,11.587321408520515,4.114519119262695
6,5,2.007817969199166,2.534925376735419,0.5271074075362532,2.635537037681265,926.002673348108,1024,12,16,18.9697019397131,16;32;64;128;256;512,18.9697019397131;7.082561871440858;3.16691918618884;1.105276325219983;1.0720734176900453;0.16568298469347617,0.2,8,7695,0.9393310546875,27.17694554537593,27.449331554496894,0.27238600912096445,35.54674645662637,11.10835826769574,4.460050106048584
6,6,2.534925376735419,2.635537037681265,0.10061166094584584,2.635537037681265,1020.7558993135461,1024,12,16,18.95252541502714,16;32;64;128;256;512,18.95252541502714;6.5289925923707965;4.108569951806524;1.399927838115841;0.6274347425122968;0.08519626478885976,0.2,8,7755,0.9466552734375,27.449331554496894,27.488846696316614,0.039515141819720156,34.98960989214701,10.93425309129594,4.801943063735962
8,1,0.0,0.42360897286725796,0.42360897286725796,2.3518713430395457,512.0000000518476,1024,12,16,19.010071630101418,16;32;64;128;256;512,19.010071630101418;9.417676043384166;6.134722632704315;1.6599358932339066;1.396887121635442;0.17106405219117216,0.2,8,8124,0.99169921875,24.21941023581985,26.68050400122229,2.4610937654024383,47.72972880942878,14.915540252946492,4.1563849449157715
8,2,0.42360897286725796,0.8939832414751672,0.4703742686079092,2.3518713430395457,667.2903459970144,1024,12,16,15.011998278620654,16;32;64;128;256;512,15.011998278620654;6.049352782605256;3.523138963619287;1.1248290279543833;0.8226661307033607;0.14270481756660716,0.2,8,8051,0.9827880859375,26.68050400122229,27.89506725805768,1.2145632568353903,42.93399894000919,13.416874668752872,4.184345006942749
8,3,0.8939832414751672,1.3643575100830763,0.4703742686079091,2.3518713430395457,806.3079907418532,1024,12,16,14.555305431606516,16;32;64;128;256;512,14.555305431606516;6.691437700212264;6.091160448592087;1.9963408031282783;1.0876677114357425;0.1912728951204776,0.2,8,7941,0.9693603515625,27.89506725805768,28.606921839040297,0.7118545809826173,38.7559418844822,12.111231838900686,4.074476003646851
8,4,1.3643575100830763,1.8347317786909854,0.4703742686079091,2.3518713430395457,898.0266025188155,1024,12,16,16.311084213375793,16;32;64;128;256;512,16.311084213375793;8.300820309954407;3.939430505761549;1.2102546855737601;0.908480201785777;0.08449779446382072,0.2,8,7874,0.961181640625,28.606921839040297,28.955740961973788,0.3488191229334916,37.767918004273916,11.802474376335597,4.290700912475586
8,5,1.8347317786909854,2.3051060472988945,0.4703742686079091,2.3518713430395457,934.9823625502019,1024,12,16,19.669267828276364,16;32;64;128;256;512,19.669267828276364;4.8419044878686535;3.9497747689444833;1.146448256527149;0.45032369428614;0.16123808225952824,0.2,8,7691,0.9388427734375,28.955740961973788,29.18104877165024,0.22530780967645114,36.256243426679845,11.330076070837451,4.336010932922363
8,6,2.3051060472988945,2.3518713430395457,0.04676529574065125,2.3518713430395457,1023.2037605785697,1024,12,16,18.05380381817205,16;32;64;128;256;512,18.05380381817205;5.201255196382824;4.444779048397316;0.943294403628257;0.9659286691828702;0.14629359242872073,0.2,8,7707,0.9407958984375,29.18104877165024,29.227413288506796,0.04636451685655629,35.47733655453108,11.086667673290961,4.437524080276489
10,1,0.0,0.3944832821752492,0.3944832821752492,2.7002890638367787,512.0000000336363,1024,12,16,26.702586092085937,16;32;64;128;256;512,26.702586092085937;9.352776487023213;5.536983071062142;1.6330319103374726;1.5205846006389838;0.25007567845481193,0.2,8,8114,0.990478515625,25.26501235383148,27.78780938867203,2.5227970348405506,46.56835020953112,14.552609440478474,4.102946996688843
10,2,0.3944832821752492,0.934541094942605,0.5400578127673558,2.7002890638367787,588.4855593535532,1024,12,16,18.895763104566786,16;32;64;128;256;512,18.895763104566786;5.786430043888031;4.33366685788567;1.86701197339486;1.3151795977589793;0.1567818269462728,0.2,8,8042,0.981689453125,27.78780938867203,29.269544521186617,1.4817351325145864,42.985780436572014,13.433056386428754,4.217548131942749
10,3,0.934541094942605,1.4745989077099608,0.5400578127673559,2.7002890638367787,783.8855067883732,1024,12,16,27.721208232010888,16;32;64;128;256;512,27.721208232010888;9.756196036262038;6.420745686784855;2.1737504366358986;1.9459910799692954;0.19584924992919917,0.2,8,7925,0.9674072265625,29.269544521186617,29.958826500936993,0.6892819797503762,39.52460856678527,12.351440177120395,4.250317096710205
10,4,1.4745989077099608,2.0146567204773165,0.5400578127673556,2.7002890638367787,876.0037054975272,1024,12,16,17.09942854937449,16;32;64;128;256;512,17.09942854937449;7.2142607017052285;5.075025191170295;1.56118436852902;0.5050469387934651;0.12437235060832476,0.2,8,7787,0.9505615234375,29.958826500936993,30.29172985508194,0.3329033541449462,36.672089134823395,11.46002785463231,4.369373798370361
10,5,2.0146567204773165,2.554714533244672,0.5400578127673556,2.7002890638367787,928.3423406913608,1024,12,16,10.565327703964673,16;32;64;128;256;512,10.565327703964673;5.853540107677599;3.895119859905346;1.1928141723512748;0.7407230933251433;0.08412087986486588,0.2,8,7715,0.9417724609375,30.29172985508194,30.524798488128,0.2330686330460594,35.90249736261166,11.219530425816144,4.410597085952759
10,6,2.554714533244672,2.7002890638367787,0.14557453059210657,2.7002890638367787,1017.4295916204278,1024,12,16,18.34635106535108,16;32;64;128;256;512,18.34635106535108;6.640969223693666;3.350591689555403;1.2908772755657199;0.5907784027146022;0.13559968662417068,0.2,8,7701,0.9400634765625,30.524798488128,30.577327045117272,0.052528556989273056,35.23069023389049,11.009590698090777,4.129577159881592
12,1,0.0,0.37853735482030715,0.37853735482030715,2.275507374444859,512.0000004009639,1024,12,16,22.011954759387322,16;32;64;128;256;512,22.011954759387322;10.812758604636743;5.448510585216278;1.6739252902519313;1.5833491817720553;0.2351242227674357,0.2,8,8115,0.9906005859375,26.31646539562098,28.664543435570522,2.3480780399495416,46.17581746865143,14.429942958953571,4.140683174133301
12,2,0.37853735482030715,0.8336388297092789,0.4551014748889718,2.275507374444859,654.9916994193545,1024,12,16,20.029825333044027,16;32;64;128;256;512,20.029825333044027;7.673868036857607;5.260929043592905;1.6164717035369482;1.2321309369394664;0.2452309232805743,0.2,8,8056,0.9833984375,28.664543435570522,30.049678255112667,1.3851348195421451,43.056930573374885,13.45529080417965,4.5332419872283936
12,3,0.8336388297092789,1.2887403045982508,0.4551014748889719,2.275507374444859,805.8174264767313,1024,12,16,22.855420802340404,16;32;64;128;256;512,22.855420802340404;8.152043685870522;5.451630545696641;1.4694341048865411;1.0892127944490293;0.32497379732388837,0.2,8,7951,0.9705810546875,30.049678255112667,30.750704423277057,0.7010261681643897,40.636937742557,12.699043044549063,4.054959058761597
12,4,1.2887403045982508,1.7438417794872225,0.4551014748889717,2.275507374444859,883.0416824136502,1024,12,16,18.014505060938085,16;32;64;128;256;512,18.014505060938085;6.06880145006983;4.178652101314062;1.716818973700455;0.5038683654398401;0.2732084364634854,0.2,8,7865,0.9600830078125,30.750704423277057,31.188285373253166,0.43758094997610897,38.22155682426921,11.944236507584126,4.234148025512695
12,5,1.7438417794872225,2.198943254376194,0.4551014748889717,2.275507374444859,937.7757254786841,1024,12,16,21.28756520806356,16;32;64;128;256;512,21.28756520806356;11.522021395918497;4.391306539300821;1.6831967548445763;1.5122387278618281;0.13436274480515353,0.2,8,7728,0.943359375,31.188285373253166,31.38413779412076,0.19585242086759536,35.61995382051111,11.13123556890972,4.461400985717773
12,6,2.198943254376194,2.275507374444859,0.07656412006866464,2.275507374444859,1021.1057323829872,1024,12,16,10.827149699727649,16;32;64;128;256;512,10.827149699727649;4.104321799902116;2.785695025663247;1.396258358353068;0.884763233937895;0.054780995900396645,0.2,8,7719,0.9422607421875,31.38413779412076,31.43076717814256,0.046629384021798614,36.27156965006678,11.334865515645868,4.440298080444336
14,1,0.0,0.4020407702219576,0.4020407702219576,2.8043758274762256,512.0000004571666,1024,12,16,15.989239123881328,16;32;64;128;256;512,15.989239123881328;7.374153535440443;3.616892100639326;1.3739118378057864;0.9880637658197241;0.16167500719970632,0.2,8,8097,0.9884033203125,24.93881665869958,27.44759358650481,2.508776927805229,46.91805071529185,14.661890848528701,4.142982006072998
14,2,0.4020407702219576,0.9629159357172028,0.5608751654952452,2.8043758274762256,589.2752037195618,1024,12,16,24.370897984801534,16;32;64;128;256;512,24.370897984801534;7.36106568976732;5.4484051821754065;1.7394000117499149;1.196635323493484;0.27266351697883595,0.2,8,8044,0.98193359375,27.44759358650481,28.883488908475556,1.4358953219707473,41.352761788576196,12.92273805893006,4.812713861465454
14,3,0.9629159357172028,1.5237911012124479,0.5608751654952451,2.8043758274762256,773.2027773108105,1024,12,16,18.325319512669637,16;32;64;128;256;512,18.325319512669637;9.084716531111557;2.7561200246478625;1.777987593808385;1.1247505961600055;0.19767741922073043,0.2,8,7901,0.9644775390625,28.883488908475556,29.553189788290183,0.6697008798146271,38.72658944588699,12.102059201839683,4.376595973968506
14,4,1.5237911012124479,2.084666266707693,0.5608751654952453,2.8043758274762256,866.4873804292921,1024,12,16,24.42589868968151,16;32;64;128;256;512,24.42589868968151;8.44718572828231;3.868395199890987;1.6566898980979974;1.3638202978408458;0.1625153677874735,0.2,8,7746,0.945556640625,29.553189788290183,29.904715996453888,0.3515262081637047,35.81370977588463,11.191784304963948,4.331506967544556
14,5,2.084666266707693,2.6455414322029385,0.5608751654952453,2.8043758274762256,921.1687887496769,1024,12,16,18.17232487666809,16;32;64;128;256;512,18.17232487666809;3.9813463621510508;2.34211401725299;0.9271878438142911;0.8307526740792792;0.1190010349838918,0.2,8,7705,0.9405517578125,29.904715996453888,30.15427645856107,0.2495604621071834,34.4600128033899,10.768754001059344,4.320756912231445
14,6,2.6455414322029385,2.8043758274762256,0.15883439527328713,2.8043758274762256,1016.785535964884,1024,12,16,23.376076741984672,16;32;64;128;256;512,23.376076741984672;6.904748491351361;2.63241903015558;1.2251049027671448;0.8326563649697944;0.1589245121813352,0.2,8,7649,0.9337158203125,30.15427645856107,30.185646224446828,0.03136976588575635,34.89409748804093,10.90440546501279,4.383056879043579
16,1,0.0,0.39895988997229587,0.39895988997229587,2.865274928047977,512.0000006110395,1024,12,16,24.859731806041342,16;32;64;128;256;512,24.859731806041342;10.286956786602037;6.278151401530752;1.9327359336427348;1.8902155025581362;0.29908956127892117,0.2,8,8121,0.9913330078125,25.271611142044094,27.66007228871331,2.388461146669215,47.150218644353046,14.734443326360326,4.074184894561768
16,2,0.3989598899722959,0.9720148755818914,0.5730549856095954,2.865274928047977,580.3894446780101,1024,12,16,21.823522984206342,16;32;64;128;256;512,21.823522984206342;8.660642569335693;5.699637275636589;1.5175587804226454;1.4286213000665022;0.24731040782676614,0.2,8,8008,0.9775390625,27.66007228871331,29.201947599662162,1.5418753109488534,40.46526630520588,12.645395720376836,4.222161054611206
16,3,0.9720148755818914,1.5450698611914868,0.5730549856095954,2.865274928047977,773.4241956631492,1024,12,16,18.61659594943973,16;32;64;128;256;512,18.61659594943973;5.717149731223958;4.464387380846813;1.2540026427226387;0.6131193925973668;0.2634564139841173,0.2,8,7877,0.9615478515625,29.201947599662162,29.84450975163236,0.6425621519701963,38.58971354491932,12.059285482787287,4.299052000045776
16,4,1.5450698611914868,2.1181248468010825,0.5730549856095957,2.865274928047977,862.1352351226881,1024,12,16,22.522754587855676,16;32;64;128;256;512,22.522754587855676;8.469608490109264;4.618252406734443;1.455804473480331;0.7869157391723883;0.1603617691093079,0.2,8,7755,0.9466552734375,29.84450975163236,30.239602641842794,0.39509289021043514,36.3348316770596,11.354634899081123,4.17950701713562
16,5,2.1181248468010825,2.691179832410678,0.5730549856095957,2.865274928047977,919.6240776138789,1024,12,16,16.87030770961215,16;32;64;128;256;512,16.87030770961215;6.379110344554508;5.17764471487385;1.8938247161951376;1.6367481453981492;0.07493374099090162,0.2,8,7645,0.9332275390625,30.239602641842794,30.456543823536776,0.2169411816939828,35.663438897745856,11.144824655545579,4.121642112731934
16,6,2.691179832410678,2.865274928047977,0.17409509563729886,2.865274928047977,1015.69098171598,1024,12,16,14.68762597687893,16;32;64;128;256;512,14.68762597687893;3.913482747398872;2.7827942840491624;0.8724366068909745;0.6423994605883937;0.10084005910590924,0.2,8,7652,0.93408203125,30.456543823536776,30.496297298752324,0.03975347521554795,34.831221402517556,10.884756688286735,4.449257850646973
18,1,0.0,0.3570882610808306,0.3570882610808306,2.902313532680015,512.000000128638,1024,12,16,25.861842452428387,16;32;64;128;256;512,25.861842452428387;12.715160806408509;7.233865929957309;2.587570661364772;1.7249710384670007;0.20940576337384567,0.2,8,8126,0.991943359375,29.601787366895223,32.31200017950323,2.710212812608006,49.3126266680999,15.410195833781218,4.326166152954102
18,2,0.3570882610808306,0.9346029725349434,0.5775147114541128,2.902313532680015,512.000000013943,1024,12,16,29.44329316480499,16;32;64;128;256;512,29.44329316480499;7.012085515201558;5.169434280108025;1.6366347186124175;1.9906645256942908;0.19504276929750203,0.2,8,8030,0.980224609375,32.31200017950323,34.19142465791083,1.8794244784076,42.110812907168906,13.159629033490283,4.199758052825928
18,3,0.9346029725349434,1.5150656790709465,0.5804627065360031,2.902313532680015,754.0020859996959,1024,12,16,20.741800945341495,16;32;64;128;256;512,20.741800945341495;7.516406246254636;4.982278717416525;1.6718826227918466;0.9203187933215445;0.2447748290944417,0.2,8,7918,0.966552734375,34.19142465791083,34.932871545199305,0.7414468872884754,38.64704433832276,12.077201355725862,4.366024971008301
18,4,1.5150656790709465,2.0955283856069498,0.5804627065360033,2.902313532680015,854.3168321224559,1024,12,16,11.139760408689362,16;32;64;128;256;512,11.139760408689362;6.068822530996996;3.2330078310678987;1.6231389705520252;0.9467419351802531;0.2760866814673416,0.2,8,7771,0.9486083984375,34.932871545199305,35.384148911136435,0.4512773659371305,37.498742270637074,11.718356959574084,4.266252040863037
18,5,2.0955283856069498,2.6759910921429526,0.5804627065360028,2.902313532680015,915.8748635911255,1024,12,16,16.897389274247764,16;32;64;128;256;512,16.897389274247764;7.243115979917348;4.4381345924660325;1.64409567140488;0.9107511531972249;0.11928500008532524,0.2,8,7677,0.9371337890625,35.384148911136435,35.61408943956485,0.22994052842841484,34.57470978626682,10.804596808208382,4.382427930831909
18,6,2.6759910921429526,2.902313532680015,0.22632244053706252,2.902313532680015,1010.4383150008183,1024,12,16,18.984520521750195,16;32;64;128;256;512,18.984520521750195;6.051853160591382;4.1190376594484395;1.4127024408595081;0.8102392095010897;0.19029383244298148,0.2,8,7586,0.926025390625,35.61408943956485,35.67249439220177,0.058404952636919916,34.5886106524538,10.808940828891812,4.3680150508880615
20,1,0.0,0.3593302143567856,0.3593302143567856,2.617814653862154,512.0000005674906,1024,12,16,25.361609029274224,16;32;64;128;256;512,25.361609029274224;8.409558748251111;6.057140114782522;2.3228838314087175;1.4361961470682088;0.28106906148814453,0.2,8,8122,0.991455078125,30.603528663352336,33.26891617575711,2.6653875124047772,46.12067219493849,14.412710060918279,4.3752360343933105
20,2,0.3593302143567856,0.8828931451292164,0.5235629307724308,2.617814653862154,569.3474920992787,1024,12,16,25.471416224148058,16;32;64;128;256;512,25.471416224148058;9.047202001342859;4.929496606172244;2.25346862238942;1.5026187400212478;0.24221238598932793,0.2,8,8026,0.979736328125,33.26891617575711,34.87650301344547,1.607586837688359,42.41557065492155,13.254865829662984,4.177510023117065
20,3,0.8828931451292164,1.4064560759016471,0.5235629307724308,2.617814653862154,772.7383162316323,1024,12,16,25.99816277114688,16;32;64;128;256;512,25.99816277114688;8.01529676116918;4.036548196919679;1.501820174341581;1.3910311407220555;0.15414652659750164,0.2,8,7912,0.9658203125,34.87650301344547,35.635497405517526,0.7589943920720543,39.46235204278822,12.331985013371318,4.196581840515137
20,4,1.4064560759016471,1.9300190066740779,0.5235629307724308,2.617814653862154,872.326747391589,1024,12,16,20.923071307864046,16;32;64;128;256;512,20.923071307864046;9.620359426123771;4.249515059624332;1.5912334918207878;1.2582737220099696;0.15593236639967223,0.2,8,7804,0.95263671875,35.635497405517526,35.992314009366964,0.35681660384943825,37.406830355160174,11.689634485987554,4.545414924621582
20,5,1.9300190066740779,2.4535819374465087,0.5235629307724308,2.617814653862154,917.3475235692579,1024,12,16,18.66944132249803,16;32;64;128;256;512,18.66944132249803;7.588118254815621;4.976075420317949;1.7728737125664058;1.035480663051957;0.14337722888345306,0.2,8,7711,0.9412841796875,35.992314009366964,36.25976226609055,0.26744825672358274,35.50881374746818,11.096504296083806,4.093149900436401
20,6,2.4535819374465087,2.617814653862154,0.16423271641564519,2.617814653862154,1015.0934067184627,1024,12,16,16.46654661318683,16;32;64;128;256;512,16.46654661318683;7.077305149451565;3.7092987582624475;0.9744869394523562;1.1444994668975983;0.16328634666469258,0.2,8,7671,0.9364013671875,36.25976226609055,36.321669050674245,0.06190678458369803,35.40993618390214,11.065605057469417,4.164681911468506
22,1,0.0,0.3519072937945187,0.3519072937945187,2.69042099946887,512.0000000734435,1024,12,16,21.16468566670001,16;32;64;128;256;512,21.16468566670001;10.539863392436567;4.915477521946669;1.9242510918834146;1.3928409179860373;0.24291862121786667,0.2,8,8115,0.9906005859375,29.78363055916998,32.51198747809394,2.7283569189239643,48.1449183223915,15.045286975747342,4.344388961791992
22,2,0.3519072937945187,0.8899914936882927,0.538084199893774,2.69042099946887,567.3867992232024,1024,12,16,15.450619877877553,16;32;64;128;256;512,15.450619877877553;5.6877488882092315;3.7304265304434674;1.3588674202360485;0.9666191269170147;0.18040755252391477,0.2,8,8062,0.984130859375,32.51198747809394,34.109584126781556,1.5975966486876132,42.21021134559469,13.19069104549834,4.103060007095337
22,3,0.8899914936882927,1.4280756935820667,0.538084199893774,2.69042099946887,745.1468081100788,1024,12,16,17.86122734964702,16;32;64;128;256;512,17.86122734964702;9.290238591258364;3.584454560217981;1.541705371736414;0.9002141271125202;0.24185028516204815,0.2,8,7898,0.964111328125,34.109584126781556,34.94576046883594,0.8361763420543866,39.522176171807104,12.35068005368972,4.060595989227295
22,4,1.4280756935820667,1.9661598934758406,0.538084199893774,2.69042099946887,864.3228828923815,1024,12,16,16.06522321626765,16;32;64;128;256;512,16.06522321626765;4.7983751325212305;3.131315798977168;1.2979438359451914;0.9411250881308216;0.12948301975205492,0.2,8,7824,0.955078125,34.94576046883594,35.323214117699536,0.3774536488635931,37.874210336235066,11.835690730073457,4.091096878051758
22,5,1.9661598934758406,2.5042440933696146,0.538084199893774,2.69042099946887,920.4543742979553,1024,12,16,17.19554569090878,16;32;64;128;256;512,17.19554569090878;7.288854154250926;2.9456384198255336;1.353825142729738;0.5338059197632393;0.08364914411016024,0.2,8,7668,0.93603515625,35.323214117699536,35.56461777242657,0.24140365472703706,36.05170837456338,11.266158867051056,4.120789051055908
22,6,2.5042440933696146,2.69042099946887,0.1861769060992553,2.69042099946887,1013.7330436277967,1024,12,16,17.982512855672994,16;32;64;128;256;512,17.982512855672994;7.0512878091593265;2.2318318671498796;1.4394285357128063;0.7581208291584343;0.1036119067573341,0.2,8,7708,0.94091796875,35.56461777242657,35.67743973931647,0.11282196688989643,35.627073832727305,11.133460572727282,4.122574806213379
24,1,0.0,0.34329240935139776,0.34329240935139776,2.471864092237852,512.000000589634,1024,12,16,20.3378184913743,16;32;64;128;256;512,20.3378184913743;8.955489098318877;5.7907285404529505;2.131767827129082;1.4662628475323007;0.3180650547833741,0.2,8,8118,0.990966796875,32.37374066315533,35.24638495940599,2.8726442962506553,48.431262005733686,15.134769376791777,4.410676956176758
24,2,0.34329240935139776,0.8376652277989682,0.4943728184475705,2.471864092237852,570.4955404495021,1024,12,16,18.424915236292264,16;32;64;128;256;512,18.424915236292264;10.188466559129036;3.992094901391208;1.3115370496321448;1.0891111152899642;0.1911279534904438,0.2,8,8043,0.9818115234375,35.24638495940599,37.06246766840923,1.8160827090032399,42.04555395177648,13.13923560993015,4.364221096038818
24,3,0.8376652277989682,1.3320380462465387,0.4943728184475704,2.471864092237852,787.1169579951033,1024,12,16,24.38356865401205,16;32;64;128;256;512,24.38356865401205;9.735748193412888;6.2483479930003964;1.768208915445626;2.0335388317560255;0.19642570601630985,0.2,8,7919,0.9666748046875,37.06246766840923,37.77776426382479,0.7152965954155661,39.42899640450638,12.321561376408242,4.109353065490723
24,4,1.3320380462465387,1.826410864694109,0.4943728184475704,2.471864092237852,878.6671351832393,1024,12,16,20.995699275355147,16;32;64;128;256;512,20.995699275355147;6.780793935651184;4.76032518377301;1.160772535570949;0.7055751307920932;0.15214795407886492,0.2,8,7819,0.9544677734375,37.77776426382479,38.135337677405914,0.3575734135811217,38.24536228224296,11.951675713200924,4.506672143936157
24,5,1.826410864694109,2.3207836831416797,0.49437281844757064,2.471864092237852,923.8711775473882,1024,12,16,16.933637074183068,16;32;64;128;256;512,16.933637074183068;6.242172003474671;3.4224585950376154;0.6532604290908403;0.9047056383381533;0.1322492732905687,0.2,8,7679,0.9373779296875,38.135337677405914,38.44280687684659,0.30746919944067486,36.61446029281515,11.442018841504735,4.219172954559326
24,6,2.3207836831416797,2.471864092237852,0.15108040909617237,2.471864092237852,1015.6430424112506,1024,12,16,23.332315061975084,16;32;64;128;256;512,23.332315061975084;7.24782015712737;6.3193541371964645;1.4290249792849654;1.514534131339237;0.1329211151249191,0.2,8,7665,0.9356689453125,38.44280687684659,38.516041338065406,0.07323446121881716,35.82960099961432,11.196750312379475,4.133906126022339
26,1,0.0,0.30692059071170763,0.30692059071170763,2.360685990980497,512.0000007014578,1024,12,16,22.721264249823037,16;32;64;128;256;512,22.721264249823037;12.64475229258321;6.496407766991401;1.9951445565782338;1.605068156649713;0.28707446349084165,0.2,8,8129,0.9923095703125,33.52837118275602,36.59632859190606,3.06795740915004,47.77342416625037,14.92919505195324,4.379617929458618
26,2,0.30692059071170763,0.779057788907807,0.47213719819609934,2.360685990980497,547.2827520068139,1024,12,16,15.742060893272775,16;32;64;128;256;512,15.742060893272775;7.579340879471013;3.9032943593854665;1.520418606887124;0.9064243010649721;0.2389305936641055,0.2,8,8056,0.9833984375,36.59632859190606,38.56632493349025,1.9699963415841921,43.146348277752224,13.48323383679757,4.17771315574646
26,3,0.779057788907807,1.2511949871039063,0.47213719819609934,2.360685990980497,776.2322034010273,1024,12,16,20.85692872572822,16;32;64;128;256;512,20.85692872572822;7.036004010346518;5.899478336917669;2.165781875212829;1.4302546239146874;0.2587333634200669,0.2,8,7952,0.970703125,38.56632493349025,39.32742549040995,0.7611005569197005,40.37841665449658,12.61825520453018,4.245651960372925
26,4,1.2511949871039063,1.7233321853000056,0.47213719819609934,2.360685990980497,872.7792101954267,1024,12,16,13.476119212892076,16;32;64;128;256;512,13.476119212892076;4.854219056038185;4.048098196630672;0.9161723295460117;0.9257603645531535;0.16467271908608694,0.2,8,7873,0.9610595703125,39.32742549040995,39.80221179316868,0.47478630275873,38.97924759342549,12.181014872945465,4.196729898452759
26,5,1.7233321853000056,2.195469383496105,0.47213719819609956,2.360685990980497,932.0528732439709,1024,12,16,17.581448379687608,16;32;64;128;256;512,17.581448379687608;5.338460472283809;3.6712393696346157;0.6525761256094683;0.4899899491044683;0.14516087995102356,0.2,8,7737,0.9444580078125,39.80221179316868,40.04679193440825,0.24458014123956673,36.69864820067368,11.468327562710524,4.223253965377808
26,6,2.195469383496105,2.360685990980497,0.1652166074843917,2.360685990980497,1013.050819673164,1024,12,16,12.622991432015166,16;32;64;128;256;512,12.622991432015166;5.459271080638617;3.8306960943094595;0.9588254725167764;1.2065644168974126;0.1387113268605579,0.2,8,7719,0.9422607421875,40.04679193440825,40.110221440932946,0.06342950652469881,35.46109819943592,11.081593187323723,4.566766977310181
28,1,0.0,0.3115649322310773,0.3115649322310773,2.3574517292686004,512.00000017392,1024,12,16,26.823936646235815,16;32;64;128;256;512,26.823936646235815;11.27428763484689;8.106699119204343;2.8520378612345754;2.0999718651546293;0.23335441638274992,0.2,8,8124,0.99169921875,34.86757868670975,37.78495451097842,2.9173758242686745,48.20704589440016,15.06470184200005,4.131547927856445
28,2,0.3115649322310773,0.7830552780847974,0.47149034585372007,2.3574517292686004,561.2818751870295,1024,12,16,18.768415763363244,16;32;64;128;256;512,18.768415763363244;9.586854743972765;4.973873729068481;1.401855135789389;0.9840729991806683;0.2311760620478103,0.2,8,8044,0.98193359375,37.78495451097842,39.81524877465563,2.030294263677206,42.32977642344292,13.228055132325913,4.172551155090332
28,3,0.7830552780847974,1.2545456239385175,0.4714903458537202,2.3574517292686004,789.3917427658117,1024,12,16,21.119318604870152,16;32;64;128;256;512,21.119318604870152;5.586038829229539;4.7293256106220465;1.10774650534849;1.0211794846070885;0.12787580713533533,0.2,8,7942,0.969482421875,39.81524877465563,40.56624731849297,0.7509985438373405,40.21640484302163,12.567626513444258,4.12241005897522
28,4,1.2545456239385175,1.7260359697922376,0.47149034585372007,2.3574517292686004,880.1015244889827,1024,12,16,20.701866074254912,16;32;64;128;256;512,20.701866074254912;4.74484233739944;4.833516262899247;1.0110024496422565;1.2336688892159378;0.12541598863078218,0.2,8,7835,0.9564208984375,40.56624731849297,40.982016192429,0.415768873936031,38.610234016694555,12.065698130217047,4.2041239738464355
28,5,1.7260359697922376,2.1975263156459577,0.47149034585372007,2.3574517292686004,932.9446826956405,1024,12,16,18.228116923060888,16;32;64;128;256;512,18.228116923060888;5.101408564881414;4.873705829983122;1.0902449734444557;1.2366823328623784;0.18688145857292351,0.2,8,7707,0.9407958984375,40.982016192429,41.26811881142203,0.28610261899302714,35.54517113298086,11.107865979056518,4.085216045379639
28,6,2.1975263156459577,2.3574517292686004,0.15992541362264268,2.3574517292686004,1015.0443206555954,1024,12,16,23.17068060547236,16;32;64;128;256;512,23.17068060547236;6.876469344146612;5.5706851233958785;1.3091915251957331;0.9702212701973301;0.17631682390103712,0.2,8,7675,0.9368896484375,41.26811881142203,41.27757668189588,0.009457870473852381,36.160461001461854,11.300144062956829,4.1698830127716064
30,1,0.0,0.3025548866070522,0.3025548866070522,2.2539149767634767,512.0000005635516,1024,12,16,16.999381394397545,16;32;64;128;256;512,16.999381394397545;8.34031885406319;5.4194943959246675;1.9166912888673984;1.3290666466316206;0.24101846144938285,0.2,8,8125,0.9918212890625,35.7787947287361,39.05516374061699,3.276369011880888,47.96997371608061,14.99061678627519,4.059258937835693
30,2,0.3025548866070522,0.7533378819597476,0.4507829953526954,2.2539149767634767,577.1692375337497,1024,12,16,18.369416075354305,16;32;64;128;256;512,18.369416075354305;6.386024302150753;4.195481476663634;1.442150716074775;1.0101822345787477;0.12091731128505709,0.2,8,8042,0.981689453125,39.05516374061699,40.95858156745817,1.9034178268411779,42.89508812778807,13.404715039933771,4.429063081741333
30,3,0.7533378819597476,1.204120877312443,0.4507829953526954,2.2539149767634767,783.6301090857137,1024,12,16,22.76631924090893,16;32;64;128;256;512,22.76631924090893;9.461995261464317;6.37455425016333;1.8796566685281824;1.8701328960236219;0.15278074734747293,0.2,8,7944,0.9697265625,40.95858156745817,41.78135851061961,0.8227769431614433,39.35328835955088,12.29790261235965,4.419532060623169
30,4,1.204120877312443,1.6549038726651384,0.4507829953526954,2.2539149767634767,885.8598449954225,1024,12,16,23.014497988041153,16;32;64;128;256;512,23.014497988041153;10.884737620412947;5.132290309690572;1.32877229433214;1.284655732903947;0.1788336773475715,0.2,8,7840,0.95703125,41.78135851061961,42.191879969788715,0.41052145916910376,38.722928856402646,12.100915267625826,4.385653018951416
30,5,1.6549038726651384,2.105686868017834,0.4507829953526956,2.2539149767634767,934.4672065217366,1024,12,16,16.444555487137578,16;32;64;128;256;512,16.444555487137578;5.828615129608465;3.30682802482551;1.4527850332328465;0.7293418421041578;0.0938590741202517,0.2,8,7752,0.9462890625,42.191879969788715,42.40168990622624,0.209809936437523,36.9549484518797,11.548421391212406,4.1352269649505615
30,6,2.105686868017834,2.2539149767634767,0.14822810874564274,2.2539149767634767,1015.4349383994311,1024,12,16,20.0022723868885,16;32;64;128;256;512,20.0022723868885;8.451171977920316;3.994387930367434;1.1835709896895197;1.0353975306661627;0.14894554093320392,0.2,8,7684,0.93798828125,42.40168990622624,42.46288257572451,0.061192669498268515,36.17854892750082,11.305796539844005,4.222563982009888
32,1,0.0,0.3051892958527899,0.3051892958527899,2.5686631358580305,512.0000004100934,1024,12,16,20.207740530958297,16;32;64;128;256;512,20.207740530958297;6.766034413390006;5.9549160606453215;1.6796035183455131;1.3050192745650826;0.17730871099820758,0.2,8,8122,0.991455078125,36.72151236321952,39.782010262977565,3.0604978997580474,48.75410090750305,15.235656533594703,4.383565187454224
32,2,0.30518929585279,0.818921923024396,0.5137326271716061,2.5686631358580305,538.0177870071666,1024,12,16,19.921069487679517,16;32;64;128;256;512,19.921069487679517;9.685767046846719;6.728288898120934;2.206653836174293;1.9544076437639326;0.16426169106873773,0.2,8,8030,0.980224609375,39.782010262977565,41.80839430479682,2.026384041819256,42.10603929702794,13.158137280321231,4.384610891342163
32,3,0.818921923024396,1.3326545501960023,0.5137326271716063,2.5686631358580305,764.6263844139941,1024,12,16,26.687230883304316,16;32;64;128;256;512,26.687230883304316;11.079335989098926;4.821590677487025;1.1223265400283329;1.0953911083415928;0.1821434869386231,0.2,8,7908,0.96533203125,41.80839430479682,42.657157035398996,0.848762730602175,39.83755606454429,12.44923627017009,4.139179944992065
32,4,1.3326545501960023,1.8463871773676086,0.5137326271716063,2.5686631358580305,875.6109717695598,1024,12,16,17.500077405313313,16;32;64;128;256;512,17.500077405313313;9.579685586901192;3.7015705090616104;1.6358979460988605;1.2347774928414903;0.13912939189614928,0.2,8,7816,0.9541015625,42.657157035398996,43.046144275635015,0.3889872402360197,38.42788666934821,12.008714584171315,4.221822023391724
32,5,1.8463871773676086,2.360119804539215,0.5137326271716063,2.5686631358580305,921.4695212399456,1024,12,16,20.207258610944034,16;32;64;128;256;512,20.207258610944034;9.434558600798246;5.195947303323883;1.6543161936470832;1.2245279708336254;0.08265399323275122,0.2,8,7676,0.93701171875,43.046144275635015,43.2860247004719,0.23988042483688332,36.56844402484635,11.427638757764484,4.475980043411255
32,6,2.360119804539215,2.5686631358580305,0.20854333131881564,2.5686631358580305,1010.018575736269,1024,12,16,18.690738596159385,16;32;64;128;256;512,18.690738596159385;7.503380344374363;4.956650161430428;1.3523972491796739;1.2043050340438028;0.14849165328895345,0.2,8,7655,0.9344482421875,43.2860247004719,43.37577055481961,0.08974585434771143,35.93087913185133,11.22839972870354,4.227138042449951
34,1,0.0,0.2892529099968786,0.2892529099968786,2.2251768408972836,512.0000005652505,1024,12,16,28.260896769748513,16;32;64;128;256;512,28.260896769748513;9.750931518324602;7.156399543601673;1.9079663214793599;1.5986008937622702;0.2624377688635716,0.2,8,8132,0.99267578125,38.4382817670994,41.741269779828144,3.302988012728747,48.50042797431358,15.156383741972993,4.237446069717407
34,2,0.2892529099968786,0.7342882781763354,0.44503536817945677,2.2251768408972836,572.0220689372378,1024,12,16,26.442014860382514,16;32;64;128;256;512,26.442014860382514;7.8959621407145795;6.304095647509979;2.065665302658257;1.4427556922160767;0.13490496333595783,0.2,8,8033,0.9805908203125,41.741269779828144,43.915234709420474,2.17396492959233,43.56459066912889,13.613934584102777,4.602248191833496
34,3,0.7342882781763354,1.1793236463557921,0.44503536817945677,2.2251768408972836,793.4025006876044,1024,12,16,24.617605247859593,16;32;64;128;256;512,24.617605247859593;7.238648394469013;4.937220892693756;1.4365488934699848;1.1116816815156005;0.18692849761277197,0.2,8,7912,0.9658203125,43.915234709420474,44.78536281295237,0.8701281035318971,39.8571483992142,12.455358874754438,4.172216892242432
34,4,1.1793236463557921,1.624359014535249,0.44503536817945677,2.2251768408972836,891.6843965268068,1024,12,16,11.407949120974866,16;32;64;128;256;512,11.407949120974866;5.888554529955214;1.7013081496335358;1.684402995844388;0.7488726275935427;0.15124179464772422,0.2,8,7830,0.955810546875,44.78536281295237,45.15179020960932,0.36642739665694535,38.21176844258482,11.941177638307755,4.183830976486206
34,5,1.624359014535249,2.0693943827147057,0.44503536817945677,2.2251768408972836,933.0778812668216,1024,12,16,23.916123799008762,16;32;64;128;256;512,23.916123799008762;7.021102491773315;5.710461075883915;0.8681965639671613;0.9338902044348708;0.38151974124119203,0.2,8,7710,0.941162109375,45.15179020960932,45.36733898910461,0.21554877949529327,37.5054285990084,11.720446437190123,4.1641058921813965
34,6,2.0693943827147057,2.2251768408972836,0.15578245818257797,2.2251768408972836,1013.2564942700287,1024,12,16,12.63407610487562,16;32;64;128;256;512,12.63407610487562;8.04969416044687;3.3711794485384416;1.237922196877486;0.7612991680928163;0.13634644533813964,0.2,8,7707,0.9407958984375,45.36733898910461,45.47480511650792,0.1074661274033133,36.69287812691289,11.466524414660277,4.228291034698486
36,1,0.0,0.28163889446318674,0.28163889446318674,2.03142709640755,512.0000003608488,1024,12,16,26.36144849278305,16;32;64;128;256;512,26.36144849278305;9.444367311722717;6.9034866075281425;2.1542195027024156;1.7339677292791478;0.3567322541379979,0.2,8,8127,0.9920654296875,39.484638847148744,42.83629975706572,3.3516609099169727,48.43119858471525,15.134749557723515,4.340425968170166
36,2,0.28163889446318674,0.6879243137446966,0.4062854192815099,2.03142709640755,588.4177808255922,1024,12,16,23.638372278457908,16;32;64;128;256;512,23.638372278457908;10.842053049084614;5.322105555981878;1.7258340189712607;1.4598372023151784;0.1506215903906934,0.2,8,8028,0.97998046875,42.83629975706572,45.046530027873814,2.210230270808097,44.4473579113472,13.889799347295998,4.10399603843689
36,3,0.6879243137446966,1.0942097330262066,0.40628541928150996,2.03142709640755,813.7686763259429,1024,12,16,15.527311079818151,16;32;64;128;256;512,15.527311079818151;5.8856492253800745;4.529119273124335;0.9527252451844277;0.7173678158426411;0.23476618774441085,0.2,8,7969,0.9727783203125,45.046530027873814,45.84360318869585,0.7970731608220376,40.60168741763176,12.688027318009924,4.207408905029297
36,4,1.0942097330262066,1.5004951523077166,0.40628541928150996,2.03142709640755,896.9386961322552,1024,12,16,18.39550288770978,16;32;64;128;256;512,18.39550288770978;5.499746903357173;3.374322235844499;1.0779775734265462;0.9637126536245735;0.2065109519217885,0.2,8,7848,0.9580078125,45.84360318869585,46.30601804907201,0.46241486037615687,38.597458758180174,12.061705861931303,4.486642837524414
36,5,1.5004951523077166,1.9067805715892265,0.40628541928150996,2.03142709640755,942.4373567390387,1024,12,16,25.048214167225318,16;32;64;128;256;512,25.048214167225318;7.187319446602377;4.858719611968782;1.4405892729357828;1.1147052264644848;0.1812443382979984,0.2,8,7777,0.9493408203125,46.30601804907201,46.52689177522552,0.22087372615351342,37.685439761159266,11.77669992536227,4.412599086761475
36,6,1.9067805715892265,2.03142709640755,0.12464652481832328,2.03142709640755,1017.2842239074857,1024,12,16,13.49290690722538,16;32;64;128;256;512,13.49290690722538;7.088241692276758;3.187968483347782;1.1840009488824115;0.8340549573230865;0.18098828814670417,0.2,8,7761,0.9473876953125,46.52689177522552,46.57444993057288,0.0475581553473603,36.999889308639304,11.562465408949782,4.377021074295044
38,1,0.0,0.2669560454035763,0.2669560454035763,1.7795782652993835,512.0000005753564,1024,12,16,17.819971076376895,16;32;64;128;256;512,17.819971076376895;6.514839861611241;4.27006123447178;1.6731178288505981;0.9518292491208216;0.15868292043988613,0.2,8,8133,0.9927978515625,42.18784632915049,45.962865577079356,3.775019247928867,48.63109756006041,15.197217987518878,4.002076148986816
38,2,0.2669560454035763,0.622871698463453,0.3559156530598767,1.7795782652993835,646.5639343481348,1024,12,16,19.258926695419916,16;32;64;128;256;512,19.258926695419916;8.513613478065542;5.879562135121944;1.9119576780530627;1.4131767931980068;0.17278470458053405,0.2,8,8060,0.98388671875,45.962865577079356,47.79010650794953,1.8272409308701754,45.326167137765516,14.164427230551723,4.08897590637207
38,3,0.622871698463453,0.9787873515233297,0.3559156530598767,1.7795782652993835,811.443350168166,1024,12,16,19.088473138239134,16;32;64;128;256;512,19.088473138239134;7.49485148107866;6.124644005428614;1.8098230180225485;1.6986307056037582;0.2042013017547548,0.2,8,7988,0.97509765625,47.79010650794953,48.753567342995666,0.9634608350461349,41.90575194197424,13.095547481866948,4.178447008132935
38,4,0.9787873515233297,1.3347030045832065,0.3559156530598767,1.7795782652993835,911.0381718639933,1024,12,16,23.352448958083418,16;32;64;128;256;512,23.352448958083418;8.405606135725535;5.101739230985172;1.6873839385085172;0.7919484355321956;0.1664104758577417,0.2,8,7914,0.966064453125,48.753567342995666,49.15815731143812,0.4045899684424512,39.36324395591958,12.301013736224867,4.164000988006592
38,5,1.3347030045832065,1.6906186576430833,0.3559156530598768,1.7795782652993835,946.0178613658429,1024,12,16,20.92295159856045,16;32;64;128;256;512,20.92295159856045;5.375363268533167;4.231954934511763;1.3084685663943463;1.1703424787834475;0.1973522838266436,0.2,8,7836,0.95654296875,49.15815731143812,49.416315332229715,0.25815802079159766,38.26777438653899,11.958679495793433,4.18228816986084
38,6,1.6906186576430833,1.7795782652993835,0.08895960765630018,1.7795782652993835,1019.2553502256044,1024,12,16,23.51781067216463,16;32;64;128;256;512,23.51781067216463;9.637905598941032;5.385639485644683;1.423998693477841;1.3545881188858049;0.30556793930648724,0.2,8,7796,0.95166015625,49.416315332229715,49.48157187883044,0.06525654660072178,39.14682895644709,12.233384048889715,4.176640033721924
40,1,0.0,0.24771046461131646,0.24771046461131646,1.857529637578396,512.0000001191047,1024,12,16,19.47565930402722,16;32;64;128;256;512,19.47565930402722;7.3550632910237885;2.9595259196527772;1.2692331482592851;0.7715071017122918;0.15987719746366488,0.2,8,8138,0.993408203125,42.47424144356046,46.06934923413792,3.595107790577458,48.888217113588695,15.277567847996467,4.046938896179199
40,2,0.24771046461131646,0.6192163921269958,0.3715059275156793,1.857529637578396,587.6760784956067,1024,12,16,22.818481224038603,16;32;64;128;256;512,22.818481224038603;9.1148505859083;5.513398189009752;1.4535335752227188;1.1361701177107295;0.19583388594116694,0.2,8,8063,0.9842529296875,46.06934923413792,48.428207704098895,2.3588584699609783,44.46721212443551,13.896003788886096,4.095286846160889
40,3,0.6192163921269958,0.990722319642675,0.37150592751567924,1.857529637578396,821.4341889531302,1024,12,16,20.43569410215968,16;32;64;128;256;512,20.43569410215968;7.4201268451124145;5.232721391828616;1.6188814640383145;1.0632196133275333;0.1724493017236929,0.2,8,7987,0.9749755859375,48.428207704098895,49.163224626274314,0.7350169221754186,41.255677988593675,12.892399371435523,4.365973949432373
40,4,0.990722319642675,1.3622282471583542,0.37150592751567924,1.857529637578396,890.435327862473,1024,12,16,21.32272962619121,16;32;64;128;256;512,21.32272962619121;9.210442603786738;5.975302199689679;1.3081369063509232;1.0349005530630302;0.16554727981457024,0.2,8,7853,0.9586181640625,49.163224626274314,49.68651632335968,0.5232916970853694,39.731250393273896,12.416015747898092,4.534827947616577
40,5,1.3622282471583542,1.7337341746740336,0.37150592751567935,1.857529637578396,944.2028880214309,1024,12,16,21.70197286981181,16;32;64;128;256;512,21.70197286981181;5.372527059186781;3.7730072051973993;1.8391599260422176;0.8612966754476887;0.20906803744919775,0.2,8,7759,0.9471435546875,49.68651632335968,49.995777244796045,0.30926092143636197,37.87047304758273,11.834522827369602,4.12166690826416
40,6,1.7337341746740336,1.857529637578396,0.1237954629043625,1.857529637578396,1017.0408908939463,1024,12,16,18.707330940125804,16;32;64;128;256;512,18.707330940125804;6.790186861449087;3.707402488030825;1.3571298293590608;1.002152621657076;0.09754380933185318,0.2,8,7771,0.9486083984375,49.995777244796045,50.0362517759786,0.04047453118255362,37.17570673767532,11.617408355523537,4.207618951797485
42,1,0.0,0.2516446498592949,0.2516446498592949,1.8217699588874652,512.000000431954,1024,12,16,22.927599928032336,16;32;64;128;256;512,22.927599928032336;7.6786595253463545;6.161635647379695;2.086230037258706;1.3373055211320475;0.25860978031419374,0.2,8,8122,0.991455078125,43.98029801892699,47.922629319975385,3.942331301048398,49.94815193209588,15.608797478779962,4.376033067703247
42,2,0.2516446498592949,0.615998641636788,0.36435399177749306,1.8217699588874652,619.4216563218841,1024,12,16,27.863119063819973,16;32;64;128;256;512,27.863119063819973;8.101916949448741;6.315612638918477;1.8332961196053394;1.2120958759296878;0.2569967622108796,0.2,8,8058,0.983642578125,47.922629319975385,50.1326809146849,2.210051594709512,44.89854973336837,14.030796791677615,4.398699998855591
42,3,0.615998641636788,0.980352633414281,0.36435399177749306,1.8217699588874652,832.9846600888941,1024,12,16,22.27004220919432,16;32;64;128;256;512,22.27004220919432;6.106830985518368;5.306832253444084;1.3597742023196597;1.1662298976812997;0.24737703224726496,0.2,8,7950,0.970458984375,50.1326809146849,50.97271247714525,0.8400315624603536,41.17724611407892,12.867889410649662,4.334941864013672
42,4,0.980352633414281,1.344706625191774,0.36435399177749306,1.8217699588874652,909.6541022293948,1024,12,16,15.375019182015663,16;32;64;128;256;512,15.375019182015663;4.002209431862297;2.4418820822107485;0.7506282453679797;0.964246794447424;0.16538147507010167,0.2,8,7841,0.9571533203125,50.97271247714525,51.33819362556096,0.3654811484157108,40.19453989055471,12.560793715798345,4.208334922790527
42,5,1.344706625191774,1.7090606169692673,0.36435399177749317,1.8217699588874652,942.5670590269772,1024,12,16,27.643169629211805,16;32;64;128;256;512,27.643169629211805;9.627286331862825;6.876738032815777;1.773543450842705;1.3611384172233345;0.2768928048176326,0.2,8,7723,0.9427490234375,51.33819362556096,51.69308590673609,0.3548922811751254,38.965294040389665,12.17665438762177,4.42037296295166
42,6,1.7090606169692673,1.8217699588874652,0.11270934191819793,1.8217699588874652,1017.4308311862843,1024,12,16,20.049413544519936,16;32;64;128;256;512,20.049413544519936;7.3698757043082574;5.102763690190028;0.8789078527188655;0.9931568960147189;0.09996135770270598,0.2,8,7697,0.9395751953125,51.69308590673609,51.70167796459282,0.008592057856731117,38.309794764006305,11.97181086375197,4.177464008331299
44,1,0.0,0.23151399658863653,0.23151399658863653,1.7056911042324663,512.0000002146985,1024,12,16,20.92696772056205,16;32;64;128;256;512,20.92696772056205;9.137184137645038;5.022681074377915;1.7193879651645316;1.2745944385408543;0.22475521996259606,0.2,8,8119,0.9910888671875,45.655340142780915,49.85138828094932,4.196048138168408,49.20173516150959,15.375542237971747,4.377218008041382
44,2,0.23151399658863653,0.5726522174351298,0.3411382208464933,1.7056911042324663,610.8042597620109,1024,12,16,21.653607172824348,16;32;64;128;256;512,21.653607172824348;8.083231616901925;4.089303537846953;1.3034416439749843;1.3033709486915424;0.2627775779585176,0.2,8,8058,0.983642578125,49.85138828094932,52.35337842867011,2.5019901477207895,45.48293333654791,14.21341666767122,4.2020440101623535
44,3,0.5726522174351298,0.9137904382816231,0.34113822084649326,1.7056911042324663,838.0120912671807,1024,12,16,22.69873469173555,16;32;64;128;256;512,22.69873469173555;9.180399254316681;6.030176209786437;2.0467127590494707;1.1296329823566975;0.293266217999348,0.2,8,7929,0.9678955078125,52.35337842867011,53.235317882557865,0.8819394538877532,43.16337715933828,13.488555362293212,4.2137370109558105
44,4,0.9137904382816231,1.2549286591281164,0.34113822084649326,1.7056911042324663,916.0342573920148,1024,12,16,14.728290115765933,16;32;64;128;256;512,14.728290115765933;6.436572230669762;4.385734821149174;1.2688530445420105;0.6838947379954644;0.1114886213687281,0.2,8,7874,0.961181640625,53.235317882557865,53.60089478944428,0.3655769068864174,40.383023465148725,12.619694832858976,4.241580009460449
44,5,1.2549286591281164,1.5960668799746096,0.34113822084649326,1.7056911042324663,952.4552849298124,1024,12,16,17.687462121244465,16;32;64;128;256;512,17.687462121244465;6.691765257963382;5.444544501241904;0.675359568332974;1.0939809955530015;0.09259639654167409,0.2,8,7740,0.94482421875,53.60089478944428,53.87419388862327,0.27329909917898476,39.59320377739985,12.372876180437453,4.260940074920654
44,6,1.5960668799746096,1.7056911042324663,0.10962422425785667,1.7056911042324663,1017.6163785943688,1024,12,16,18.26396296525835,16;32;64;128;256;512,18.26396296525835;8.459501276495521;4.655399166610438;1.1562216210627507;1.1018431025342477;0.12023834064690882,0.2,8,7677,0.9371337890625,53.87419388862327,53.96851597435307,0.09432208572980016,38.9232250922644,12.163507841332626,4.43207311630249
46,1,0.0,0.24493951830180832,0.24493951830180832,1.6253390534484666,512.0000000572145,1024,12,16,26.22670772104754,16;32;64;128;256;512,26.22670772104754;11.495575200061058;6.328242091584622;1.942927183082224;1.7005185387478254;0.23219159729066285,0.2,8,8141,0.9937744140625,46.41204493466648,50.67983458319213,4.26778964852565,48.99588620091064,15.311214437784574,4.391600131988525
46,2,0.24493951830180832,0.5700073289915017,0.3250678106896934,1.6253390534484666,667.5076027657949,1024,12,16,21.692571959828218,16;32;64;128;256;512,21.692571959828218;7.671049782316046;4.309284150198822;1.5286432417780371;1.3659531028652845;0.1913307805374148,0.2,8,8056,0.9833984375,50.67983458319213,52.876295099034905,2.196460515842773,44.21919380373803,13.818498063668134,4.157098054885864
46,3,0.5700073289915017,0.8950751396811951,0.32506781068969337,1.6253390534484666,855.9187384600829,1024,12,16,20.51122794794035,16;32;64;128;256;512,20.51122794794035;8.612276363531182;5.316326055179226;1.6426866955583121;0.6186186522232024;0.30729995099650476,0.2,8,7968,0.97265625,52.876295099034905,53.586684504989535,0.7103894059546292,42.58518630004781,13.30787071876494,4.236539840698242
46,4,0.8950751396811951,1.2201429503708885,0.32506781068969337,1.6253390534484666,922.8191269188652,1024,12,16,20.34786520203591,16;32;64;128;256;512,20.34786520203591;7.605022297648996;4.7629188952653045;1.5353597365309315;1.036051360002831;0.2187033028172695,0.2,8,7890,0.963134765625,53.586684504989535,54.01357083435869,0.4268863293691538,40.4268285322671,12.633383916333468,4.109398126602173
46,5,1.2201429503708885,1.5452107610605819,0.32506781068969337,1.6253390534484666,957.227246943755,1024,12,16,24.21696716437321,16;32;64;128;256;512,24.21696716437321;9.950711681520254;6.588456918848385;1.809030702663117;1.0139725932748782;0.24707622691911835,0.2,8,7761,0.9473876953125,54.01357083435869,54.217222180450335,0.2036513460916467,39.39594335018431,12.311232296932596,4.177647113800049
46,6,1.5452107610605819,1.6253390534484666,0.08012829238788477,1.6253390534484666,1020.3668777537771,1024,12,16,16.90469121564133,16;32;64;128;256;512,16.90469121564133;7.00576406424228;3.2370704668658123;0.9754103207748225;0.7525798762642305;0.13481423335746007,0.2,8,7767,0.9481201171875,54.217222180450335,54.31320255383616,0.09598037338582799,38.844781032448296,12.138994072640092,4.46856689453125
48,1,0.0,0.2233641094818482,0.2233641094818482,1.6884467724211172,512.0000006336268,1024,12,16,18.090223159833172,16;32;64;128;256;512,18.090223159833172;9.935823947931924;5.246162714315876;1.544293835028594;1.1534536665153143;0.20449697984874018,0.2,8,8137,0.9932861328125,47.664561097393744,52.00539727928117,4.3408361818874255,50.29244426863603,15.71638883394876,4.509771108627319
48,2,0.2233641094818482,0.5610534639660716,0.3376893544842234,1.6884467724211172,645.431072522307,1024,12,16,21.925608966525964,16;32;64;128;256;512,21.925608966525964;9.286616539635638;5.459470562577751;2.0036831451415664;1.1841164639810224;0.259992407866763,0.2,8,8044,0.98193359375,52.00539727928117,54.264301135379355,2.2589038560981862,44.366297294219905,13.86446790444372,4.214633941650391
48,3,0.5610534639660716,0.898742818450295,0.33768935448422344,1.6884467724211172,834.6771711209515,1024,12,16,24.331389034621164,16;32;64;128;256;512,24.331389034621164;9.029242075162385;6.073026384707282;2.0697049860621672;1.925339119671218;0.2308760606735913,0.2,8,7945,0.9698486328125,54.264301135379355,55.04116302920738,0.776861893828027,42.52184527830829,13.288076649471341,4.177225112915039
48,4,0.898742818450295,1.2364321729345185,0.33768935448422344,1.6884467724211172,912.8255647258031,1024,12,16,17.806979273636696,16;32;64;128;256;512,17.806979273636696;7.419926805581941;5.303809630307638;1.0886452959435706;1.1308931732606036;0.300132944499459,0.2,8,7819,0.9544677734375,55.04116302920738,55.56850558734732,0.5273425581399351,40.864098152533614,12.770030672666755,4.105646848678589
48,5,1.2364321729345185,1.574121527418742,0.33768935448422344,1.6884467724211172,961.3609190453024,1024,12,16,20.10965194294659,16;32;64;128;256;512,20.10965194294659;5.8675325049889775;3.1592702461909177;1.1069231815946217;0.8210074875296843;0.2644999476391897,0.2,8,7707,0.9407958984375,55.56850558734732,55.75120681291446,0.1827012255671434,40.51018511632849,12.659432848852653,4.10906982421875
48,6,1.574121527418742,1.6884467724211172,0.11432524500237529,1.6884467724211172,1016.284897181478,1024,12,16,20.041842088332295,16;32;64;128;256;512,20.041842088332295;11.412461621521716;5.758262053467194;1.777521783901973;1.1945070629431727;0.13887034636008364,0.2,8,7673,0.9366455078125,55.75120681291446,55.83295243373141,0.08174562081694603,38.74517413909847,12.10786691846827,4.143296957015991
50,1,0.0,0.22536060273392627,0.22536060273392627,1.5392073386775953,512.0000000700675,1024,12,16,26.18253281123596,16;32;64;128;256;512,26.18253281123596;11.8925061930578;6.781146574605741;2.4709169003382225;2.077617274726823;0.1908415636518459,0.2,8,8142,0.993896484375,49.28013160341652,53.76636280550156,4.486231202085037,50.950363435114745,15.921988573473357,4.360667943954468
50,2,0.22536060273392627,0.5332020704694453,0.30784146773551907,1.5392073386775953,659.6082535004404,1024,12,16,25.398596867982842,16;32;64;128;256;512,25.398596867982842;10.118105137044292;5.693199471048415;1.6563806819248295;1.0856955930692038;0.13743654795918414,0.2,8,8039,0.9813232421875,53.76636280550156,56.209869569400325,2.4435067638987675,44.092434862910316,13.778885894659473,4.350306987762451
50,3,0.5332020704694453,0.8410435382049644,0.307841467735519,1.5392073386775953,859.2458922150915,1024,12,16,18.479588147626025,16;32;64;128;256;512,18.479588147626025;8.14352865261275;5.858379393116329;1.1770837979222086;1.5001040465738347;0.18622262811160825,0.2,8,7967,0.9725341796875,56.209869569400325,56.92025743232807,0.710387862927746,43.45108346645546,13.57846358326733,4.392799139022827
50,4,0.8410435382049644,1.1488850059404834,0.307841467735519,1.5392073386775953,925.7112809809114,1024,12,16,19.1936139145223,16;32;64;128;256;512,19.1936139145223;7.344777141893536;3.603414222933357;1.0279779708722891;1.232894765311472;0.15240074209782967,0.2,8,7841,0.9571533203125,56.92025743232807,57.3854833196383,0.4652258873102255,41.90621745970798,13.095692956158743,4.11070990562439
50,5,1.1488850059404834,1.4567264736760024,0.307841467735519,1.5392073386775953,955.4826924920727,1024,12,16,19.091571314672155,16;32;64;128;256;512,19.091571314672155;6.659567893532556;3.3058773497980454;1.1111441181608888;0.7588728111089168;0.18391123040275895,0.2,8,7734,0.944091796875,57.3854833196383,57.66440634691389,0.2789230272755958,39.44964116006796,12.328012862521238,4.213256120681763
50,6,1.4567264736760024,1.5392073386775953,0.0824808650015929,1.5392073386775953,1019.4543461437099,1024,12,16,17.046143444513504,16;32;64;128;256;512,17.046143444513504;6.803374540627455;3.2882703353284435;1.4818148233337738;0.8218533313283578;0.1540482022627978,0.2,8,7671,0.9364013671875,57.66440634691389,57.71915217791684,0.05474583100294694,39.017667792327444,12.193021185102326,4.19435715675354
52,1,0.0,0.2245177239151674,0.2245177239151674,1.68307011120934,512.0000004233848,1024,12,16,29.970578560640803,16;32;64;128;256;512,29.970578560640803;11.533452087958048;6.532464887643475;3.0301354613328435;2.049829526629609;0.1904951258157628,0.2,8,8136,0.9931640625,50.533774355542846,55.1916718557477,4.657897500204854,49.756156683856396,15.548798963705122,4.185191869735718
52,2,0.2245177239151674,0.5611317461570354,0.33661402224186804,1.68307011120934,646.913027342106,1024,12,16,20.934292073025134,16;32;64;128;256;512,20.934292073025134;6.83650870779908;6.506025495143366;1.5768433927379115;1.1921509337750804;0.2679293484014672,0.2,8,8045,0.9820556640625,55.1916718557477,57.46301860938547,2.271346753637772,46.44126804047356,14.512896262647986,4.2052929401397705
52,3,0.5611317461570354,0.8977457683989034,0.336614022241868,1.68307011120934,849.7081114406298,1024,12,16,20.898681449616777,16;32;64;128;256;512,20.898681449616777;5.865453414887671;4.458627508474234;1.533798933382654;1.2285183558730666;0.1107042131180967,0.2,8,7945,0.9698486328125,57.46301860938547,58.253815034986474,0.7907964256010018,43.426089559838275,13.57065298744946,4.451255798339844
52,4,0.8977457683989034,1.2343597906407715,0.3366140222418681,1.68307011120934,921.8150634364498,1024,12,16,17.43954147052784,16;32;64;128;256;512,17.43954147052784;5.8406202339169475;4.346796848906449;0.8608776814437707;1.0038162887700675;0.15837564980879032,0.2,8,7845,0.9576416015625,58.253815034986474,58.70373847038718,0.4499234354007058,41.09759617029533,12.842998803217291,4.0206170082092285
52,5,1.2343597906407715,1.5709738128826396,0.3366140222418681,1.68307011120934,958.4124022161715,1024,12,16,17.735297771092455,16;32;64;128;256;512,17.735297771092455;6.385014794223973;4.59650766527834;1.4411259979236983;1.0417858789880314;0.12492504748447626,0.2,8,7739,0.9447021484375,58.70373847038718,58.92844169068849,0.22470322030130774,38.90444835367365,12.157640110523015,4.39880108833313
52,6,1.5709738128826396,1.68307011120934,0.11209629832670043,1.68307011120934,1017.084370626841,1024,12,16,15.378883981732333,16;32;64;128;256;512,15.378883981732333;6.196947920372318;4.393113679985777;1.377134620075567;0.8070916094952115;0.18534153619678176,0.2,8,7655,0.9344482421875,58.92844169068849,58.95332445873646,0.024882768047973514,39.69596563877509,12.404989262117216,4.0668299198150635
54,1,0.0,0.2226657634116831,0.2226657634116831,1.4687500366550121,512.0000004201229,1024,12,16,22.75690606385793,16;32;64;128;256;512,22.75690606385793;12.126533646924434;5.476319695769949;2.1930236261197145;1.9344325144228163;0.27962379277606547,0.2,8,8126,0.991943359375,51.44949469593121,55.82059482083423,4.371100124903023,49.273497731662246,15.397968041144452,4.412219047546387
54,2,0.2226657634116831,0.5164157707426855,0.2937500073310024,1.4687500366550121,667.8363906242963,1024,12,16,21.557463358004075,16;32;64;128;256;512,21.557463358004075;7.543855190977131;5.318939089464153;2.0950665344637818;1.3495209197266063;0.2606898958665632,0.2,8,8048,0.982421875,55.82059482083423,58.27211197948782,2.451517158653587,47.152202471230254,14.735063272259454,4.238411903381348
54,3,0.5164157707426855,0.810165778073688,0.2937500073310024,1.4687500366550121,864.200852731272,1024,12,16,20.871518965212385,16;32;64;128;256;512,20.871518965212385;10.791479538784028;5.954958884742415;1.5827251078355054;1.2529124117437558;0.22766798591410625,0.2,8,7930,0.968017578125,58.27211197948782,59.11003485909896,0.837922879611142,43.67716856435614,13.649115176361292,4.639497995376587
54,4,0.810165778073688,1.1039157854046904,0.2937500073310024,1.4687500366550121,930.0353712361233,1024,12,16,26.324247273182362,16;32;64;128;256;512,26.324247273182362;7.4178491675096545;5.766817543549667;1.3875339319473539;1.2217952086949968;0.17672366350729352,0.2,8,7850,0.958251953125,59.11003485909896,59.519941702252254,0.4099068431532942,41.904064218386054,13.095020068245642,4.229659080505371
54,5,1.1039157854046904,1.3976657927356928,0.2937500073310024,1.4687500366550121,960.8108206612428,1024,12,16,21.219887819556956,16;32;64;128;256;512,21.219887819556956;8.10874344706467;6.80243466696819;1.6816130677601133;1.1949241209030477;0.24701929018389598,0.2,8,7701,0.9400634765625,59.519941702252254,59.73878649296239,0.2188447907101363,40.51950368901932,12.662344902818536,4.383857011795044
54,6,1.3976657927356928,1.4687500366550121,0.07108424391931933,1.4687500366550121,1020.4545882327009,1024,12,16,14.364675171642789,16;32;64;128;256;512,14.364675171642789;7.371611675368728;3.7167248082900604;1.3635938362369355;1.0659667435989557;0.10068604749688692,0.2,8,7708,0.94091796875,59.73878649296239,59.838795717747416,0.10000922478502616,39.66129910999327,12.394155971872896,4.3630640506744385
56,1,0.0,0.22499752744600032,0.22499752744600032,1.5054434490072708,512.0000004370772,1024,12,16,22.446964053504246,16;32;64;128;256;512,22.446964053504246;9.947434130036697;6.6562926412942955;2.4047483652942363;1.4808415003578426;0.26606982313219896,0.2,8,8123,0.9915771484375,52.17269330652198,56.93874997267267,4.766056666150689,49.76031827339821,15.550099460436941,4.429857015609741
56,2,0.22499752744600032,0.5260862172474545,0.3010886898014542,1.5054434490072708,695.0412643530861,1024,12,16,23.315685772950488,16;32;64;128;256;512,23.315685772950488;9.208902331469027;5.818268318917566;1.6051049854519324;1.0882194181709723;0.2681053676337559,0.2,8,8062,0.984130859375,56.93874997267267,59.11766453523887,2.178914562566206,44.562781018392684,13.925869068247714,4.399623870849609
56,3,0.5260862172474545,0.8271749070489087,0.3010886898014542,1.5054434490072708,873.9849501586981,1024,12,16,27.360414642639068,16;32;64;128;256;512,27.360414642639068;11.593941222802231;6.888795293420698;2.155498450073608;1.9055678608111692;0.17830055260928507,0.2,8,7972,0.97314453125,59.11766453523887,59.817408672417514,0.6997441371786408,41.8060974149219,13.064405442163093,4.134500980377197
56,4,0.8271749070489087,1.128263596850363,0.3010886898014542,1.5054434490072708,931.4476089661241,1024,12,16,17.335346251251924,16;32;64;128;256;512,17.335346251251924;7.162805397490609;4.985683654118711;1.567592807750118;1.073264272474703;0.1781780748187681,0.2,8,7831,0.9559326171875,59.817408672417514,60.21255961584393,0.3951509434264153,39.872413508433404,12.460129221385438,4.143343925476074
56,5,1.128263596850363,1.4293522866518171,0.3010886898014542,1.5054434490072708,958.336865536728,1024,12,16,20.242938167891737,16;32;64;128;256;512,20.242938167891737;6.453859013859171;4.649746006410631;1.273030086885068;1.0465450588247895;0.08776816147789089,0.2,8,7715,0.9417724609375,60.21255961584393,60.48315163102234,0.2705920151784085,40.71246330409615,12.722644782530045,4.200439929962158
56,6,1.4293522866518171,1.5054434490072708,0.07609116235545366,1.5054434490072708,1020.227024164979,1024,12,16,17.25650344615232,16;32;64;128;256;512,17.25650344615232;8.003427939558728;4.850983416992538;0.9967757025441251;0.7895275762328025;0.174410094728217,0.2,8,7690,0.938720703125,60.48315163102234,60.547472892096266,0.06432126107392833,40.41772854814335,12.630540171294797,4.152897834777832
58,1,0.0,0.20537392742489252,0.20537392742489252,1.295291397948488,512.0000003255745,1024,12,16,35.94527819642064,16;32;64;128;256;512,35.94527819642064;12.547566069858153;8.243993363353466;2.3775353581691125;2.0587855951834197;0.3853572569340431,0.2,8,8130,0.992431640625,53.15767277037958,58.068591491144616,4.910918720765039,49.841711106292685,15.575534720716464,4.393908977508545
58,2,0.20537392742489252,0.4644322070145901,0.25905827958969757,1.295291397948488,708.6146084467489,1024,12,16,21.13484111729651,16;32;64;128;256;512,21.13484111729651;8.685947262761164;5.470399443555934;2.0820282633401592;1.4504071918281958;0.1813854629068931,0.2,8,8088,0.9873046875,58.068591491144616,60.42073172860546,2.352140237460844,45.83682673389086,14.324008354340894,4.226246118545532
58,3,0.4644322070145901,0.7234904866042877,0.2590582795896976,1.295291397948488,877.3896105693619,1024,12,16,14.990915997431289,16;32;64;128;256;512,14.990915997431289;7.910526199947474;4.245684924735057;1.2305510872420078;0.8907296926340931;0.2278585460792726,0.2,8,7989,0.9752197265625,60.42073172860546,61.237043203087524,0.8163114744820632,44.5940803992687,13.935650124771467,4.238765001296997
58,4,0.7234904866042877,0.9825487661939853,0.2590582795896976,1.295291397948488,937.3286149691827,1024,12,16,19.030555423175592,16;32;64;128;256;512,19.030555423175592;8.022470015382309;5.845034501912115;1.5674489318258313;1.1076499563531699;0.1277737411893156,0.2,8,7900,0.96435546875,61.237043203087524,61.70957373373676,0.47253053064923733,42.711889837257324,13.347465574142912,4.147278070449829
58,5,0.9825487661939853,1.241607045783683,0.2590582795896976,1.295291397948488,967.3267112132153,1024,12,16,18.85917598842079,16;32;64;128;256;512,18.85917598842079;8.906133783456216;3.7890671788649946;1.6359679021530926;0.8881911596899479;0.2113296561528373,0.2,8,7800,0.9521484375,61.70957373373676,61.95931746030692,0.2497437265701592,41.14634100453984,12.8582315639187,4.201117038726807
58,6,1.241607045783683,1.295291397948488,0.05368435216480494,1.295291397948488,1021.5654358849563,1024,12,16,27.385312756686854,16;32;64;128;256;512,27.385312756686854;9.28605064186492;4.652575650157112;1.28363864766171;1.1818602571979184;0.13988204163458423,0.2,8,7779,0.9495849609375,61.95931746030692,62.06966761755757,0.11035015725065023,40.966621028343845,12.802069071357451,4.149298906326294
60,1,0.0,0.20400332604255011,0.20400332604255011,1.3496968015433963,512.0000001504318,1024,12,16,21.702397766687724,16;32;64;128;256;512,21.702397766687724;9.377911829798666;5.883300973662675;1.5548562421312884;1.6688073506784364;0.1459708886060696,0.2,8,8138,0.993408203125,55.011333574482705,59.95833906135522,4.947005486872513,49.543725297558225,15.482414155486945,4.374765872955322
60,2,0.20400332604255011,0.4739426863512294,0.26993936030867927,1.3496968015433963,698.0671636544083,1024,12,16,20.235496574835555,16;32;64;128;256;512,20.235496574835555;8.290172200341917;5.2180258573736475;1.849613287930403;1.2495534048064885;0.22687987480746744,0.2,8,8049,0.9825439453125,59.95833906135522,62.37855128978845,2.420212228433229,45.30643278300782,14.158260244689943,4.490166902542114
60,3,0.4739426863512294,0.7438820466599086,0.26993936030867927,1.3496968015433963,880.2263449082343,1024,12,16,16.13519325948424,16;32;64;128;256;512,16.13519325948424;8.97469168409069;4.828843580422461;1.1582176051758302;1.2711947968070274;0.1893760897913494,0.2,8,7924,0.96728515625,62.37855128978845,63.203985958360136,0.8254346685716882,43.905638961228995,13.72051217538406,4.130068063735962
60,4,0.7438820466599086,1.0138214069685878,0.26993936030867915,1.3496968015433963,941.3998017979803,1024,12,16,25.839397268823742,16;32;64;128;256;512,25.839397268823742;8.957481867775233;3.761032931749354;1.635602465584296;0.8504217791674841;0.23804107585923995,0.2,8,7827,0.9554443359375,63.203985958360136,63.59761701663956,0.3936310582794249,42.16560544961845,13.176751703005763,4.233296155929565
60,5,1.0138214069685878,1.283760767277267,0.26993936030867927,1.3496968015433963,962.3647533959366,1024,12,16,22.864205773482862,16;32;64;128;256;512,22.864205773482862;8.036245660994668;5.118952748962842;1.442903778390652;1.1301507261326125;0.17405180213919436,0.2,8,7673,0.9366455078125,63.59761701663956,63.80391817627242,0.2063011596328579,41.21511540150899,12.879723562971558,4.578732967376709
60,6,1.283760767277267,1.3496968015433963,0.06593603426612926,1.3496968015433963,1020.4315770637044,1024,12,16,17.92281356158838,16;32;64;128;256;512,17.92281356158838;6.452481042883875;3.3732680105186668;0.9654515886620892;1.4090720936805616;0.06789578494137297,0.2,8,7633,0.9317626953125,63.80391817627242,63.92859022360062,0.12467204732820392,40.120695996773684,12.537717498991775,4.172945976257324
62,1,0.0,0.19782626095904987,0.19782626095904987,1.3297582187080943,512.0000001665985,1024,12,16,31.293152933151244,16;32;64;128;256;512,31.293152933151244;13.968338128065522;9.315380435453404;2.7272614819828793;2.5684267831876584;0.19686637245438096,0.2,8,8138,0.993408203125,56.47816641966347,61.563075955957174,5.084909536293708,50.39151157675619,15.747347367736308,4.1454877853393555
62,2,0.19782626095904987,0.46377790470066876,0.2659516437416189,1.3297582187080943,678.5856364491772,1024,12,16,20.53612909521017,16;32;64;128;256;512,20.53612909521017;7.15000210336586;4.594303493636989;1.5942873123585124;0.9214381649120749;0.275780116838656,0.2,8,8040,0.9814453125,61.563075955957174,64.20615276589524,2.6430768099380657,45.41696087913336,14.192800274729175,4.3494720458984375
62,3,0.46377790470066876,0.7297295484422877,0.2659516437416189,1.3297582187080943,872.5152618144187,1024,12,16,18.240462827394097,16;32;64;128;256;512,18.240462827394097;7.540795605543587;4.607915763000006;1.3945723226331737;0.7685988401392305;0.2125280165698184,0.2,8,7940,0.96923828125,64.20615276589524,65.04285613255342,0.8367033666581847,43.70771965593587,13.658662392479958,4.076072931289673
62,4,0.7297295484422877,0.9956811921839066,0.26595164374161895,1.3297582187080943,937.1855262216443,1024,12,16,18.46094477895246,16;32;64;128;256;512,18.46094477895246;6.225815793931639;3.5090075404081587;1.4644843480489338;0.4561897462257026;0.14090322681182396,0.2,8,7838,0.956787109375,65.04285613255342,65.50783251679968,0.4649763842462562,42.34848495850074,13.233901549531481,4.394979000091553
62,5,0.9956811921839066,1.2616328359255256,0.26595164374161895,1.3297582187080943,966.0195653084954,1024,12,16,14.710259071717957,16;32;64;128;256;512,14.710259071717957;6.065770009201281;3.0329939163250796;1.165855238875101;0.6571835257975109;0.1300171017808846,0.2,8,7731,0.9437255859375,65.50783251679968,65.70718498365022,0.19935246685054153,41.57867177652955,12.993334930165485,4.129412889480591
62,6,1.2616328359255256,1.3297582187080943,0.06812538278256874,1.3297582187080943,1020.549210817369,1024,12,16,21.79292182295298,16;32;64;128;256;512,21.79292182295298;8.018988588435274;5.38034744915818;1.3611396482132627;0.9213443546610196;0.08198328521071874,0.2,8,7627,0.9310302734375,65.70718498365022,65.7478927457123,0.04070776206208393,41.49795773661352,12.968111792691724,4.130819082260132
64,1,0.0,0.19616929076682416,0.19616929076682416,1.396990360944543,512.0000001094286,1024,12,16,22.713427719199927,16;32;64;128;256;512,22.713427719199927;9.031517099509017;6.442526424383363;2.255923647215687;1.6265616482677896;0.22750250915964948,0.2,8,8125,0.9918212890625,57.871273999044206,63.21508003602503,5.343806036980823,50.18318246583914,15.68224452057473,4.189158916473389
64,2,0.19616929076682416,0.47556736295573276,0.2793980721889086,1.396990360944543,675.3995997748219,1024,12,16,27.318289540085615,16;32;64;128;256;512,27.318289540085615;10.260230764617901;4.916957352064289;1.5149826668715722;1.4396497835073998;0.26583230537782804,0.2,8,8039,0.9813232421875,63.21508003602503,65.708762950846,2.4936829148209654,46.12028827091041,14.412590084659502,4.114920139312744
64,3,0.47556736295573276,0.7549654351446413,0.27939807218890855,1.396990360944543,871.6904468484053,1024,12,16,27.542530801518733,16;32;64;128;256;512,27.542530801518733;7.213050860091925;6.976567348034782;1.73526622255328;1.7442050816860237;0.2276974121843739,0.2,8,7926,0.967529296875,65.708762950846,66.51405055617215,0.8052876053261571,42.914128484153075,13.410665151297835,4.141753196716309
64,4,0.7549654351446413,1.03436350733355,0.27939807218890866,1.396990360944543,928.0911591138031,1024,12,16,18.832988706256238,16;32;64;128;256;512,18.832988706256238;6.01787949145898;5.286647890541208;1.0208803598621914;1.1189212947004414;0.17698094509758516,0.2,8,7819,0.9544677734375,66.51405055617215,66.97782158310292,0.46377102693077177,42.80089577096726,13.375279928427268,4.1469550132751465
64,5,1.03436350733355,1.3137615795224586,0.27939807218890866,1.396990360944543,962.260935799888,1024,12,16,24.419063914897084,16;32;64;128;256;512,24.419063914897084;9.39008163358669;6.601599292236067;1.321697650464685;1.022100477480949;0.1567505454809447,0.2,8,7664,0.935546875,66.97782158310292,67.26315573422471,0.2853341511217877,40.93012877762835,12.790665243008858,4.095908164978027
64,6,1.3137615795224586,1.396990360944543,0.08322878142208445,1.396990360944543,1019.0394440171416,1024,12,16,16.565047981465046,16;32;64;128;256;512,16.565047981465046;8.396796208068226;4.860333429546775;1.3397326928799431;0.963126944417523;0.07638359937336704,0.2,8,7601,0.9278564453125,67.26315573422471,67.3024572886643,0.03930155443958938,40.19332481584156,12.560414004950486,4.244246959686279
66,1,0.0,0.20569259715302943,0.20569259715302943,1.4098983095241622,512.0000000572259,1024,12,16,28.869272662326637,16;32;64;128;256;512,28.869272662326637;14.600837183205508;7.650434128601987;2.0936201297197643;1.9466097836537528;0.33854410883101704,0.2,8,8120,0.9912109375,58.708237179380376,63.54789540782804,4.839658228447661,49.641686702244144,15.513027094451294,4.164146184921265
66,2,0.20569259715302946,0.4876722590578618,0.28197966190483237,1.4098983095241622,672.7780660311802,1024,12,16,22.549372654683594,16;32;64;128;256;512,22.549372654683594;5.781377520159441;4.439507550458377;1.420773649145472;1.294614629288783;0.1579204078625255,0.2,8,8031,0.9803466796875,63.54789540782804,66.17265311384108,2.6247577060130425,44.771571232734374,13.991116010229492,4.186763048171997
66,3,0.4876722590578618,0.7696519209626942,0.28197966190483237,1.4098983095241622,865.9207843903911,1024,12,16,23.913710939590633,16;32;64;128;256;512,23.913710939590633;12.39867665759121;6.766926541458342;1.8007210885859275;1.8908136770661894;0.29855641234565977,0.2,8,7874,0.961181640625,66.17265311384108,66.99121183610987,0.81855872226879,42.84575676847921,13.389298990149753,4.172322034835815
66,4,0.7696519209626942,1.0516315828675267,0.2819796619048325,1.4098983095241622,932.2583538188514,1024,12,16,23.252291087152347,16;32;64;128;256;512,23.252291087152347;9.202544108813978;5.77662550626131;1.267054147197998;1.0630562674560284;0.15757011575734206,0.2,8,7754,0.946533203125,66.99121183610987,67.43347385106608,0.44226201495621353,41.916738745441656,13.098980857950517,4.2433061599731445
66,5,1.0516315828675267,1.3336112447723592,0.2819796619048325,1.4098983095241622,959.6311852299086,1024,12,16,21.691165187101944,16;32;64;128;256;512,21.691165187101944;7.423523766822047;3.5857105707624912;0.8611222429624256;1.3067814667954238;0.1508482036223998,0.2,8,7571,0.9241943359375,67.43347385106608,67.72179307218175,0.2883192211156711,40.44628308717664,12.639463464742699,4.517186880111694
66,6,1.3336112447723592,1.4098983095241622,0.07628706475180302,1.4098983095241622,1019.7144753564887,1024,12,16,20.66558192955343,16;32;64;128;256;512,20.66558192955343;7.0766117378068625;5.313703715589058;0.8881616873141549;1.2101670410128014;0.1378519784858646,0.2,8,7520,0.91796875,67.72179307218175,67.75867006002227,0.03687698784051463,40.54185820930685,12.66933069040839,4.423964023590088
68,1,0.0,0.2046682502266825,0.2046682502266825,1.3603973532852947,512.0000004750577,1024,12,16,22.74082463154797,16;32;64;128;256;512,22.74082463154797;12.171341247445614;7.606797340483125;2.4252565128987507;1.934210235172484;0.26009649453722444,0.2,8,8114,0.990478515625,59.714523942850064,64.78996781614842,5.0754438732983544,49.73393244532018,15.541853889162555,4.617396116256714
68,2,0.2046682502266825,0.47674772088374145,0.27207947065705895,1.3603973532852947,686.5583968600795,1024,12,16,21.731711100892024,16;32;64;128;256;512,21.731711100892024;9.195822541915852;5.391474111227078;1.5114653741964925;0.921618673877029;0.19102126790719182,0.2,8,8041,0.9815673828125,64.78996781614842,67.39038705651183,2.600419240363408,45.401114676520756,14.187848336412735,4.10403299331665
68,3,0.47674772088374145,0.7488271915408005,0.272079470657059,1.3603973532852947,882.9124446902712,1024,12,16,19.074047222906188,16;32;64;128;256;512,19.074047222906188;5.941684434237492;4.174324125643537;1.532281246312628;0.6902576042978414;0.15610888476898913,0.2,8,7921,0.9669189453125,67.39038705651183,68.07686052314239,0.6864734666305594,43.38256013965539,13.557050043642308,4.125834941864014
68,4,0.7488271915408005,1.0209066621978593,0.27207947065705884,1.3603973532852947,934.6686486356363,1024,12,16,16.90338728089753,16;32;64;128;256;512,16.90338728089753;6.860358051204668;4.715078208731913;1.7733062977922533;1.0963483701242571;0.1399231556840493,0.2,8,7753,0.9464111328125,68.07686052314239,68.51283009309554,0.4359695699531585,42.35469676464273,13.235842738950852,4.062875032424927
68,5,1.0209066621978593,1.2929861328549181,0.27207947065705884,1.3603973532852947,957.2109560407129,1024,12,16,12.835058290386112,16;32;64;128;256;512,12.835058290386112;5.4431024353570105;4.046379994898206;1.3753640714406978;0.5462269536930842;0.06534331891962716,0.2,8,7591,0.9266357421875,68.51283009309554,68.77096718741814,0.258137094322592,41.37205469873061,12.928767093353315,4.09768009185791
68,6,1.2929861328549181,1.3603973532852947,0.0674112204303765,1.3603973532852947,1020.5723939794908,1024,12,16,18.49955120218235,16;32;64;128;256;512,18.49955120218235;8.346374215322188;3.227883576911458;1.1403768760923798;0.478609346629001;0.07457070376278065,0.2,8,7508,0.91650390625,68.77096718741814,68.8400019336259,0.06903474620776251,41.232809272619626,12.885252897693633,4.190390110015869
70,1,0.0,0.1998711175255508,0.1998711175255508,1.4458491891305127,512.0000004088561,1024,12,16,23.199100905567686,16;32;64;128;256;512,23.199100905567686;9.566269217791678;5.548114183881811;1.3868333231987244;1.4283199543703065;0.2510798248523751,0.2,8,8111,0.9901123046875,60.819173432304524,65.67706335778348,4.857889925478958,52.498802675094794,16.405875835967123,4.36660099029541
70,2,0.1998711175255508,0.4890409553516534,0.28916983782610256,1.4458491891305127,652.1549081201821,1024,12,16,27.62263216589263,16;32;64;128;256;512,27.62263216589263;9.836511340492914;6.360499182907293;2.11339226097695;1.3683531236668078;0.261085378241912,0.2,8,8000,0.9765625,65.67706335778348,68.48885803605663,2.811794678273145,44.10442637313248,13.7826332416039,4.492600202560425
70,3,0.4890409553516534,0.778210793177756,0.2891698378261026,1.4458491891305127,865.5871879717847,1024,12,16,24.238836892387912,16;32;64;128;256;512,24.238836892387912;6.722848808533972;6.929265542022769;1.9462540457462978;1.568600821844574;0.15298547937002263,0.2,8,7845,0.9576416015625,68.48885803605663,69.24429758661427,0.7554395505576394,42.40456241570453,13.251425754907666,4.337985038757324
70,4,0.778210793177756,1.0673806310038585,0.2891698378261025,1.4458491891305127,922.8200119899739,1024,12,16,22.394843654006564,16;32;64;128;256;512,22.394843654006564;8.789064112017876;5.28303852380059;1.4522007996545079;0.6432676848443492;0.14550190903713203,0.2,8,7689,0.9385986328125,69.24429758661427,69.67263014963828,0.42833256302401423,41.39480894307742,12.935877794711693,4.201426982879639
70,5,1.0673806310038585,1.356550468829961,0.2891698378261025,1.4458491891305127,950.0722127022726,1024,12,16,22.17541647401607,16;32;64;128;256;512,22.17541647401607;6.773832645356663;4.493293178497386;0.8992889316344052;0.4886678450040116;0.24126793949016903,0.2,8,7447,0.9090576171875,69.67263014963828,70.03090188530041,0.3582717356621288,40.44525528833124,12.639142277603511,4.465550899505615
70,6,1.356550468829961,1.4458491891305127,0.08929872030055175,1.4458491891305127,1018.0020762808274,1024,12,16,22.616679261194438,16;32;64;128;256;512,22.616679261194438;6.487045112348914;5.410314843099174;0.7022113032271589;0.6350390101957571;0.04129416129101949,0.2,8,7384,0.9013671875,70.03090188530041,70.01036974671297,-0.020532138587441295,39.6829131363896,12.40091035512175,4.386704921722412
72,1,0.0,0.1995008286802297,0.1995008286802297,1.441454993476827,512.0000004864401,1024,12,16,26.6533341069335,16;32;64;128;256;512,26.6533341069335;12.911296234800533;5.288738714800325;1.6950692830663343;1.2274887404498673;0.2567124271609418,0.2,8,8119,0.9910888671875,61.52578760543838,66.73306225368287,5.207274648244493,51.347108308537344,16.045971346417918,4.119301080703735
72,2,0.19950082868022967,0.4877918273755951,0.28829099869536545,1.441454993476827,666.6421340029913,1024,12,16,30.29850533040536,16;32;64;128;256;512,30.29850533040536;9.972100843470443;6.910700174885382;1.9240075720115608;1.8911141177132356;0.18667742722920844,0.2,8,7981,0.9742431640625,66.73306225368287,69.37067259900505,2.637610345322173,47.43605609424824,14.823767529452573,4.373654127120972
72,3,0.4877918273755951,0.7760828260709605,0.28829099869536534,1.441454993476827,869.9283243872125,1024,12,16,18.743638443185034,16;32;64;128;256;512,18.743638443185034;6.9924574189948;4.749855136038149;1.1807387879485607;0.9442025301036525;0.17836398010708085,0.2,8,7797,0.9517822265625,69.37067259900505,70.10690804035403,0.7362354413489811,44.498861207693636,13.905894127404261,4.196920156478882
72,4,0.7760828260709605,1.064373824766326,0.28829099869536545,1.441454993476827,922.482866411968,1024,12,16,13.214190854488136,16;32;64;128;256;512,13.214190854488136;7.917723700220682;4.708534819996337;1.5461073045225395;1.2327908756585513;0.06739517800448416,0.2,8,7638,0.932373046875,70.10690804035403,70.57856761012226,0.4716595697682351,41.892846021530474,13.091514381728272,4.123028993606567
72,5,1.064373824766326,1.3526648234616914,0.28829099869536545,1.441454993476827,955.9825943619767,1024,12,16,15.465667626713566,16;32;64;128;256;512,15.465667626713566;7.6612086864630795;4.451341794632267;1.2533256769397045;0.9279174401354913;0.1046896931266809,0.2,8,7408,0.904296875,70.57856761012226,70.79438286140794,0.2158152512856759,42.06118146280918,13.144119207127869,4.199474096298218
72,6,1.3526648234616914,1.441454993476827,0.08879017001513567,1.441454993476827,1017.627826427346,1024,12,16,16.150493608730113,16;32;64;128;256;512,16.150493608730113;8.788842646076938;4.251165935060427;0.8251085172780409;0.9970746393660871;0.2725238850215353,0.2,8,7380,0.90087890625,70.79438286140794,70.94150114362128,0.14711828221334144,41.12252155607063,12.85078798627207,4.220279932022095
74,1,0.0,0.20472836377660614,0.20472836377660614,1.3041091581953712,512.0000000600603,1024,12,16,25.94873073201932,16;32;64;128;256;512,25.94873073201932;14.183056939373028;7.583456955303506;1.7114585230602282;2.042284576412005;0.2749763902575713,0.2,8,8116,0.99072265625,62.50197322788881,67.57392925542081,5.071956027531996,50.96889363366198,15.927779260519367,4.160555839538574
74,2,0.20472836377660614,0.4655501954156804,0.26082183163907424,1.3041091581953712,699.5216267428642,1024,12,16,17.208571531400057,16;32;64;128;256;512,17.208571531400057;9.206380434174921;5.793075209400354;1.0138373824466784;1.3188429377958126;0.30663532331528387,0.2,8,8042,0.981689453125,67.57392925542081,70.00786671903916,2.4339374636183493,46.36251271406105,14.488285223144077,4.206583023071289
74,3,0.4655501954156804,0.7263720270547547,0.2608218316390743,1.3041091581953712,878.7980478966784,1024,12,16,18.65266625960792,16;32;64;128;256;512,18.65266625960792;7.402957500338952;4.758238110457378;1.5366233656188262;1.1459618481027645;0.2493370424373594,0.2,8,7895,0.9637451171875,70.00786671903916,70.85156665637624,0.8436999373370782,44.31936064935428,13.849800202923213,4.56005597114563
74,4,0.7263720270547547,0.9871938586938289,0.26082183163907424,1.3041091581953712,932.8833723764619,1024,12,16,20.558869274773162,16;32;64;128;256;512,20.558869274773162;10.178399520972814;5.538450811875972;1.1326753504761327;1.5231422679266142;0.15546849397163914,0.2,8,7751,0.9461669921875,70.85156665637624,71.35230922407936,0.5007425677031279,41.59796105628061,12.99936283008769,4.171422004699707
74,5,0.9871938586938289,1.2480156903329032,0.26082183163907424,1.3041091581953712,960.0920530402942,1024,12,16,21.50658286967462,16;32;64;128;256;512,21.50658286967462;4.995922848080005;4.5538857764164815;1.0257490532149516;0.5422367580135845;0.25045904863943563,0.2,8,7543,0.9207763671875,71.35230922407936,71.53880288195796,0.18649365787860006,40.16766815792833,12.552396299352603,4.1990649700164795
74,6,1.2480156903329032,1.3041091581953712,0.05609346786246805,1.3041091581953712,1021.1321231303936,1024,12,16,14.057889562218477,16;32;64;128;256;512,14.057889562218477;5.380341223875855;2.5373922423705895;0.8896293974698222;0.9069025370177763;0.0763902585183895,0.2,8,7504,0.916015625,71.53880288195796,71.56447771511739,0.02567483315942809,40.00768734220678,12.502402294439618,4.181796073913574
76,1,0.0,0.20110372664515652,0.20110372664515652,1.5466912083355644,512.0000002782517,1024,12,16,26.496051144335507,16;32;64;128;256;512,26.496051144335507;10.459835580037195;7.927672369603244;2.3994005493951254;1.6503919053842533;0.18036473605364467,0.2,8,8124,0.99169921875,62.94455874810228,68.24012816144386,5.295569413341582,51.10319691397876,15.969749035618364,4.224493980407715
76,2,0.20110372664515652,0.5104419683122694,0.3093382416671129,1.5466912083355644,653.9292074382488,1024,12,16,16.36543363319424,16;32;64;128;256;512,16.36543363319424;8.535746370002972;4.79225744463641;1.7202986614686835;1.2162987878996974;0.07836867830766356,0.2,8,7998,0.976318359375,68.24012816144386,70.78963123052381,2.5495030690799467,46.93397677238015,14.666867741368796,4.511359930038452
76,3,0.5104419683122694,0.8197802099793823,0.3093382416671129,1.5466912083355644,850.7563528537164,1024,12,16,23.569684925152224,16;32;64;128;256;512,23.569684925152224;8.886230002823615;5.544588314735;2.036446491620023;1.3335725168482921;0.29866569923471403,0.2,8,7840,0.95703125,70.78963123052381,71.67676036781631,0.8871291372925043,43.774839023929346,13.67963719497792,4.384955883026123
76,4,0.8197802099793823,1.1291184516464952,0.3093382416671129,1.5466912083355644,925.8351751141272,1024,12,16,19.81156698486175,16;32;64;128;256;512,19.81156698486175;5.353148839782942;4.980745137757974;1.5572998945548817;0.8182141220169938;0.19545718432263126,0.2,8,7667,0.9359130859375,71.67676036781631,72.10118294687709,0.4244225790607743,41.474570314458504,12.960803223268282,4.3194260597229
76,5,1.1291184516464952,1.438456693313608,0.3093382416671129,1.5466912083355644,950.4647619905005,1024,12,16,20.843856910921932,16;32;64;128;256;512,20.843856910921932;7.988440455475807;2.9055143131547148;0.6689579854915758;1.0690090029299295;0.07976918317738733,0.2,8,7425,0.9063720703125,72.10118294687709,72.3663573069498,0.2651743600727059,40.08009139872462,12.525028562101443,4.312662839889526
76,6,1.438456693313608,1.5466912083355644,0.10823451502195636,1.5466912083355644,1015.5261420390141,1024,12,16,26.887882410869047,16;32;64;128;256;512,26.887882410869047;9.489274631329817;5.3923722566740535;1.8616270111461344;1.1847771122201607;0.09416625789506627,0.2,8,7351,0.8973388671875,72.3663573069498,72.41553125344217,0.04917394649237394,39.89653906332564,12.467668457289262,3.9444220066070557
78,1,0.0,0.21807300189368511,0.21807300189368511,1.404969008873677,512.0000000313826,1024,12,16,21.98528426250548,16;32;64;128;256;512,21.98528426250548;7.151511354766749;5.091822455354454;1.9825256244706495;1.1389043943358133;0.14769161514072657,0.2,8,8099,0.9886474609375,64.3470262903138,69.27348952158354,4.926463231269736,50.43111829362128,15.75972446675665,4.047350168228149
78,2,0.21807300189368511,0.49906680366842054,0.28099380177473543,1.404969008873677,699.1780050038018,1024,12,16,27.439536411727943,16;32;64;128;256;512,27.439536411727943;9.835691940228722;6.617745569859523;1.721724469621914;1.523447949155608;0.24985042721834022,0.2,8,7959,0.9715576171875,69.27348952158354,71.62644444109173,2.3529549195081927,45.75822122046978,14.299444131396806,4.195627927780151
78,3,0.49906680366842054,0.780060605443156,0.2809938017747355,1.404969008873677,876.3766247648325,1024,12,16,19.401167643145694,16;32;64;128;256;512,19.401167643145694;8.890452745386812;4.269954244312256;1.3411345246214346;1.2716767525961474;0.1779943777543328,0.2,8,7828,0.95556640625,71.62644444109173,72.34607516916003,0.7196307280682959,43.6304734526894,13.634522953965437,4.172852993011475
78,4,0.780060605443156,1.0610544072178913,0.2809938017747353,1.404969008873677,925.7884721198513,1024,12,16,18.205793304739412,16;32;64;128;256;512,18.205793304739412;6.7284791866679665;4.93933152508887;1.4909218927212633;1.050821400817585;0.06412636275526643,0.2,8,7595,0.9271240234375,72.34607516916003,72.81967391085345,0.4735987416934222,42.12982093087884,13.165569040899637,4.242653846740723
78,5,1.0610544072178913,1.342048208992627,0.28099380177473554,1.404969008873677,957.5284030853508,1024,12,16,20.56594838396685,16;32;64;128;256;512,20.56594838396685;5.412025499381428;5.196540556066189;0.672350086589574;0.8274892086328629;0.08393697204876276,0.2,8,7421,0.9058837890625,72.81967391085345,73.0987496690359,0.2790757581824437,41.40394685466396,12.938733392082487,4.478970050811768
78,6,1.342048208992627,1.404969008873677,0.06292079988105015,1.404969008873677,1020.8771944391555,1024,12,16,23.57142060281137,16;32;64;128;256;512,23.57142060281137;5.884609842622062;3.945564909344349;1.3980185845603432;1.0797590853356709;0.1178963296586012,0.2,8,7385,0.9014892578125,73.0987496690359,73.12331394967623,0.02456428064033389,40.88520958632157,12.776627995725491,4.157055854797363
80,1,0.0,0.21681918541021405,0.21681918541021405,1.2611038935594105,512.000000293428,1024,12,16,16.960794690311147,16;32;64;128;256;512,16.960794690311147;8.746327883636042;4.510160489159662;1.3709152285384947;1.0878570384910058;0.16324129205215648,0.2,8,8097,0.9884033203125,65.15742547536502,70.15282249252778,4.995397017162759,49.713957170967674,15.535611615927397,4.206221103668213
80,2,0.21681918541021405,0.4690399641220962,0.25222077871188214,1.2611038935594105,743.7221331592639,1024,12,16,26.39648838609939,16;32;64;128;256;512,26.39648838609939;9.024177275067714;6.324474922263612;1.9093718140689147;1.7574147588522986;0.22539150997415494,0.2,8,7984,0.974609375,70.15282249252778,72.15155303041684,1.9987305378890596,47.63058593814119,14.88455810566912,4.355544090270996
80,3,0.4690399641220962,0.7212607428339783,0.25222077871188214,1.2611038935594105,883.2075111821198,1024,12,16,16.4562994707409,16;32;64;128;256;512,16.4562994707409;6.652028709241021;3.696391843560668;1.1126428751252746;0.8018347236633409;0.09757369719449832,0.2,8,7859,0.9593505859375,72.15155303041684,72.94441724126227,0.7928642108454369,44.38372356258485,13.869913613307764,4.419613838195801
80,4,0.7212607428339783,0.9734815215458605,0.2522207787118822,1.2611038935594105,933.4072377426965,1024,12,16,11.095426629464281,16;32;64;128;256;512,11.095426629464281;6.30196762719762;2.3373748679535478;1.1282205644369983;0.3668693614976735;0.16102033804444144,0.2,8,7685,0.9381103515625,72.94441724126227,73.3343967666151,0.3899795253528282,41.64833166663972,13.015103645824912,4.359633207321167
80,5,0.9734815215458605,1.2257023002577427,0.2522207787118822,1.2611038935594105,957.059389808455,1024,12,16,22.464217114987303,16;32;64;128;256;512,22.464217114987303;5.810143937415127;4.7563550822650225;1.8862703032719392;1.0349987132475398;0.12887483021344395,0.2,8,7493,0.9146728515625,73.3343967666151,73.6600688721519,0.32567210553679615,39.97708177008229,12.492838053150717,4.491504907608032
80,6,1.2257023002577427,1.2611038935594105,0.03540159330166781,1.2611038935594105,1022.7328635796367,1024,12,16,14.226892264934651,16;32;64;128;256;512,14.226892264934651;7.536394875454243;4.4657430211090725;1.3816509238100787;0.5516757462434974;0.15523283128198234,0.2,8,7462,0.910888671875,73.6600688721519,73.70047389436513,0.0404050222132355,41.445322940841216,12.95166341901288,4.223368883132935
82,1,0.0,0.215374692626027,0.215374692626027,1.4376169874367142,512.0000002048819,1024,12,16,23.62642666015417,16;32;64;128;256;512,23.62642666015417;9.268300025502757;4.80587323214901;2.1831467439263266;1.3172216354376531;0.15169641157225333,0.2,8,8102,0.989013671875,65.86956291232491,71.10267614905024,5.23311323672533,50.217079149486466,15.69283723421452,4.434340953826904
82,2,0.215374692626027,0.5028980901133698,0.28752339748734285,1.4376169874367142,715.3568899785519,1024,12,16,18.986453643274384,16;32;64;128;256;512,18.986453643274384;8.048551051586184;5.116603491559415;1.2650274232272753;1.2095035237768954;0.2784301011942719,0.2,8,7981,0.9742431640625,71.10267614905024,73.2806088575744,2.1779327085241675,46.124254585202344,14.413829557875731,4.354053974151611
82,3,0.5028980901133698,0.7904214876007127,0.2875233974873429,1.4376169874367142,868.7163465634289,1024,12,16,16.751028233591352,16;32;64;128;256;512,16.751028233591352;6.527784779520034;4.96251766502614;1.7312145645870651;1.3054030979272175;0.17444299452335368,0.2,8,7794,0.951416015625,73.2806088575744,74.07519814395346,0.7945892863790505,44.01355758984926,13.754236746827894,4.291150093078613
82,4,0.7904214876007127,1.0779448850880555,0.2875233974873428,1.4376169874367142,929.7931209207325,1024,12,16,17.237137751676578,16;32;64;128;256;512,17.237137751676578;7.375839743767735;3.96062274223992;1.4416726285615085;0.6884882195783845;0.12013855212878366,0.2,8,7609,0.9288330078125,74.07519814395346,74.45365087070968,0.37845272675622255,42.027927244317745,13.133727263849295,4.169465065002441
82,5,1.0779448850880555,1.3654682825753983,0.2875233974873428,1.4376169874367142,951.521532887094,1024,12,16,14.167479987933373,16;32;64;128;256;512,14.167479987933373;5.569443033755937;2.5685438602248687;0.5661578344204365;0.5558971279671487;0.1493801770837871,0.2,8,7341,0.8961181640625,74.45365087070968,74.74018331093248,0.2865324402227998,40.27496069936573,12.58592521855179,4.537333011627197
82,6,1.3654682825753983,1.4376169874367142,0.07214870486131586,1.4376169874367142,1019.857388209139,1024,12,16,14.062369680058037,16;32;64;128;256;512,14.062369680058037;5.240218576113534;2.3904793967247997;0.4905729285014419;0.7334620025218899;0.09687044307881056,0.2,8,7322,0.893798828125,74.74018331093248,74.7853021658957,0.045118854963220656,40.8525076609673,12.76640864405228,4.478200197219849
84,1,0.0,0.21434964255350503,0.21434964255350503,1.4511731788790765,512.0000003771138,1024,12,16,12.867761692382299,16;32;64;128;256;512,12.867761692382299;6.115190871826595;3.5786483704606495;1.331065325328283;0.9176381635251925;0.17731395712781375,0.2,8,8103,0.9891357421875,66.76780839444837,71.86231015482917,5.094501760380808,49.93489883825651,15.604655886955157,4.395534038543701
84,2,0.21434964255350503,0.5045842783293204,0.2902346357758154,1.4511731788790765,682.2532009398877,1024,12,16,19.749182166542905,16;32;64;128;256;512,19.749182166542905;7.860789424579557;4.962868487350093;1.161839953001288;1.196966565650796;0.21399323341717616,0.2,8,7966,0.972412109375,71.86231015482917,74.24802069127327,2.385710536444094,47.113057229507035,14.722830384220948,4.368943929672241
84,3,0.5045842783293204,0.7948189141051357,0.2902346357758153,1.4511731788790765,867.0756163782461,1024,12,16,25.368349020059995,16;32;64;128;256;512,25.368349020059995;12.042590837027298;5.817459179661335;2.336981661083162;1.9576481464318232;0.15320714113078135,0.2,8,7784,0.9501953125,74.24802069127327,75.00404818286188,0.7560274915886112,45.40863022458282,14.190196945182132,4.326042175292969
84,4,0.7948189141051357,1.085053549880951,0.2902346357758153,1.4511731788790765,919.0061123841299,1024,12,16,23.71867664159397,16;32;64;128;256;512,23.71867664159397;7.082155695948371;3.1304939076241136;1.5571279426568037;1.312085300959538;0.17090422272217848,0.2,8,7572,0.92431640625,75.00404818286188,75.48244759172667,0.4783994088647887,42.33814382871948,13.230669946474837,4.178124904632568
84,5,1.085053549880951,1.3752881856567662,0.2902346357758152,1.4511731788790765,950.8099374662819,1024,12,16,21.813640073252394,16;32;64;128;256;512,21.813640073252394;7.798711583848932;5.15572727712236;1.0018272962526937;1.1539482583621878;0.05596761081068973,0.2,8,7362,0.898681640625,75.48244759172667,75.73715312988497,0.254705538158305,40.15894492629316,12.549670289466611,4.243640899658203
84,6,1.3752881856567662,1.4511731788790765,0.07588499322231024,1.4511731788790765,1019.2890590728057,1024,12,16,17.665510859802964,16;32;64;128;256;512,17.665510859802964;6.6411498108918625;4.764860801882886;0.8998199848224998;0.5478186993779189;0.06474599551933569,0.2,8,7262,0.886474609375,75.73715312988497,75.79744889982976,0.060295769944787025,39.74641419878329,12.420754437119777,4.224774122238159
86,1,0.0,0.22335827462362245,0.22335827462362245,1.4385330296603032,512.0000003748273,1024,12,16,24.9760677042289,16;32;64;128;256;512,24.9760677042289;8.805949355948915;5.733036635197612;1.5866544472026536;1.4720464220549219;0.256899670821706,0.2,8,8080,0.986328125,67.76278590247966,72.7885487221647,5.025762819685042,50.34600380534204,15.733126189169388,4.135515928268433
86,2,0.22335827462362245,0.5110648805556831,0.28770660593206066,1.4385330296603032,725.0251811625344,1024,12,16,21.10523884011967,16;32;64;128;256;512,21.10523884011967;7.791157608853459;5.858540426919856;1.4973711306951154;0.9055295348337518;0.19661221093689188,0.2,8,7942,0.969482421875,72.7885487221647,74.68040245730663,1.8918537351419218,46.544255810268915,14.545079940709035,4.420864820480347
86,3,0.5110648805556831,0.7987714864877438,0.28770660593206066,1.4385330296603032,867.5775705909059,1024,12,16,14.170262457442849,16;32;64;128;256;512,14.170262457442849;8.033796762306174;3.3680026140607593;1.2799561817937593;0.9583938428269919;0.15602563411428622,0.2,8,7769,0.9483642578125,74.68040245730663,75.47749982855748,0.7970973712508567,44.056958450952116,13.767799515922535,4.170547962188721
86,4,0.7987714864877438,1.0864780924198043,0.28770660593206054,1.4385330296603032,922.1297992135871,1024,12,16,20.900524398560822,16;32;64;128;256;512,20.900524398560822;10.538029395149794;4.137843539761723;0.626909030129926;0.7561438327078255;0.09206521371113122,0.2,8,7557,0.9224853515625,75.47749982855748,75.91399117116816,0.43649134261067957,42.075928015656444,13.148727504892639,4.185294151306152
86,5,1.0864780924198043,1.3741846983518649,0.28770660593206054,1.4385330296603032,950.9323315203446,1024,12,16,22.555404855220086,16;32;64;128;256;512,22.555404855220086;7.484528394006413;4.751623993626381;1.2850534828161964;0.7192625183229123;0.14415814286868175,0.2,8,7319,0.8934326171875,75.91399117116816,76.17889902065508,0.26490784948691726,40.53080947182069,12.665877959943964,4.478263854980469
86,6,1.3741846983518649,1.4385330296603032,0.06434833130843831,1.4385330296603032,1020.0563375602181,1024,12,16,17.961103795069544,16;32;64;128;256;512,17.961103795069544;8.272001115639489;4.039002216950793;0.9847842945427822;0.901325913154119;0.1662871785367292,0.2,8,7218,0.881103515625,76.17889902065508,76.27072651486378,0.09182749420870095,39.70318374409557,12.407244920029864,4.359292984008789
88,1,0.0,0.23698321475533918,0.23698321475533918,1.4190829263662585,512.0000000001687,1024,12,16,29.09434489184742,16;32;64;128;256;512,29.09434489184742;14.926385273844614;8.730895858668557;2.849597030038456;1.9043284799534788;0.26817258900679625,0.2,8,8072,0.9853515625,68.81217366922647,73.73231988953194,4.920146220305469,50.85007732833307,15.890649165104085,4.5393218994140625
88,2,0.23698321475533918,0.5207998000285909,0.28381658527325176,1.4190829263662585,759.4417046540848,1024,12,16,21.386267342538456,16;32;64;128;256;512,21.386267342538456;8.11638854752449;5.406205542836051;1.1338946948288375;0.8197549576887593;0.21317908108752734,0.2,8,7915,0.9661865234375,73.73231988953194,75.36822282307548,1.635902933543548,46.35245148903889,14.485141090324653,4.152132034301758
88,3,0.5207998000285909,0.8046163853018427,0.2838165852732517,1.4190829263662585,873.8854211974865,1024,12,16,23.89673693810149,16;32;64;128;256;512,23.89673693810149;11.063025817519177;5.895121867823102;1.3416228483641786;1.410504019897207;0.14835204005627636,0.2,8,7729,0.9434814453125,75.36822282307548,76.07864858547691,0.7104257624014281,43.99091621244314,13.74716131638848,4.083055019378662
88,4,0.8046163853018427,1.0884329705750944,0.2838165852732517,1.4190829263662585,922.7885647563842,1024,12,16,19.425713911858452,16;32;64;128;256;512,19.425713911858452;8.310136918898117;4.17696271842225;1.5582485472042489;1.2728670357310197;0.12654963241700218,0.2,8,7509,0.9166259765625,76.07864858547691,76.58400902710855,0.5053604416316375,42.012366418647225,13.128864505827258,4.027701139450073
88,5,1.0884329705750944,1.372249555848346,0.2838165852732517,1.4190829263662585,954.9634097896453,1024,12,16,25.4655193984436,16;32;64;128;256;512,25.4655193984436;6.15321028141387;4.180805011357469;0.8336567133776175;0.8204334157917923;0.2192936236634348,0.2,8,7237,0.8834228515625,76.58400902710855,76.8454048987478,0.2613958716392517,40.22777207977946,12.57117877493108,4.1441240310668945
88,6,1.372249555848346,1.4190829263662585,0.046833370517912476,1.4190829263662585,1022.1326466767554,1024,12,16,19.97364679509542,16;32;64;128;256;512,19.97364679509542;6.907283640164473;3.760135767734326;1.0934203128402116;0.6136149789204823;0.10164629453228236,0.2,8,7225,0.8819580078125,76.8454048987478,76.91771258262452,0.0723076838767156,41.09154935398718,12.841109173120994,4.184747934341431
90,1,0.0,0.22900890941951058,0.22900890941951058,1.2495280644258429,512.0000002999982,1024,12,16,23.49576961832231,16;32;64;128;256;512,23.49576961832231;10.269239223073683;5.1134948912928095;2.190503835288756;1.2903442670912901;0.10754408290839348,0.2,8,8084,0.98681640625,68.98920367547544,73.85846701439004,4.869263338914607,49.80103428557847,15.56282321424327,4.341731786727905
90,2,0.22900890941951058,0.4789145223046791,0.24990561288516855,1.2495280644258429,759.8810022692381,1024,12,16,21.42625713129455,16;32;64;128;256;512,21.42625713129455;9.467533882131107;5.580875870962922;1.6100650036600632;0.9977545842126502;0.16065419843539536,0.2,8,7954,0.970947265625,73.85846701439004,75.63288459792966,1.7744175835396163,46.78737519426656,14.6210547482083,4.145951986312866
90,3,0.4789145223046791,0.7288201351898477,0.24990561288516855,1.2495280644258429,887.2727278775178,1024,12,16,19.907461274328757,16;32;64;128;256;512,19.907461274328757;7.582304598411147;4.337801908691621;1.4490986191696094;1.0451056103215701;0.2293792864807867,0.2,8,7787,0.9505615234375,75.63288459792966,76.47769421036355,0.8448096124338917,44.05592441820931,13.767476380690407,4.179158926010132
90,4,0.7288201351898477,0.9787257480750162,0.24990561288516855,1.2495280644258429,938.3816289857336,1024,12,16,26.591798092470142,16;32;64;128;256;512,26.591798092470142;7.538846080612057;5.679406711449187;1.983949148524205;1.4143282081845794;0.2358451537559839,0.2,8,7623,0.9305419921875,76.47769421036355,76.90069244406186,0.42299823369830847,42.41995817116277,13.256236928488365,4.4133899211883545
90,5,0.9787257480750162,1.2286313609601849,0.24990561288516866,1.2495280644258429,963.9147753598569,1024,12,16,14.64730229176185,16;32;64;128;256;512,14.64730229176185;5.784225755509276;3.724042547857918;1.2941465117940956;0.969138881536712;0.09994540110463611,0.2,8,7309,0.8922119140625,76.90069244406186,77.1110639522085,0.2103715081466362,41.08621535834349,12.83944229948234,4.3623950481414795
90,6,1.2286313609601849,1.2495280644258429,0.020896703465657973,1.2495280644258429,1023.4819760849821,1024,12,16,21.80532722398015,16;32;64;128;256;512,21.80532722398015;6.527899876801286;4.443120759884809;1.0005153339854829;0.9891202741325306;0.067235236192098,0.2,8,7443,0.9085693359375,77.1110639522085,77.18026727519464,0.06920332298614085,41.22447315881485,12.882647862129641,4.334820985794067
92,1,0.0,0.2475312632115132,0.2475312632115132,1.4909511767695296,512.0000003938967,1024,12,16,25.5104749680743,16;32;64;128;256;512,25.5104749680743;11.022337966561357;7.007364336596738;1.901038632720546;1.932012448135979;0.2617802251196054,0.2,8,8072,0.9853515625,69.91859665105585,74.52802576019894,4.609429109143093,50.327251555815,15.727266111192188,4.433684825897217
92,2,0.2475312632115132,0.5457214985654191,0.2981902353539059,1.4909511767695296,732.7045569316024,1024,12,16,28.15249910432465,16;32;64;128;256;512,28.15249910432465;13.116386279552712;5.735942669250629;1.948154376464949;1.3973543206850882;0.17734940756129713,0.2,8,7914,0.966064453125,74.52802576019894,76.34870753844734,1.8206817782483995,45.70096432415205,14.281551351297514,4.3596179485321045
92,3,0.5457214985654191,0.843911733919325,0.2981902353539059,1.4909511767695296,870.156044053526,1024,12,16,25.871781305436542,16;32;64;128;256;512,25.871781305436542;10.14630878229409;5.501855371574741;1.4796833960512559;1.4059025875915216;0.1610906225231475,0.2,8,7714,0.941650390625,76.34870753844734,77.11742490681354,0.7687173683661968,44.076000780688965,13.773750243965301,4.332165002822876
92,4,0.843911733919325,1.1421019692732308,0.2981902353539059,1.4909511767695296,922.9056903048537,1024,12,16,16.813582686995648,16;32;64;128;256;512,16.813582686995648;9.055866570008861;6.720938832630119;1.5894456555868646;1.011915351307608;0.040209085480605415,0.2,8,7481,0.9132080078125,77.11742490681354,77.59076065290719,0.47333574609365314,41.06798514674175,12.833745358356795,4.0880138874053955
92,5,1.1421019692732308,1.4402922046271367,0.2981902353539059,1.4909511767695296,954.513149281367,1024,12,16,20.170776443143072,16;32;64;128;256;512,20.170776443143072;6.630082326785996;4.010444318539731;1.4228133347044896;0.9408654784154709;0.11116628945168157,0.2,8,7217,0.8809814453125,77.59076065290719,77.78399158385582,0.19323093094862998,39.723910769853546,12.413722115579233,4.511814117431641
92,6,1.4402922046271367,1.4909511767695296,0.0506589721423929,1.4909511767695296,1021.5615509941815,1024,12,16,11.957304099885398,16;32;64;128;256;512,11.957304099885398;3.8002799998891;3.8871559516107084;0.6390018753017459;0.6496484472223119;0.11461280139672819,0.2,8,7138,0.871337890625,77.78399158385582,77.81181215133984,0.027820567484013736,39.70047854417177,12.406399545053679,4.340088844299316
94,1,0.0,0.25237374022261216,0.25237374022261216,1.3851831148324043,512.000000049592,1024,12,16,20.8965460090522,16;32;64;128;256;512,20.8965460090522;7.501141098310529;5.832732021475786;2.0146610838706027;1.2622418022981263;0.3703910405373393,0.2,8,8076,0.98583984375,70.44700340839336,74.99999348138226,4.552990072988905,49.067272719510854,15.33352272484714,4.14570689201355
94,2,0.25237374022261216,0.529410363189093,0.2770366229664808,1.3851831148324043,771.5481073979558,1024,12,16,24.291672990471334,16;32;64;128;256;512,24.291672990471334;9.954992718963695;7.718149243298855;1.0673573995989933;0.8703234534497742;0.17581081418238936,0.2,8,7934,0.968505859375,74.99999348138226,76.66671842138749,1.6667249400052242,47.26187036210501,14.769334488157813,4.135674953460693
94,3,0.529410363189093,0.8064469861555739,0.2770366229664809,1.3851831148324043,875.9723511951129,1024,12,16,14.603340853838281,16;32;64;128;256;512,14.603340853838281;9.081970931148518;3.913204254075177;0.927553677718649;0.9810637379288969;0.08199552472719922,0.2,8,7715,0.9417724609375,76.66671842138749,77.43975658912677,0.773038167739287,43.78765310955756,13.683641596736736,4.509263038635254
94,4,0.8064469861555739,1.0834836091220548,0.2770366229664809,1.3851831148324043,934.9368638009072,1024,12,16,21.812605736767622,16;32;64;128;256;512,21.812605736767622;6.6746178012717134;4.397029325932054;0.8393524911888204;1.0520273101468913;0.19962624656660108,0.2,8,7505,0.9161376953125,77.43975658912677,77.84231591306161,0.4025593239348382,42.90985850069374,13.409330781466792,4.108942985534668
94,5,1.0834836091220548,1.3605202320885357,0.2770366229664809,1.3851831148324043,960.7081945507061,1024,12,16,19.880738687927977,16;32;64;128;256;512,19.880738687927977;6.947092533137924;3.1177590612373995;0.9789758216259561;0.9995360075335086;0.17224821323605902,0.2,8,7243,0.8841552734375,77.84231591306161,78.14653686759993,0.304220954538323,41.37654260967209,12.930169565522528,4.173269987106323
94,6,1.3605202320885357,1.3851831148324043,0.02466288274386863,1.3851831148324043,1023.4908455230337,1024,12,16,18.90988247738376,16;32;64;128;256;512,18.90988247738376;4.394332360827121;3.4896215167550237;0.975201416881626;0.6080360436939775;0.05527232513378059,0.2,8,7186,0.877197265625,78.14653686759993,78.14685140061192,0.00031453301198780537,40.6480364661469,12.702511395670905,4.179404020309448
96,1,0.0,0.2536162918725211,0.2536162918725211,1.3773333946034985,512.0000001870667,1024,12,16,24.827300534573187,16;32;64;128;256;512,24.827300534573187;11.785864543228689;7.574064930336928;1.9018092306091976;1.8145994582328708;0.2211548595641215,0.2,8,8060,0.98388671875,70.893748901668,75.5853404813679,4.691591579699889,50.52704206956839,15.78970064674012,4.126102924346924
96,2,0.2536162918725211,0.5290829707932208,0.27546667892069965,1.3773333946034985,760.8760003623293,1024,12,16,19.698604902696925,16;32;64;128;256;512,19.698604902696925;8.816580852371567;6.094462787120802;1.3312880970054641;1.364184903296481;0.11342320928629665,0.2,8,7864,0.9599609375,75.5853404813679,77.28467121650465,1.6993307351367548,46.0706749524415,14.397085922637968,4.1719560623168945
96,3,0.5290829707932208,0.8045496497139204,0.27546667892069965,1.3773333946034985,893.3389891355346,1024,12,16,15.63773403309098,16;32;64;128;256;512,15.63773403309098;8.41640203763872;4.672760716775462;1.4050710681415257;1.1908868134363613;0.11796338043883986,0.2,8,7701,0.9400634765625,77.28467121650465,77.93397681822535,0.6493056017206982,44.44686804780955,13.889646264940485,4.2110419273376465
96,4,0.8045496497139204,1.08001632863462,0.27546667892069965,1.3773333946034985,931.6158022368563,1024,12,16,14.3040955606801,16;32;64;128;256;512,14.3040955606801;5.350139648923656;3.7731440593993857;0.9251481396211508;0.3749585211240375;0.1134789310702005,0.2,8,7478,0.912841796875,77.93397681822535,78.37636445905082,0.44238764082547277,40.6406682598685,12.700208831208904,4.19960618019104
96,5,1.08001632863462,1.3554830075553197,0.27546667892069965,1.3773333946034985,960.9159062728768,1024,12,16,13.701060585117265,16;32;64;128;256;512,13.701060585117265;5.055949045464222;4.314267108109583;1.2404865564675616;0.3912019390082254;0.07645216980077761,0.2,8,7244,0.88427734375,78.37636445905082,78.60076292196754,0.22439846291672438,40.337397736238245,12.605436792574451,4.295009136199951
96,6,1.3554830075553197,1.3773333946034985,0.021850387048178765,1.3773333946034985,1023.5675097563,1024,12,16,16.86315474619941,16;32;64;128;256;512,16.86315474619941;7.631538493817021;3.4319020561962392;0.9918844329265226;0.07992443262494087;0.1638288397106021,0.2,8,7236,0.88330078125,78.60076292196754,78.59969703282695,-0.0010658891405910254,40.82637215053818,12.75824129704318,4.468914031982422
98,1,0.0,0.2652172030532516,0.2652172030532516,1.3843607317353197,512.000000141205,1024,12,16,24.68150873252587,16;32;64;128;256;512,24.68150873252587;8.249540918784687;4.681905359099606;1.6599028002658347;1.177556148597372;0.1551860894827699,0.2,8,8064,0.984375,71.86578226846177,76.23291276377859,4.367130495316815,50.008058352585735,15.627518235183041,4.116949081420898
98,2,0.2652172030532516,0.5420893494003156,0.27687214634706403,1.3843607317353197,787.7614678642984,1024,12,16,25.034658842190918,16;32;64;128;256;512,25.034658842190918;9.420693903989005;6.408410081832662;2.3874846684407016;1.4043614011064116;0.11288554156093307,0.2,8,7853,0.9586181640625,76.23291276377859,77.73711487156106,1.5042021077824757,47.59238854172632,14.872621419289475,4.209336042404175
98,3,0.5420893494003156,0.8189614957473796,0.27687214634706403,1.3843607317353197,896.2364734679587,1024,12,16,19.375689096640862,16;32;64;128;256;512,19.375689096640862;5.898679445025441;3.97174843988817;1.748989541191685;0.8350654188754594;0.159346534832766,0.2,8,7669,0.9361572265625,77.73711487156106,78.444860272808,0.7077454012469389,44.64706398753147,13.952207496103583,4.237749814987183
98,4,0.8189614957473796,1.0958336420944437,0.27687214634706403,1.3843607317353197,939.043456234198,1024,12,16,18.42070934185697,16;32;64;128;256;512,18.42070934185697;9.055872196318521;4.044904641201552;1.3385733203839605;0.8666686811919262;0.09511886316840923,0.2,8,7459,0.9105224609375,78.444860272808,78.73878650553524,0.2939262327272445,42.753739295175336,13.360543529742293,4.453563928604126
98,5,1.0958336420944437,1.3727057884415077,0.27687214634706403,1.3843607317353197,957.4358250833769,1024,12,16,19.070479529912262,16;32;64;128;256;512,19.070479529912262;7.060177613831567;3.357497737412037;1.2917435048817139;0.5374367544406286;0.08407070765188708,0.2,8,7208,0.8798828125,78.73878650553524,79.08846848690882,0.3496819813735783,41.47041873630144,12.9595058550942,4.442896127700806
98,6,1.3727057884415077,1.3843607317353197,0.011654943293812003,1.3843607317353197,1023.8916658475376,1024,12,16,12.738886328318495,16;32;64;128;256;512,12.738886328318495;4.6921043711324;4.171591227605481;0.8968487252159769;0.5699790724832072;0.08197303872209054,0.2,8,7146,0.872314453125,79.08846848690882,79.03386918199249,-0.05459930491633713,40.790817114811425,12.747130348378569,4.101928949356079
100,1,0.0,0.2550338321614508,0.2550338321614508,1.4160584586206666,512.0000002110523,1024,12,16,23.131828074401007,16;32;64;128;256;512,23.131828074401007;12.250334334505608;7.086648446843323;2.1330003848113885;2.2905570186294524;0.25717471298394357,0.2,8,8063,0.9842529296875,71.71511217142688,76.32708658115007,4.611974409723189,50.049947382764955,15.640608557114048,4.3737969398498535
100,2,0.2550338321614508,0.5382455238855841,0.2832116917241333,1.4160584586206666,767.983840101918,1024,12,16,20.923597533198265,16;32;64;128;256;512,20.923597533198265;7.1981661870901075;5.521807396873211;1.5369838331261303;1.1500880249096301;0.17568595701936782,0.2,8,7915,0.9661865234375,76.32708658115007,77.80278471973725,1.4756981385871768,47.0933301377813,14.716665668056656,4.207043170928955
100,3,0.5382455238855841,0.8214572156097175,0.2832116917241334,1.4160584586206666,876.3973587589047,1024,12,16,24.627955507377937,16;32;64;128;256;512,24.627955507377937;7.933588238410222;4.605856708103409;1.560685195386729;1.0418074437896678;0.19501042865876056,0.2,8,7724,0.94287109375,77.80278471973725,78.57193090161309,0.7691461818758398,44.17032523164787,13.80322663488996,4.375254154205322
100,4,0.8214572156097175,1.104668907333851,0.2832116917241334,1.4160584586206666,930.4111523270049,1024,12,16,24.886995658979522,16;32;64;128;256;512,24.886995658979522;6.732353335606172;4.336246820419805;0.6212550659537435;0.8766958507323608;0.19125098932097062,0.2,8,7449,0.9093017578125,78.57193090161309,79.01864572963677,0.446714828023687,41.60807760867453,13.002524252710788,4.430068016052246
100,5,1.104668907333851,1.3878805990579843,0.2832116917241334,1.4160584586206666,956.771214585358,1024,12,16,21.600455610708238,16;32;64;128;256;512,21.600455610708238;6.900252911238396;5.377677608786502;1.0287046203619745;0.490480401083033;0.03195674855017193,0.2,8,7159,0.8739013671875,79.01864572963677,79.2841612828197,0.2655155531829223,40.19629747506856,12.561342960958925,4.548942804336548
100,6,1.3878805990579843,1.4160584586206666,0.02817785956268226,1.4160584586206666,1023.2629487313092,1024,12,16,17.95704830630048,16;32;64;128;256;512,17.95704830630048;8.353247345099991;3.4588081989841295;0.9631150293465532;0.3706447310947112;0.15021284265519486,0.2,8,7145,0.8721923828125,79.2841612828197,79.27538116229698,-0.008780120522715151,40.15774653975597,12.549295793673739,4.374500036239624
102,1,0.0,0.26210818984519385,0.26210818984519385,1.4035991451861818,512.000000327082,1024,12,16,34.175743724339405,16;32;64;128;256;512,34.175743724339405;11.40573389178354;7.392872064512552;1.5355716432587991;1.9392957624391365;0.31889417815894555,0.2,8,8020,0.97900390625,72.49603450449649,77.00696198595688,4.510927481460385,50.64142198366245,15.825444369894514,4.098543882369995
102,2,0.26210818984519385,0.5428280188824302,0.2807198290372363,1.4035991451861818,793.9642379851135,1024,12,16,32.43486732882121,16;32;64;128;256;512,32.43486732882121;14.698858555961328;6.495576347568083;2.206173033598313;1.8265433720241144;0.21791717526503526,0.2,8,7870,0.960693359375,77.00696198595688,78.53644609660842,1.5294841106515378,46.89086076250034,14.653393988281355,4.09912109375
102,3,0.5428280188824302,0.8235478479196665,0.28071982903723636,1.4035991451861818,904.1144637231981,1024,12,16,22.677407437438777,16;32;64;128;256;512,22.677407437438777;7.1525845405343125;4.434691196850696;1.0351921713908285;1.0495265179650466;0.11181435887791262,0.2,8,7682,0.937744140625,78.53644609660842,79.11518979782704,0.5787437012186274,44.38227925287919,13.869462266524746,4.1817238330841064
102,4,0.8235478479196665,1.1042676769569029,0.28071982903723636,1.4035991451861818,938.939212624035,1024,12,16,19.521461232085432,16;32;64;128;256;512,19.521461232085432;6.273745859771105;5.5805330997712295;1.1310672359573215;0.5399723176293438;0.06080307843754336,0.2,8,7390,0.902099609375,79.11518979782704,79.46157599019352,0.3463861923664808,41.21345842304214,12.879205757200669,4.197674036026001
102,5,1.1042676769569029,1.3849875059941392,0.28071982903723636,1.4035991451861818,953.5548600550362,1024,12,16,21.831785826385264,16;32;64;128;256;512,21.831785826385264;7.009037700042532;2.887873282062384;1.6686959717641885;0.6520389339164149;0.076138669543083,0.2,8,7126,0.869873046875,79.46157599019352,79.78780821233522,0.326232222141698,39.70164662622257,12.406764570694552,4.17629599571228
102,6,1.3849875059941392,1.4035991451861818,0.01861163919204256,1.4035991451861818,1023.6915346775554,1024,12,16,20.648513752148343,16;32;64;128;256;512,20.648513752148343;5.631933229321578;3.635128196074817;0.7708738384457107;0.7242661441463519;0.05389493689933052,0.2,8,7078,0.864013671875,79.78780821233522,79.7501147002913,-0.03769351204391569,39.78062656776901,12.431445802427815,4.160676956176758
104,1,0.0,0.271878637367042,0.271878637367042,1.578426495380595,512.0000000925829,1024,12,16,24.814453397776866,16;32;64;128;256;512,24.814453397776866;9.139304991251393;5.407008168467938;1.7970024502115067;1.205398802022431;0.19634163057620127,0.2,8,8025,0.9796142578125,72.97383331536548,77.46613879827783,4.492305482912343,50.54552084359918,15.795475263624743,4.1981329917907715
104,2,0.271878637367042,0.5875639364431611,0.3156852990761191,1.578426495380595,760.9816697260723,1024,12,16,26.03794975440378,16;32;64;128;256;512,26.03794975440378;8.920725006637067;7.01960027851066;1.8844072507317662;0.6827057828561426;0.1811174282348875,0.2,8,7828,0.95556640625,77.46613879827783,78.82051525556017,1.354376457282342,46.86699166469979,14.645934895218684,4.247592926025391
104,3,0.5875639364431611,0.90324923551928,0.315685299076119,1.578426495380595,875.9545548014337,1024,12,16,20.304858383983053,16;32;64;128;256;512,20.304858383983053;7.784914253839866;5.243935116043454;1.9603761376846887;0.9029296897350289;0.05942015091387833,0.2,8,7611,0.9290771484375,78.82051525556017,79.44366725394502,0.6231519983848557,42.5476723868582,13.296147620893187,4.278246879577637
104,4,0.90324923551928,1.218934534595399,0.315685299076119,1.578426495380595,915.7492379545141,1024,12,16,16.697250405814977,16;32;64;128;256;512,16.697250405814977;6.9768134216536355;4.391996436219423;1.1066443857789772;1.0570061902162502;0.06807331896307559,0.2,8,7293,0.8902587890625,79.44366725394502,79.87669603410177,0.4330287801567465,42.42221529474939,13.256942279609184,4.334774971008301
104,5,1.218934534595399,1.534619833671518,0.315685299076119,1.578426495380595,945.307222317433,1024,12,16,12.199681256242274,16;32;64;128;256;512,12.199681256242274;4.906442780825704;3.6350306485412514;0.9554838956405205;0.10510889353769345;0.0,0.2,8,7048,0.8603515625,79.87669603410177,80.16106007050257,0.28436403640080243,39.9513442387763,12.484795074617594,4.382105112075806
104,6,1.534619833671518,1.578426495380595,0.0438066617090771,1.578426495380595,1022.4749044979593,1024,12,16,12.086747827264015,16;32;64;128;256;512,12.086747827264015;7.504458139090954;3.1954938604703864;0.7276287117105803;0.7586732392299306;0.0462992235321979,0.2,8,6977,0.8516845703125,80.16106007050257,80.18496972171124,0.023909651208668947,40.23866690197642,12.574583406867632,4.179858922958374
106,1,0.0,0.28310329515793775,0.28310329515793775,1.750332069927997,512.0000001102894,1024,12,16,24.13858526367394,16;32;64;128;256;512,24.13858526367394;7.57024620446547;5.793834853940074;1.128028296140237;1.1998755574931852;0.3020846764946672,0.2,8,8021,0.9791259765625,73.72311383031774,77.805493314052,4.0823794837342575,48.37433829346024,15.116980716706324,4.384318113327026
106,2,0.28310329515793775,0.6331697091435371,0.35006641398559935,1.750332069927997,732.777309654611,1024,12,16,32.009221953622244,16;32;64;128;256;512,32.009221953622244;11.819890456055825;7.361264622572636;1.7696785989874553;2.076544182210338;0.26386995163239524,0.2,8,7820,0.95458984375,77.805493314052,79.43307360680774,1.627580292755738,45.20201759231538,14.125630497598555,4.218082904815674
106,3,0.6331697091435371,0.9832361231291364,0.35006641398559935,1.750332069927997,871.8491581887994,1024,12,16,21.42553741717523,16;32;64;128;256;512,21.42553741717523;9.719094456944141;4.826761964799426;1.0477468021743628;1.48568029164716;0.18732148901091142,0.2,8,7516,0.91748046875,79.43307360680774,79.92384312336799,0.49076951656024903,43.06030978699937,13.456346808437303,4.375313997268677
106,4,0.9832361231291364,1.3333025371147358,0.35006641398559935,1.750332069927997,913.0726144159023,1024,12,16,23.598896821804825,16;32;64;128;256;512,23.598896821804825;7.119164905832172;2.2922084040109083;0.8102265041666745;0.47672061106788677;0.06387006105220981,0.2,8,7232,0.8828125,79.92384312336799,80.26378149795346,0.33993837458547205,40.55380464167203,12.67306395052251,4.419195890426636
106,5,1.3333025371147358,1.6833689511003351,0.35006641398559935,1.750332069927997,937.4257716506534,1024,12,16,12.840367606280406,16;32;64;128;256;512,12.840367606280406;2.7593019781265786;2.2871620948756366;0.7485633892911018;0.07927828556836791;0.0,0.2,8,6819,0.8323974609375,80.26378149795346,80.61822150577791,0.35444000782445073,37.879964219608446,11.837488818627639,4.201647996902466
106,6,1.6833689511003351,1.750332069927997,0.06696311882766182,1.750332069927997,1020.8864272216796,1024,12,16,17.113104860515705,16;32;64;128;256;512,17.113104860515705;6.483438442570206;2.5447938024380634;0.5937296669439046;0.35434777977704623;0.0,0.2,8,6772,0.82666015625,80.61822150577791,80.63550243596546,0.017280930187553167,38.65244703415839,12.078889698174496,4.238990783691406
108,1,0.0,0.2912270534459868,0.2912270534459868,1.544163436611166,512.0000000124996,1024,12,16,20.432572440315262,16;32;64;128;256;512,20.432572440315262;9.423461080125355;7.864632113218267;2.1519673364835894;1.7043501165060526;0.3198426641817516,0.2,8,8027,0.9798583984375,73.91731616127072,78.09281298163114,4.175496820360422,49.66216093987367,15.519425293710523,4.553839206695557
108,2,0.2912270534459868,0.60005974076822,0.3088326873222332,1.544163436611166,785.6679812862798,1024,12,16,25.867910549585126,16;32;64;128;256;512,25.867910549585126;13.331166667338762;7.170576553081479;2.141481245619285;1.3645382425958221;0.20084456465279596,0.2,8,7825,0.9552001953125,78.09281298163114,79.37969549268018,1.2868825110490434,46.21578627401007,14.442433210628147,4.236582040786743
108,3,0.60005974076822,0.9088924280904532,0.30883268732223323,1.544163436611166,883.614747422717,1024,12,16,11.533200742360762,16;32;64;128;256;512,11.533200742360762;5.25824978586437;2.236786054988922;1.3734877599577204;0.926027746032653;0.05520879599337808,0.2,8,7568,0.923828125,79.37969549268018,79.9560283839237,0.57633289124351,43.328055163758386,13.540017238674494,4.341616868972778
108,4,0.9088924280904532,1.2177251154126865,0.30883268732223323,1.544163436611166,926.5881429239714,1024,12,16,17.61122432649552,16;32;64;128;256;512,17.61122432649552;8.58118725186554;3.1776603753889563;0.8737304311502067;0.37555701270930114;0.018235075419461993,0.2,8,7280,0.888671875,79.9560283839237,80.37471801356878,0.4186896296450868,41.640497055771974,13.01265532992874,4.383568048477173
108,5,1.2177251154126865,1.5265578027349198,0.30883268732223335,1.544163436611166,953.2676800418158,1024,12,16,12.637085201646249,16;32;64;128;256;512,12.637085201646249;3.8030148364901297;2.8789038428559635;0.18649834963083922;0.4746949195737976;0.0312559366328067,0.2,8,6935,0.8465576171875,80.37471801356878,80.5830581189366,0.20834010536782444,39.6561370080353,12.392542815011032,4.111604928970337
108,6,1.5265578027349198,1.544163436611166,0.01760563387624625,1.544163436611166,1023.7423468342328,1024,12,16,11.693658517594821,16;32;64;128;256;512,11.693658517594821;4.437252254046387;4.0799510301745805;0.3338215605701124;0.45547591430136636;0.069216914946955,0.2,8,6986,0.852783203125,80.5830581189366,80.62461359240115,0.04155547346454114,40.010892247247305,12.503403827264782,4.536762952804565
110,1,0.0,0.30071152057353034,0.30071152057353034,1.6152972256038622,512.0000003354448,1024,12,16,26.73209155322886,16;32;64;128;256;512,26.73209155322886;11.412344990193958;7.581974478173867;2.144510552052461;1.813785300141208;0.252363005190578,0.2,8,8030,0.980224609375,74.33604284975445,78.59521371248411,4.259170862729661,49.004103824845174,15.313782445264117,4.148636102676392
110,2,0.30071152057353034,0.6237709656943028,0.32305944512077245,1.6152972256038622,795.3321717302821,1024,12,16,23.92270348340569,16;32;64;128;256;512,23.92270348340569;6.496940641384919;4.111181078747002;2.059669158196536;1.1152811025079519;0.12765649954787978,0.2,8,7794,0.951416015625,78.59521371248411,79.66520467528608,1.0699909628019668,46.15535800454146,14.423549376419206,4.206364154815674
110,3,0.6237709656943028,0.9468304108150752,0.32305944512077245,1.6152972256038622,880.8232605802801,1024,12,16,18.583490258744927,16;32;64;128;256;512,18.583490258744927;6.669757651459378;4.426189446005098;1.1478415524058416;0.7089217327843658;0.12720767403779437,0.2,8,7544,0.9208984375,79.66520467528608,80.27459957438987,0.6093948991037905,43.04008136458572,13.450025426433037,4.174689054489136
110,4,0.9468304108150752,1.2698898559358476,0.32305944512077234,1.6152972256038622,925.5508835134488,1024,12,16,21.20940644212593,16;32;64;128;256;512,21.20940644212593;5.229560148819747;3.772816903236208;0.4621569877016926;0.11541974882694735;0.09053476282451262,0.2,8,7229,0.8824462890625,80.27459957438987,80.6309210176114,0.3563214432215318,41.90506450255896,13.095332657049674,4.194164991378784
110,5,1.2698898559358476,1.59294930105662,0.32305944512077245,1.6152972256038622,951.3989793632473,1024,12,16,11.728204136129445,16;32;64;128;256;512,11.728204136129445;4.113618625689381;2.1723631486575203;0.3596780963570402;0.2879704933639977;0.0,0.2,8,6874,0.839111328125,80.6309210176114,80.89326402847655,0.2623430108651519,40.35395125925278,12.610609768516493,4.177762031555176
110,6,1.59294930105662,1.6152972256038622,0.022347924547242215,1.6152972256038622,1023.6074917081125,1024,12,16,16.62480472965793,16;32;64;128;256;512,16.62480472965793;4.196202089316327;2.5595261248917827;0.9461159269349134;0.361106689650658;0.03702569902241342,0.2,8,6867,0.8382568359375,80.89326402847655,80.95166250132024,0.05839847284369171,39.445854356492674,12.32682948640396,4.183203935623169
112,1,0.0,0.31523460813683246,0.31523460813683246,1.7782088845599815,512.0000001496924,1024,12,16,28.00378581792873,16;32;64;128;256;512,28.00378581792873;8.546526565469982;6.82973730592783;2.1239204598866177;1.7484619303527333;0.3695455518477396,0.2,8,8027,0.9798583984375,74.79667832358973,78.77643698063912,3.9797586570493877,49.36909112691714,15.427840977161607,4.231517791748047
112,2,0.31523460813683246,0.6708763850488288,0.3556417769119964,1.7782088845599815,758.5420850148255,1024,12,16,22.032901016892648,16;32;64;128;256;512,22.032901016892648;11.783968790579586;5.589146528022058;1.5204601960632091;1.3372347398194178;0.10515558226763644,0.2,8,7785,0.9503173828125,78.77643698063912,80.03047366323881,1.2540366825996898,45.18349696431928,14.119842801349774,4.268718957901001
112,3,0.6708763850488288,1.0265181619608252,0.3556417769119964,1.7782088845599815,864.3164887728813,1024,12,16,20.174239579180043,16;32;64;128;256;512,20.174239579180043;9.739702805614066;5.230005946241718;0.8508853215908458;1.036443765667146;0.09510738870785845,0.2,8,7456,0.91015625,80.03047366323881,80.60905262676533,0.5785789635265246,41.78812912101308,13.058790350316587,4.46391487121582
112,4,1.0265181619608252,1.3821599388728216,0.3556417769119964,1.7782088845599815,919.8200611619429,1024,12,16,14.037543486835588,16;32;64;128;256;512,14.037543486835588;8.861751212754966;2.8071164324357065;0.9494214549873079;0.2442468411024715;0.1070679428687481,0.2,8,7075,0.8636474609375,80.60905262676533,80.93334850203246,0.32429587526712567,40.63163954056584,12.697387356426825,4.338944911956787
112,5,1.3821599388728216,1.737801715784818,0.3556417769119964,1.7782088845599815,941.6855461082368,1024,12,16,12.14876288047131,16;32;64;128;256;512,12.14876288047131;2.6270815267674577;2.9544383486408545;0.8493607211235705;0.47325202091635765;0.0,0.2,8,6740,0.82275390625,80.93334850203246,81.21899374795612,0.2856452459236607,39.10256739749629,12.219552311717589,4.343267917633057
112,6,1.737801715784818,1.7782088845599815,0.04040716877516348,1.7782088845599815,1022.8833986765989,1024,12,16,16.686432029600446,16;32;64;128;256;512,16.686432029600446;4.73607158543278;3.1599355099205026;0.524092245715916;0.5565161282512157;0.06872899244109335,0.2,8,6629,0.8092041015625,81.21899374795612,81.24045948579442,0.021465737838298082,39.22051141015522,12.256409815673505,4.400362014770508
114,1,0.0,0.32749043415497814,0.32749043415497814,1.6922481342067397,512.0000001336603,1024,12,16,16.842135845144586,16;32;64;128;256;512,16.842135845144586;7.493778293733119;4.98035062086526;1.583686825298113;1.0889391091255445;0.1762267531690022,0.2,8,7987,0.9749755859375,75.10334873368265,79.05039762484375,3.947048891161103,47.91234207086498,14.972606897145306,4.444135904312134
114,2,0.32749043415497814,0.6659400609963261,0.33844962684134794,1.6922481342067397,781.2697297864314,1024,12,16,21.990224551654748,16;32;64;128;256;512,21.990224551654748;8.200438073530254;4.905936351376125;1.8660108615427953;1.3603913658522506;0.17615123915688008,0.2,8,7754,0.946533203125,79.05039762484375,80.1613581450656,1.1109605202218518,43.813949211597915,13.691859128624348,4.184201002120972
114,3,0.6659400609963261,1.0043896878376741,0.33844962684134805,1.6922481342067397,881.5912167441794,1024,12,16,14.963192751477278,16;32;64;128;256;512,14.963192751477278;8.154300917858523;2.6680363199236994;0.8040444025348564;0.6896838846829931;0.11024328996731604,0.2,8,7462,0.910888671875,80.1613581450656,80.77309438970406,0.6117362446384504,42.76208225919771,13.363150705999285,4.625528812408447
114,4,1.0043896878376741,1.342839314679022,0.33844962684134794,1.6922481342067397,928.2675908967998,1024,12,16,17.685616728761733,16;32;64;128;256;512,17.685616728761733;7.901501903865243;4.91589134779956;0.5455787234934967;0.34344120446346416;0.15273473514988264,0.2,8,7125,0.8697509765625,80.77309438970406,81.12383967312053,0.3507452834164724,39.80244206946852,12.43826314670891,4.169348955154419
114,5,1.342839314679022,1.68128894152037,0.33844962684134794,1.6922481342067397,951.370807379291,1024,12,16,16.17426046089505,16;32;64;128;256;512,16.17426046089505;5.292895673246491;2.5769910207368083;0.6902150425597211;0.513638899961335;0.08870425392393282,0.2,8,6691,0.8167724609375,81.12383967312053,81.36952331161592,0.2456836384953931,39.35040906432813,12.29700283260254,4.219826936721802
114,6,1.68128894152037,1.6922481342067397,0.01095919268636969,1.6922481342067397,1023.9189323007374,1024,12,16,12.98638490323493,16;32;64;128;256;512,12.98638490323493;4.4057950745996;2.516356967413632;0.29958341708479175;0.2813634640830581;0.0,0.2,8,6699,0.8177490234375,81.36952331161592,81.38116226042621,0.01163894881028682,38.427370118565634,12.00855316205176,4.4389050006866455
116,1,0.0,0.3257508087580392,0.3257508087580392,1.628754043790196,513.660938248874,1024,12,16,26.35945352065259,16;32;64;128;256;512,26.35945352065259;9.627982327356666;5.174451238711672;1.8544891837058781;1.1823089466377095;0.27363232989365877,0.2,8,8011,0.9779052734375,75.33670477609849,79.24377602495952,3.9070712488610297,47.98010420447458,14.993782563898305,4.366100072860718
116,2,0.3257508087580392,0.6515016175160784,0.3257508087580392,1.628754043790196,806.4970537966313,1024,12,16,18.23701993273973,16;32;64;128;256;512,18.23701993273973;8.219931532054554;5.573969727116165;1.7175533072289244;1.0459733216400031;0.043421317292410104,0.2,8,7745,0.9454345703125,79.24377602495952,80.30725520371925,1.063479178759735,45.23700619995338,14.13656443748543,4.097455978393555
116,3,0.6515016175160784,0.9772524262741176,0.3257508087580392,1.628754043790196,889.4322817081602,1024,12,16,21.054126120244014,16;32;64;128;256;512,21.054126120244014;9.288501601580567;4.498390428139607;0.8488272863318878;1.0580971886208208;0.12881173761005998,0.2,8,7495,0.9149169921875,80.30725520371925,80.81923322740477,0.5119780236855149,43.31173633231416,13.534917603848175,4.326525926589966
116,4,0.9772524262741176,1.3030032350321568,0.3257508087580392,1.628754043790196,923.5568765201931,1024,12,16,18.539857394885512,16;32;64;128;256;512,18.539857394885512;10.417535694323625;5.609314269846923;1.5719267398881382;1.548913382315013;0.12930751106963934,0.2,8,7154,0.873291015625,80.81923322740477,81.19846036005765,0.3792271326528862,41.88476685185017,13.08898964120318,4.110105037689209
116,5,1.3030032350321568,1.628754043790196,0.3257508087580392,1.628754043790196,948.1153382534903,1024,12,16,22.034416262997965,16;32;64;128;256;512,22.034416262997965;4.109880131610569;3.9823959176836254;0.5287842376513248;0.410359709002224;0.028514401058353775,0.2,8,6752,0.82421875,81.19846036005765,81.52438841853291,0.32592805847525597,39.59072670293089,12.372102094665902,4.076801061630249
118,1,0.0,0.34073119075368863,0.34073119075368863,1.7171479570676011,512.000000092326,1024,12,16,20.15623907014986,16;32;64;128;256;512,20.15623907014986;9.003655874856902;6.1970319104789455;1.8779943848622638;1.3342776662490499;0.19430652475536478,0.2,8,7969,0.9727783203125,75.65447516395943,79.3576233026688,3.7031481387093663,48.482721027070085,15.150850320959401,4.388749122619629
118,2,0.34073119075368863,0.6841607821672089,0.34342959141352025,1.7171479570676011,787.3766271676724,1024,12,16,19.99679705629727,16;32;64;128;256;512,19.99679705629727;7.708351523125928;5.782822787177949;1.430983564212126;1.0356635505495257;0.16095193770604216,0.2,8,7752,0.9462890625,79.3576233026688,80.46905061521102,1.1114273125422187,46.1914635439547,14.434832357485842,4.050857067108154
118,3,0.6841607821672089,1.027590373580729,0.34342959141352014,1.7171479570676011,883.0831163525271,1024,12,16,21.043283412723053,16;32;64;128;256;512,21.043283412723053;8.729409291888787;4.776663105959974;1.146311722355919;0.98432720394794;0.030052493789442015,0.2,8,7369,0.8995361328125,80.46905061521102,80.97352734289598,0.5044767276849598,41.93648021385671,13.105150066830221,4.426337003707886
118,4,1.027590373580729,1.3710199649942494,0.34342959141352036,1.7171479570676011,924.6528868903309,1024,12,16,14.583615843858261,16;32;64;128;256;512,14.583615843858261;5.255906987912384;1.568982756450276;0.6473283865274273;0.6127641562941207;0.11368067197058485,0.2,8,7010,0.855712890625,80.97352734289598,81.35722449014429,0.38369714724831283,39.8540542130932,12.454391941591624,4.343070983886719
118,5,1.3710199649942494,1.7144495564077697,0.34342959141352036,1.7171479570676011,941.7456529919234,1024,12,16,9.091099354414082,16;32;64;128;256;512,9.091099354414082;3.472631782545191;1.9613482418324972;0.648433080995986;0.3616497755611242;0.05347336331773763,0.2,8,6557,0.8004150390625,81.35722449014429,81.66167549975216,0.30445100960787386,38.40082006851959,12.000256271412372,4.364760875701904
118,6,1.7144495564077697,1.7171479570676011,0.0026984006598314014,1.7171479570676011,1023.9955146176582,1024,12,16,8.285220801805057,16;32;64;128;256;512,8.285220801805057;3.7208722213827325;1.596492200405425;0.8323971475924686;0.33064409262120076;0.03979750633399179,0.2,8,6624,0.80859375,81.66167549975216,81.62470990489237,-0.03696559485979378,38.57474980175385,12.05460931304808,4.087332010269165
120,1,0.0,0.3400363382129409,0.3400363382129409,2.050098183592127,512.0000001147582,1024,12,16,18.436766800901612,16;32;64;128;256;512,18.436766800901612;6.576735538378628;4.1940723171319;1.2634718827655735;1.0785323609851412;0.19969177513380829,0.2,8,7969,0.9727783203125,75.94958578195656,79.56484395870939,3.615258176752832,48.91000157246148,15.284375491394213,4.369418144226074
120,2,0.3400363382129409,0.7500559749313663,0.41001963671842545,2.050098183592127,742.9483570493315,1024,12,16,21.105133384294298,16;32;64;128;256;512,21.105133384294298;10.05804448200526;5.988812253695806;1.853095877064746;1.1844161276954208;0.11194138478738869,0.2,8,7633,0.9317626953125,79.56484395870939,80.79396829963662,1.2291243409272283,44.834892843347156,14.010904013545986,4.260166883468628
120,3,0.7500559749313663,1.1600756116497917,0.41001963671842534,2.050098183592127,853.2228080252261,1024,12,16,17.318974843506194,16;32;64;128;256;512,17.318974843506194;7.739733234218534;2.688962100853326;1.2799797222130322;0.7203126903225021;0.1467039183699705,0.2,8,7232,0.8828125,80.79396829963662,81.33214699837845,0.5381786987418309,41.30752217660909,12.90860068019034,4.088996171951294
120,4,1.1600756116497917,1.5700952483682171,0.41001963671842545,2.050098183592127,901.9009468537531,1024,12,16,15.575343102769798,16;32;64;128;256;512,15.575343102769798;5.681900908152434;1.3234499220117673;0.5997378477178978;0.7389150816961041;0.04963863581933686,0.2,8,6754,0.824462890625,81.33214699837845,81.68184065027162,0.34969365189317614,39.14269494458509,12.23209217018284,4.259405136108398
120,5,1.5700952483682171,1.9801148850866426,0.41001963671842545,2.050098183592127,931.924463624358,1024,12,16,14.298929682589245,16;32;64;128;256;512,14.298929682589245;4.500390460866812;2.5711884088487555;0.6968429079793306;0.348672289080684;0.0,0.2,8,6289,0.7677001953125,81.68184065027162,81.97671582258772,0.2948751723160967,37.72546542284165,11.789207944638015,4.19522500038147
120,6,1.9801148850866426,2.050098183592127,0.06998329850548446,2.050098183592127,1021.263841585849,1024,12,16,15.394918290184666,16;32;64;128;256;512,15.394918290184666;6.033514136872147;2.2051447361926195;0.7743708154646669;0.22701357416654738;0.0,0.2,8,6135,0.7489013671875,81.97671582258772,82.00617293885443,0.029457116266712546,36.70033324594257,11.468854139357054,4.595691919326782
122,1,0.0,0.3327318073791865,0.3327318073791865,1.70461777448079,512.0000003261944,1024,12,16,30.746767250955987,16;32;64;128;256;512,30.746767250955987;7.095594104643044;6.106732883540067;2.3598565646205203;1.1857204376350088;0.2611324350527286,0.2,8,7992,0.9755859375,75.8727218764252,79.50988990743645,3.6371680310112424,48.92313381192171,15.288479316225533,4.351132154464722
122,2,0.3327318073791865,0.6736553622753445,0.340923554896158,1.70461777448079,789.9558826329451,1024,12,16,22.221833995402854,16;32;64;128;256;512,22.221833995402854;7.230390387030217;5.761642397640513;1.1352212102055732;1.503410078532707;0.1503127094702562,0.2,8,7721,0.9425048828125,79.50988990743645,80.71766670001671,1.2077767925802618,45.49250230205895,14.216406969393422,4.359555959701538
122,3,0.6736553622753445,1.0145789171715025,0.340923554896158,1.70461777448079,895.6499235001355,1024,12,16,27.313292238284447,16;32;64;128;256;512,27.313292238284447;9.97343567540892;6.494352742747555;1.790565144890686;1.3198687323614744;0.21100200610303418,0.2,8,7403,0.9036865234375,80.71766670001671,81.20745379047003,0.48978709045331925,42.37817155187311,13.243178609960346,4.342100143432617
122,4,1.0145789171715025,1.3555024720676605,0.340923554896158,1.70461777448079,923.6311807986641,1024,12,16,17.880533715047203,16;32;64;128;256;512,17.880533715047203;8.209449136057481;3.661910997106704;1.4250467949042684;0.20541845490026447;0.08291548958501299,0.2,8,7051,0.8607177734375,81.20745379047003,81.59389948821627,0.3864456977462396,40.69924158137008,12.71851299417815,4.146062850952148
122,5,1.3555024720676605,1.6964260269638185,0.340923554896158,1.70461777448079,948.5785651656795,1024,12,16,11.030901967415167,16;32;64;128;256;512,11.030901967415167;2.4222102427808414;2.5690611839882247;0.43178572263693443;0.2768254711249736;0.011263341295828013,0.2,8,6649,0.8116455078125,81.59389948821627,81.81251131242607,0.21861182420980185,38.30799964033121,11.971249887603502,4.204655885696411
122,6,1.6964260269638185,1.70461777448079,0.008191747516971493,1.70461777448079,1023.9534958634621,1024,12,16,10.615462031292706,16;32;64;128;256;512,10.615462031292706;2.9187669841892254;1.2662751359597593;0.7430279427590986;0.17606115597580602;0.05000729601565256,0.2,8,6673,0.8145751953125,81.81251131242607,81.78323865926359,-0.0292726531624794,37.74096200165995,11.794050625518734,4.175198078155518
124,1,0.0,0.3585053689314127,0.3585053689314127,1.8098261194929808,512.0000001606381,1024,12,16,19.564269648544407,16;32;64;128;256;512,19.564269648544407;8.001954803037382;3.7908027119782184;1.6994350631445845;1.5002021087985653;0.17309558215923443,0.2,8,7958,0.971435546875,76.40137057862012,80.00258274190128,3.6012121632811613,48.17628494727144,15.055089046022324,4.163502931594849
124,2,0.3585053689314127,0.7204705928300089,0.3619652238985962,1.8098261194929808,783.9097981661478,1024,12,16,21.088453871316045,16;32;64;128;256;512,21.088453871316045;8.357714613364045;5.051066560445981;1.2884503507430083;1.1622728092546704;0.11557300864442775,0.2,8,7690,0.938720703125,80.00258274190128,81.06947479269002,1.0668920507887378,44.635484853104145,13.948589016595045,4.4997169971466064
124,3,0.7204705928300089,1.082435816728605,0.3619652238985961,1.8098261194929808,888.7425166495509,1024,12,16,20.584170204229107,16;32;64;128;256;512,20.584170204229107;6.152680417157757;4.894448878883151;0.9394915935979715;0.7645460733597438;0.1078368929537674,0.2,8,7361,0.8985595703125,81.06947479269002,81.53383333201054,0.4643585393205285,43.59214541043963,13.622545440762384,4.368108034133911
124,4,1.082435816728605,1.4444010406272012,0.3619652238985962,1.8098261194929808,916.1175620981898,1024,12,16,18.27790097108657,16;32;64;128;256;512,18.27790097108657;5.880051111360119;6.059110023684432;1.1117551226100428;0.770809849843275;0.06450919322568793,0.2,8,6953,0.8487548828125,81.53383333201054,81.91933022835292,0.3854968963423744,39.37572879857612,12.304915249555037,4.198615074157715
124,5,1.4444010406272012,1.8063662645257974,0.3619652238985962,1.8098261194929808,944.2870756497567,1024,12,16,13.778941312999482,16;32;64;128;256;512,13.778941312999482;2.324532778949604;3.9404469189099744;0.32271113337685453;0.10213602465496319;0.02321158367361307,0.2,8,6456,0.7880859375,81.91933022835292,82.16623094293755,0.24690071458462626,38.31801956233091,11.974381113228409,4.5072290897369385
124,6,1.8063662645257974,1.8098261194929808,0.0034598549671833734,1.8098261194929808,1023.9928160319857,1024,12,16,19.760619209982266,16;32;64;128;256;512,19.760619209982266;6.099707342902185;3.1118493324237004;1.681404589064518;0.8122398979870208;0.015345272317892539,0.2,8,6491,0.7923583984375,82.16623094293755,82.13578283134848,-0.030448111589066684,37.76087634950988,11.800273859221836,4.387799024581909
126,1,0.0,0.34189627938049694,0.34189627938049694,1.7094813969024847,524.3873093845582,1024,12,16,25.48612743079217,16;32;64;128;256;512,25.48612743079217;8.077312164674952;5.622521068361992;1.479552945322818;1.1850451372590354;0.35737499475753653,0.2,8,7973,0.9732666015625,76.25050892966101,79.80902722338215,3.5585182937211357,49.646667367265074,15.514583552270334,4.412075996398926
126,2,0.34189627938049694,0.6837925587609939,0.34189627938049694,1.7094813969024847,804.9404502761008,1024,12,16,24.53017208199091,16;32;64;128;256;512,24.53017208199091;9.036577925390718;5.815708032291289;1.0483785137142954;1.2415194916221324;0.07722886039357592,0.2,8,7704,0.9404296875,79.80902722338215,80.83233065681998,1.0233034334378317,44.35608632454369,13.861276976419902,4.143944025039673
126,3,0.6837925587609939,1.0256888381414908,0.34189627938049694,1.7094813969024847,887.0012953512887,1024,12,16,25.356588942493307,16;32;64;128;256;512,25.356588942493307;8.09520070018765;4.797060566117368;1.3996663646340741;1.016540348944894;0.14450716684518278,0.2,8,7401,0.9034423828125,80.83233065681998,81.34985675103962,0.5175260942196473,42.46005032714708,13.268765727233461,4.109910011291504
126,4,1.0256888381414908,1.3675851175219877,0.34189627938049694,1.7094813969024847,930.671597873202,1024,12,16,15.702532221745281,16;32;64;128;256;512,15.702532221745281;4.685770011571016;0.9458588566355982;1.1449684598716674;0.6194105470785796;0.09252121854571717,0.2,8,6951,0.8485107421875,81.34985675103962,81.72778614296112,0.3779293919214979,41.1658432295018,12.864326009219313,4.145725965499878
126,5,1.3675851175219877,1.7094813969024847,0.34189627938049694,1.7094813969024847,950.2356407157199,1024,12,16,18.80506223457628,16;32;64;128;256;512,18.80506223457628;4.843486789607564;4.547215831326111;0.5612628024193325;0.39249409630427007;0.0,0.2,8,6529,0.7969970703125,81.72778614296112,81.94385587843135,0.2160697354702279,39.457419498124196,12.33044359316381,4.333972930908203
128,1,0.0,0.3633739404381177,0.3633739404381177,1.8594309982645736,512.0000001878852,1024,12,16,18.364475207157906,16;32;64;128;256;512,18.364475207157906;7.337176310596945;5.204337125191374;1.5150428294252678;1.2471761336899623;0.13036165448747924,0.2,8,7953,0.9708251953125,76.59996690496337,80.14494562958134,3.5449787246179767,47.70514138608164,14.907856683150513,4.361977815628052
128,2,0.3633739404381177,0.7352601400910325,0.37188619965291475,1.8594309982645736,792.2141037575313,1024,12,16,24.823880562344566,16;32;64;128;256;512,24.823880562344566;12.916373925191264;7.009040538577126;1.9084489246519702;2.2152269697430764;0.20650588296674838,0.2,8,7676,0.93701171875,80.14494562958134,81.09804091777187,0.953095288190525,45.73769711210589,14.29303034753309,4.839805841445923
128,3,0.7352601400910325,1.1071463397439472,0.3718861996529147,1.8594309982645736,869.4432139234976,1024,12,16,11.673212869714028,16;32;64;128;256;512,11.673212869714028;8.034100808558614;2.9449080100078286;0.9747798738067309;0.7703928640377659;0.15601391587575159,0.2,8,7338,0.895751953125,81.09804091777187,81.66414575011004,0.5661048323381692,41.74427342878513,13.045085446495351,4.135930061340332
128,4,1.1071463397439472,1.479032539396862,0.3718861996529148,1.8594309982645736,915.2320172168386,1024,12,16,19.917885321101434,16;32;64;128;256;512,19.917885321101434;6.412521157340065;4.566778387192433;0.7763004409436258;0.5696375725146202;0.03105702783606475,0.2,8,6924,0.84521484375,81.66414575011004,81.99714276241139,0.33299701230134815,38.62208208845028,12.069400652640711,4.453266143798828
128,5,1.479032539396862,1.8509187390497768,0.3718861996529148,1.8594309982645736,940.9013193311526,1024,12,16,20.208721670545792,16;32;64;128;256;512,20.208721670545792;6.050093615106265;5.078496330381014;0.8828491945763196;0.663049980300994;0.04073649386202208,0.2,8,6454,0.787841796875,81.99714276241139,82.25547250628006,0.25832974386867136,37.145684905274216,11.608026532898192,4.3120410442352295
128,6,1.8509187390497768,1.8594309982645736,0.008512259214796813,1.8594309982645736,1023.9530675967891,1024,12,16,18.892768978467515,16;32;64;128;256;512,18.892768978467515;6.221836937649541;4.018296446898139;0.8951593752023596;0.17909277588535183;0.025743741955622047,0.2,8,6388,0.77978515625,82.25547250628006,82.21868250530679,-0.03679000097326934,38.11342221858074,11.91044444330648,4.35011100769043
130,1,0.0,0.3642875002522916,0.3642875002522916,1.88981342889694,512.0000002230495,1024,12,16,16.365544345236984,16;32;64;128;256;512,16.365544345236984;7.1582798408111845;4.047880894883416;1.9066626669207023;1.0002358239176075;0.17401945201182353,0.2,8,7969,0.9727783203125,76.73011336388299,80.20697824127274,3.476864877389744,47.35065407163218,14.797079397385055,4.002346992492676
130,2,0.3642875002522916,0.7422501860316797,0.3779626857793881,1.88981342889694,782.631250811273,1024,12,16,24.247997544013142,16;32;64;128;256;512,24.247997544013142;9.973216591509823;3.155355640766917;1.5784858195120948;1.3113021763496304;0.12623212048554025,0.2,8,7694,0.939208984375,80.20697824127274,81.26475410233252,1.0577758610597812,43.68611531701421,13.651911036566942,4.180286884307861
130,3,0.7422501860316797,1.1202128718110678,0.3779626857793881,1.88981342889694,881.9093968486006,1024,12,16,19.211316608863278,16;32;64;128;256;512,19.211316608863278;6.347997865939876;3.7362009066842496;0.9029539497405389;0.7945364304661657;0.0931980609299668,0.2,8,7275,0.8880615234375,81.26475410233252,81.67939766671043,0.4146435643779114,42.88623264937061,13.401947702928316,4.133843898773193
130,4,1.1202128718110678,1.4981755575904558,0.3779626857793881,1.88981342889694,906.7306325415733,1024,12,16,14.46696405116451,16;32;64;128;256;512,14.46696405116451;7.866263398800156;5.156315807570324;1.9837977521955075;0.47689553690915576;0.10530939187887986,0.2,8,6783,0.8280029296875,81.67939766671043,82.09850253385957,0.4191048671491444,39.405612431564165,12.3142538848638,4.1874518394470215
130,5,1.4981755575904558,1.876138243369844,0.3779626857793881,1.88981342889694,937.8581658927782,1024,12,16,14.108617271152596,16;32;64;128;256;512,14.108617271152596;5.80978122714569;1.2935210770302097;0.14644793274525247;0.38893379814057805;0.0,0.2,8,6308,0.77001953125,82.09850253385957,82.32838799594902,0.22988546208944172,37.28585912324373,11.651830976013665,4.079679012298584
130,6,1.876138243369844,1.88981342889694,0.013675185527096012,1.88981342889694,1023.891921667761,1024,12,16,10.598095473316928,16;32;64;128;256;512,10.598095473316928;5.106832790267887;1.0709408352924832;0.5134270857523457;0.35303309684206824;0.0,0.2,8,6377,0.7784423828125,82.32838799594902,82.35630894161295,0.027920945663936436,37.62104369839426,11.756576155748206,4.506352186203003
132,1,0.0,0.36410544914963683,0.36410544914963683,1.908006577696744,512.0000000637724,1024,12,16,22.518538515461145,16;32;64;128;256;512,22.518538515461145;6.565860084229682;5.1266733576789045;1.4714353051405433;1.3236024501627368;0.16263053908318106,0.2,8,7976,0.9736328125,77.0987180704251,80.47421198769007,3.3754939172649756,47.03671863970026,14.69897457490633,4.378130912780762
132,2,0.36410544914963683,0.7457067646889857,0.38160131553934884,1.908006577696744,787.1884687596021,1024,12,16,16.294151054226546,16;32;64;128;256;512,16.294151054226546;7.052231508308161;4.174985352847058;1.6855989602162653;1.227837576002534;0.159080285151371,0.2,8,7660,0.93505859375,80.47421198769007,81.52304724860005,1.048835260909982,43.808675803999094,13.690211188749716,4.182552099227905
132,3,0.7457067646889857,1.1273080802283344,0.38160131553934873,1.908006577696744,886.4288329981426,1024,12,16,24.21918062591938,16;32;64;128;256;512,24.21918062591938;6.774748548771342;2.7100329433404107;1.217146902154624;0.7622768563867274;0.12230809750545184,0.2,8,7340,0.89599609375,81.52304724860005,81.95104200358037,0.42799475498031825,40.75309871740858,12.73534334919018,4.1897292137146
132,4,1.1273080802283344,1.5089093957676831,0.38160131553934873,1.908006577696744,920.7854939850192,1024,12,16,9.93947476137571,16;32;64;128;256;512,9.93947476137571;5.331094144571201;3.2298788881925566;0.615295105008478;0.4957809174313745;0.02081944196703595,0.2,8,6873,0.8389892578125,81.95104200358037,82.27063148538582,0.3195894818054512,39.05504870874546,12.204702721482956,4.224990129470825
132,5,1.5089093957676831,1.8905107113070319,0.38160131553934873,1.908006577696744,935.0527830597819,1024,12,16,9.150281408887503,16;32;64;128;256;512,9.150281408887503;3.202340621297817;2.9961870104822377;0.6005076287544102;0.3756891177871388;0.011739979980977932,0.2,8,6347,0.7747802734375,82.27063148538582,82.55576178466436,0.28513029927853495,37.772582634749945,11.803932073359357,4.187692165374756
132,6,1.8905107113070319,1.908006577696744,0.017495866389712234,1.908006577696744,1023.8214887067046,1024,12,16,10.63776356073006,16;32;64;128;256;512,10.63776356073006;2.1600609725458875;2.4066795110815047;0.1739976753077273;0.10984853323360336;0.0,0.2,8,6313,0.7706298828125,82.55576178466436,82.594028283027,0.03826649836264551,37.81752094913753,11.817975296605479,4.2220001220703125
134,1,0.0,0.352269761856141,0.352269761856141,1.989996858105991,512.0000002590309,1024,12,16,19.523584700754235,16;32;64;128;256;512,19.523584700754235;12.29999629670725;7.612008019480306;2.587882278472905;1.997650329417873;0.2541584134194451,0.2,8,7944,0.9697265625,76.71488870261237,80.3325841599144,3.617695457302034,48.43721827146398,15.136630709832493,4.194311857223511
134,2,0.352269761856141,0.7502691334773393,0.39799937162119825,1.989996858105991,763.9121983422896,1024,12,16,16.822323362157572,16;32;64;128;256;512,16.822323362157572;7.53931262565073;3.9004309918304263;0.6138011426564508;0.7716622718111621;0.16265314336533365,0.2,8,7644,0.93310546875,80.3325841599144,81.41925265884493,1.0866684989305213,44.00352930196578,13.751102906864304,4.21735692024231
134,3,0.7502691334773393,1.1482685050985375,0.39799937162119825,1.989996858105991,867.7217747571167,1024,12,16,23.371879174692562,16;32;64;128;256;512,23.371879174692562;5.839640824581217;1.9376706658662908;1.721754390944082;0.9239861879401318;0.07113992355188545,0.2,8,7309,0.8922119140625,81.41925265884493,81.9444570398191,0.5252043809741735,41.031164331717335,12.822238853661666,4.079195976257324
134,4,1.1482685050985375,1.5462678767197358,0.39799937162119825,1.989996858105991,913.2831053193336,1024,12,16,16.803291021791075,16;32;64;128;256;512,16.803291021791075;6.403530990260615;2.6573205549845524;0.6716956116987362;0.37125548943959463;0.02542341262473851,0.2,8,6786,0.828369140625,81.9444570398191,82.2362822482828,0.2918252084637061,39.912515139205794,12.47266098100181,4.796964883804321
134,5,1.5462678767197358,1.944267248340934,0.39799937162119825,1.989996858105991,934.319807846325,1024,12,16,14.87925276032348,16;32;64;128;256;512,14.87925276032348;1.7779821895086485;3.211484512166333;0.29312718945100746;0.28452170433756924;0.05159729340512202,0.2,8,6260,0.76416015625,82.2362822482828,82.49201693292707,0.25573468464426696,37.1650977248985,11.61409303903078,4.189703941345215
134,6,1.944267248340934,1.989996858105991,0.04572960976505702,1.989996858105991,1022.7316272954332,1024,12,16,14.990836410589408,16;32;64;128;256;512,14.990836410589408;5.105852606051955;1.481860740595431;0.5684238586768484;0.46736969621305874;0.0,0.2,8,6228,0.76025390625,82.49201693292707,82.56414332007989,0.07212638715282083,36.91085569652915,11.534642405165357,4.226074934005737
136,1,0.0,0.37079275123818706,0.37079275123818706,2.071440100559289,512.0000003640957,1024,12,16,16.870456840970423,16;32;64;128;256;512,16.870456840970423;7.302475993287536;4.922175483561049;1.998334726484929;1.086463270055038;0.14042325903554734,0.2,8,7961,0.9718017578125,77.2043871904607,80.41745726449881,3.2130700740381144,47.61764377948153,14.880513681087978,4.3290791511535645
136,2,0.37079275123818706,0.7850807713500448,0.4142880201118578,2.071440100559289,741.6115677429851,1024,12,16,21.552681679140793,16;32;64;128;256;512,21.552681679140793;7.728050518241984;5.082820218778584;1.021427621164199;0.9729793348741705;0.17897773241055895,0.2,8,7608,0.9287109375,80.41745726449881,81.53616418223828,1.1187069177394733,43.72411034024898,13.663784481327804,4.138247013092041
136,3,0.7850807713500448,1.1993687914619027,0.41428802011185784,2.071440100559289,862.5322951337073,1024,12,16,14.15853073144691,16;32;64;128;256;512,14.15853073144691;6.622187190784843;3.302615436131491;1.2161113350957995;0.22177730049353644;0.1485849058243016,0.2,8,7195,0.8782958984375,81.53616418223828,82.09067261323798,0.5545084309997037,41.51568775955317,12.973652424860363,4.066225051879883
136,4,1.1993687914619027,1.6136568115737604,0.4142880201118577,2.071440100559289,901.9652905164908,1024,12,16,12.843085600108296,16;32;64;128;256;512,12.843085600108296;6.453101946353128;3.525733161593946;1.076857988040046;0.49084698612012184;0.022662884706634502,0.2,8,6684,0.81591796875,82.09067261323798,82.45952674304135,0.36885412980336696,37.29514594713458,11.654733108479554,4.468228816986084
136,5,1.6136568115737604,2.0279448316856183,0.41428802011185795,2.071440100559289,936.8013602550834,1024,12,16,12.12983594694216,16;32;64;128;256;512,12.12983594694216;5.160409883862451;2.746162530554335;0.764680428475387;0.6058967656759879;0.0,0.2,8,6189,0.7554931640625,82.45952674304135,82.6659257626161,0.2063990195747465,35.60094255271923,11.12529454772476,4.3644208908081055
136,6,2.0279448316856183,2.071440100559289,0.0434952688736705,2.071440100559289,1022.9572339278585,1024,12,16,21.341767600559766,16;32;64;128;256;512,21.341767600559766;4.8928709669022;1.123601437892181;0.15673602396268213;0.5960673688426887;0.05257544703880427,0.2,8,6094,0.743896484375,82.6659257626161,82.71745216741692,0.05152640480082482,35.8539478706207,11.204358709568968,4.4458160400390625
138,1,0.0,0.36880111989073294,0.36880111989073294,1.9012787561918785,512.0000001212607,1024,12,16,22.17853076294123,16;32;64;128;256;512,22.17853076294123;8.55428112747571;4.970287797559167;1.758060593280283;1.522733997523411;0.2889744495442041,0.2,8,7972,0.97314453125,77.13223666761769,80.6434619971551,3.5112253295374103,48.11709857125885,15.03659330351839,4.058161020278931
138,2,0.36880111989073294,0.7490568711291087,0.38025575123837574,1.9012787561918785,789.0541711872826,1024,12,16,28.424363384250448,16;32;64;128;256;512,28.424363384250448;9.056679608652423;5.831485163207804;1.5764232319112206;1.29675312607539;0.10308269446993612,0.2,8,7652,0.93408203125,80.6434619971551,81.6225747539429,0.9791127567877993,45.472082930365076,14.210025915739086,4.238025903701782
138,3,0.7490568711291087,1.1293126223674843,0.3802557512383756,1.9012787561918785,884.9721322212708,1024,12,16,16.32708203926428,16;32;64;128;256;512,16.32708203926428;6.336409931436303;2.0569913782783527;0.6807819906905817;0.6574603908171472;0.10129922089188015,0.2,8,7204,0.87939453125,81.6225747539429,82.05990939110052,0.437334637157619,42.74280898934733,13.35712780917104,4.244399070739746
138,4,1.1293126223674843,1.50956837360586,0.38025575123837574,1.9012787561918785,918.4022618497692,1024,12,16,18.1412554753054,16;32;64;128;256;512,18.1412554753054;7.367017423926175;3.3103864514988826;0.7069831705861995;0.5581343928231263;0.08647945302173422,0.2,8,6842,0.835205078125,82.05990939110052,82.36991399992257,0.31000460882205516,39.94503366901399,12.48282302156687,4.243024110794067
138,5,1.50956837360586,1.8898241248442358,0.38025575123837574,1.9012787561918785,939.6525289408146,1024,12,16,16.02698925883843,16;32;64;128;256;512,16.02698925883843;6.216573448313364;2.182879932528319;0.7216199799310224;0.6209214486402401;0.030228297900333274,0.2,8,6312,0.7705078125,82.36991399992257,82.63386114872992,0.2639471488073468,36.94224629951976,11.544451968599924,4.196545124053955
138,6,1.8898241248442358,1.9012787561918785,0.011454631347642685,1.9012787561918785,1023.9261294648096,1024,12,16,13.042376816308442,16;32;64;128;256;512,13.042376816308442;4.261095139535908;2.830331250766477;0.5360161689832716;0.8682520321925199;0.03540718835173281,0.2,8,6352,0.775390625,82.63386114872992,82.67953538673464,0.0456742380047217,37.67632994955244,11.773853109235137,4.238343954086304
